Description,Transaction Date,Transaction Time,Tax Type,Transaction Type,Refund Type,Product Title,Package ID,Product Type,Sku Id,Hardware,Buyer Country,Buyer State,Buyer Postal Code,Buyer Currency,Amount (Buyer Currency),Currency Conversion Rate,Merchant Currency,Amount (Merchant Currency),Base Plan or Purchase Option ID,Offer ID,Group ID,First USD 1M Eligible,Service Fee %,Fee Description,Promotion ID,Sales Channel
GPA.3358-0494-5496-73278..6,"Apr 1, 2026",12:07:18 AM PDT,,Charge,,Pro Subscription (Words With Friends Solver),com.deepinkcode.wordswithfriendssolver,Subscription,prosub,,AU,,3910,AUD,3.63,4.460300,DKK,16.19,prosub,,4994183596643847628,Yes,,,,
GPA.3358-0494-5496-73278..6,"Apr 1, 2026",12:07:18 AM PDT,,Google fee,,Pro Subscription (Words With Friends Solver),com.deepinkcode.wordswithfriendssolver,Subscription,prosub,,AU,,3910,AUD,-0.54,4.460300,DKK,-2.41,prosub,,4994183596643847628,Yes,15,SUBSCRIPTIONS,,
GPA.3329-7839-2088-66323..9,"Apr 1, 2026",12:42:07 AM PDT,,Charge,,Pro Subscription (Scrabble GO Cheat),com.deepinkcode.scrabblegocheat,Subscription,prosub,,GB,,AL4 8FH,GBP,1.66,8.564400,DKK,14.22,prosubmonth,,4994183596643847628,Yes,,,,
GPA.3329-7839-2088-66323..9,"Apr 1, 2026",12:42:07 AM PDT,,Google fee,,Pro Subscription (Scrabble GO Cheat),com.deepinkcode.scrabblegocheat,Subscription,prosub,,GB,,AL4 8FH,GBP,-0.25,8.564400,DKK,-2.14,prosubmonth,,4994183596643847628,Yes,15,SUBSCRIPTIONS,,
GPA.3390-6259-6655-09123..5,"Apr 1, 2026",1:15:27 AM PDT,,Charge,,Pro Subscription (WF Solver),com.deepinkcode.wordfeudsolver,Subscription,prosub,,NL,,2981 BJ,EUR,1.98,7.472500,DKK,14.80,prosubmonth,,4994183596643847628,Yes,,,,
GPA.3390-6259-6655-09123..5,"Apr 1, 2026",1:15:27 AM PDT,,Google fee,,Pro Subscription (WF Solver),com.deepinkcode.wordfeudsolver,Subscription,prosub,,NL,,2981 BJ,EUR,-0.30,7.472500,DKK,-2.25,prosubmonth,,4994183596643847628,Yes,15,SUBSCRIPTIONS,,
GPA.3398-0633-6203-82734,"Apr 1, 2026",1:22:02 AM PDT,,Charge,,Pro Subscription (Words With Friends Solver),com.deepinkcode.wordswithfriendssolver,Subscription,prosub,dm3q,AU,,5333,AUD,3.63,4.474400,DKK,16.24,prosub,,4994183596643847628,Yes,,,,In-app
GPA.3398-0633-6203-82734,"Apr 1, 2026",1:22:02 AM PDT,,Google fee,,Pro Subscription (Words With Friends Solver),com.deepinkcode.wordswithfriendssolver,Subscription,prosub,dm3q,AU,,5333,AUD,-0.54,4.474400,DKK,-2.42,prosub,,4994183596643847628,Yes,15,SUBSCRIPTIONS,,In-app
GPA.3393-3496-3819-02224..4,"Apr 1, 2026",2:15:45 AM PDT,,Charge,,Pro Subscription (WF Solver),com.deepinkcode.wordfeudsolver,Subscription,prosub,,AU,TAS,7005,AUD,3.63,4.469700,DKK,16.22,prosubmonth,,4994183596643847628,Yes,,,,
GPA.3393-3496-3819-02224..4,"Apr 1, 2026",2:15:45 AM PDT,,Google fee,,Pro Subscription (WF Solver),com.deepinkcode.wordfeudsolver,Subscription,prosub,,AU,TAS,7005,AUD,-0.54,4.469700,DKK,-2.41,prosubmonth,,4994183596643847628,Yes,15,SUBSCRIPTIONS,,
GPA.3304-1612-5917-77091,"Apr 1, 2026",2:23:52 AM PDT,,Charge,,Pro Subscription (WF Solver),com.deepinkcode.wordfeudsolver,Subscription,prosub,a55x,NL,,3297 CP,EUR,1.98,7.472500,DKK,14.80,prosubmonth,,4994183596643847628,Yes,,,,In-app
GPA.3304-1612-5917-77091,"Apr 1, 2026",2:23:52 AM PDT,,Google fee,,Pro Subscription (WF Solver),com.deepinkcode.wordfeudsolver,Subscription,prosub,a55x,NL,,3297 CP,EUR,-0.30,7.472500,DKK,-2.25,prosubmonth,,4994183596643847628,Yes,15,SUBSCRIPTIONS,,In-app
GPA.3394-2196-0843-78056..4,"Apr 1, 2026",2:54:17 AM PDT,,Charge,,Pro Subscription (WF Solver),com.deepinkcode.wordfeudsolver,Subscription,prosub,,DK,,8581,DKK,15.20,1.000000,DKK,15.20,prosubmonth,,4994183596643847628,Yes,,,,
GPA.3394-2196-0843-78056..4,"Apr 1, 2026",2:54:17 AM PDT,,Google fee,,Pro Subscription (WF Solver),com.deepinkcode.wordfeudsolver,Subscription,prosub,,DK,,8581,DKK,-2.28,1.000000,DKK,-2.28,prosubmonth,,4994183596643847628,Yes,15,SUBSCRIPTIONS,,
GPA.3305-0981-8475-04645,"Apr 1, 2026",3:38:07 AM PDT,,Charge,,Pro Subscription (WF Solver),com.deepinkcode.wordfeudsolver,Subscription,prosub,a52sxq,NL,,2611BZ,EUR,1.98,7.472400,DKK,14.80,prosubmonth,,4994183596643847628,Yes,,,,In-app
GPA.3305-0981-8475-04645,"Apr 1, 2026",3:38:07 AM PDT,,Google fee,,Pro Subscription (WF Solver),com.deepinkcode.wordfeudsolver,Subscription,prosub,a52sxq,NL,,2611BZ,EUR,-0.30,7.472400,DKK,-2.25,prosubmonth,,4994183596643847628,Yes,15,SUBSCRIPTIONS,,In-app
GPA.3356-2695-6624-19900..0,"Apr 1, 2026",5:35:12 AM PDT,,Charge,,Pro Subscription (WF Solver),com.deepinkcode.wordfeudsolver,Subscription,prosub,,DK,,9800,DKK,15.20,1.000000,DKK,15.20,prosubmonth,,4994183596643847628,Yes,,,,
GPA.3356-2695-6624-19900..0,"Apr 1, 2026",5:35:12 AM PDT,,Google fee,,Pro Subscription (WF Solver),com.deepinkcode.wordfeudsolver,Subscription,prosub,,DK,,9800,DKK,-2.28,1.000000,DKK,-2.28,prosubmonth,,4994183596643847628,Yes,15,SUBSCRIPTIONS,,
GPA.3344-5657-3205-32780..2,"Apr 1, 2026",6:52:03 AM PDT,,Charge,,Pro Subscription (Words With Friends Solver),com.deepinkcode.wordswithfriendssolver,Subscription,prosub,,GB,,TR36FP,GBP,1.74,8.575100,DKK,14.92,prosub,,4994183596643847628,Yes,,,,
GPA.3344-5657-3205-32780..2,"Apr 1, 2026",6:52:03 AM PDT,,Google fee,,Pro Subscription (Words With Friends Solver),com.deepinkcode.wordswithfriendssolver,Subscription,prosub,,GB,,TR36FP,GBP,-0.26,8.575100,DKK,-2.23,prosub,,4994183596643847628,Yes,15,SUBSCRIPTIONS,,
GPA.3386-1242-3552-42937..0,"Apr 1, 2026",8:13:09 AM PDT,,Charge,,Pro Subscription (WF Solver),com.deepinkcode.wordfeudsolver,Subscription,prosub,,SE,,97236,SEK,22.40,0.685510,DKK,15.36,prosubmonth,,4994183596643847628,Yes,,,,
GPA.3386-1242-3552-42937..0,"Apr 1, 2026",8:13:09 AM PDT,,Google fee,,Pro Subscription (WF Solver),com.deepinkcode.wordfeudsolver,Subscription,prosub,,SE,,97236,SEK,-3.36,0.685510,DKK,-2.31,prosubmonth,,4994183596643847628,Yes,15,SUBSCRIPTIONS,,
GPA.3371-5304-3619-24148,"Apr 1, 2026",9:55:24 AM PDT,,Charge,,Pro Subscription (WF Solver),com.deepinkcode.wordfeudsolver,Subscription,prosub,mona,US,OR,97266,USD,2.49,6.427600,DKK,16.00,prosubmonth,,4994183596643847628,Yes,,,,In-app
GPA.3371-5304-3619-24148,"Apr 1, 2026",9:55:24 AM PDT,,Google fee,,Pro Subscription (WF Solver),com.deepinkcode.wordfeudsolver,Subscription,prosub,mona,US,OR,97266,USD,-0.37,6.427600,DKK,-2.38,prosubmonth,,4994183596643847628,Yes,15,SUBSCRIPTIONS,,In-app
GPA.3386-4334-2081-09759..15,"Apr 1, 2026",10:49:56 AM PDT,,Charge,,Pro Subscription (WF Solver),com.deepinkcode.wordfeudsolver,Subscription,prosub,,DK,,4690,DKK,15.20,1.000000,DKK,15.20,prosubmonth,,4994183596643847628,Yes,,,,
GPA.3386-4334-2081-09759..15,"Apr 1, 2026",10:49:56 AM PDT,,Google fee,,Pro Subscription (WF Solver),com.deepinkcode.wordfeudsolver,Subscription,prosub,,DK,,4690,DKK,-2.28,1.000000,DKK,-2.28,prosubmonth,,4994183596643847628,Yes,15,SUBSCRIPTIONS,,
GPA.3340-4937-2120-53828..3,"Apr 1, 2026",11:29:01 AM PDT,,Charge,,Pro Subscription (WF Solver),com.deepinkcode.wordfeudsolver,Subscription,prosub,,SE,,92132,SEK,22.40,0.686150,DKK,15.37,prosubmonth,,4994183596643847628,Yes,,,,
GPA.3340-4937-2120-53828..3,"Apr 1, 2026",11:29:01 AM PDT,,Google fee,,Pro Subscription (WF Solver),com.deepinkcode.wordfeudsolver,Subscription,prosub,,SE,,92132,SEK,-3.36,0.686150,DKK,-2.31,prosubmonth,,4994183596643847628,Yes,15,SUBSCRIPTIONS,,
GPA.3311-2331-6591-26645,"Apr 1, 2026",12:09:21 PM PDT,,Charge,,Pro Subscription (WF Solver),com.deepinkcode.wordfeudsolver,Subscription,prosub,emerald,NL,,4306 CW,EUR,1.98,7.472700,DKK,14.80,prosubmonth,,4994183596643847628,Yes,,,,In-app
GPA.3311-2331-6591-26645,"Apr 1, 2026",12:09:21 PM PDT,,Google fee,,Pro Subscription (WF Solver),com.deepinkcode.wordfeudsolver,Subscription,prosub,emerald,NL,,4306 CW,EUR,-0.30,7.472700,DKK,-2.25,prosubmonth,,4994183596643847628,Yes,15,SUBSCRIPTIONS,,In-app
GPA.3346-6441-2966-28317,"Apr 1, 2026",12:23:00 PM PDT,,Charge,,Pro Subscription (WF Solver),com.deepinkcode.wordfeudsolver,Subscription,prosub,t2s,DK,,3700,DKK,15.20,1.000000,DKK,15.20,prosubmonth,,4994183596643847628,Yes,,,,In-app
GPA.3346-6441-2966-28317,"Apr 1, 2026",12:23:00 PM PDT,,Google fee,,Pro Subscription (WF Solver),com.deepinkcode.wordfeudsolver,Subscription,prosub,t2s,DK,,3700,DKK,-2.28,1.000000,DKK,-2.28,prosubmonth,,4994183596643847628,Yes,15,SUBSCRIPTIONS,,In-app
GPA.3329-0184-6816-97050..6,"Apr 1, 2026",12:54:54 PM PDT,,Charge,,Pro Subscription (WF Solver),com.deepinkcode.wordfeudsolver,Subscription,prosub,,DK,,9700,DKK,15.20,1.000000,DKK,15.20,prosubmonth,,4994183596643847628,Yes,,,,
GPA.3329-0184-6816-97050..6,"Apr 1, 2026",12:54:54 PM PDT,,Google fee,,Pro Subscription (WF Solver),com.deepinkcode.wordfeudsolver,Subscription,prosub,,DK,,9700,DKK,-2.28,1.000000,DKK,-2.28,prosubmonth,,4994183596643847628,Yes,15,SUBSCRIPTIONS,,
GPA.3347-2141-5861-66133..1,"Apr 1, 2026",1:09:27 PM PDT,,Charge,,Pro Subscription (WF Solver),com.deepinkcode.wordfeudsolver,Subscription,prosub,,DK,,3400,DKK,15.20,1.000000,DKK,15.20,prosubmonth,,4994183596643847628,Yes,,,,
GPA.3347-2141-5861-66133..1,"Apr 1, 2026",1:09:27 PM PDT,,Google fee,,Pro Subscription (WF Solver),com.deepinkcode.wordfeudsolver,Subscription,prosub,,DK,,3400,DKK,-2.28,1.000000,DKK,-2.28,prosubmonth,,4994183596643847628,Yes,15,SUBSCRIPTIONS,,
GPA.3380-3986-9308-11694,"Apr 1, 2026",1:43:49 PM PDT,,Charge,,Pro Subscription (WF Solver),com.deepinkcode.wordfeudsolver,Subscription,prosub,dm3q,SE,,443 42,SEK,22.40,0.684110,DKK,15.32,prosubmonth,,4994183596643847628,Yes,,,,In-app
GPA.3380-3986-9308-11694,"Apr 1, 2026",1:43:49 PM PDT,,Google fee,,Pro Subscription (WF Solver),com.deepinkcode.wordfeudsolver,Subscription,prosub,dm3q,SE,,443 42,SEK,-3.36,0.684110,DKK,-2.29,prosubmonth,,4994183596643847628,Yes,15,SUBSCRIPTIONS,,In-app
GPA.3356-3005-9453-67544,"Apr 1, 2026",2:19:27 PM PDT,,Charge,,Pro Subscription (Scrabble GO Cheat),com.deepinkcode.scrabblegocheat,Subscription,prosub,rango,GB,,SA18 2SP,GBP,1.74,8.579400,DKK,14.93,prosubmonth,,4994183596643847628,Yes,,,,In-app
GPA.3356-3005-9453-67544,"Apr 1, 2026",2:19:27 PM PDT,,Google fee,,Pro Subscription (Scrabble GO Cheat),com.deepinkcode.scrabblegocheat,Subscription,prosub,rango,GB,,SA18 2SP,GBP,-0.26,8.579400,DKK,-2.23,prosubmonth,,4994183596643847628,Yes,15,SUBSCRIPTIONS,,In-app
GPA.3379-8204-5136-19063..0,"Apr 1, 2026",3:28:29 PM PDT,,Charge,,Pro Subscription (Words With Friends Solver),com.deepinkcode.wordswithfriendssolver,Subscription,prosub,,US,AR,71964,USD,2.49,6.448600,DKK,16.06,prosub,,4994183596643847628,Yes,,,,
GPA.3379-8204-5136-19063..0,"Apr 1, 2026",3:28:29 PM PDT,,Google fee,,Pro Subscription (Words With Friends Solver),com.deepinkcode.wordswithfriendssolver,Subscription,prosub,,US,AR,71964,USD,-0.37,6.448600,DKK,-2.39,prosub,,4994183596643847628,Yes,15,SUBSCRIPTIONS,,
GPA.3370-6080-5399-11592..5,"Apr 1, 2026",4:22:52 PM PDT,,Charge,,Pro Subscription (Scrabble GO Cheat),com.deepinkcode.scrabblegocheat,Subscription,prosub,,US,MO,64012,USD,2.49,6.447000,DKK,16.05,prosubmonth,,4994183596643847628,Yes,,,,
GPA.3370-6080-5399-11592..5,"Apr 1, 2026",4:22:52 PM PDT,,Google fee,,Pro Subscription (Scrabble GO Cheat),com.deepinkcode.scrabblegocheat,Subscription,prosub,,US,MO,64012,USD,-0.37,6.447000,DKK,-2.39,prosubmonth,,4994183596643847628,Yes,15,SUBSCRIPTIONS,,
GPA.3356-4453-1988-91463..7,"Apr 1, 2026",5:18:16 PM PDT,,Charge,,Pro Subscription (Words With Friends Solver),com.deepinkcode.wordswithfriendssolver,Subscription,prosub,,AU,QLD,4814,AUD,3.26,4.464400,DKK,14.55,prosub,,4994183596643847628,Yes,,,,
GPA.3356-4453-1988-91463..7,"Apr 1, 2026",5:18:16 PM PDT,,Google fee,,Pro Subscription (Words With Friends Solver),com.deepinkcode.wordswithfriendssolver,Subscription,prosub,,AU,QLD,4814,AUD,-0.49,4.464400,DKK,-2.19,prosub,,4994183596643847628,Yes,15,SUBSCRIPTIONS,,
GPA.3302-3530-1513-58923..6,"Apr 1, 2026",9:54:04 PM PDT,,Charge,,Pro Subscription (Words With Friends Solver),com.deepinkcode.wordswithfriendssolver,Subscription,prosub,,US,GA,30680,USD,1.99,6.471900,DKK,12.88,prosub,,4994183596643847628,Yes,,,,
GPA.3302-3530-1513-58923..6,"Apr 1, 2026",9:54:04 PM PDT,,Google fee,,Pro Subscription (Words With Friends Solver),com.deepinkcode.wordswithfriendssolver,Subscription,prosub,,US,GA,30680,USD,-0.30,6.471900,DKK,-1.94,prosub,,4994183596643847628,Yes,15,SUBSCRIPTIONS,,
GPA.3386-5518-0520-36735..2,"Apr 1, 2026",10:01:12 PM PDT,,Charge,,Pro Subscription (Words With Friends Solver),com.deepinkcode.wordswithfriendssolver,Subscription,prosub,,US,CA,92553,USD,2.49,6.475500,DKK,16.12,prosub,,4994183596643847628,Yes,,,,
GPA.3386-5518-0520-36735..2,"Apr 1, 2026",10:01:12 PM PDT,,Google fee,,Pro Subscription (Words With Friends Solver),com.deepinkcode.wordswithfriendssolver,Subscription,prosub,,US,CA,92553,USD,-0.37,6.475500,DKK,-2.40,prosub,,4994183596643847628,Yes,15,SUBSCRIPTIONS,,
GPA.3303-1581-5493-48122,"Apr 2, 2026",12:30:38 AM PDT,,Charge,,Pro Subscription (Words With Friends Solver),com.deepinkcode.wordswithfriendssolver,Subscription,prosub,dm2q,US,PA,18017,USD,2.49,6.482100,DKK,16.14,prosub,,4994183596643847628,Yes,,,,In-app
GPA.3303-1581-5493-48122,"Apr 2, 2026",12:30:38 AM PDT,,Google fee,,Pro Subscription (Words With Friends Solver),com.deepinkcode.wordswithfriendssolver,Subscription,prosub,dm2q,US,PA,18017,USD,-0.37,6.482100,DKK,-2.40,prosub,,4994183596643847628,Yes,15,SUBSCRIPTIONS,,In-app
GPA.3382-1768-2961-59059..6,"Apr 2, 2026",12:39:34 AM PDT,,Charge,,Pro Subscription (WF Solver),com.deepinkcode.wordfeudsolver,Subscription,prosub,,SE,,11224,SEK,22.40,0.682180,DKK,15.28,prosubmonth,,4994183596643847628,Yes,,,,
GPA.3382-1768-2961-59059..6,"Apr 2, 2026",12:39:34 AM PDT,,Google fee,,Pro Subscription (WF Solver),com.deepinkcode.wordfeudsolver,Subscription,prosub,,SE,,11224,SEK,-3.36,0.682180,DKK,-2.29,prosubmonth,,4994183596643847628,Yes,15,SUBSCRIPTIONS,,
GPA.3323-6350-3775-50742..8,"Apr 2, 2026",12:43:54 AM PDT,,Charge,,Pro Subscription (Words With Friends Solver),com.deepinkcode.wordswithfriendssolver,Subscription,prosub,,US,IL,60162,USD,1.99,6.482100,DKK,12.90,prosub,,4994183596643847628,Yes,,,,
GPA.3323-6350-3775-50742..8,"Apr 2, 2026",12:43:54 AM PDT,,Google fee,,Pro Subscription (Words With Friends Solver),com.deepinkcode.wordswithfriendssolver,Subscription,prosub,,US,IL,60162,USD,-0.30,6.482100,DKK,-1.94,prosub,,4994183596643847628,Yes,15,SUBSCRIPTIONS,,
GPA.3328-7262-4712-31723..5,"Apr 2, 2026",2:29:40 AM PDT,,Charge,,Pro Subscription (WF Solver),com.deepinkcode.wordfeudsolver,Subscription,prosub,,DK,,9575,DKK,15.20,1.000000,DKK,15.20,prosubmonth,,4994183596643847628,Yes,,,,
GPA.3328-7262-4712-31723..5,"Apr 2, 2026",2:29:40 AM PDT,,Google fee,,Pro Subscription (WF Solver),com.deepinkcode.wordfeudsolver,Subscription,prosub,,DK,,9575,DKK,-2.28,1.000000,DKK,-2.28,prosubmonth,,4994183596643847628,Yes,15,SUBSCRIPTIONS,,
GPA.3332-9141-8175-23912..12,"Apr 2, 2026",3:17:28 AM PDT,,Charge,,Pro Subscription (WF Solver),com.deepinkcode.wordfeudsolver,Subscription,prosub,,NO,,6522,NOK,24.00,0.665080,DKK,15.96,prosubmonth,,4994183596643847628,Yes,,,,
GPA.3332-9141-8175-23912..12,"Apr 2, 2026",3:17:28 AM PDT,,Google fee,,Pro Subscription (WF Solver),com.deepinkcode.wordfeudsolver,Subscription,prosub,,NO,,6522,NOK,-3.60,0.665080,DKK,-2.39,prosubmonth,,4994183596643847628,Yes,15,SUBSCRIPTIONS,,
GPA.3303-4464-5027-88433..12,"Apr 2, 2026",3:25:28 AM PDT,,Charge,,Pro Subscription (WF Solver),com.deepinkcode.wordfeudsolver,Subscription,prosub,,NO,,1263,NOK,24.00,0.665080,DKK,15.96,prosubmonth,,4994183596643847628,Yes,,,,
GPA.3303-4464-5027-88433..12,"Apr 2, 2026",3:25:28 AM PDT,,Google fee,,Pro Subscription (WF Solver),com.deepinkcode.wordfeudsolver,Subscription,prosub,,NO,,1263,NOK,-3.60,0.665080,DKK,-2.39,prosubmonth,,4994183596643847628,Yes,15,SUBSCRIPTIONS,,
GPA.3305-1283-5262-26732..0,"Apr 2, 2026",4:48:17 AM PDT,,Charge,,Pro Subscription (Words With Friends Solver),com.deepinkcode.wordswithfriendssolver,Subscription,prosub,,GB,,LS28 7PS,GBP,1.74,8.558700,DKK,14.89,prosub,,4994183596643847628,Yes,,,,
GPA.3305-1283-5262-26732..0,"Apr 2, 2026",4:48:17 AM PDT,,Google fee,,Pro Subscription (Words With Friends Solver),com.deepinkcode.wordswithfriendssolver,Subscription,prosub,,GB,,LS28 7PS,GBP,-0.26,8.558700,DKK,-2.22,prosub,,4994183596643847628,Yes,15,SUBSCRIPTIONS,,
GPA.3323-1947-8537-55387..1,"Apr 2, 2026",5:17:12 AM PDT,,Charge,,Pro Subscription (WF Solver),com.deepinkcode.wordfeudsolver,Subscription,prosub,,BE,,3500,EUR,1.98,7.472300,DKK,14.80,prosubmonth,,4994183596643847628,Yes,,,,
GPA.3323-1947-8537-55387..1,"Apr 2, 2026",5:17:12 AM PDT,,Google fee,,Pro Subscription (WF Solver),com.deepinkcode.wordfeudsolver,Subscription,prosub,,BE,,3500,EUR,-0.30,7.472300,DKK,-2.25,prosubmonth,,4994183596643847628,Yes,15,SUBSCRIPTIONS,,
GPA.3390-7498-1026-89267..7,"Apr 2, 2026",5:17:13 AM PDT,,Charge,,Pro Subscription (WF Solver),com.deepinkcode.wordfeudsolver,Subscription,prosub,,SE,,53334,SEK,22.40,0.682860,DKK,15.30,prosubmonth,,4994183596643847628,Yes,,,,
GPA.3390-7498-1026-89267..7,"Apr 2, 2026",5:17:13 AM PDT,,Google fee,,Pro Subscription (WF Solver),com.deepinkcode.wordfeudsolver,Subscription,prosub,,SE,,53334,SEK,-3.36,0.682860,DKK,-2.30,prosubmonth,,4994183596643847628,Yes,15,SUBSCRIPTIONS,,
GPA.3397-3055-4764-70544,"Apr 2, 2026",5:40:27 AM PDT,,Charge,,Pro Subscription (Scrabble GO Cheat),com.deepinkcode.scrabblegocheat,Subscription,prosub,c1q,US,TX,77581,USD,2.49,6.490400,DKK,16.16,prosubmonth,,4994183596643847628,Yes,,,,In-app
GPA.3397-3055-4764-70544,"Apr 2, 2026",5:40:27 AM PDT,,Google fee,,Pro Subscription (Scrabble GO Cheat),com.deepinkcode.scrabblegocheat,Subscription,prosub,c1q,US,TX,77581,USD,-0.37,6.490400,DKK,-2.40,prosubmonth,,4994183596643847628,Yes,15,SUBSCRIPTIONS,,In-app
GPA.3393-1239-9571-13272..0,"Apr 2, 2026",6:35:33 AM PDT,,Charge,,Pro Subscription (Words With Friends Solver),com.deepinkcode.wordswithfriendssolver,Subscription,prosub,,GB,,NG18 4AT,GBP,1.74,8.564300,DKK,14.90,prosub,,4994183596643847628,Yes,,,,
GPA.3393-1239-9571-13272..0,"Apr 2, 2026",6:35:33 AM PDT,,Google fee,,Pro Subscription (Words With Friends Solver),com.deepinkcode.wordswithfriendssolver,Subscription,prosub,,GB,,NG18 4AT,GBP,-0.26,8.564300,DKK,-2.22,prosub,,4994183596643847628,Yes,15,SUBSCRIPTIONS,,
GPA.3304-5188-7923-53449..16,"Apr 2, 2026",6:40:53 AM PDT,,Charge,,Pro Subscription (WF Solver),com.deepinkcode.wordfeudsolver,Subscription,prosub,,NO,,9512,NOK,23.20,0.665400,DKK,15.44,prosubmonth,,4994183596643847628,Yes,,,,
GPA.3304-5188-7923-53449..16,"Apr 2, 2026",6:40:53 AM PDT,,Google fee,,Pro Subscription (WF Solver),com.deepinkcode.wordfeudsolver,Subscription,prosub,,NO,,9512,NOK,-3.48,0.665400,DKK,-2.32,prosubmonth,,4994183596643847628,Yes,15,SUBSCRIPTIONS,,
GPA.3365-5500-6128-81563..12,"Apr 2, 2026",7:04:04 AM PDT,,Charge,,Pro Subscription (WF Solver),com.deepinkcode.wordfeudsolver,Subscription,prosub,,DK,,5610,DKK,15.20,1.000000,DKK,15.20,prosubmonth,,4994183596643847628,Yes,,,,
GPA.3365-5500-6128-81563..12,"Apr 2, 2026",7:04:04 AM PDT,,Google fee,,Pro Subscription (WF Solver),com.deepinkcode.wordfeudsolver,Subscription,prosub,,DK,,5610,DKK,-2.28,1.000000,DKK,-2.28,prosubmonth,,4994183596643847628,Yes,15,SUBSCRIPTIONS,,
GPA.3360-5433-8692-55893..11,"Apr 2, 2026",7:48:37 AM PDT,,Charge,,Pro Subscription (WF Solver),com.deepinkcode.wordfeudsolver,Subscription,prosub,,SE,,25375,SEK,23.20,0.682860,DKK,15.84,prosubmonth,,4994183596643847628,Yes,,,,
GPA.3360-5433-8692-55893..11,"Apr 2, 2026",7:48:37 AM PDT,,Google fee,,Pro Subscription (WF Solver),com.deepinkcode.wordfeudsolver,Subscription,prosub,,SE,,25375,SEK,-3.48,0.682860,DKK,-2.37,prosubmonth,,4994183596643847628,Yes,15,SUBSCRIPTIONS,,
GPA.3373-3309-3272-91192..16,"Apr 2, 2026",8:14:31 AM PDT,,Charge,,Pro Subscription (WF Solver),com.deepinkcode.wordfeudsolver,Subscription,prosub,,SE,,71693,SEK,23.20,0.683890,DKK,15.87,prosubmonth,,4994183596643847628,Yes,,,,
GPA.3373-3309-3272-91192..16,"Apr 2, 2026",8:14:31 AM PDT,,Google fee,,Pro Subscription (WF Solver),com.deepinkcode.wordfeudsolver,Subscription,prosub,,SE,,71693,SEK,-3.48,0.683890,DKK,-2.38,prosubmonth,,4994183596643847628,Yes,15,SUBSCRIPTIONS,,
GPA.3304-3882-7706-69656..5,"Apr 2, 2026",8:22:19 AM PDT,,Charge,,Pro Subscription (Words With Friends Solver),com.deepinkcode.wordswithfriendssolver,Subscription,prosub,,GB,,EX5 3NE,GBP,1.74,8.565800,DKK,14.90,prosub,,4994183596643847628,Yes,,,,
GPA.3304-3882-7706-69656..5,"Apr 2, 2026",8:22:19 AM PDT,,Google fee,,Pro Subscription (Words With Friends Solver),com.deepinkcode.wordswithfriendssolver,Subscription,prosub,,GB,,EX5 3NE,GBP,-0.26,8.565800,DKK,-2.22,prosub,,4994183596643847628,Yes,15,SUBSCRIPTIONS,,
GPA.3363-7040-4804-52009..15,"Apr 2, 2026",9:12:34 AM PDT,,Charge,,Pro Subscription (WF Solver),com.deepinkcode.wordfeudsolver,Subscription,prosub,,SE,,746 33,SEK,23.20,0.685800,DKK,15.91,prosubmonth,,4994183596643847628,Yes,,,,
GPA.3363-7040-4804-52009..15,"Apr 2, 2026",9:12:34 AM PDT,,Google fee,,Pro Subscription (WF Solver),com.deepinkcode.wordfeudsolver,Subscription,prosub,,SE,,746 33,SEK,-3.48,0.685800,DKK,-2.39,prosubmonth,,4994183596643847628,Yes,15,SUBSCRIPTIONS,,
GPA.3344-7891-8095-67755,"Apr 2, 2026",9:17:52 AM PDT,,Charge,,Pro (WF Solver),com.deepinkcode.wordfeudsolver,One-time product,pro,pa3q,NL,,3847LE,EUR,23.96,7.472600,DKK,179.04,legacy-base,,4994183596643847628,Yes,,,,In-app
GPA.3344-7891-8095-67755,"Apr 2, 2026",9:17:52 AM PDT,,Google fee,,Pro (WF Solver),com.deepinkcode.wordfeudsolver,One-time product,pro,pa3q,NL,,3847LE,EUR,-3.59,7.472600,DKK,-26.82,legacy-base,,4994183596643847628,Yes,15,,,In-app
GPA.3305-0846-7731-55646..13,"Apr 2, 2026",9:50:58 AM PDT,,Charge,,Pro Subscription (WF Solver),com.deepinkcode.wordfeudsolver,Subscription,prosub,,NO,,4352,NOK,24.00,0.665360,DKK,15.97,prosubmonth,,4994183596643847628,Yes,,,,
GPA.3305-0846-7731-55646..13,"Apr 2, 2026",9:50:58 AM PDT,,Google fee,,Pro Subscription (WF Solver),com.deepinkcode.wordfeudsolver,Subscription,prosub,,NO,,4352,NOK,-3.60,0.665360,DKK,-2.40,prosubmonth,,4994183596643847628,Yes,15,SUBSCRIPTIONS,,
GPA.3376-9766-9552-95636,"Apr 2, 2026",9:58:59 AM PDT,,Charge,,Pro Subscription (WF Solver),com.deepinkcode.wordfeudsolver,Subscription,prosub,dm1q,NL,,3851 EM,EUR,1.98,7.472600,DKK,14.80,prosubmonth,,4994183596643847628,Yes,,,,In-app
GPA.3376-9766-9552-95636,"Apr 2, 2026",9:58:59 AM PDT,,Google fee,,Pro Subscription (WF Solver),com.deepinkcode.wordfeudsolver,Subscription,prosub,dm1q,NL,,3851 EM,EUR,-0.30,7.472600,DKK,-2.25,prosubmonth,,4994183596643847628,Yes,15,SUBSCRIPTIONS,,In-app
GPA.3314-0845-2710-88479,"Apr 2, 2026",11:33:13 AM PDT,,Charge,,Pro Subscription (WF Solver),com.deepinkcode.wordfeudsolver,Subscription,prosub,e3q,NL,,2554BB,EUR,1.98,7.472600,DKK,14.80,prosubmonth,,4994183596643847628,Yes,,,,In-app
GPA.3314-0845-2710-88479,"Apr 2, 2026",11:33:13 AM PDT,,Google fee,,Pro Subscription (WF Solver),com.deepinkcode.wordfeudsolver,Subscription,prosub,e3q,NL,,2554BB,EUR,-0.30,7.472600,DKK,-2.25,prosubmonth,,4994183596643847628,Yes,15,SUBSCRIPTIONS,,In-app
GPA.3379-8600-7297-08219,"Apr 2, 2026",11:52:17 AM PDT,,Charge,,Pro Subscription (WF Solver),com.deepinkcode.wordfeudsolver,Subscription,prosub,o1s,SE,,58254,SEK,22.40,0.687020,DKK,15.39,prosubmonth,,4994183596643847628,Yes,,,,In-app
GPA.3379-8600-7297-08219,"Apr 2, 2026",11:52:17 AM PDT,,Google fee,,Pro Subscription (WF Solver),com.deepinkcode.wordfeudsolver,Subscription,prosub,o1s,SE,,58254,SEK,-3.36,0.687020,DKK,-2.31,prosubmonth,,4994183596643847628,Yes,15,SUBSCRIPTIONS,,In-app
GPA.3393-9280-1875-34630..1,"Apr 2, 2026",12:47:54 PM PDT,,Charge,,Pro Subscription (Words With Friends Solver),com.deepinkcode.wordswithfriendssolver,Subscription,prosub,,US,SC,29607,USD,2.49,6.475600,DKK,16.12,prosub,,4994183596643847628,Yes,,,,
GPA.3393-9280-1875-34630..1,"Apr 2, 2026",12:47:54 PM PDT,,Google fee,,Pro Subscription (Words With Friends Solver),com.deepinkcode.wordswithfriendssolver,Subscription,prosub,,US,SC,29607,USD,-0.37,6.475600,DKK,-2.40,prosub,,4994183596643847628,Yes,15,SUBSCRIPTIONS,,
GPA.3335-4235-8830-89404,"Apr 2, 2026",1:17:37 PM PDT,,Charge,,Pro Subscription (WF Solver),com.deepinkcode.wordfeudsolver,Subscription,prosub,o1s,SE,,444 61,SEK,22.40,0.686900,DKK,15.39,prosubmonth,,4994183596643847628,Yes,,,,In-app
GPA.3335-4235-8830-89404,"Apr 2, 2026",1:17:37 PM PDT,,Google fee,,Pro Subscription (WF Solver),com.deepinkcode.wordfeudsolver,Subscription,prosub,o1s,SE,,444 61,SEK,-3.36,0.686900,DKK,-2.31,prosubmonth,,4994183596643847628,Yes,15,SUBSCRIPTIONS,,In-app
GPA.3311-8442-6194-22013..2,"Apr 2, 2026",1:33:04 PM PDT,,Charge,,Pro Subscription (WF Solver),com.deepinkcode.wordfeudsolver,Subscription,prosub,,SE,,43367,SEK,22.40,0.686900,DKK,15.39,prosubmonth,,4994183596643847628,Yes,,,,
GPA.3311-8442-6194-22013..2,"Apr 2, 2026",1:33:04 PM PDT,,Google fee,,Pro Subscription (WF Solver),com.deepinkcode.wordfeudsolver,Subscription,prosub,,SE,,43367,SEK,-3.36,0.686900,DKK,-2.31,prosubmonth,,4994183596643847628,Yes,15,SUBSCRIPTIONS,,
GPA.3359-6268-8313-79969..7,"Apr 2, 2026",1:56:27 PM PDT,,Charge,,Pro Subscription (Words With Friends Solver),com.deepinkcode.wordswithfriendssolver,Subscription,prosub,,CA,ON,P6B 2W8,CAD,3.19,4.653700,DKK,14.85,prosub,,4994183596643847628,Yes,,,,
GPA.3359-6268-8313-79969..7,"Apr 2, 2026",1:56:27 PM PDT,,Google fee,,Pro Subscription (Words With Friends Solver),com.deepinkcode.wordswithfriendssolver,Subscription,prosub,,CA,ON,P6B 2W8,CAD,-0.48,4.653700,DKK,-2.23,prosub,,4994183596643847628,Yes,15,SUBSCRIPTIONS,,
GPA.3397-1661-9105-77842..15,"Apr 2, 2026",2:09:07 PM PDT,,Charge,,Pro Subscription (WF Solver),com.deepinkcode.wordfeudsolver,Subscription,prosub,,NL,,2311 RA,EUR,1.98,7.472800,DKK,14.80,prosubmonth,,4994183596643847628,Yes,,,,
GPA.3397-1661-9105-77842..15,"Apr 2, 2026",2:09:07 PM PDT,,Google fee,,Pro Subscription (WF Solver),com.deepinkcode.wordfeudsolver,Subscription,prosub,,NL,,2311 RA,EUR,-0.30,7.472800,DKK,-2.25,prosubmonth,,4994183596643847628,Yes,15,SUBSCRIPTIONS,,
GPA.3313-9224-3909-40510..0,"Apr 2, 2026",2:20:55 PM PDT,,Charge,,Pro Subscription (WF Solver),com.deepinkcode.wordfeudsolver,Subscription,prosub,,NL,,4811 HA,EUR,1.98,7.472800,DKK,14.80,prosubmonth,,4994183596643847628,Yes,,,,
GPA.3313-9224-3909-40510..0,"Apr 2, 2026",2:20:55 PM PDT,,Google fee,,Pro Subscription (WF Solver),com.deepinkcode.wordfeudsolver,Subscription,prosub,,NL,,4811 HA,EUR,-0.30,7.472800,DKK,-2.25,prosubmonth,,4994183596643847628,Yes,15,SUBSCRIPTIONS,,
GPA.3348-3711-8896-08292..7,"Apr 2, 2026",2:22:20 PM PDT,,Charge,,Pro Subscription (WF Solver),com.deepinkcode.wordfeudsolver,Subscription,prosub,,DK,,2300,DKK,15.20,1.000000,DKK,15.20,prosubmonth,,4994183596643847628,Yes,,,,
GPA.3348-3711-8896-08292..7,"Apr 2, 2026",2:22:20 PM PDT,,Google fee,,Pro Subscription (WF Solver),com.deepinkcode.wordfeudsolver,Subscription,prosub,,DK,,2300,DKK,-2.28,1.000000,DKK,-2.28,prosubmonth,,4994183596643847628,Yes,15,SUBSCRIPTIONS,,
GPA.3364-6780-7281-37454..8,"Apr 2, 2026",2:23:41 PM PDT,,Charge,,Pro Subscription (WF Solver),com.deepinkcode.wordfeudsolver,Subscription,prosub,,NO,,2010,NOK,24.00,0.666000,DKK,15.98,prosubmonth,,4994183596643847628,Yes,,,,
GPA.3364-6780-7281-37454..8,"Apr 2, 2026",2:23:41 PM PDT,,Google fee,,Pro Subscription (WF Solver),com.deepinkcode.wordfeudsolver,Subscription,prosub,,NO,,2010,NOK,-3.60,0.666000,DKK,-2.39,prosubmonth,,4994183596643847628,Yes,15,SUBSCRIPTIONS,,
GPA.3340-3634-9826-21667..7,"Apr 2, 2026",2:38:54 PM PDT,,Charge,,Pro Subscription (WF Solver),com.deepinkcode.wordfeudsolver,Subscription,prosub,,SE,,645 44,SEK,22.40,0.686730,DKK,15.38,prosubmonth,,4994183596643847628,Yes,,,,
GPA.3340-3634-9826-21667..7,"Apr 2, 2026",2:38:54 PM PDT,,Google fee,,Pro Subscription (WF Solver),com.deepinkcode.wordfeudsolver,Subscription,prosub,,SE,,645 44,SEK,-3.36,0.686730,DKK,-2.30,prosubmonth,,4994183596643847628,Yes,15,SUBSCRIPTIONS,,
GPA.3300-3913-2951-48741,"Apr 2, 2026",3:42:51 PM PDT,,Charge,,Pro Subscription (WF Solver),com.deepinkcode.wordfeudsolver,Subscription,prosub,nice,DK,,4660,DKK,15.20,1.000000,DKK,15.20,prosubmonth,,4994183596643847628,Yes,,,,In-app
GPA.3300-3913-2951-48741,"Apr 2, 2026",3:42:51 PM PDT,,Google fee,,Pro Subscription (WF Solver),com.deepinkcode.wordfeudsolver,Subscription,prosub,nice,DK,,4660,DKK,-2.28,1.000000,DKK,-2.28,prosubmonth,,4994183596643847628,Yes,15,SUBSCRIPTIONS,,In-app
GPA.3304-4431-9341-02716,"Apr 2, 2026",4:23:37 PM PDT,,Charge,,Pro Subscription (Words With Friends Solver),com.deepinkcode.wordswithfriendssolver,Subscription,prosub,pa3q,US,TX,77304,USD,2.49,6.475800,DKK,16.12,prosub,,4994183596643847628,Yes,,,,In-app
GPA.3304-4431-9341-02716,"Apr 2, 2026",4:23:37 PM PDT,,Google fee,,Pro Subscription (Words With Friends Solver),com.deepinkcode.wordswithfriendssolver,Subscription,prosub,pa3q,US,TX,77304,USD,-0.37,6.475800,DKK,-2.40,prosub,,4994183596643847628,Yes,15,SUBSCRIPTIONS,,In-app
GPA.3343-3711-7458-38168..15,"Apr 2, 2026",4:27:01 PM PDT,,Charge,,Pro Subscription (WF Solver),com.deepinkcode.wordfeudsolver,Subscription,prosub,,FI,,22820,EUR,1.98,7.472300,DKK,14.80,prosubmonth,,4994183596643847628,Yes,,,,
GPA.3343-3711-7458-38168..15,"Apr 2, 2026",4:27:01 PM PDT,,Google fee,,Pro Subscription (WF Solver),com.deepinkcode.wordfeudsolver,Subscription,prosub,,FI,,22820,EUR,-0.30,7.472300,DKK,-2.25,prosubmonth,,4994183596643847628,Yes,15,SUBSCRIPTIONS,,
GPA.3352-0447-0656-93328..3,"Apr 2, 2026",7:56:54 PM PDT,,Charge,,Pro Subscription (Words With Friends Solver),com.deepinkcode.wordswithfriendssolver,Subscription,prosub,,US,NC,27530,USD,2.49,6.476600,DKK,16.13,prosub,,4994183596643847628,Yes,,,,
GPA.3352-0447-0656-93328..3,"Apr 2, 2026",7:56:54 PM PDT,,Google fee,,Pro Subscription (Words With Friends Solver),com.deepinkcode.wordswithfriendssolver,Subscription,prosub,,US,NC,27530,USD,-0.37,6.476600,DKK,-2.40,prosub,,4994183596643847628,Yes,15,SUBSCRIPTIONS,,
GPA.3399-4326-7598-99603..0,"Apr 2, 2026",8:22:15 PM PDT,,Charge,,Pro Subscription (Words With Friends Solver),com.deepinkcode.wordswithfriendssolver,Subscription,prosub,,US,CA,92223,USD,2.49,6.478400,DKK,16.13,prosub,,4994183596643847628,Yes,,,,
GPA.3399-4326-7598-99603..0,"Apr 2, 2026",8:22:15 PM PDT,,Google fee,,Pro Subscription (Words With Friends Solver),com.deepinkcode.wordswithfriendssolver,Subscription,prosub,,US,CA,92223,USD,-0.37,6.478400,DKK,-2.40,prosub,,4994183596643847628,Yes,15,SUBSCRIPTIONS,,
GPA.3381-5997-5787-36055,"Apr 2, 2026",8:51:08 PM PDT,,Charge,,Pro Subscription (Words With Friends Solver),com.deepinkcode.wordswithfriendssolver,Subscription,prosub,e3q,US,TX,78216,USD,2.49,6.478400,DKK,16.13,prosub,,4994183596643847628,Yes,,,,In-app
GPA.3381-5997-5787-36055,"Apr 2, 2026",8:51:08 PM PDT,,Google fee,,Pro Subscription (Words With Friends Solver),com.deepinkcode.wordswithfriendssolver,Subscription,prosub,e3q,US,TX,78216,USD,-0.37,6.478400,DKK,-2.40,prosub,,4994183596643847628,Yes,15,SUBSCRIPTIONS,,In-app
GPA.3392-4828-3072-89138,"Apr 2, 2026",10:32:26 PM PDT,,Charge,,Pro Subscription (WF Solver),com.deepinkcode.wordfeudsolver,Subscription,prosub,m3q,DK,,3700,DKK,15.20,1.000000,DKK,15.20,prosubmonth,,4994183596643847628,Yes,,,,In-app
GPA.3392-4828-3072-89138,"Apr 2, 2026",10:32:26 PM PDT,,Google fee,,Pro Subscription (WF Solver),com.deepinkcode.wordfeudsolver,Subscription,prosub,m3q,DK,,3700,DKK,-2.28,1.000000,DKK,-2.28,prosubmonth,,4994183596643847628,Yes,15,SUBSCRIPTIONS,,In-app
GPA.3357-1670-9461-41264..7,"Apr 2, 2026",11:28:15 PM PDT,,Charge,,Pro Subscription (WF Solver),com.deepinkcode.wordfeudsolver,Subscription,prosub,,NL,,2406TK,EUR,1.98,7.472600,DKK,14.80,prosubmonth,,4994183596643847628,Yes,,,,
GPA.3357-1670-9461-41264..7,"Apr 2, 2026",11:28:15 PM PDT,,Google fee,,Pro Subscription (WF Solver),com.deepinkcode.wordfeudsolver,Subscription,prosub,,NL,,2406TK,EUR,-0.30,7.472600,DKK,-2.25,prosubmonth,,4994183596643847628,Yes,15,SUBSCRIPTIONS,,
GPA.3310-3381-5330-90363,"Apr 3, 2026",12:33:45 AM PDT,,Charge,,Pro Subscription (WF Solver),com.deepinkcode.wordfeudsolver,Subscription,prosub,a26x,DK,,4653,DKK,15.20,1.000000,DKK,15.20,prosubmonth,,4994183596643847628,Yes,,,,In-app
GPA.3310-3381-5330-90363,"Apr 3, 2026",12:33:45 AM PDT,,Google fee,,Pro Subscription (WF Solver),com.deepinkcode.wordfeudsolver,Subscription,prosub,a26x,DK,,4653,DKK,-2.28,1.000000,DKK,-2.28,prosubmonth,,4994183596643847628,Yes,15,SUBSCRIPTIONS,,In-app
GPA.3383-3887-9706-38968..9,"Apr 3, 2026",1:42:47 AM PDT,,Charge,,Pro Subscription (WF Solver),com.deepinkcode.wordfeudsolver,Subscription,prosub,,DK,,2770,DKK,15.20,1.000000,DKK,15.20,prosubmonth,,4994183596643847628,Yes,,,,
GPA.3383-3887-9706-38968..9,"Apr 3, 2026",1:42:47 AM PDT,,Google fee,,Pro Subscription (WF Solver),com.deepinkcode.wordfeudsolver,Subscription,prosub,,DK,,2770,DKK,-2.28,1.000000,DKK,-2.28,prosubmonth,,4994183596643847628,Yes,15,SUBSCRIPTIONS,,
GPA.3374-7854-8269-48508..5,"Apr 3, 2026",2:59:37 AM PDT,,Charge,,Pro Subscription (Scrabble GO Cheat),com.deepinkcode.scrabblegocheat,Subscription,prosub,,US,MD,21244,USD,2.49,6.474000,DKK,16.12,prosubmonth,,4994183596643847628,Yes,,,,
GPA.3374-7854-8269-48508..5,"Apr 3, 2026",2:59:37 AM PDT,,Google fee,,Pro Subscription (Scrabble GO Cheat),com.deepinkcode.scrabblegocheat,Subscription,prosub,,US,MD,21244,USD,-0.37,6.474000,DKK,-2.40,prosubmonth,,4994183596643847628,Yes,15,SUBSCRIPTIONS,,
GPA.3314-3899-2663-96665,"Apr 3, 2026",3:04:55 AM PDT,,Charge,,Pro Subscription (WF Solver),com.deepinkcode.wordfeudsolver,Subscription,prosub,pa1q,NL,,5684 VJ,EUR,1.98,7.472700,DKK,14.80,prosubmonth,,4994183596643847628,Yes,,,,In-app
GPA.3314-3899-2663-96665,"Apr 3, 2026",3:04:55 AM PDT,,Google fee,,Pro Subscription (WF Solver),com.deepinkcode.wordfeudsolver,Subscription,prosub,pa1q,NL,,5684 VJ,EUR,-0.30,7.472700,DKK,-2.25,prosubmonth,,4994183596643847628,Yes,15,SUBSCRIPTIONS,,In-app
GPA.3316-3831-2018-41875..0,"Apr 3, 2026",4:02:08 AM PDT,,Charge,,Pro Subscription (WF Solver),com.deepinkcode.wordfeudsolver,Subscription,prosub,,NL,,3312 AW,EUR,1.98,7.472600,DKK,14.80,prosubmonth,,4994183596643847628,Yes,,,,
GPA.3316-3831-2018-41875..0,"Apr 3, 2026",4:02:08 AM PDT,,Google fee,,Pro Subscription (WF Solver),com.deepinkcode.wordfeudsolver,Subscription,prosub,,NL,,3312 AW,EUR,-0.30,7.472600,DKK,-2.25,prosubmonth,,4994183596643847628,Yes,15,SUBSCRIPTIONS,,
GPA.3356-8598-7094-69185..8,"Apr 3, 2026",4:06:41 AM PDT,,Charge,,Pro Subscription (WF Solver),com.deepinkcode.wordfeudsolver,Subscription,prosub,,NL,,5652 KD,EUR,1.98,7.472600,DKK,14.80,prosubmonth,,4994183596643847628,Yes,,,,
GPA.3356-8598-7094-69185..8,"Apr 3, 2026",4:06:41 AM PDT,,Google fee,,Pro Subscription (WF Solver),com.deepinkcode.wordfeudsolver,Subscription,prosub,,NL,,5652 KD,EUR,-0.30,7.472600,DKK,-2.25,prosubmonth,,4994183596643847628,Yes,15,SUBSCRIPTIONS,,
GPA.3382-7815-6837-37155..16,"Apr 3, 2026",4:33:00 AM PDT,,Charge,,Pro Subscription (WF Solver),com.deepinkcode.wordfeudsolver,Subscription,prosub,,DK,,7400,DKK,15.20,1.000000,DKK,15.20,prosubmonth,,4994183596643847628,Yes,,,,
GPA.3382-7815-6837-37155..16,"Apr 3, 2026",4:33:00 AM PDT,,Google fee,,Pro Subscription (WF Solver),com.deepinkcode.wordfeudsolver,Subscription,prosub,,DK,,7400,DKK,-2.28,1.000000,DKK,-2.28,prosubmonth,,4994183596643847628,Yes,15,SUBSCRIPTIONS,,
GPA.3396-5111-5622-01427..7,"Apr 3, 2026",4:57:33 AM PDT,,Charge,,Pro Subscription (WF Solver),com.deepinkcode.wordfeudsolver,Subscription,prosub,,SE,,14734,SEK,22.40,0.686460,DKK,15.38,prosubmonth,,4994183596643847628,Yes,,,,
GPA.3396-5111-5622-01427..7,"Apr 3, 2026",4:57:33 AM PDT,,Google fee,,Pro Subscription (WF Solver),com.deepinkcode.wordfeudsolver,Subscription,prosub,,SE,,14734,SEK,-3.36,0.686460,DKK,-2.31,prosubmonth,,4994183596643847628,Yes,15,SUBSCRIPTIONS,,
GPA.3370-5173-7369-14916..16,"Apr 3, 2026",5:10:27 AM PDT,,Charge,,Pro Subscription (WF Solver),com.deepinkcode.wordfeudsolver,Subscription,prosub,,BE,,2630,EUR,1.98,7.472700,DKK,14.80,prosubmonth,,4994183596643847628,Yes,,,,
GPA.3370-5173-7369-14916..16,"Apr 3, 2026",5:10:27 AM PDT,,Google fee,,Pro Subscription (WF Solver),com.deepinkcode.wordfeudsolver,Subscription,prosub,,BE,,2630,EUR,-0.30,7.472700,DKK,-2.25,prosubmonth,,4994183596643847628,Yes,15,SUBSCRIPTIONS,,
GPA.3330-4958-5282-49125..16,"Apr 3, 2026",5:11:36 AM PDT,,Charge,,Pro Subscription (WF Solver),com.deepinkcode.wordfeudsolver,Subscription,prosub,,NL,,3232 PB,EUR,1.98,7.472700,DKK,14.80,prosubmonth,,4994183596643847628,Yes,,,,
GPA.3330-4958-5282-49125..16,"Apr 3, 2026",5:11:36 AM PDT,,Google fee,,Pro Subscription (WF Solver),com.deepinkcode.wordfeudsolver,Subscription,prosub,,NL,,3232 PB,EUR,-0.30,7.472700,DKK,-2.25,prosubmonth,,4994183596643847628,Yes,15,SUBSCRIPTIONS,,
GPA.3310-8381-0856-44768..9,"Apr 3, 2026",5:16:55 AM PDT,,Charge,,Pro Subscription (WF Solver),com.deepinkcode.wordfeudsolver,Subscription,prosub,,DK,,2640,DKK,15.20,1.000000,DKK,15.20,prosubmonth,,4994183596643847628,Yes,,,,
GPA.3310-8381-0856-44768..9,"Apr 3, 2026",5:16:55 AM PDT,,Google fee,,Pro Subscription (WF Solver),com.deepinkcode.wordfeudsolver,Subscription,prosub,,DK,,2640,DKK,-2.28,1.000000,DKK,-2.28,prosubmonth,,4994183596643847628,Yes,15,SUBSCRIPTIONS,,
GPA.3334-9513-6562-84770,"Apr 3, 2026",6:17:57 AM PDT,,Charge,,Pro Subscription (WF Solver),com.deepinkcode.wordfeudsolver,Subscription,prosub,dm3q,NO,,6050,NOK,24.00,0.663400,DKK,15.92,prosubmonth,,4994183596643847628,Yes,,,,In-app
GPA.3334-9513-6562-84770,"Apr 3, 2026",6:17:57 AM PDT,,Google fee,,Pro Subscription (WF Solver),com.deepinkcode.wordfeudsolver,Subscription,prosub,dm3q,NO,,6050,NOK,-3.60,0.663400,DKK,-2.39,prosubmonth,,4994183596643847628,Yes,15,SUBSCRIPTIONS,,In-app
GPA.3344-3923-2113-14477..1,"Apr 3, 2026",6:34:16 AM PDT,,Charge,,Pro Subscription (WF Solver),com.deepinkcode.wordfeudsolver,Subscription,prosub,,SE,,392 33,SEK,22.40,0.685870,DKK,15.36,prosubmonth,,4994183596643847628,Yes,,,,
GPA.3344-3923-2113-14477..1,"Apr 3, 2026",6:34:16 AM PDT,,Google fee,,Pro Subscription (WF Solver),com.deepinkcode.wordfeudsolver,Subscription,prosub,,SE,,392 33,SEK,-3.36,0.685870,DKK,-2.30,prosubmonth,,4994183596643847628,Yes,15,SUBSCRIPTIONS,,
GPA.3340-7234-2068-25961..4,"Apr 3, 2026",6:59:05 AM PDT,,Charge,,Pro Subscription (WF Solver),com.deepinkcode.wordfeudsolver,Subscription,prosub,,NL,,8256PJ,EUR,1.98,7.472600,DKK,14.80,prosubmonth,,4994183596643847628,Yes,,,,
GPA.3340-7234-2068-25961..4,"Apr 3, 2026",6:59:05 AM PDT,,Google fee,,Pro Subscription (WF Solver),com.deepinkcode.wordfeudsolver,Subscription,prosub,,NL,,8256PJ,EUR,-0.30,7.472600,DKK,-2.25,prosubmonth,,4994183596643847628,Yes,15,SUBSCRIPTIONS,,
GPA.3312-4250-6183-33553..3,"Apr 3, 2026",7:04:44 AM PDT,,Charge,,Pro Subscription (WF Solver),com.deepinkcode.wordfeudsolver,Subscription,prosub,,SE,,975 96,SEK,22.40,0.685730,DKK,15.36,prosubmonth,,4994183596643847628,Yes,,,,
GPA.3312-4250-6183-33553..3,"Apr 3, 2026",7:04:44 AM PDT,,Google fee,,Pro Subscription (WF Solver),com.deepinkcode.wordfeudsolver,Subscription,prosub,,SE,,975 96,SEK,-3.36,0.685730,DKK,-2.30,prosubmonth,,4994183596643847628,Yes,15,SUBSCRIPTIONS,,
GPA.3382-4037-2266-52534..13,"Apr 3, 2026",7:23:13 AM PDT,,Charge,,Pro Subscription (Words With Friends Solver),com.deepinkcode.wordswithfriendssolver,Subscription,prosub,,US,CA,95361,USD,1.99,6.481000,DKK,12.90,prosub,,4994183596643847628,Yes,,,,
GPA.3382-4037-2266-52534..13,"Apr 3, 2026",7:23:13 AM PDT,,Google fee,,Pro Subscription (Words With Friends Solver),com.deepinkcode.wordswithfriendssolver,Subscription,prosub,,US,CA,95361,USD,-0.30,6.481000,DKK,-1.94,prosub,,4994183596643847628,Yes,15,SUBSCRIPTIONS,,
GPA.3396-2412-6444-46450..0,"Apr 3, 2026",7:53:37 AM PDT,,Charge,,Pro Subscription (WF Solver),com.deepinkcode.wordfeudsolver,Subscription,prosub,,NL,,7546AP,EUR,1.98,7.472600,DKK,14.80,prosubmonth,,4994183596643847628,Yes,,,,
GPA.3396-2412-6444-46450..0,"Apr 3, 2026",7:53:37 AM PDT,,Google fee,,Pro Subscription (WF Solver),com.deepinkcode.wordfeudsolver,Subscription,prosub,,NL,,7546AP,EUR,-0.30,7.472600,DKK,-2.25,prosubmonth,,4994183596643847628,Yes,15,SUBSCRIPTIONS,,
GPA.3333-5136-6885-31550,"Apr 3, 2026",8:13:11 AM PDT,,Charge,,Pro (WF Solver),com.deepinkcode.wordfeudsolver,One-time product,pro,q6q,FR,,87230,EUR,24.16,7.472900,DKK,180.55,legacy-base,,4994183596643847628,Yes,,,,In-app
GPA.3333-5136-6885-31550,"Apr 3, 2026",8:13:11 AM PDT,,Google fee,,Pro (WF Solver),com.deepinkcode.wordfeudsolver,One-time product,pro,q6q,FR,,87230,EUR,-3.62,7.472900,DKK,-27.06,legacy-base,,4994183596643847628,Yes,15,,,In-app
GPA.3358-8905-5295-32789..0,"Apr 3, 2026",9:10:38 AM PDT,,Charge,,Pro Subscription (WF Solver),com.deepinkcode.wordfeudsolver,Subscription,prosub,,NL,,9435 TC,EUR,1.98,7.472900,DKK,14.80,prosubmonth,,4994183596643847628,Yes,,,,
GPA.3358-8905-5295-32789..0,"Apr 3, 2026",9:10:38 AM PDT,,Google fee,,Pro Subscription (WF Solver),com.deepinkcode.wordfeudsolver,Subscription,prosub,,NL,,9435 TC,EUR,-0.30,7.472900,DKK,-2.25,prosubmonth,,4994183596643847628,Yes,15,SUBSCRIPTIONS,,
GPA.3391-3066-3062-29588..2,"Apr 3, 2026",9:18:33 AM PDT,,Charge,,Pro Subscription (WF Solver),com.deepinkcode.wordfeudsolver,Subscription,prosub,,SE,,59038,SEK,22.40,0.684520,DKK,15.33,prosubmonth,,4994183596643847628,Yes,,,,
GPA.3391-3066-3062-29588..2,"Apr 3, 2026",9:18:33 AM PDT,,Google fee,,Pro Subscription (WF Solver),com.deepinkcode.wordfeudsolver,Subscription,prosub,,SE,,59038,SEK,-3.36,0.684520,DKK,-2.30,prosubmonth,,4994183596643847628,Yes,15,SUBSCRIPTIONS,,
GPA.3388-4901-5570-79634,"Apr 3, 2026",9:43:58 AM PDT,,Charge,,Pro Subscription (WF Solver),com.deepinkcode.wordfeudsolver,Subscription,prosub,a26x,DK,,5690,DKK,15.20,1.000000,DKK,15.20,prosubmonth,,4994183596643847628,Yes,,,,In-app
GPA.3388-4901-5570-79634,"Apr 3, 2026",9:43:58 AM PDT,,Google fee,,Pro Subscription (WF Solver),com.deepinkcode.wordfeudsolver,Subscription,prosub,a26x,DK,,5690,DKK,-2.28,1.000000,DKK,-2.28,prosubmonth,,4994183596643847628,Yes,15,SUBSCRIPTIONS,,In-app
GPA.3331-0929-0774-69306..12,"Apr 3, 2026",10:09:43 AM PDT,,Charge,,Pro Subscription (WF Solver),com.deepinkcode.wordfeudsolver,Subscription,prosub,,NL,,5663RZ,EUR,1.98,7.472700,DKK,14.80,prosubmonth,,4994183596643847628,Yes,,,,
GPA.3331-0929-0774-69306..12,"Apr 3, 2026",10:09:43 AM PDT,,Google fee,,Pro Subscription (WF Solver),com.deepinkcode.wordfeudsolver,Subscription,prosub,,NL,,5663RZ,EUR,-0.30,7.472700,DKK,-2.25,prosubmonth,,4994183596643847628,Yes,15,SUBSCRIPTIONS,,
GPA.3329-3035-3085-18103..12,"Apr 3, 2026",10:27:22 AM PDT,,Charge,,Pro Subscription (WF Solver),com.deepinkcode.wordfeudsolver,Subscription,prosub,,DK,,2770,DKK,15.20,1.000000,DKK,15.20,prosubmonth,,4994183596643847628,Yes,,,,
GPA.3329-3035-3085-18103..12,"Apr 3, 2026",10:27:22 AM PDT,,Google fee,,Pro Subscription (WF Solver),com.deepinkcode.wordfeudsolver,Subscription,prosub,,DK,,2770,DKK,-2.28,1.000000,DKK,-2.28,prosubmonth,,4994183596643847628,Yes,15,SUBSCRIPTIONS,,
GPA.3384-2699-5771-17116..14,"Apr 3, 2026",10:45:40 AM PDT,,Charge,,Pro Subscription (WF Solver),com.deepinkcode.wordfeudsolver,Subscription,prosub,,NO,,7180,NOK,24.00,0.662690,DKK,15.90,prosubmonth,,4994183596643847628,Yes,,,,
GPA.3384-2699-5771-17116..14,"Apr 3, 2026",10:45:40 AM PDT,,Google fee,,Pro Subscription (WF Solver),com.deepinkcode.wordfeudsolver,Subscription,prosub,,NO,,7180,NOK,-3.60,0.662690,DKK,-2.38,prosubmonth,,4994183596643847628,Yes,15,SUBSCRIPTIONS,,
GPA.3377-4249-8437-48865..0,"Apr 3, 2026",12:03:17 PM PDT,,Charge,,Pro Subscription (WF Solver),com.deepinkcode.wordfeudsolver,Subscription,prosub,,DK,,8520,DKK,15.20,1.000000,DKK,15.20,prosubmonth,,4994183596643847628,Yes,,,,
GPA.3377-4249-8437-48865..0,"Apr 3, 2026",12:03:17 PM PDT,,Google fee,,Pro Subscription (WF Solver),com.deepinkcode.wordfeudsolver,Subscription,prosub,,DK,,8520,DKK,-2.28,1.000000,DKK,-2.28,prosubmonth,,4994183596643847628,Yes,15,SUBSCRIPTIONS,,
GPA.3374-0135-6549-07605..11,"Apr 3, 2026",12:11:57 PM PDT,,Charge,,Pro Subscription (WF Solver),com.deepinkcode.wordfeudsolver,Subscription,prosub,,NL,,3863EW,EUR,1.98,7.472800,DKK,14.80,prosubmonth,,4994183596643847628,Yes,,,,
GPA.3374-0135-6549-07605..11,"Apr 3, 2026",12:11:57 PM PDT,,Google fee,,Pro Subscription (WF Solver),com.deepinkcode.wordfeudsolver,Subscription,prosub,,NL,,3863EW,EUR,-0.30,7.472800,DKK,-2.25,prosubmonth,,4994183596643847628,Yes,15,SUBSCRIPTIONS,,
GPA.3335-7645-7761-16556..6,"Apr 3, 2026",12:42:12 PM PDT,,Charge,,Pro Subscription (WF Solver),com.deepinkcode.wordfeudsolver,Subscription,prosub,,SE,,52144,SEK,22.40,0.684390,DKK,15.33,prosubmonth,,4994183596643847628,Yes,,,,
GPA.3335-7645-7761-16556..6,"Apr 3, 2026",12:42:12 PM PDT,,Google fee,,Pro Subscription (WF Solver),com.deepinkcode.wordfeudsolver,Subscription,prosub,,SE,,52144,SEK,-3.36,0.684390,DKK,-2.30,prosubmonth,,4994183596643847628,Yes,15,SUBSCRIPTIONS,,
GPA.3384-5258-9400-07499..5,"Apr 3, 2026",1:16:07 PM PDT,,Charge,,Pro Subscription (WF Solver),com.deepinkcode.wordfeudsolver,Subscription,prosub,,NL,,9405hm,EUR,1.98,7.472900,DKK,14.80,prosubmonth,,4994183596643847628,Yes,,,,
GPA.3384-5258-9400-07499..5,"Apr 3, 2026",1:16:07 PM PDT,,Google fee,,Pro Subscription (WF Solver),com.deepinkcode.wordfeudsolver,Subscription,prosub,,NL,,9405hm,EUR,-0.30,7.472900,DKK,-2.25,prosubmonth,,4994183596643847628,Yes,15,SUBSCRIPTIONS,,
GPA.3387-8720-3306-21873..3,"Apr 3, 2026",1:26:27 PM PDT,,Charge,,Pro Subscription (WF Solver),com.deepinkcode.wordfeudsolver,Subscription,prosub,,NL,,9903TA,EUR,1.98,7.472900,DKK,14.80,prosubmonth,,4994183596643847628,Yes,,,,
GPA.3387-8720-3306-21873..3,"Apr 3, 2026",1:26:27 PM PDT,,Google fee,,Pro Subscription (WF Solver),com.deepinkcode.wordfeudsolver,Subscription,prosub,,NL,,9903TA,EUR,-0.30,7.472900,DKK,-2.25,prosubmonth,,4994183596643847628,Yes,15,SUBSCRIPTIONS,,
GPA.3339-9477-5136-87876..2,"Apr 3, 2026",1:34:28 PM PDT,,Charge,,Pro Subscription (WF Solver),com.deepinkcode.wordfeudsolver,Subscription,prosub,,SE,,17670,SEK,22.40,0.684360,DKK,15.33,prosubmonth,,4994183596643847628,Yes,,,,
GPA.3339-9477-5136-87876..2,"Apr 3, 2026",1:34:28 PM PDT,,Google fee,,Pro Subscription (WF Solver),com.deepinkcode.wordfeudsolver,Subscription,prosub,,SE,,17670,SEK,-3.36,0.684360,DKK,-2.30,prosubmonth,,4994183596643847628,Yes,15,SUBSCRIPTIONS,,
GPA.3374-1373-9382-88094..1,"Apr 3, 2026",3:03:14 PM PDT,,Charge,,Pro Subscription (Scrabble GO Cheat),com.deepinkcode.scrabblegocheat,Subscription,prosub,,GB,,,GBP,1.74,8.565300,DKK,14.90,prosubmonth,,4994183596643847628,Yes,,,,
GPA.3374-1373-9382-88094..1,"Apr 3, 2026",3:03:14 PM PDT,,Google fee,,Pro Subscription (Scrabble GO Cheat),com.deepinkcode.scrabblegocheat,Subscription,prosub,,GB,,,GBP,-0.26,8.565300,DKK,-2.22,prosubmonth,,4994183596643847628,Yes,15,SUBSCRIPTIONS,,
GPA.3339-0608-2385-65995..8,"Apr 3, 2026",3:18:34 PM PDT,,Charge,,Pro Subscription (WF Solver),com.deepinkcode.wordfeudsolver,Subscription,prosub,,NL,,4451 AS,EUR,1.98,7.472600,DKK,14.80,prosubmonth,,4994183596643847628,Yes,,,,
GPA.3339-0608-2385-65995..8,"Apr 3, 2026",3:18:34 PM PDT,,Google fee,,Pro Subscription (WF Solver),com.deepinkcode.wordfeudsolver,Subscription,prosub,,NL,,4451 AS,EUR,-0.30,7.472600,DKK,-2.25,prosubmonth,,4994183596643847628,Yes,15,SUBSCRIPTIONS,,
GPA.3388-5930-7904-03881..2,"Apr 3, 2026",3:32:26 PM PDT,,Charge,,Pro Subscription (WF Solver),com.deepinkcode.wordfeudsolver,Subscription,prosub,,NL,,3823 AL,EUR,1.98,7.472600,DKK,14.80,prosubmonth,,4994183596643847628,Yes,,,,
GPA.3388-5930-7904-03881..2,"Apr 3, 2026",3:32:26 PM PDT,,Google fee,,Pro Subscription (WF Solver),com.deepinkcode.wordfeudsolver,Subscription,prosub,,NL,,3823 AL,EUR,-0.30,7.472600,DKK,-2.25,prosubmonth,,4994183596643847628,Yes,15,SUBSCRIPTIONS,,
GPA.3303-7264-5778-33107..6,"Apr 3, 2026",4:10:48 PM PDT,,Charge,,Pro Subscription (Words With Friends Solver),com.deepinkcode.wordswithfriendssolver,Subscription,prosub,,US,MA,01913,USD,2.49,6.487800,DKK,16.15,prosub,,4994183596643847628,Yes,,,,
GPA.3303-7264-5778-33107..6,"Apr 3, 2026",4:10:48 PM PDT,,Google fee,,Pro Subscription (Words With Friends Solver),com.deepinkcode.wordswithfriendssolver,Subscription,prosub,,US,MA,01913,USD,-0.37,6.487800,DKK,-2.40,prosub,,4994183596643847628,Yes,15,SUBSCRIPTIONS,,
GPA.3364-8703-3804-63256..0,"Apr 3, 2026",4:31:23 PM PDT,,Charge,,Pro Subscription (Words With Friends Solver),com.deepinkcode.wordswithfriendssolver,Subscription,prosub,,CA,NB,E2V 4K7,CAD,3.19,4.652200,DKK,14.84,prosub,,4994183596643847628,Yes,,,,
GPA.3364-8703-3804-63256..0,"Apr 3, 2026",4:31:23 PM PDT,,Google fee,,Pro Subscription (Words With Friends Solver),com.deepinkcode.wordswithfriendssolver,Subscription,prosub,,CA,NB,E2V 4K7,CAD,-0.48,4.652200,DKK,-2.23,prosub,,4994183596643847628,Yes,15,SUBSCRIPTIONS,,
GPA.3347-2680-6696-69191..2,"Apr 3, 2026",6:17:02 PM PDT,,Charge,,Pro Subscription (Words With Friends Solver),com.deepinkcode.wordswithfriendssolver,Subscription,prosub,,CA,BC,V4A 9H5,CAD,3.19,4.652200,DKK,14.84,prosub,,4994183596643847628,Yes,,,,
GPA.3347-2680-6696-69191..2,"Apr 3, 2026",6:17:02 PM PDT,,Google fee,,Pro Subscription (Words With Friends Solver),com.deepinkcode.wordswithfriendssolver,Subscription,prosub,,CA,BC,V4A 9H5,CAD,-0.48,4.652200,DKK,-2.23,prosub,,4994183596643847628,Yes,15,SUBSCRIPTIONS,,
GPA.3337-9687-0296-07061..0,"Apr 3, 2026",6:21:22 PM PDT,,Charge,,Pro Subscription (Words With Friends Solver),com.deepinkcode.wordswithfriendssolver,Subscription,prosub,,US,NH,03275,USD,2.49,6.487800,DKK,16.15,prosub,,4994183596643847628,Yes,,,,
GPA.3337-9687-0296-07061..0,"Apr 3, 2026",6:21:22 PM PDT,,Google fee,,Pro Subscription (Words With Friends Solver),com.deepinkcode.wordswithfriendssolver,Subscription,prosub,,US,NH,03275,USD,-0.37,6.487800,DKK,-2.40,prosub,,4994183596643847628,Yes,15,SUBSCRIPTIONS,,
GPA.3372-6518-3807-60042..1,"Apr 3, 2026",9:20:33 PM PDT,,Charge,,Pro Subscription (WF Solver),com.deepinkcode.wordfeudsolver,Subscription,prosub,,US,TX,75115,USD,2.49,6.487800,DKK,16.15,prosubmonth,,4994183596643847628,Yes,,,,
GPA.3372-6518-3807-60042..1,"Apr 3, 2026",9:20:33 PM PDT,,Google fee,,Pro Subscription (WF Solver),com.deepinkcode.wordfeudsolver,Subscription,prosub,,US,TX,75115,USD,-0.37,6.487800,DKK,-2.40,prosubmonth,,4994183596643847628,Yes,15,SUBSCRIPTIONS,,
GPA.3313-6735-6620-84718..0,"Apr 3, 2026",10:01:04 PM PDT,,Charge,,Pro Subscription (WF Solver),com.deepinkcode.wordfeudsolver,Subscription,prosub,,SE,,25351,SEK,22.40,0.684190,DKK,15.33,prosubmonth,,4994183596643847628,Yes,,,,
GPA.3313-6735-6620-84718..0,"Apr 3, 2026",10:01:04 PM PDT,,Google fee,,Pro Subscription (WF Solver),com.deepinkcode.wordfeudsolver,Subscription,prosub,,SE,,25351,SEK,-3.36,0.684190,DKK,-2.30,prosubmonth,,4994183596643847628,Yes,15,SUBSCRIPTIONS,,
GPA.3335-9801-3024-20108..8,"Apr 3, 2026",10:23:09 PM PDT,,Charge,,Pro Subscription (WF Solver),com.deepinkcode.wordfeudsolver,Subscription,prosub,,SE,,74142,SEK,23.20,0.684190,DKK,15.87,prosubmonth,,4994183596643847628,Yes,,,,
GPA.3335-9801-3024-20108..8,"Apr 3, 2026",10:23:09 PM PDT,,Google fee,,Pro Subscription (WF Solver),com.deepinkcode.wordfeudsolver,Subscription,prosub,,SE,,74142,SEK,-3.48,0.684190,DKK,-2.38,prosubmonth,,4994183596643847628,Yes,15,SUBSCRIPTIONS,,
GPA.3333-6765-1893-55617,"Apr 3, 2026",10:29:44 PM PDT,,Charge,,Pro Subscription (Words With Friends Solver),com.deepinkcode.wordswithfriendssolver,Subscription,prosub,e3q,US,WY,82435,USD,2.49,6.487800,DKK,16.15,prosub,,4994183596643847628,Yes,,,,In-app
GPA.3333-6765-1893-55617,"Apr 3, 2026",10:29:44 PM PDT,,Google fee,,Pro Subscription (Words With Friends Solver),com.deepinkcode.wordswithfriendssolver,Subscription,prosub,e3q,US,WY,82435,USD,-0.37,6.487800,DKK,-2.40,prosub,,4994183596643847628,Yes,15,SUBSCRIPTIONS,,In-app
GPA.3304-9329-3393-42078..10,"Apr 3, 2026",10:34:44 PM PDT,,Charge,,Pro Subscription (Words With Friends Solver),com.deepinkcode.wordswithfriendssolver,Subscription,prosub,,GB,,M26 1AQ,GBP,1.66,8.565300,DKK,14.22,prosub,,4994183596643847628,Yes,,,,
GPA.3304-9329-3393-42078..10,"Apr 3, 2026",10:34:44 PM PDT,,Google fee,,Pro Subscription (Words With Friends Solver),com.deepinkcode.wordswithfriendssolver,Subscription,prosub,,GB,,M26 1AQ,GBP,-0.25,8.565300,DKK,-2.14,prosub,,4994183596643847628,Yes,15,SUBSCRIPTIONS,,
GPA.3329-5351-4084-28743,"Apr 3, 2026",11:59:07 PM PDT,,Charge,,Pro Subscription (WF Solver),com.deepinkcode.wordfeudsolver,Subscription,prosub,OP556FL1,NL,,3206 AB,EUR,1.98,7.472600,DKK,14.80,prosubmonth,,4994183596643847628,Yes,,,,In-app
GPA.3329-5351-4084-28743,"Apr 3, 2026",11:59:07 PM PDT,,Google fee,,Pro Subscription (WF Solver),com.deepinkcode.wordfeudsolver,Subscription,prosub,OP556FL1,NL,,3206 AB,EUR,-0.30,7.472600,DKK,-2.25,prosubmonth,,4994183596643847628,Yes,15,SUBSCRIPTIONS,,In-app
GPA.3379-0352-5158-25972..3,"Apr 4, 2026",2:01:10 AM PDT,,Charge,,Pro Subscription (WF Solver),com.deepinkcode.wordfeudsolver,Subscription,prosub,,SE,,24134,SEK,22.40,0.684190,DKK,15.33,prosubmonth,,4994183596643847628,Yes,,,,
GPA.3379-0352-5158-25972..3,"Apr 4, 2026",2:01:10 AM PDT,,Google fee,,Pro Subscription (WF Solver),com.deepinkcode.wordfeudsolver,Subscription,prosub,,SE,,24134,SEK,-3.36,0.684190,DKK,-2.30,prosubmonth,,4994183596643847628,Yes,15,SUBSCRIPTIONS,,
GPA.3365-3953-2154-01536,"Apr 4, 2026",2:01:50 AM PDT,,Charge,,Pro Subscription (WF Solver),com.deepinkcode.wordfeudsolver,Subscription,prosub,pa2q,SE,,24132,SEK,22.40,0.684190,DKK,15.33,prosubmonth,,4994183596643847628,Yes,,,,In-app
GPA.3365-3953-2154-01536,"Apr 4, 2026",2:01:50 AM PDT,,Google fee,,Pro Subscription (WF Solver),com.deepinkcode.wordfeudsolver,Subscription,prosub,pa2q,SE,,24132,SEK,-3.36,0.684190,DKK,-2.30,prosubmonth,,4994183596643847628,Yes,15,SUBSCRIPTIONS,,In-app
GPA.3389-3790-5456-93866..0,"Apr 4, 2026",2:07:24 AM PDT,,Charge,,Pro Subscription (WF Solver),com.deepinkcode.wordfeudsolver,Subscription,prosub,,GB,,HG3 2TP,GBP,1.74,8.565300,DKK,14.90,prosubmonth,,4994183596643847628,Yes,,,,
GPA.3389-3790-5456-93866..0,"Apr 4, 2026",2:07:24 AM PDT,,Google fee,,Pro Subscription (WF Solver),com.deepinkcode.wordfeudsolver,Subscription,prosub,,GB,,HG3 2TP,GBP,-0.26,8.565300,DKK,-2.22,prosubmonth,,4994183596643847628,Yes,15,SUBSCRIPTIONS,,
GPA.3305-0981-8475-04645,"Apr 4, 2026",3:48:08 AM PDT,,Charge refund,Full,Pro Subscription (WF Solver),com.deepinkcode.wordfeudsolver,Subscription,prosub,a52sxq,NL,,2611BZ,EUR,-1.98,7.472400,DKK,-14.80,prosubmonth,,4994183596643847628,Yes,,,,In-app
GPA.3305-0981-8475-04645,"Apr 4, 2026",3:48:08 AM PDT,,Google fee refund,Full,Pro Subscription (WF Solver),com.deepinkcode.wordfeudsolver,Subscription,prosub,a52sxq,NL,,2611BZ,EUR,0.30,7.472400,DKK,2.25,prosubmonth,,4994183596643847628,Yes,15,SUBSCRIPTIONS,,In-app
GPA.3388-4040-9061-11814..3,"Apr 4, 2026",4:09:54 AM PDT,,Charge,,Pro Subscription (WF Solver),com.deepinkcode.wordfeudsolver,Subscription,prosub,,SE,,713 33,SEK,22.40,0.684190,DKK,15.33,prosubmonth,,4994183596643847628,Yes,,,,
GPA.3388-4040-9061-11814..3,"Apr 4, 2026",4:09:54 AM PDT,,Google fee,,Pro Subscription (WF Solver),com.deepinkcode.wordfeudsolver,Subscription,prosub,,SE,,713 33,SEK,-3.36,0.684190,DKK,-2.30,prosubmonth,,4994183596643847628,Yes,15,SUBSCRIPTIONS,,
GPA.3328-7525-0225-20940..13,"Apr 4, 2026",4:24:15 AM PDT,,Charge,,Pro Subscription (WF Solver),com.deepinkcode.wordfeudsolver,Subscription,prosub,,NO,,2345,NOK,24.00,0.664040,DKK,15.94,prosubmonth,,4994183596643847628,Yes,,,,
GPA.3328-7525-0225-20940..13,"Apr 4, 2026",4:24:15 AM PDT,,Google fee,,Pro Subscription (WF Solver),com.deepinkcode.wordfeudsolver,Subscription,prosub,,NO,,2345,NOK,-3.60,0.664040,DKK,-2.39,prosubmonth,,4994183596643847628,Yes,15,SUBSCRIPTIONS,,
GPA.3308-5562-3356-20165..3,"Apr 4, 2026",4:56:29 AM PDT,,Charge,,Pro Subscription (WF Solver),com.deepinkcode.wordfeudsolver,Subscription,prosub,,NO,,3735,NOK,24.00,0.664040,DKK,15.94,prosubmonth,,4994183596643847628,Yes,,,,
GPA.3308-5562-3356-20165..3,"Apr 4, 2026",4:56:29 AM PDT,,Google fee,,Pro Subscription (WF Solver),com.deepinkcode.wordfeudsolver,Subscription,prosub,,NO,,3735,NOK,-3.60,0.664040,DKK,-2.39,prosubmonth,,4994183596643847628,Yes,15,SUBSCRIPTIONS,,
GPA.3364-5075-2841-93878,"Apr 4, 2026",5:11:46 AM PDT,,Charge,,Pro Subscription (Words With Friends Solver),com.deepinkcode.wordswithfriendssolver,Subscription,prosub,komodo,CA,QC,G7J 1T2,CAD,3.19,4.652200,DKK,14.84,prosub,,4994183596643847628,Yes,,,,In-app
GPA.3364-5075-2841-93878,"Apr 4, 2026",5:11:46 AM PDT,,Google fee,,Pro Subscription (Words With Friends Solver),com.deepinkcode.wordswithfriendssolver,Subscription,prosub,komodo,CA,QC,G7J 1T2,CAD,-0.48,4.652200,DKK,-2.23,prosub,,4994183596643847628,Yes,15,SUBSCRIPTIONS,,In-app
GPA.3334-6664-1699-72234,"Apr 4, 2026",5:20:55 AM PDT,,Charge,,Pro Subscription (WF Solver),com.deepinkcode.wordfeudsolver,Subscription,prosub,a52sxq,NL,,2611BZ,EUR,1.98,7.472600,DKK,14.80,prosubmonth,,4994183596643847628,Yes,,,,In-app
GPA.3334-6664-1699-72234,"Apr 4, 2026",5:20:55 AM PDT,,Google fee,,Pro Subscription (WF Solver),com.deepinkcode.wordfeudsolver,Subscription,prosub,a52sxq,NL,,2611BZ,EUR,-0.30,7.472600,DKK,-2.25,prosubmonth,,4994183596643847628,Yes,15,SUBSCRIPTIONS,,In-app
GPA.3349-0690-8301-45417,"Apr 4, 2026",7:26:55 AM PDT,,Charge,,Pro Subscription (WF Solver),com.deepinkcode.wordfeudsolver,Subscription,prosub,HNPTPX,SA,,31952,SAR,8.69,1.727900,DKK,15.02,prosubmonth,,4994183596643847628,Yes,,,,In-app
GPA.3349-0690-8301-45417,"Apr 4, 2026",7:26:55 AM PDT,,Google fee,,Pro Subscription (WF Solver),com.deepinkcode.wordfeudsolver,Subscription,prosub,HNPTPX,SA,,31952,SAR,-1.30,1.727900,DKK,-2.25,prosubmonth,,4994183596643847628,Yes,15,SUBSCRIPTIONS,,In-app
GPA.3396-0892-2974-07800,"Apr 4, 2026",7:42:48 AM PDT,,Charge,,Pro Subscription (Words With Friends Solver),com.deepinkcode.wordswithfriendssolver,Subscription,prosub,pa3q,AU,,6530,AUD,3.63,4.473100,DKK,16.24,prosub,,4994183596643847628,Yes,,,,In-app
GPA.3396-0892-2974-07800,"Apr 4, 2026",7:42:48 AM PDT,,Google fee,,Pro Subscription (Words With Friends Solver),com.deepinkcode.wordswithfriendssolver,Subscription,prosub,pa3q,AU,,6530,AUD,-0.54,4.473100,DKK,-2.42,prosub,,4994183596643847628,Yes,15,SUBSCRIPTIONS,,In-app
GPA.3301-3583-1220-29948..12,"Apr 4, 2026",8:09:46 AM PDT,,Charge,,Pro Subscription (WF Solver),com.deepinkcode.wordfeudsolver,Subscription,prosub,,NL,,3437NM,EUR,1.98,7.472600,DKK,14.80,prosubmonth,,4994183596643847628,Yes,,,,
GPA.3301-3583-1220-29948..12,"Apr 4, 2026",8:09:46 AM PDT,,Google fee,,Pro Subscription (WF Solver),com.deepinkcode.wordfeudsolver,Subscription,prosub,,NL,,3437NM,EUR,-0.30,7.472600,DKK,-2.25,prosubmonth,,4994183596643847628,Yes,15,SUBSCRIPTIONS,,
GPA.3380-9574-4126-06868..4,"Apr 4, 2026",8:27:09 AM PDT,,Charge,,Pro Subscription (WF Solver),com.deepinkcode.wordfeudsolver,Subscription,prosub,,DK,,5000,DKK,15.20,1.000000,DKK,15.20,prosubmonth,,4994183596643847628,Yes,,,,
GPA.3380-9574-4126-06868..4,"Apr 4, 2026",8:27:09 AM PDT,,Google fee,,Pro Subscription (WF Solver),com.deepinkcode.wordfeudsolver,Subscription,prosub,,DK,,5000,DKK,-2.28,1.000000,DKK,-2.28,prosubmonth,,4994183596643847628,Yes,15,SUBSCRIPTIONS,,
GPA.3330-5943-3185-81053..12,"Apr 4, 2026",9:56:17 AM PDT,,Charge,,Pro Subscription (WF Solver),com.deepinkcode.wordfeudsolver,Subscription,prosub,,US,MO,63112,USD,1.99,6.487800,DKK,12.91,prosubmonth,,4994183596643847628,Yes,,,,
GPA.3330-5943-3185-81053..12,"Apr 4, 2026",9:56:17 AM PDT,,Google fee,,Pro Subscription (WF Solver),com.deepinkcode.wordfeudsolver,Subscription,prosub,,US,MO,63112,USD,-0.30,6.487800,DKK,-1.95,prosubmonth,,4994183596643847628,Yes,15,SUBSCRIPTIONS,,
GPA.3375-2343-7850-70980..0,"Apr 4, 2026",9:57:54 AM PDT,,Charge,,Pro Subscription (Words With Friends Solver),com.deepinkcode.wordswithfriendssolver,Subscription,prosub,,US,NC,28469,USD,2.49,6.487800,DKK,16.15,prosub,,4994183596643847628,Yes,,,,
GPA.3375-2343-7850-70980..0,"Apr 4, 2026",9:57:54 AM PDT,,Google fee,,Pro Subscription (Words With Friends Solver),com.deepinkcode.wordswithfriendssolver,Subscription,prosub,,US,NC,28469,USD,-0.37,6.487800,DKK,-2.40,prosub,,4994183596643847628,Yes,15,SUBSCRIPTIONS,,
GPA.3344-7794-5758-28839..3,"Apr 4, 2026",10:28:36 AM PDT,,Charge,,Pro Subscription (WF Solver),com.deepinkcode.wordfeudsolver,Subscription,prosub,,SE,,41833,SEK,22.40,0.684190,DKK,15.33,prosubmonth,,4994183596643847628,Yes,,,,
GPA.3344-7794-5758-28839..3,"Apr 4, 2026",10:28:36 AM PDT,,Google fee,,Pro Subscription (WF Solver),com.deepinkcode.wordfeudsolver,Subscription,prosub,,SE,,41833,SEK,-3.36,0.684190,DKK,-2.30,prosubmonth,,4994183596643847628,Yes,15,SUBSCRIPTIONS,,
GPA.3336-5543-7072-30829..8,"Apr 4, 2026",12:06:29 PM PDT,,Charge,,Pro Subscription (WF Solver),com.deepinkcode.wordfeudsolver,Subscription,prosub,,SE,,42353,SEK,23.20,0.684190,DKK,15.87,prosubmonth,,4994183596643847628,Yes,,,,
GPA.3336-5543-7072-30829..8,"Apr 4, 2026",12:06:29 PM PDT,,Google fee,,Pro Subscription (WF Solver),com.deepinkcode.wordfeudsolver,Subscription,prosub,,SE,,42353,SEK,-3.48,0.684190,DKK,-2.38,prosubmonth,,4994183596643847628,Yes,15,SUBSCRIPTIONS,,
GPA.3356-9638-0900-53841..13,"Apr 4, 2026",12:21:16 PM PDT,,Charge,,Pro Subscription (WF Solver),com.deepinkcode.wordfeudsolver,Subscription,prosub,,US,CT,06385,USD,1.99,6.487800,DKK,12.91,prosubmonth,,4994183596643847628,Yes,,,,
GPA.3356-9638-0900-53841..13,"Apr 4, 2026",12:21:16 PM PDT,,Google fee,,Pro Subscription (WF Solver),com.deepinkcode.wordfeudsolver,Subscription,prosub,,US,CT,06385,USD,-0.30,6.487800,DKK,-1.95,prosubmonth,,4994183596643847628,Yes,15,SUBSCRIPTIONS,,
GPA.3361-5742-3361-86530,"Apr 4, 2026",12:26:55 PM PDT,,Charge,,Pro Subscription (WF Solver),com.deepinkcode.wordfeudsolver,Subscription,prosub,pa3q,SE,,763 91,SEK,22.40,0.684190,DKK,15.33,prosubmonth,,4994183596643847628,Yes,,,,In-app
GPA.3361-5742-3361-86530,"Apr 4, 2026",12:26:55 PM PDT,,Google fee,,Pro Subscription (WF Solver),com.deepinkcode.wordfeudsolver,Subscription,prosub,pa3q,SE,,763 91,SEK,-3.36,0.684190,DKK,-2.30,prosubmonth,,4994183596643847628,Yes,15,SUBSCRIPTIONS,,In-app
GPA.3380-3172-2641-11630..0,"Apr 4, 2026",1:25:04 PM PDT,,Charge,,Pro Subscription (Words With Friends Solver),com.deepinkcode.wordswithfriendssolver,Subscription,prosub,,US,HI,96746,USD,2.49,6.487800,DKK,16.15,prosub,,4994183596643847628,Yes,,,,
GPA.3380-3172-2641-11630..0,"Apr 4, 2026",1:25:04 PM PDT,,Google fee,,Pro Subscription (Words With Friends Solver),com.deepinkcode.wordswithfriendssolver,Subscription,prosub,,US,HI,96746,USD,-0.37,6.487800,DKK,-2.40,prosub,,4994183596643847628,Yes,15,SUBSCRIPTIONS,,
GPA.3390-0003-5635-89051,"Apr 4, 2026",1:42:10 PM PDT,,Charge,,Pro Subscription (WF Solver),com.deepinkcode.wordfeudsolver,Subscription,prosub,g0q,NG,LAGOS,100322,NGN,3618.60,0.004698,DKK,17.00,prosubmonth,,4994183596643847628,Yes,,,,In-app
GPA.3390-0003-5635-89051,"Apr 4, 2026",1:42:10 PM PDT,,Google fee,,Pro Subscription (WF Solver),com.deepinkcode.wordfeudsolver,Subscription,prosub,g0q,NG,LAGOS,100322,NGN,-542.79,0.004698,DKK,-2.55,prosubmonth,,4994183596643847628,Yes,15,SUBSCRIPTIONS,,In-app
GPA.3351-5053-8380-57219..1,"Apr 4, 2026",2:07:27 PM PDT,,Charge,,Pro Subscription (WF Solver),com.deepinkcode.wordfeudsolver,Subscription,prosub,,NL,,8016 MZ,EUR,1.98,7.472600,DKK,14.80,prosubmonth,,4994183596643847628,Yes,,,,
GPA.3351-5053-8380-57219..1,"Apr 4, 2026",2:07:27 PM PDT,,Google fee,,Pro Subscription (WF Solver),com.deepinkcode.wordfeudsolver,Subscription,prosub,,NL,,8016 MZ,EUR,-0.30,7.472600,DKK,-2.25,prosubmonth,,4994183596643847628,Yes,15,SUBSCRIPTIONS,,
GPA.3319-3064-1329-96888..0,"Apr 4, 2026",4:02:57 PM PDT,,Charge,,Pro Subscription (Words With Friends Solver),com.deepinkcode.wordswithfriendssolver,Subscription,prosub,,US,VA,22315,USD,2.49,6.487800,DKK,16.15,prosub,,4994183596643847628,Yes,,,,
GPA.3319-3064-1329-96888..0,"Apr 4, 2026",4:02:57 PM PDT,,Google fee,,Pro Subscription (Words With Friends Solver),com.deepinkcode.wordswithfriendssolver,Subscription,prosub,,US,VA,22315,USD,-0.37,6.487800,DKK,-2.40,prosub,,4994183596643847628,Yes,15,SUBSCRIPTIONS,,
GPA.3353-3097-6282-31788,"Apr 4, 2026",5:00:30 PM PDT,,Charge,,Pro Subscription (Scrabble GO Cheat),com.deepinkcode.scrabblegocheat,Subscription,prosub,q4q,SN,,,XOF,1356,0.011392,DKK,15.45,prosubmonth,,4994183596643847628,Yes,,,,In-app
GPA.3353-3097-6282-31788,"Apr 4, 2026",5:00:30 PM PDT,,Google fee,,Pro Subscription (Scrabble GO Cheat),com.deepinkcode.scrabblegocheat,Subscription,prosub,q4q,SN,,,XOF,-203,0.011392,DKK,-2.31,prosubmonth,,4994183596643847628,Yes,15,SUBSCRIPTIONS,,In-app
GPA.3354-0217-9258-97750..11,"Apr 4, 2026",6:46:54 PM PDT,,Charge,,Pro Subscription (WF Solver),com.deepinkcode.wordfeudsolver,Subscription,prosub,,US,DE,19701,USD,1.99,6.487800,DKK,12.91,prosubmonth,,4994183596643847628,Yes,,,,
GPA.3354-0217-9258-97750..11,"Apr 4, 2026",6:46:54 PM PDT,,Google fee,,Pro Subscription (WF Solver),com.deepinkcode.wordfeudsolver,Subscription,prosub,,US,DE,19701,USD,-0.30,6.487800,DKK,-1.95,prosubmonth,,4994183596643847628,Yes,15,SUBSCRIPTIONS,,
GPA.3398-2420-5380-82267,"Apr 4, 2026",7:22:13 PM PDT,,Charge,,Pro Subscription (Words With Friends Solver),com.deepinkcode.wordswithfriendssolver,Subscription,prosub,o1s,GB,,CH2 3LJ,GBP,1.74,8.565300,DKK,14.90,prosub,,4994183596643847628,Yes,,,,In-app
GPA.3398-2420-5380-82267,"Apr 4, 2026",7:22:13 PM PDT,,Google fee,,Pro Subscription (Words With Friends Solver),com.deepinkcode.wordswithfriendssolver,Subscription,prosub,o1s,GB,,CH2 3LJ,GBP,-0.26,8.565300,DKK,-2.22,prosub,,4994183596643847628,Yes,15,SUBSCRIPTIONS,,In-app
GPA.3360-7004-1862-76019..12,"Apr 4, 2026",7:39:54 PM PDT,,Charge,,Pro Subscription (Words With Friends Solver),com.deepinkcode.wordswithfriendssolver,Subscription,prosub,,US,FL,33066,USD,1.99,6.487800,DKK,12.91,prosub,,4994183596643847628,Yes,,,,
GPA.3360-7004-1862-76019..12,"Apr 4, 2026",7:39:54 PM PDT,,Google fee,,Pro Subscription (Words With Friends Solver),com.deepinkcode.wordswithfriendssolver,Subscription,prosub,,US,FL,33066,USD,-0.30,6.487800,DKK,-1.95,prosub,,4994183596643847628,Yes,15,SUBSCRIPTIONS,,
GPA.3330-0763-5599-74481..6,"Apr 4, 2026",9:31:05 PM PDT,,Charge,,Pro Subscription (WF Solver),com.deepinkcode.wordfeudsolver,Subscription,prosub,,DK,,9500,DKK,15.20,1.000000,DKK,15.20,prosubmonth,,4994183596643847628,Yes,,,,
GPA.3330-0763-5599-74481..6,"Apr 4, 2026",9:31:05 PM PDT,,Google fee,,Pro Subscription (WF Solver),com.deepinkcode.wordfeudsolver,Subscription,prosub,,DK,,9500,DKK,-2.28,1.000000,DKK,-2.28,prosubmonth,,4994183596643847628,Yes,15,SUBSCRIPTIONS,,
GPA.3349-4497-3706-72273..0,"Apr 4, 2026",11:19:30 PM PDT,,Charge,,Pro Subscription (WF Solver),com.deepinkcode.wordfeudsolver,Subscription,prosub,,NL,,2841TP,EUR,1.98,7.472600,DKK,14.80,prosubmonth,,4994183596643847628,Yes,,,,
GPA.3349-4497-3706-72273..0,"Apr 4, 2026",11:19:30 PM PDT,,Google fee,,Pro Subscription (WF Solver),com.deepinkcode.wordfeudsolver,Subscription,prosub,,NL,,2841TP,EUR,-0.30,7.472600,DKK,-2.25,prosubmonth,,4994183596643847628,Yes,15,SUBSCRIPTIONS,,
GPA.3321-5433-2474-01277..7,"Apr 4, 2026",11:41:17 PM PDT,,Charge,,Pro Subscription (WF Solver),com.deepinkcode.wordfeudsolver,Subscription,prosub,,NL,,5702 SR,EUR,1.98,7.472600,DKK,14.80,prosubmonth,,4994183596643847628,Yes,,,,
GPA.3321-5433-2474-01277..7,"Apr 4, 2026",11:41:17 PM PDT,,Google fee,,Pro Subscription (WF Solver),com.deepinkcode.wordfeudsolver,Subscription,prosub,,NL,,5702 SR,EUR,-0.30,7.472600,DKK,-2.25,prosubmonth,,4994183596643847628,Yes,15,SUBSCRIPTIONS,,
GPA.3363-4002-0604-46397..2,"Apr 5, 2026",12:12:51 AM PDT,,Charge,,Pro Subscription (WF Solver),com.deepinkcode.wordfeudsolver,Subscription,prosub,,US,TX,77520,USD,2.49,6.487800,DKK,16.15,prosubmonth,,4994183596643847628,Yes,,,,
GPA.3363-4002-0604-46397..2,"Apr 5, 2026",12:12:51 AM PDT,,Google fee,,Pro Subscription (WF Solver),com.deepinkcode.wordfeudsolver,Subscription,prosub,,US,TX,77520,USD,-0.37,6.487800,DKK,-2.40,prosubmonth,,4994183596643847628,Yes,15,SUBSCRIPTIONS,,
GPA.3337-5844-5685-06238..7,"Apr 5, 2026",12:13:42 AM PDT,,Charge,,Pro Subscription (WF Solver),com.deepinkcode.wordfeudsolver,Subscription,prosub,,SE,,171 73,SEK,22.40,0.684190,DKK,15.33,prosubmonth,,4994183596643847628,Yes,,,,
GPA.3337-5844-5685-06238..7,"Apr 5, 2026",12:13:42 AM PDT,,Google fee,,Pro Subscription (WF Solver),com.deepinkcode.wordfeudsolver,Subscription,prosub,,SE,,171 73,SEK,-3.36,0.684190,DKK,-2.30,prosubmonth,,4994183596643847628,Yes,15,SUBSCRIPTIONS,,
GPA.3355-4311-7210-93177..1,"Apr 5, 2026",12:51:26 AM PDT,,Charge,,Pro Subscription (WF Solver),com.deepinkcode.wordfeudsolver,Subscription,prosub,,DK,,5700,DKK,15.20,1.000000,DKK,15.20,prosubmonth,,4994183596643847628,Yes,,,,
GPA.3355-4311-7210-93177..1,"Apr 5, 2026",12:51:26 AM PDT,,Google fee,,Pro Subscription (WF Solver),com.deepinkcode.wordfeudsolver,Subscription,prosub,,DK,,5700,DKK,-2.28,1.000000,DKK,-2.28,prosubmonth,,4994183596643847628,Yes,15,SUBSCRIPTIONS,,
GPA.3383-7237-8454-09808..7,"Apr 5, 2026",1:34:27 AM PDT,,Charge,,Pro Subscription (WF Solver),com.deepinkcode.wordfeudsolver,Subscription,prosub,,DK,,8361,DKK,15.20,1.000000,DKK,15.20,prosubmonth,,4994183596643847628,Yes,,,,
GPA.3383-7237-8454-09808..7,"Apr 5, 2026",1:34:27 AM PDT,,Google fee,,Pro Subscription (WF Solver),com.deepinkcode.wordfeudsolver,Subscription,prosub,,DK,,8361,DKK,-2.28,1.000000,DKK,-2.28,prosubmonth,,4994183596643847628,Yes,15,SUBSCRIPTIONS,,
GPA.3333-6315-2696-39747..10,"Apr 5, 2026",2:14:25 AM PDT,,Charge,,Pro Subscription (WF Solver),com.deepinkcode.wordfeudsolver,Subscription,prosub,,NL,,5912 KJ,EUR,1.98,7.472600,DKK,14.80,prosubmonth,,4994183596643847628,Yes,,,,
GPA.3333-6315-2696-39747..10,"Apr 5, 2026",2:14:25 AM PDT,,Google fee,,Pro Subscription (WF Solver),com.deepinkcode.wordfeudsolver,Subscription,prosub,,NL,,5912 KJ,EUR,-0.30,7.472600,DKK,-2.25,prosubmonth,,4994183596643847628,Yes,15,SUBSCRIPTIONS,,
GPA.3364-6526-8368-40220..13,"Apr 5, 2026",2:39:46 AM PDT,,Charge,,Pro Subscription (WF Solver),com.deepinkcode.wordfeudsolver,Subscription,prosub,,DK,,4180,DKK,15.20,1.000000,DKK,15.20,prosubmonth,,4994183596643847628,Yes,,,,
GPA.3364-6526-8368-40220..13,"Apr 5, 2026",2:39:46 AM PDT,,Google fee,,Pro Subscription (WF Solver),com.deepinkcode.wordfeudsolver,Subscription,prosub,,DK,,4180,DKK,-2.28,1.000000,DKK,-2.28,prosubmonth,,4994183596643847628,Yes,15,SUBSCRIPTIONS,,
GPA.3340-6680-4993-74868..5,"Apr 5, 2026",6:09:09 AM PDT,,Charge,,Pro Subscription (Words With Friends Solver),com.deepinkcode.wordswithfriendssolver,Subscription,prosub,,US,FL,32712,USD,2.49,6.487800,DKK,16.15,prosub,,4994183596643847628,Yes,,,,
GPA.3340-6680-4993-74868..5,"Apr 5, 2026",6:09:09 AM PDT,,Google fee,,Pro Subscription (Words With Friends Solver),com.deepinkcode.wordswithfriendssolver,Subscription,prosub,,US,FL,32712,USD,-0.37,6.487800,DKK,-2.40,prosub,,4994183596643847628,Yes,15,SUBSCRIPTIONS,,
GPA.3379-9951-4367-01461..1,"Apr 5, 2026",6:29:22 AM PDT,,Charge,,Pro Subscription (WF Solver),com.deepinkcode.wordfeudsolver,Subscription,prosub,,US,WI,54304,USD,2.49,6.487800,DKK,16.15,prosubmonth,,4994183596643847628,Yes,,,,
GPA.3379-9951-4367-01461..1,"Apr 5, 2026",6:29:22 AM PDT,,Google fee,,Pro Subscription (WF Solver),com.deepinkcode.wordfeudsolver,Subscription,prosub,,US,WI,54304,USD,-0.37,6.487800,DKK,-2.40,prosubmonth,,4994183596643847628,Yes,15,SUBSCRIPTIONS,,
GPA.3372-9941-6294-63671,"Apr 5, 2026",7:08:31 AM PDT,,Charge,,Pro Subscription (WF Solver),com.deepinkcode.wordfeudsolver,Subscription,prosub,a55x,NL,,2681VH,EUR,1.98,7.472600,DKK,14.80,prosubmonth,,4994183596643847628,Yes,,,,In-app
GPA.3372-9941-6294-63671,"Apr 5, 2026",7:08:31 AM PDT,,Google fee,,Pro Subscription (WF Solver),com.deepinkcode.wordfeudsolver,Subscription,prosub,a55x,NL,,2681VH,EUR,-0.30,7.472600,DKK,-2.25,prosubmonth,,4994183596643847628,Yes,15,SUBSCRIPTIONS,,In-app
GPA.3333-4135-2208-28481,"Apr 5, 2026",9:02:10 AM PDT,,Charge,,Pro Subscription (WF Solver),com.deepinkcode.wordfeudsolver,Subscription,prosub,tokay,NL,,3131 VZ,EUR,1.98,7.472600,DKK,14.80,prosubmonth,,4994183596643847628,Yes,,,,In-app
GPA.3333-4135-2208-28481,"Apr 5, 2026",9:02:10 AM PDT,,Google fee,,Pro Subscription (WF Solver),com.deepinkcode.wordfeudsolver,Subscription,prosub,tokay,NL,,3131 VZ,EUR,-0.30,7.472600,DKK,-2.25,prosubmonth,,4994183596643847628,Yes,15,SUBSCRIPTIONS,,In-app
GPA.3344-7891-8095-67755,"Apr 5, 2026",9:27:53 AM PDT,,Charge refund,Full,Pro (WF Solver),com.deepinkcode.wordfeudsolver,One-time product,pro,pa3q,NL,,3847LE,EUR,-23.96,7.472600,DKK,-179.04,legacy-base,,4994183596643847628,Yes,,,,In-app
GPA.3344-7891-8095-67755,"Apr 5, 2026",9:27:53 AM PDT,,Google fee refund,Full,Pro (WF Solver),com.deepinkcode.wordfeudsolver,One-time product,pro,pa3q,NL,,3847LE,EUR,3.59,7.472600,DKK,26.82,legacy-base,,4994183596643847628,Yes,15,,,In-app
GPA.3395-5926-8229-67342..2,"Apr 5, 2026",10:00:29 AM PDT,,Charge,,Pro Subscription (Words With Friends Solver),com.deepinkcode.wordswithfriendssolver,Subscription,prosub,,US,CA,92021,USD,2.49,6.487800,DKK,16.15,prosub,,4994183596643847628,Yes,,,,
GPA.3395-5926-8229-67342..2,"Apr 5, 2026",10:00:29 AM PDT,,Google fee,,Pro Subscription (Words With Friends Solver),com.deepinkcode.wordswithfriendssolver,Subscription,prosub,,US,CA,92021,USD,-0.37,6.487800,DKK,-2.40,prosub,,4994183596643847628,Yes,15,SUBSCRIPTIONS,,
GPA.3381-6800-9834-36627..4,"Apr 5, 2026",11:09:07 AM PDT,,Charge,,Pro Subscription (WF Solver),com.deepinkcode.wordfeudsolver,Subscription,prosub,,NG,,,NGN,3618.60,0.004698,DKK,17.00,prosubmonth,,4994183596643847628,Yes,,,,
GPA.3381-6800-9834-36627..4,"Apr 5, 2026",11:09:07 AM PDT,,Google fee,,Pro Subscription (WF Solver),com.deepinkcode.wordfeudsolver,Subscription,prosub,,NG,,,NGN,-542.79,0.004698,DKK,-2.55,prosubmonth,,4994183596643847628,Yes,15,SUBSCRIPTIONS,,
GPA.3383-9433-8469-65145..16,"Apr 5, 2026",11:21:50 AM PDT,,Charge,,Pro Subscription (WF Solver),com.deepinkcode.wordfeudsolver,Subscription,prosub,,SE,,41266,SEK,23.20,0.684190,DKK,15.87,prosubmonth,,4994183596643847628,Yes,,,,
GPA.3383-9433-8469-65145..16,"Apr 5, 2026",11:21:50 AM PDT,,Google fee,,Pro Subscription (WF Solver),com.deepinkcode.wordfeudsolver,Subscription,prosub,,SE,,41266,SEK,-3.48,0.684190,DKK,-2.38,prosubmonth,,4994183596643847628,Yes,15,SUBSCRIPTIONS,,
GPA.3320-3544-0965-39827..6,"Apr 5, 2026",11:55:29 AM PDT,,Charge,,Pro Subscription (WF Solver),com.deepinkcode.wordfeudsolver,Subscription,prosub,,DK,,3140,DKK,15.20,1.000000,DKK,15.20,prosubmonth,,4994183596643847628,Yes,,,,
GPA.3320-3544-0965-39827..6,"Apr 5, 2026",11:55:29 AM PDT,,Google fee,,Pro Subscription (WF Solver),com.deepinkcode.wordfeudsolver,Subscription,prosub,,DK,,3140,DKK,-2.28,1.000000,DKK,-2.28,prosubmonth,,4994183596643847628,Yes,15,SUBSCRIPTIONS,,
GPA.3377-4770-1997-75894,"Apr 5, 2026",12:01:24 PM PDT,,Charge,,Pro Subscription (WF Solver),com.deepinkcode.wordfeudsolver,Subscription,prosub,OP515BL1,DK,,5500,DKK,15.20,1.000000,DKK,15.20,prosubmonth,,4994183596643847628,Yes,,,,In-app
GPA.3377-4770-1997-75894,"Apr 5, 2026",12:01:24 PM PDT,,Google fee,,Pro Subscription (WF Solver),com.deepinkcode.wordfeudsolver,Subscription,prosub,OP515BL1,DK,,5500,DKK,-2.28,1.000000,DKK,-2.28,prosubmonth,,4994183596643847628,Yes,15,SUBSCRIPTIONS,,In-app
GPA.3326-1474-1830-97333..1,"Apr 5, 2026",12:22:42 PM PDT,,Charge,,Pro Subscription (WF Solver),com.deepinkcode.wordfeudsolver,Subscription,prosub,,DK,,4160,DKK,15.20,1.000000,DKK,15.20,prosubmonth,,4994183596643847628,Yes,,,,
GPA.3326-1474-1830-97333..1,"Apr 5, 2026",12:22:42 PM PDT,,Google fee,,Pro Subscription (WF Solver),com.deepinkcode.wordfeudsolver,Subscription,prosub,,DK,,4160,DKK,-2.28,1.000000,DKK,-2.28,prosubmonth,,4994183596643847628,Yes,15,SUBSCRIPTIONS,,
GPA.3397-8004-6422-67173..4,"Apr 5, 2026",1:16:54 PM PDT,,Charge,,Pro Subscription (Scrabble GO Cheat),com.deepinkcode.scrabblegocheat,Subscription,prosub,,US,MN,55421,USD,2.49,6.489100,DKK,16.16,prosubmonth,,4994183596643847628,Yes,,,,
GPA.3397-8004-6422-67173..4,"Apr 5, 2026",1:16:54 PM PDT,,Google fee,,Pro Subscription (Scrabble GO Cheat),com.deepinkcode.scrabblegocheat,Subscription,prosub,,US,MN,55421,USD,-0.37,6.489100,DKK,-2.40,prosubmonth,,4994183596643847628,Yes,15,SUBSCRIPTIONS,,
GPA.3387-7967-7811-47961,"Apr 5, 2026",2:48:48 PM PDT,,Charge,,Pro Subscription (WF Solver),com.deepinkcode.wordfeudsolver,Subscription,prosub,pa3q,NO,,7067,NOK,24.00,0.663850,DKK,15.93,prosubmonth,,4994183596643847628,Yes,,,,In-app
GPA.3387-7967-7811-47961,"Apr 5, 2026",2:48:48 PM PDT,,Google fee,,Pro Subscription (WF Solver),com.deepinkcode.wordfeudsolver,Subscription,prosub,pa3q,NO,,7067,NOK,-3.60,0.663850,DKK,-2.39,prosubmonth,,4994183596643847628,Yes,15,SUBSCRIPTIONS,,In-app
GPA.3364-7089-7358-42866..2,"Apr 5, 2026",3:07:57 PM PDT,,Charge,,Pro Subscription (WF Solver),com.deepinkcode.wordfeudsolver,Subscription,prosub,,NL,,2033 DD,EUR,1.98,7.472500,DKK,14.80,prosubmonth,,4994183596643847628,Yes,,,,
GPA.3364-7089-7358-42866..2,"Apr 5, 2026",3:07:57 PM PDT,,Google fee,,Pro Subscription (WF Solver),com.deepinkcode.wordfeudsolver,Subscription,prosub,,NL,,2033 DD,EUR,-0.30,7.472500,DKK,-2.25,prosubmonth,,4994183596643847628,Yes,15,SUBSCRIPTIONS,,
GPA.3373-2116-9579-01627..1,"Apr 5, 2026",7:36:12 PM PDT,,Charge,,Pro Subscription (WF Solver),com.deepinkcode.wordfeudsolver,Subscription,prosub,,NO,,1523,NOK,24.00,0.663560,DKK,15.93,prosubmonth,,4994183596643847628,Yes,,,,
GPA.3373-2116-9579-01627..1,"Apr 5, 2026",7:36:12 PM PDT,,Google fee,,Pro Subscription (WF Solver),com.deepinkcode.wordfeudsolver,Subscription,prosub,,NO,,1523,NOK,-3.60,0.663560,DKK,-2.39,prosubmonth,,4994183596643847628,Yes,15,SUBSCRIPTIONS,,
GPA.3306-3268-0671-98919..1,"Apr 5, 2026",9:14:05 PM PDT,,Charge,,Pro Subscription (WF Solver),com.deepinkcode.wordfeudsolver,Subscription,prosub,,SE,,81470,SEK,22.40,0.685300,DKK,15.35,prosubmonth,,4994183596643847628,Yes,,,,
GPA.3306-3268-0671-98919..1,"Apr 5, 2026",9:14:05 PM PDT,,Google fee,,Pro Subscription (WF Solver),com.deepinkcode.wordfeudsolver,Subscription,prosub,,SE,,81470,SEK,-3.36,0.685300,DKK,-2.30,prosubmonth,,4994183596643847628,Yes,15,SUBSCRIPTIONS,,
GPA.3375-9752-4240-80817..0,"Apr 5, 2026",11:07:26 PM PDT,,Charge,,Pro Subscription (Words With Friends Solver),com.deepinkcode.wordswithfriendssolver,Subscription,prosub,,US,MS,39452,USD,2.49,6.484800,DKK,16.15,prosub,,4994183596643847628,Yes,,,,
GPA.3375-9752-4240-80817..0,"Apr 5, 2026",11:07:26 PM PDT,,Google fee,,Pro Subscription (Words With Friends Solver),com.deepinkcode.wordswithfriendssolver,Subscription,prosub,,US,MS,39452,USD,-0.37,6.484800,DKK,-2.40,prosub,,4994183596643847628,Yes,15,SUBSCRIPTIONS,,
GPA.3336-4589-1314-98831..2,"Apr 6, 2026",12:26:43 AM PDT,,Charge,,Pro Subscription (WF Solver),com.deepinkcode.wordfeudsolver,Subscription,prosub,,SE,,21125,SEK,22.40,0.685770,DKK,15.36,prosubmonth,,4994183596643847628,Yes,,,,
GPA.3336-4589-1314-98831..2,"Apr 6, 2026",12:26:43 AM PDT,,Google fee,,Pro Subscription (WF Solver),com.deepinkcode.wordfeudsolver,Subscription,prosub,,SE,,21125,SEK,-3.36,0.685770,DKK,-2.30,prosubmonth,,4994183596643847628,Yes,15,SUBSCRIPTIONS,,
GPA.3394-3456-8767-34681..1,"Apr 6, 2026",12:38:26 AM PDT,,Charge,,Pro Subscription (WF Solver),com.deepinkcode.wordfeudsolver,Subscription,prosub,,NL,,2411 Te,EUR,1.98,7.472500,DKK,14.80,prosubmonth,,4994183596643847628,Yes,,,,
GPA.3394-3456-8767-34681..1,"Apr 6, 2026",12:38:26 AM PDT,,Google fee,,Pro Subscription (WF Solver),com.deepinkcode.wordfeudsolver,Subscription,prosub,,NL,,2411 Te,EUR,-0.30,7.472500,DKK,-2.25,prosubmonth,,4994183596643847628,Yes,15,SUBSCRIPTIONS,,
GPA.3324-5556-6854-44276,"Apr 6, 2026",2:16:10 AM PDT,,Charge,,Pro Subscription (WF Solver),com.deepinkcode.wordfeudsolver,Subscription,prosub,caiman,DK,,9210,DKK,15.20,1.000000,DKK,15.20,prosubmonth,,4994183596643847628,Yes,,,,In-app
GPA.3324-5556-6854-44276,"Apr 6, 2026",2:16:10 AM PDT,,Google fee,,Pro Subscription (WF Solver),com.deepinkcode.wordfeudsolver,Subscription,prosub,caiman,DK,,9210,DKK,-2.28,1.000000,DKK,-2.28,prosubmonth,,4994183596643847628,Yes,15,SUBSCRIPTIONS,,In-app
GPA.3310-3678-6981-30334..1,"Apr 6, 2026",4:10:26 AM PDT,,Charge,,Pro Subscription (WF Solver),com.deepinkcode.wordfeudsolver,Subscription,prosub,,SE,,784 44,SEK,22.40,0.686680,DKK,15.38,prosubmonth,,4994183596643847628,Yes,,,,
GPA.3310-3678-6981-30334..1,"Apr 6, 2026",4:10:26 AM PDT,,Google fee,,Pro Subscription (WF Solver),com.deepinkcode.wordfeudsolver,Subscription,prosub,,SE,,784 44,SEK,-3.36,0.686680,DKK,-2.31,prosubmonth,,4994183596643847628,Yes,15,SUBSCRIPTIONS,,
GPA.3353-8436-1084-23395,"Apr 6, 2026",5:00:02 AM PDT,,Charge,,Pro Subscription (WF Solver),com.deepinkcode.wordfeudsolver,Subscription,prosub,OP595DL1,SE,,43279,SEK,22.40,0.687210,DKK,15.39,prosubmonth,,4994183596643847628,Yes,,,,In-app
GPA.3353-8436-1084-23395,"Apr 6, 2026",5:00:02 AM PDT,,Google fee,,Pro Subscription (WF Solver),com.deepinkcode.wordfeudsolver,Subscription,prosub,OP595DL1,SE,,43279,SEK,-3.36,0.687210,DKK,-2.31,prosubmonth,,4994183596643847628,Yes,15,SUBSCRIPTIONS,,In-app
GPA.3327-3681-1720-39668..14,"Apr 6, 2026",5:35:23 AM PDT,,Charge,,Pro Subscription (WF Solver),com.deepinkcode.wordfeudsolver,Subscription,prosub,,NL,,0621ER,EUR,1.98,7.472500,DKK,14.80,prosubmonth,,4994183596643847628,Yes,,,,
GPA.3327-3681-1720-39668..14,"Apr 6, 2026",5:35:23 AM PDT,,Google fee,,Pro Subscription (WF Solver),com.deepinkcode.wordfeudsolver,Subscription,prosub,,NL,,0621ER,EUR,-0.30,7.472500,DKK,-2.25,prosubmonth,,4994183596643847628,Yes,15,SUBSCRIPTIONS,,
GPA.3360-5032-2166-15179..12,"Apr 6, 2026",8:39:12 AM PDT,,Charge,,Pro Subscription (WF Solver),com.deepinkcode.wordfeudsolver,Subscription,prosub,,NL,,4617 NW,EUR,1.98,7.472500,DKK,14.80,prosubmonth,,4994183596643847628,Yes,,,,
GPA.3360-5032-2166-15179..12,"Apr 6, 2026",8:39:12 AM PDT,,Google fee,,Pro Subscription (WF Solver),com.deepinkcode.wordfeudsolver,Subscription,prosub,,NL,,4617 NW,EUR,-0.30,7.472500,DKK,-2.25,prosubmonth,,4994183596643847628,Yes,15,SUBSCRIPTIONS,,
GPA.3348-9058-1636-78320..9,"Apr 6, 2026",11:29:24 AM PDT,,Charge,,Pro Subscription (Words With Friends Solver),com.deepinkcode.wordswithfriendssolver,Subscription,prosub,,US,MI,48192,USD,1.99,6.474600,DKK,12.88,prosub,,4994183596643847628,Yes,,,,
GPA.3348-9058-1636-78320..9,"Apr 6, 2026",11:29:24 AM PDT,,Google fee,,Pro Subscription (Words With Friends Solver),com.deepinkcode.wordswithfriendssolver,Subscription,prosub,,US,MI,48192,USD,-0.30,6.474600,DKK,-1.94,prosub,,4994183596643847628,Yes,15,SUBSCRIPTIONS,,
GPA.3329-9170-4859-68994..2,"Apr 6, 2026",12:02:54 PM PDT,,Charge,,Pro Subscription (WF Solver),com.deepinkcode.wordfeudsolver,Subscription,prosub,,FR,,14420,EUR,1.99,7.472900,DKK,14.87,prosubmonth,,4994183596643847628,Yes,,,,
GPA.3329-9170-4859-68994..2,"Apr 6, 2026",12:02:54 PM PDT,,Google fee,,Pro Subscription (WF Solver),com.deepinkcode.wordfeudsolver,Subscription,prosub,,FR,,14420,EUR,-0.30,7.472900,DKK,-2.24,prosubmonth,,4994183596643847628,Yes,15,SUBSCRIPTIONS,,
GPA.3362-5810-9107-40130..14,"Apr 6, 2026",12:46:57 PM PDT,,Charge,,Pro Subscription (WF Solver),com.deepinkcode.wordfeudsolver,Subscription,prosub,,NL,,1503 JK,EUR,1.98,7.472900,DKK,14.80,prosubmonth,,4994183596643847628,Yes,,,,
GPA.3362-5810-9107-40130..14,"Apr 6, 2026",12:46:57 PM PDT,,Google fee,,Pro Subscription (WF Solver),com.deepinkcode.wordfeudsolver,Subscription,prosub,,NL,,1503 JK,EUR,-0.30,7.472900,DKK,-2.25,prosubmonth,,4994183596643847628,Yes,15,SUBSCRIPTIONS,,
GPA.3341-1475-0733-86116..2,"Apr 6, 2026",12:53:51 PM PDT,,Charge,,Pro Subscription (WF Solver),com.deepinkcode.wordfeudsolver,Subscription,prosub,,NL,,6581 EG,EUR,1.98,7.472900,DKK,14.80,prosubmonth,,4994183596643847628,Yes,,,,
GPA.3341-1475-0733-86116..2,"Apr 6, 2026",12:53:51 PM PDT,,Google fee,,Pro Subscription (WF Solver),com.deepinkcode.wordfeudsolver,Subscription,prosub,,NL,,6581 EG,EUR,-0.30,7.472900,DKK,-2.25,prosubmonth,,4994183596643847628,Yes,15,SUBSCRIPTIONS,,
GPA.3379-0241-1719-19768..6,"Apr 6, 2026",1:32:44 PM PDT,,Charge,,Pro Subscription (Scrabble GO Cheat),com.deepinkcode.scrabblegocheat,Subscription,prosub,,CA,YT,Y1A6N7,CAD,3.19,4.651100,DKK,14.84,prosubmonth,,4994183596643847628,Yes,,,,
GPA.3379-0241-1719-19768..6,"Apr 6, 2026",1:32:44 PM PDT,,Google fee,,Pro Subscription (Scrabble GO Cheat),com.deepinkcode.scrabblegocheat,Subscription,prosub,,CA,YT,Y1A6N7,CAD,-0.48,4.651100,DKK,-2.23,prosubmonth,,4994183596643847628,Yes,15,SUBSCRIPTIONS,,
GPA.3380-9499-7488-81139..14,"Apr 6, 2026",1:33:00 PM PDT,,Charge,,Pro Subscription (WF Solver),com.deepinkcode.wordfeudsolver,Subscription,prosub,,BE,,9940,EUR,1.98,7.472700,DKK,14.80,prosubmonth,,4994183596643847628,Yes,,,,
GPA.3380-9499-7488-81139..14,"Apr 6, 2026",1:33:00 PM PDT,,Google fee,,Pro Subscription (WF Solver),com.deepinkcode.wordfeudsolver,Subscription,prosub,,BE,,9940,EUR,-0.30,7.472700,DKK,-2.25,prosubmonth,,4994183596643847628,Yes,15,SUBSCRIPTIONS,,
GPA.3331-9578-4487-79060..0,"Apr 6, 2026",2:22:21 PM PDT,,Charge,,Pro Subscription (WF Solver),com.deepinkcode.wordfeudsolver,Subscription,prosub,,DK,,5884,DKK,15.20,1.000000,DKK,15.20,prosubmonth,,4994183596643847628,Yes,,,,
GPA.3331-9578-4487-79060..0,"Apr 6, 2026",2:22:21 PM PDT,,Google fee,,Pro Subscription (WF Solver),com.deepinkcode.wordfeudsolver,Subscription,prosub,,DK,,5884,DKK,-2.28,1.000000,DKK,-2.28,prosubmonth,,4994183596643847628,Yes,15,SUBSCRIPTIONS,,
GPA.3396-2996-5159-39948..3,"Apr 6, 2026",3:17:49 PM PDT,,Charge,,Pro Subscription (WF Solver),com.deepinkcode.wordfeudsolver,Subscription,prosub,,DK,,9900,DKK,15.20,1.000000,DKK,15.20,prosubmonth,,4994183596643847628,Yes,,,,
GPA.3396-2996-5159-39948..3,"Apr 6, 2026",3:17:49 PM PDT,,Google fee,,Pro Subscription (WF Solver),com.deepinkcode.wordfeudsolver,Subscription,prosub,,DK,,9900,DKK,-2.28,1.000000,DKK,-2.28,prosubmonth,,4994183596643847628,Yes,15,SUBSCRIPTIONS,,
GPA.3316-5013-6064-82494,"Apr 6, 2026",3:48:28 PM PDT,,Charge,,Pro Subscription (WF Solver),com.deepinkcode.wordfeudsolver,Subscription,prosub,pa1q,NL,,1606AE,EUR,1.98,7.473000,DKK,14.80,prosubmonth,,4994183596643847628,Yes,,,,In-app
GPA.3316-5013-6064-82494,"Apr 6, 2026",3:48:28 PM PDT,,Google fee,,Pro Subscription (WF Solver),com.deepinkcode.wordfeudsolver,Subscription,prosub,pa1q,NL,,1606AE,EUR,-0.30,7.473000,DKK,-2.25,prosubmonth,,4994183596643847628,Yes,15,SUBSCRIPTIONS,,In-app
GPA.3349-7285-1551-73689..8,"Apr 6, 2026",4:02:03 PM PDT,,Charge,,Pro Subscription (WF Solver),com.deepinkcode.wordfeudsolver,Subscription,prosub,,SE,,283 41,SEK,23.20,0.684530,DKK,15.88,prosubmonth,,4994183596643847628,Yes,,,,
GPA.3349-7285-1551-73689..8,"Apr 6, 2026",4:02:03 PM PDT,,Google fee,,Pro Subscription (WF Solver),com.deepinkcode.wordfeudsolver,Subscription,prosub,,SE,,283 41,SEK,-3.48,0.684530,DKK,-2.38,prosubmonth,,4994183596643847628,Yes,15,SUBSCRIPTIONS,,
GPA.3321-6125-2427-86803..3,"Apr 6, 2026",6:39:00 PM PDT,,Charge,,Pro Subscription (Words With Friends Solver),com.deepinkcode.wordswithfriendssolver,Subscription,prosub,,US,NC,27330,USD,2.49,6.475600,DKK,16.12,prosub,,4994183596643847628,Yes,,,,
GPA.3321-6125-2427-86803..3,"Apr 6, 2026",6:39:00 PM PDT,,Google fee,,Pro Subscription (Words With Friends Solver),com.deepinkcode.wordswithfriendssolver,Subscription,prosub,,US,NC,27330,USD,-0.37,6.475600,DKK,-2.40,prosub,,4994183596643847628,Yes,15,SUBSCRIPTIONS,,
GPA.3343-9600-6761-12137,"Apr 6, 2026",8:14:35 PM PDT,,Charge,,Pro Subscription (Words With Friends Solver),com.deepinkcode.wordswithfriendssolver,Subscription,prosub,e3q,US,MO,65624,USD,2.49,6.481400,DKK,16.14,prosub,,4994183596643847628,Yes,,,,In-app
GPA.3343-9600-6761-12137,"Apr 6, 2026",8:14:35 PM PDT,,Google fee,,Pro Subscription (Words With Friends Solver),com.deepinkcode.wordswithfriendssolver,Subscription,prosub,e3q,US,MO,65624,USD,-0.37,6.481400,DKK,-2.40,prosub,,4994183596643847628,Yes,15,SUBSCRIPTIONS,,In-app
GPA.3314-7573-0375-76144..14,"Apr 6, 2026",8:46:02 PM PDT,,Charge,,Pro Subscription (WF Solver),com.deepinkcode.wordfeudsolver,Subscription,prosub,,US,TX,75165,USD,1.99,6.481400,DKK,12.90,prosubmonth,,4994183596643847628,Yes,,,,
GPA.3314-7573-0375-76144..14,"Apr 6, 2026",8:46:02 PM PDT,,Google fee,,Pro Subscription (WF Solver),com.deepinkcode.wordfeudsolver,Subscription,prosub,,US,TX,75165,USD,-0.30,6.481400,DKK,-1.94,prosubmonth,,4994183596643847628,Yes,15,SUBSCRIPTIONS,,
GPA.3326-6230-7440-73671..3,"Apr 6, 2026",9:24:40 PM PDT,,Charge,,Pro Subscription (Scrabble GO Cheat),com.deepinkcode.scrabblegocheat,Subscription,prosub,,US,OR,97756,USD,2.49,6.480800,DKK,16.14,prosubmonth,,4994183596643847628,Yes,,,,
GPA.3326-6230-7440-73671..3,"Apr 6, 2026",9:24:40 PM PDT,,Google fee,,Pro Subscription (Scrabble GO Cheat),com.deepinkcode.scrabblegocheat,Subscription,prosub,,US,OR,97756,USD,-0.37,6.480800,DKK,-2.40,prosubmonth,,4994183596643847628,Yes,15,SUBSCRIPTIONS,,
GPA.3379-0833-0535-59210..1,"Apr 6, 2026",9:33:13 PM PDT,,Charge,,Pro Subscription (Words With Friends Solver),com.deepinkcode.wordswithfriendssolver,Subscription,prosub,,AU,,3041,AUD,3.63,4.477100,DKK,16.25,prosub,,4994183596643847628,Yes,,,,
GPA.3379-0833-0535-59210..1,"Apr 6, 2026",9:33:13 PM PDT,,Google fee,,Pro Subscription (Words With Friends Solver),com.deepinkcode.wordswithfriendssolver,Subscription,prosub,,AU,,3041,AUD,-0.54,4.477100,DKK,-2.42,prosub,,4994183596643847628,Yes,15,SUBSCRIPTIONS,,
GPA.3315-2568-5133-10065..8,"Apr 6, 2026",9:37:43 PM PDT,,Charge,,Pro Subscription (Words With Friends Solver),com.deepinkcode.wordswithfriendssolver,Subscription,prosub,,US,WA,98031,USD,1.99,6.480800,DKK,12.90,prosub,,4994183596643847628,Yes,,,,
GPA.3315-2568-5133-10065..8,"Apr 6, 2026",9:37:43 PM PDT,,Google fee,,Pro Subscription (Words With Friends Solver),com.deepinkcode.wordswithfriendssolver,Subscription,prosub,,US,WA,98031,USD,-0.30,6.480800,DKK,-1.94,prosub,,4994183596643847628,Yes,15,SUBSCRIPTIONS,,
GPA.3366-6394-8507-18037..0,"Apr 6, 2026",10:15:42 PM PDT,,Charge,,Pro Subscription (WF Solver),com.deepinkcode.wordfeudsolver,Subscription,prosub,,NL,,6542MZ,EUR,1.98,7.472900,DKK,14.80,prosubmonth,,4994183596643847628,Yes,,,,
GPA.3366-6394-8507-18037..0,"Apr 6, 2026",10:15:42 PM PDT,,Google fee,,Pro Subscription (WF Solver),com.deepinkcode.wordfeudsolver,Subscription,prosub,,NL,,6542MZ,EUR,-0.30,7.472900,DKK,-2.25,prosubmonth,,4994183596643847628,Yes,15,SUBSCRIPTIONS,,
GPA.3355-1707-6639-32296,"Apr 6, 2026",10:20:51 PM PDT,,Charge,,Pro Subscription (Words With Friends Solver),com.deepinkcode.wordswithfriendssolver,Subscription,prosub,r9q,US,WA,98682,USD,2.49,6.478300,DKK,16.13,prosub,,4994183596643847628,Yes,,,,In-app
GPA.3355-1707-6639-32296,"Apr 6, 2026",10:20:51 PM PDT,,Google fee,,Pro Subscription (Words With Friends Solver),com.deepinkcode.wordswithfriendssolver,Subscription,prosub,r9q,US,WA,98682,USD,-0.37,6.478300,DKK,-2.40,prosub,,4994183596643847628,Yes,15,SUBSCRIPTIONS,,In-app
GPA.3353-3191-1740-44172..14,"Apr 7, 2026",12:13:41 AM PDT,,Charge,,Pro Subscription (WF Solver),com.deepinkcode.wordfeudsolver,Subscription,prosub,,DK,,4571,DKK,15.20,1.000000,DKK,15.20,prosubmonth,,4994183596643847628,Yes,,,,
GPA.3353-3191-1740-44172..14,"Apr 7, 2026",12:13:41 AM PDT,,Google fee,,Pro Subscription (WF Solver),com.deepinkcode.wordfeudsolver,Subscription,prosub,,DK,,4571,DKK,-2.28,1.000000,DKK,-2.28,prosubmonth,,4994183596643847628,Yes,15,SUBSCRIPTIONS,,
GPA.3341-0827-3386-14474..8,"Apr 7, 2026",12:51:17 AM PDT,,Charge,,Pro Subscription (WF Solver),com.deepinkcode.wordfeudsolver,Subscription,prosub,,NL,,6971 XT,EUR,1.98,7.472900,DKK,14.80,prosubmonth,,4994183596643847628,Yes,,,,
GPA.3341-0827-3386-14474..8,"Apr 7, 2026",12:51:17 AM PDT,,Google fee,,Pro Subscription (WF Solver),com.deepinkcode.wordfeudsolver,Subscription,prosub,,NL,,6971 XT,EUR,-0.30,7.472900,DKK,-2.25,prosubmonth,,4994183596643847628,Yes,15,SUBSCRIPTIONS,,
GPA.3318-3950-6748-37793..0,"Apr 7, 2026",1:24:13 AM PDT,,Charge,,Pro Subscription (Words With Friends Solver),com.deepinkcode.wordswithfriendssolver,Subscription,prosub,,US,FL,34606,USD,2.49,6.473000,DKK,16.12,prosub,,4994183596643847628,Yes,,,,
GPA.3318-3950-6748-37793..0,"Apr 7, 2026",1:24:13 AM PDT,,Google fee,,Pro Subscription (Words With Friends Solver),com.deepinkcode.wordswithfriendssolver,Subscription,prosub,,US,FL,34606,USD,-0.37,6.473000,DKK,-2.39,prosub,,4994183596643847628,Yes,15,SUBSCRIPTIONS,,
GPA.3311-1377-1830-68317..0,"Apr 7, 2026",1:57:47 AM PDT,,Charge,,Pro Subscription (Scrabble GO Cheat),com.deepinkcode.scrabblegocheat,Subscription,prosub,,FR,,54610,EUR,1.99,7.472800,DKK,14.87,prosubmonth,,4994183596643847628,Yes,,,,
GPA.3311-1377-1830-68317..0,"Apr 7, 2026",1:57:47 AM PDT,,Google fee,,Pro Subscription (Scrabble GO Cheat),com.deepinkcode.scrabblegocheat,Subscription,prosub,,FR,,54610,EUR,-0.30,7.472800,DKK,-2.24,prosubmonth,,4994183596643847628,Yes,15,SUBSCRIPTIONS,,
GPA.3338-5820-7917-21553..12,"Apr 7, 2026",2:47:21 AM PDT,,Charge,,Pro Subscription (WF Solver),com.deepinkcode.wordfeudsolver,Subscription,prosub,,NL,,3141 HE,EUR,1.98,7.472600,DKK,14.80,prosubmonth,,4994183596643847628,Yes,,,,
GPA.3338-5820-7917-21553..12,"Apr 7, 2026",2:47:21 AM PDT,,Google fee,,Pro Subscription (WF Solver),com.deepinkcode.wordfeudsolver,Subscription,prosub,,NL,,3141 HE,EUR,-0.30,7.472600,DKK,-2.25,prosubmonth,,4994183596643847628,Yes,15,SUBSCRIPTIONS,,
GPA.3322-5684-7542-44889..0,"Apr 7, 2026",2:56:09 AM PDT,,Charge,,Pro Subscription (WF Solver),com.deepinkcode.wordfeudsolver,Subscription,prosub,,NL,,3771AP,EUR,1.98,7.472600,DKK,14.80,prosubmonth,,4994183596643847628,Yes,,,,
GPA.3322-5684-7542-44889..0,"Apr 7, 2026",2:56:09 AM PDT,,Google fee,,Pro Subscription (WF Solver),com.deepinkcode.wordfeudsolver,Subscription,prosub,,NL,,3771AP,EUR,-0.30,7.472600,DKK,-2.25,prosubmonth,,4994183596643847628,Yes,15,SUBSCRIPTIONS,,
GPA.3327-7376-2148-51918..0,"Apr 7, 2026",3:10:51 AM PDT,,Charge,,Pro Subscription (WF Solver),com.deepinkcode.wordfeudsolver,Subscription,prosub,,NL,,1747EC,EUR,1.98,7.472600,DKK,14.80,prosubmonth,,4994183596643847628,Yes,,,,
GPA.3327-7376-2148-51918..0,"Apr 7, 2026",3:10:51 AM PDT,,Google fee,,Pro Subscription (WF Solver),com.deepinkcode.wordfeudsolver,Subscription,prosub,,NL,,1747EC,EUR,-0.30,7.472600,DKK,-2.25,prosubmonth,,4994183596643847628,Yes,15,SUBSCRIPTIONS,,
GPA.3387-0727-4322-49648..14,"Apr 7, 2026",4:00:28 AM PDT,,Charge,,Pro Subscription (WF Solver),com.deepinkcode.wordfeudsolver,Subscription,prosub,,SE,,82434,SEK,23.20,0.681190,DKK,15.80,prosubmonth,,4994183596643847628,Yes,,,,
GPA.3387-0727-4322-49648..14,"Apr 7, 2026",4:00:28 AM PDT,,Google fee,,Pro Subscription (WF Solver),com.deepinkcode.wordfeudsolver,Subscription,prosub,,SE,,82434,SEK,-3.48,0.681190,DKK,-2.37,prosubmonth,,4994183596643847628,Yes,15,SUBSCRIPTIONS,,
GPA.3332-2659-3001-21138..3,"Apr 7, 2026",4:04:05 AM PDT,,Charge,,Pro Subscription (WF Solver),com.deepinkcode.wordfeudsolver,Subscription,prosub,,BE,,3010,EUR,1.98,7.472700,DKK,14.80,prosubmonth,,4994183596643847628,Yes,,,,
GPA.3332-2659-3001-21138..3,"Apr 7, 2026",4:04:05 AM PDT,,Google fee,,Pro Subscription (WF Solver),com.deepinkcode.wordfeudsolver,Subscription,prosub,,BE,,3010,EUR,-0.30,7.472700,DKK,-2.25,prosubmonth,,4994183596643847628,Yes,15,SUBSCRIPTIONS,,
GPA.3356-5580-7139-27891..8,"Apr 7, 2026",4:09:25 AM PDT,,Charge,,Pro Subscription (WF Solver),com.deepinkcode.wordfeudsolver,Subscription,prosub,,SE,,23238,SEK,23.20,0.681190,DKK,15.80,prosubmonth,,4994183596643847628,Yes,,,,
GPA.3356-5580-7139-27891..8,"Apr 7, 2026",4:09:25 AM PDT,,Google fee,,Pro Subscription (WF Solver),com.deepinkcode.wordfeudsolver,Subscription,prosub,,SE,,23238,SEK,-3.48,0.681190,DKK,-2.37,prosubmonth,,4994183596643847628,Yes,15,SUBSCRIPTIONS,,
GPA.3351-5228-1630-87564..1,"Apr 7, 2026",4:32:29 AM PDT,,Charge,,Pro Subscription (WF Solver),com.deepinkcode.wordfeudsolver,Subscription,prosub,,SE,,44534,SEK,22.40,0.681190,DKK,15.26,prosubmonth,,4994183596643847628,Yes,,,,
GPA.3351-5228-1630-87564..1,"Apr 7, 2026",4:32:29 AM PDT,,Google fee,,Pro Subscription (WF Solver),com.deepinkcode.wordfeudsolver,Subscription,prosub,,SE,,44534,SEK,-3.36,0.681190,DKK,-2.29,prosubmonth,,4994183596643847628,Yes,15,SUBSCRIPTIONS,,
GPA.3351-8833-0787-93521..0,"Apr 7, 2026",4:59:30 AM PDT,,Charge,,Pro Subscription (WF Solver),com.deepinkcode.wordfeudsolver,Subscription,prosub,,DK,,7500,DKK,15.20,1.000000,DKK,15.20,prosubmonth,,4994183596643847628,Yes,,,,
GPA.3351-8833-0787-93521..0,"Apr 7, 2026",4:59:30 AM PDT,,Google fee,,Pro Subscription (WF Solver),com.deepinkcode.wordfeudsolver,Subscription,prosub,,DK,,7500,DKK,-2.28,1.000000,DKK,-2.28,prosubmonth,,4994183596643847628,Yes,15,SUBSCRIPTIONS,,
GPA.3395-0529-9226-74655..4,"Apr 7, 2026",5:33:41 AM PDT,,Charge,,Pro Subscription (WF Solver),com.deepinkcode.wordfeudsolver,Subscription,prosub,,GB,,HA9 8DQ,GBP,1.74,8.566100,DKK,14.91,prosubmonth,,4994183596643847628,Yes,,,,
GPA.3395-0529-9226-74655..4,"Apr 7, 2026",5:33:41 AM PDT,,Google fee,,Pro Subscription (WF Solver),com.deepinkcode.wordfeudsolver,Subscription,prosub,,GB,,HA9 8DQ,GBP,-0.26,8.566100,DKK,-2.23,prosubmonth,,4994183596643847628,Yes,15,SUBSCRIPTIONS,,
GPA.3353-0313-1386-47236..9,"Apr 7, 2026",6:18:49 AM PDT,,Charge,,Pro Subscription (WF Solver),com.deepinkcode.wordfeudsolver,Subscription,prosub,,NL,,1507 SZ,EUR,1.98,7.472600,DKK,14.80,prosubmonth,,4994183596643847628,Yes,,,,
GPA.3353-0313-1386-47236..9,"Apr 7, 2026",6:18:49 AM PDT,,Google fee,,Pro Subscription (WF Solver),com.deepinkcode.wordfeudsolver,Subscription,prosub,,NL,,1507 SZ,EUR,-0.30,7.472600,DKK,-2.25,prosubmonth,,4994183596643847628,Yes,15,SUBSCRIPTIONS,,
GPA.3398-9687-5065-56472..0,"Apr 7, 2026",6:31:20 AM PDT,,Charge,,Pro Subscription (WF Solver),com.deepinkcode.wordfeudsolver,Subscription,prosub,,NO,,5142,NOK,24.00,0.668590,DKK,16.05,prosubmonth,,4994183596643847628,Yes,,,,
GPA.3398-9687-5065-56472..0,"Apr 7, 2026",6:31:20 AM PDT,,Google fee,,Pro Subscription (WF Solver),com.deepinkcode.wordfeudsolver,Subscription,prosub,,NO,,5142,NOK,-3.60,0.668590,DKK,-2.41,prosubmonth,,4994183596643847628,Yes,15,SUBSCRIPTIONS,,
GPA.3313-2018-8448-40274..3,"Apr 7, 2026",6:59:47 AM PDT,,Charge,,Pro Subscription (WF Solver),com.deepinkcode.wordfeudsolver,Subscription,prosub,,NL,,1187 EG,EUR,1.98,7.472600,DKK,14.80,prosubmonth,,4994183596643847628,Yes,,,,
GPA.3313-2018-8448-40274..3,"Apr 7, 2026",6:59:47 AM PDT,,Google fee,,Pro Subscription (WF Solver),com.deepinkcode.wordfeudsolver,Subscription,prosub,,NL,,1187 EG,EUR,-0.30,7.472600,DKK,-2.25,prosubmonth,,4994183596643847628,Yes,15,SUBSCRIPTIONS,,
GPA.3362-7738-1994-69796..0,"Apr 7, 2026",7:23:19 AM PDT,,Charge,,Pro Subscription (WF Solver),com.deepinkcode.wordfeudsolver,Subscription,prosub,,NL,,5505 RJ,EUR,1.98,7.472700,DKK,14.80,prosubmonth,,4994183596643847628,Yes,,,,
GPA.3362-7738-1994-69796..0,"Apr 7, 2026",7:23:19 AM PDT,,Google fee,,Pro Subscription (WF Solver),com.deepinkcode.wordfeudsolver,Subscription,prosub,,NL,,5505 RJ,EUR,-0.30,7.472700,DKK,-2.25,prosubmonth,,4994183596643847628,Yes,15,SUBSCRIPTIONS,,
GPA.3391-6839-8883-94035..3,"Apr 7, 2026",7:51:22 AM PDT,,Charge,,Pro Subscription (WF Solver),com.deepinkcode.wordfeudsolver,Subscription,prosub,,SE,,91193,SEK,22.40,0.679430,DKK,15.22,prosubmonth,,4994183596643847628,Yes,,,,
GPA.3391-6839-8883-94035..3,"Apr 7, 2026",7:51:22 AM PDT,,Google fee,,Pro Subscription (WF Solver),com.deepinkcode.wordfeudsolver,Subscription,prosub,,SE,,91193,SEK,-3.36,0.679430,DKK,-2.28,prosubmonth,,4994183596643847628,Yes,15,SUBSCRIPTIONS,,
GPA.3308-0334-6371-81456..0,"Apr 7, 2026",7:55:54 AM PDT,,Charge,,Pro Subscription (WF Solver),com.deepinkcode.wordfeudsolver,Subscription,prosub,,US,GA,30316,USD,2.49,6.463500,DKK,16.09,prosubmonth,,4994183596643847628,Yes,,,,
GPA.3308-0334-6371-81456..0,"Apr 7, 2026",7:55:54 AM PDT,,Google fee,,Pro Subscription (WF Solver),com.deepinkcode.wordfeudsolver,Subscription,prosub,,US,GA,30316,USD,-0.37,6.463500,DKK,-2.39,prosubmonth,,4994183596643847628,Yes,15,SUBSCRIPTIONS,,
GPA.3393-8723-7070-63041..10,"Apr 7, 2026",8:13:58 AM PDT,,Charge,,Pro Subscription (WF Solver),com.deepinkcode.wordfeudsolver,Subscription,prosub,,SE,,16868,SEK,23.20,0.677350,DKK,15.71,prosubmonth,,4994183596643847628,Yes,,,,
GPA.3393-8723-7070-63041..10,"Apr 7, 2026",8:13:58 AM PDT,,Google fee,,Pro Subscription (WF Solver),com.deepinkcode.wordfeudsolver,Subscription,prosub,,SE,,16868,SEK,-3.48,0.677350,DKK,-2.35,prosubmonth,,4994183596643847628,Yes,15,SUBSCRIPTIONS,,
GPA.3317-9785-9390-44038..4,"Apr 7, 2026",11:02:45 AM PDT,,Charge,,Pro Subscription (WF Solver),com.deepinkcode.wordfeudsolver,Subscription,prosub,,NL,,1562 TS,EUR,1.98,7.472900,DKK,14.80,prosubmonth,,4994183596643847628,Yes,,,,
GPA.3317-9785-9390-44038..4,"Apr 7, 2026",11:02:45 AM PDT,,Google fee,,Pro Subscription (WF Solver),com.deepinkcode.wordfeudsolver,Subscription,prosub,,NL,,1562 TS,EUR,-0.30,7.472900,DKK,-2.25,prosubmonth,,4994183596643847628,Yes,15,SUBSCRIPTIONS,,
GPA.3396-6206-4400-58725..14,"Apr 7, 2026",11:06:28 AM PDT,,Charge,,Pro Subscription (WF Solver),com.deepinkcode.wordfeudsolver,Subscription,prosub,,FR,,17137,EUR,1.99,7.472900,DKK,14.87,prosubmonth,,4994183596643847628,Yes,,,,
GPA.3396-6206-4400-58725..14,"Apr 7, 2026",11:06:28 AM PDT,,Google fee,,Pro Subscription (WF Solver),com.deepinkcode.wordfeudsolver,Subscription,prosub,,FR,,17137,EUR,-0.30,7.472900,DKK,-2.24,prosubmonth,,4994183596643847628,Yes,15,SUBSCRIPTIONS,,
GPA.3394-6909-9631-96794..14,"Apr 7, 2026",11:43:54 AM PDT,,Charge,,Pro Subscription (WF Solver),com.deepinkcode.wordfeudsolver,Subscription,prosub,,NO,,7045,NOK,24.00,0.668820,DKK,16.05,prosubmonth,,4994183596643847628,Yes,,,,
GPA.3394-6909-9631-96794..14,"Apr 7, 2026",11:43:54 AM PDT,,Google fee,,Pro Subscription (WF Solver),com.deepinkcode.wordfeudsolver,Subscription,prosub,,NO,,7045,NOK,-3.60,0.668820,DKK,-2.41,prosubmonth,,4994183596643847628,Yes,15,SUBSCRIPTIONS,,
GPA.3349-1002-4480-54502..7,"Apr 7, 2026",12:14:05 PM PDT,,Charge,,Pro Subscription (WF Solver),com.deepinkcode.wordfeudsolver,Subscription,prosub,,NO,,1792,NOK,24.00,0.668580,DKK,16.05,prosubmonth,,4994183596643847628,Yes,,,,
GPA.3349-1002-4480-54502..7,"Apr 7, 2026",12:14:05 PM PDT,,Google fee,,Pro Subscription (WF Solver),com.deepinkcode.wordfeudsolver,Subscription,prosub,,NO,,1792,NOK,-3.60,0.668580,DKK,-2.41,prosubmonth,,4994183596643847628,Yes,15,SUBSCRIPTIONS,,
GPA.3378-0307-7033-31299,"Apr 7, 2026",12:15:21 PM PDT,,Charge,,Pro Subscription (WF Solver),com.deepinkcode.wordfeudsolver,Subscription,prosub,a52sxq,SE,,86543,SEK,22.40,0.678670,DKK,15.20,prosubmonth,,4994183596643847628,Yes,,,,In-app
GPA.3378-0307-7033-31299,"Apr 7, 2026",12:15:21 PM PDT,,Google fee,,Pro Subscription (WF Solver),com.deepinkcode.wordfeudsolver,Subscription,prosub,a52sxq,SE,,86543,SEK,-3.36,0.678670,DKK,-2.28,prosubmonth,,4994183596643847628,Yes,15,SUBSCRIPTIONS,,In-app
GPA.3378-9822-2837-35970..1,"Apr 7, 2026",12:38:43 PM PDT,,Charge,,Pro Subscription (WF Solver),com.deepinkcode.wordfeudsolver,Subscription,prosub,,SE,,565 34,SEK,22.40,0.678670,DKK,15.20,prosubmonth,,4994183596643847628,Yes,,,,
GPA.3378-9822-2837-35970..1,"Apr 7, 2026",12:38:43 PM PDT,,Google fee,,Pro Subscription (WF Solver),com.deepinkcode.wordfeudsolver,Subscription,prosub,,SE,,565 34,SEK,-3.36,0.678670,DKK,-2.28,prosubmonth,,4994183596643847628,Yes,15,SUBSCRIPTIONS,,
GPA.3396-4027-5380-36118..0,"Apr 7, 2026",1:00:17 PM PDT,,Charge,,Pro Subscription (Words With Friends Solver),com.deepinkcode.wordswithfriendssolver,Subscription,prosub,,US,AZ,85501,USD,2.49,6.456400,DKK,16.08,prosub,,4994183596643847628,Yes,,,,
GPA.3396-4027-5380-36118..0,"Apr 7, 2026",1:00:17 PM PDT,,Google fee,,Pro Subscription (Words With Friends Solver),com.deepinkcode.wordswithfriendssolver,Subscription,prosub,,US,AZ,85501,USD,-0.37,6.456400,DKK,-2.39,prosub,,4994183596643847628,Yes,15,SUBSCRIPTIONS,,
GPA.3324-2695-5215-25850,"Apr 7, 2026",1:16:36 PM PDT,,Charge,,Pro Subscription (WF Solver),com.deepinkcode.wordfeudsolver,Subscription,prosub,husky,SE,,15330,SEK,22.40,0.678130,DKK,15.19,prosubmonth,,4994183596643847628,Yes,,,,In-app
GPA.3324-2695-5215-25850,"Apr 7, 2026",1:16:36 PM PDT,,Google fee,,Pro Subscription (WF Solver),com.deepinkcode.wordfeudsolver,Subscription,prosub,husky,SE,,15330,SEK,-3.36,0.678130,DKK,-2.28,prosubmonth,,4994183596643847628,Yes,15,SUBSCRIPTIONS,,In-app
GPA.3356-6891-9286-11807,"Apr 7, 2026",1:19:28 PM PDT,,Charge,,Pro Subscription (WF Solver),com.deepinkcode.wordfeudsolver,Subscription,prosub,pa3q,SE,,82392,SEK,22.40,0.678130,DKK,15.19,prosubmonth,,4994183596643847628,Yes,,,,In-app
GPA.3356-6891-9286-11807,"Apr 7, 2026",1:19:28 PM PDT,,Google fee,,Pro Subscription (WF Solver),com.deepinkcode.wordfeudsolver,Subscription,prosub,pa3q,SE,,82392,SEK,-3.36,0.678130,DKK,-2.28,prosubmonth,,4994183596643847628,Yes,15,SUBSCRIPTIONS,,In-app
GPA.3355-2792-0662-10154..14,"Apr 7, 2026",1:49:54 PM PDT,,Charge,,Pro Subscription (WF Solver),com.deepinkcode.wordfeudsolver,Subscription,prosub,,NL,,3741XW,EUR,1.98,7.472600,DKK,14.80,prosubmonth,,4994183596643847628,Yes,,,,
GPA.3355-2792-0662-10154..14,"Apr 7, 2026",1:49:54 PM PDT,,Google fee,,Pro Subscription (WF Solver),com.deepinkcode.wordfeudsolver,Subscription,prosub,,NL,,3741XW,EUR,-0.30,7.472600,DKK,-2.25,prosubmonth,,4994183596643847628,Yes,15,SUBSCRIPTIONS,,
GPA.3370-9983-3938-92829..2,"Apr 7, 2026",2:55:45 PM PDT,,Charge,,Pro Subscription (WF Solver),com.deepinkcode.wordfeudsolver,Subscription,prosub,,SE,,463 31,SEK,22.40,0.679880,DKK,15.23,prosubmonth,,4994183596643847628,Yes,,,,
GPA.3370-9983-3938-92829..2,"Apr 7, 2026",2:55:45 PM PDT,,Google fee,,Pro Subscription (WF Solver),com.deepinkcode.wordfeudsolver,Subscription,prosub,,SE,,463 31,SEK,-3.36,0.679880,DKK,-2.29,prosubmonth,,4994183596643847628,Yes,15,SUBSCRIPTIONS,,
GPA.3321-2107-0888-88355,"Apr 7, 2026",6:40:58 PM PDT,,Charge,,Pro Subscription (Words With Friends Solver),com.deepinkcode.wordswithfriendssolver,Subscription,prosub,a36xq,US,PA,18810,USD,2.49,6.391600,DKK,15.92,prosub,,4994183596643847628,Yes,,,,In-app
GPA.3321-2107-0888-88355,"Apr 7, 2026",6:40:58 PM PDT,,Google fee,,Pro Subscription (Words With Friends Solver),com.deepinkcode.wordswithfriendssolver,Subscription,prosub,a36xq,US,PA,18810,USD,-0.37,6.391600,DKK,-2.36,prosub,,4994183596643847628,Yes,15,SUBSCRIPTIONS,,In-app
GPA.3314-1211-5442-80125..0,"Apr 7, 2026",8:13:34 PM PDT,,Charge,,Pro Subscription (Words With Friends Solver),com.deepinkcode.wordswithfriendssolver,Subscription,prosub,,CA,AB,T0K 1J0,CAD,3.19,4.622500,DKK,14.75,prosub,,4994183596643847628,Yes,,,,
GPA.3314-1211-5442-80125..0,"Apr 7, 2026",8:13:34 PM PDT,,Google fee,,Pro Subscription (Words With Friends Solver),com.deepinkcode.wordswithfriendssolver,Subscription,prosub,,CA,AB,T0K 1J0,CAD,-0.48,4.622500,DKK,-2.22,prosub,,4994183596643847628,Yes,15,SUBSCRIPTIONS,,
GPA.3367-4937-0420-68415..0,"Apr 7, 2026",8:48:17 PM PDT,,Charge,,Pro Subscription (WF Solver),com.deepinkcode.wordfeudsolver,Subscription,prosub,,NO,,3760,NOK,24.00,0.668370,DKK,16.04,prosubmonth,,4994183596643847628,Yes,,,,
GPA.3367-4937-0420-68415..0,"Apr 7, 2026",8:48:17 PM PDT,,Google fee,,Pro Subscription (WF Solver),com.deepinkcode.wordfeudsolver,Subscription,prosub,,NO,,3760,NOK,-3.60,0.668370,DKK,-2.41,prosubmonth,,4994183596643847628,Yes,15,SUBSCRIPTIONS,,
GPA.3358-6441-8705-76260,"Apr 7, 2026",9:17:19 PM PDT,,Charge,,Pro (Words With Friends Solver),com.deepinkcode.wordswithfriendssolver,One-time product,pro,e3q,US,TX,77357,USD,27.99,6.401400,DKK,179.17,legacy-base,,4994183596643847628,Yes,,,,In-app
GPA.3358-6441-8705-76260,"Apr 7, 2026",9:17:19 PM PDT,,Google fee,,Pro (Words With Friends Solver),com.deepinkcode.wordswithfriendssolver,One-time product,pro,e3q,US,TX,77357,USD,-4.20,6.401400,DKK,-26.89,legacy-base,,4994183596643847628,Yes,15,,,In-app
GPA.3367-0971-2121-17406..18,"Apr 7, 2026",9:44:42 PM PDT,,Charge,,Pro Subscription (WF Solver),com.deepinkcode.wordfeudsolver,Subscription,prosub,,SE,,937 31,SEK,23.20,0.685820,DKK,15.91,prosubmonth,,4994183596643847628,Yes,,,,
GPA.3367-0971-2121-17406..18,"Apr 7, 2026",9:44:42 PM PDT,,Google fee,,Pro Subscription (WF Solver),com.deepinkcode.wordfeudsolver,Subscription,prosub,,SE,,937 31,SEK,-3.48,0.685820,DKK,-2.39,prosubmonth,,4994183596643847628,Yes,15,SUBSCRIPTIONS,,
GPA.3329-9785-2223-81120..7,"Apr 7, 2026",10:32:32 PM PDT,,Charge,,Pro Subscription (WF Solver),com.deepinkcode.wordfeudsolver,Subscription,prosub,,US,FL,33162,USD,2.49,6.400600,DKK,15.94,prosubmonth,,4994183596643847628,Yes,,,,
GPA.3329-9785-2223-81120..7,"Apr 7, 2026",10:32:32 PM PDT,,Google fee,,Pro Subscription (WF Solver),com.deepinkcode.wordfeudsolver,Subscription,prosub,,US,FL,33162,USD,-0.37,6.400600,DKK,-2.37,prosubmonth,,4994183596643847628,Yes,15,SUBSCRIPTIONS,,
GPA.3326-7420-7668-46118..4,"Apr 8, 2026",1:01:12 AM PDT,,Charge,,Pro Subscription (WF Solver),com.deepinkcode.wordfeudsolver,Subscription,prosub,,NL,,3029 AL,EUR,1.98,7.472900,DKK,14.80,prosubmonth,,4994183596643847628,Yes,,,,
GPA.3326-7420-7668-46118..4,"Apr 8, 2026",1:01:12 AM PDT,,Google fee,,Pro Subscription (WF Solver),com.deepinkcode.wordfeudsolver,Subscription,prosub,,NL,,3029 AL,EUR,-0.30,7.472900,DKK,-2.25,prosubmonth,,4994183596643847628,Yes,15,SUBSCRIPTIONS,,
GPA.3387-9156-5418-23073..1,"Apr 8, 2026",1:39:49 AM PDT,,Charge,,Pro Subscription (WF Solver),com.deepinkcode.wordfeudsolver,Subscription,prosub,,DK,,9330,DKK,15.20,1.000000,DKK,15.20,prosubmonth,,4994183596643847628,Yes,,,,
GPA.3387-9156-5418-23073..1,"Apr 8, 2026",1:39:49 AM PDT,,Google fee,,Pro Subscription (WF Solver),com.deepinkcode.wordfeudsolver,Subscription,prosub,,DK,,9330,DKK,-2.28,1.000000,DKK,-2.28,prosubmonth,,4994183596643847628,Yes,15,SUBSCRIPTIONS,,
GPA.3306-3633-6793-32018..16,"Apr 8, 2026",1:50:32 AM PDT,,Charge,,Pro Subscription (WF Solver),com.deepinkcode.wordfeudsolver,Subscription,prosub,,SE,,424 50,SEK,23.20,0.688150,DKK,15.97,prosubmonth,,4994183596643847628,Yes,,,,
GPA.3306-3633-6793-32018..16,"Apr 8, 2026",1:50:32 AM PDT,,Google fee,,Pro Subscription (WF Solver),com.deepinkcode.wordfeudsolver,Subscription,prosub,,SE,,424 50,SEK,-3.48,0.688150,DKK,-2.40,prosubmonth,,4994183596643847628,Yes,15,SUBSCRIPTIONS,,
GPA.3362-0392-0409-67328..3,"Apr 8, 2026",2:08:10 AM PDT,,Charge,,Pro Subscription (Words With Friends Solver),com.deepinkcode.wordswithfriendssolver,Subscription,prosub,,GB,,BT61 8JU,GBP,1.74,8.577600,DKK,14.93,prosub,,4994183596643847628,Yes,,,,
GPA.3362-0392-0409-67328..3,"Apr 8, 2026",2:08:10 AM PDT,,Google fee,,Pro Subscription (Words With Friends Solver),com.deepinkcode.wordswithfriendssolver,Subscription,prosub,,GB,,BT61 8JU,GBP,-0.26,8.577600,DKK,-2.24,prosub,,4994183596643847628,Yes,15,SUBSCRIPTIONS,,
GPA.3395-6796-3353-36662..8,"Apr 8, 2026",3:30:00 AM PDT,,Charge,,Pro Subscription (WF Solver),com.deepinkcode.wordfeudsolver,Subscription,prosub,,NL,,2035XS,EUR,1.98,7.472900,DKK,14.80,prosubmonth,,4994183596643847628,Yes,,,,
GPA.3395-6796-3353-36662..8,"Apr 8, 2026",3:30:00 AM PDT,,Google fee,,Pro Subscription (WF Solver),com.deepinkcode.wordfeudsolver,Subscription,prosub,,NL,,2035XS,EUR,-0.30,7.472900,DKK,-2.25,prosubmonth,,4994183596643847628,Yes,15,SUBSCRIPTIONS,,
GPA.3327-8192-7052-82794..11,"Apr 8, 2026",3:39:36 AM PDT,,Charge,,Pro Subscription (WF Solver),com.deepinkcode.wordfeudsolver,Subscription,prosub,,SE,,771 41,SEK,23.20,0.689610,DKK,16.00,prosubmonth,,4994183596643847628,Yes,,,,
GPA.3327-8192-7052-82794..11,"Apr 8, 2026",3:39:36 AM PDT,,Google fee,,Pro Subscription (WF Solver),com.deepinkcode.wordfeudsolver,Subscription,prosub,,SE,,771 41,SEK,-3.48,0.689610,DKK,-2.40,prosubmonth,,4994183596643847628,Yes,15,SUBSCRIPTIONS,,
GPA.3380-0258-5744-92501..1,"Apr 8, 2026",3:43:49 AM PDT,,Charge,,Pro Subscription (WF Solver),com.deepinkcode.wordfeudsolver,Subscription,prosub,,NL,,5508MT,EUR,1.98,7.472900,DKK,14.80,prosubmonth,,4994183596643847628,Yes,,,,
GPA.3380-0258-5744-92501..1,"Apr 8, 2026",3:43:49 AM PDT,,Google fee,,Pro Subscription (WF Solver),com.deepinkcode.wordfeudsolver,Subscription,prosub,,NL,,5508MT,EUR,-0.30,7.472900,DKK,-2.25,prosubmonth,,4994183596643847628,Yes,15,SUBSCRIPTIONS,,
GPA.3373-3204-8772-17964..1,"Apr 8, 2026",4:19:32 AM PDT,,Charge,,Pro Subscription (WF Solver),com.deepinkcode.wordfeudsolver,Subscription,prosub,,SE,,97751,SEK,22.40,0.689700,DKK,15.45,prosubmonth,,4994183596643847628,Yes,,,,
GPA.3373-3204-8772-17964..1,"Apr 8, 2026",4:19:32 AM PDT,,Google fee,,Pro Subscription (WF Solver),com.deepinkcode.wordfeudsolver,Subscription,prosub,,SE,,97751,SEK,-3.36,0.689700,DKK,-2.32,prosubmonth,,4994183596643847628,Yes,15,SUBSCRIPTIONS,,
GPA.3361-9404-2779-06418,"Apr 8, 2026",4:21:05 AM PDT,,Charge,,Pro Subscription (WF Solver),com.deepinkcode.wordfeudsolver,Subscription,prosub,OP595DL1,NL,,7522 MH,EUR,1.98,7.472800,DKK,14.80,prosubmonth,,4994183596643847628,Yes,,,,In-app
GPA.3361-9404-2779-06418,"Apr 8, 2026",4:21:05 AM PDT,,Google fee,,Pro Subscription (WF Solver),com.deepinkcode.wordfeudsolver,Subscription,prosub,OP595DL1,NL,,7522 MH,EUR,-0.30,7.472800,DKK,-2.25,prosubmonth,,4994183596643847628,Yes,15,SUBSCRIPTIONS,,In-app
GPA.3360-3637-9271-97630..17,"Apr 8, 2026",5:20:04 AM PDT,,Charge,,Pro Subscription (WF Solver),com.deepinkcode.wordfeudsolver,Subscription,prosub,,NL,,1214 NB,EUR,1.98,7.472600,DKK,14.80,prosubmonth,,4994183596643847628,Yes,,,,
GPA.3360-3637-9271-97630..17,"Apr 8, 2026",5:20:04 AM PDT,,Google fee,,Pro Subscription (WF Solver),com.deepinkcode.wordfeudsolver,Subscription,prosub,,NL,,1214 NB,EUR,-0.30,7.472600,DKK,-2.25,prosubmonth,,4994183596643847628,Yes,15,SUBSCRIPTIONS,,
GPA.3300-7415-8687-06087..2,"Apr 8, 2026",5:32:57 AM PDT,,Charge,,Pro Subscription (WF Solver),com.deepinkcode.wordfeudsolver,Subscription,prosub,,DK,,7500,DKK,15.20,1.000000,DKK,15.20,prosubmonth,,4994183596643847628,Yes,,,,
GPA.3300-7415-8687-06087..2,"Apr 8, 2026",5:32:57 AM PDT,,Google fee,,Pro Subscription (WF Solver),com.deepinkcode.wordfeudsolver,Subscription,prosub,,DK,,7500,DKK,-2.28,1.000000,DKK,-2.28,prosubmonth,,4994183596643847628,Yes,15,SUBSCRIPTIONS,,
GPA.3383-3555-6869-89642..2,"Apr 8, 2026",6:14:29 AM PDT,,Charge,,Pro Subscription (WF Solver),com.deepinkcode.wordfeudsolver,Subscription,prosub,,NL,,9601 EW,EUR,1.98,7.472600,DKK,14.80,prosubmonth,,4994183596643847628,Yes,,,,
GPA.3383-3555-6869-89642..2,"Apr 8, 2026",6:14:29 AM PDT,,Google fee,,Pro Subscription (WF Solver),com.deepinkcode.wordfeudsolver,Subscription,prosub,,NL,,9601 EW,EUR,-0.30,7.472600,DKK,-2.25,prosubmonth,,4994183596643847628,Yes,15,SUBSCRIPTIONS,,
GPA.3329-9269-5933-11259..9,"Apr 8, 2026",6:19:03 AM PDT,,Charge,,Pro Subscription (WF Solver),com.deepinkcode.wordfeudsolver,Subscription,prosub,,DK,,4340,DKK,15.20,1.000000,DKK,15.20,prosubmonth,,4994183596643847628,Yes,,,,
GPA.3329-9269-5933-11259..9,"Apr 8, 2026",6:19:03 AM PDT,,Google fee,,Pro Subscription (WF Solver),com.deepinkcode.wordfeudsolver,Subscription,prosub,,DK,,4340,DKK,-2.28,1.000000,DKK,-2.28,prosubmonth,,4994183596643847628,Yes,15,SUBSCRIPTIONS,,
GPA.3369-0601-4004-58108..0,"Apr 8, 2026",6:25:22 AM PDT,,Charge,,Pro Subscription (WF Solver),com.deepinkcode.wordfeudsolver,Subscription,prosub,,NO,,3160,NOK,24.00,0.669670,DKK,16.07,prosubmonth,,4994183596643847628,Yes,,,,
GPA.3369-0601-4004-58108..0,"Apr 8, 2026",6:25:22 AM PDT,,Google fee,,Pro Subscription (WF Solver),com.deepinkcode.wordfeudsolver,Subscription,prosub,,NO,,3160,NOK,-3.60,0.669670,DKK,-2.41,prosubmonth,,4994183596643847628,Yes,15,SUBSCRIPTIONS,,
GPA.3396-1899-6653-70133..5,"Apr 8, 2026",7:23:15 AM PDT,,Charge,,Pro Subscription (WF Solver),com.deepinkcode.wordfeudsolver,Subscription,prosub,,DK,,8620,DKK,15.20,1.000000,DKK,15.20,prosubmonth,,4994183596643847628,Yes,,,,
GPA.3396-1899-6653-70133..5,"Apr 8, 2026",7:23:15 AM PDT,,Google fee,,Pro Subscription (WF Solver),com.deepinkcode.wordfeudsolver,Subscription,prosub,,DK,,8620,DKK,-2.28,1.000000,DKK,-2.28,prosubmonth,,4994183596643847628,Yes,15,SUBSCRIPTIONS,,
GPA.3321-5697-7762-96033..6,"Apr 8, 2026",7:33:08 AM PDT,,Charge,,Pro Subscription (WF Solver),com.deepinkcode.wordfeudsolver,Subscription,prosub,,SE,,117 59,SEK,22.40,0.694600,DKK,15.56,prosubmonth,,4994183596643847628,Yes,,,,
GPA.3321-5697-7762-96033..6,"Apr 8, 2026",7:33:08 AM PDT,,Google fee,,Pro Subscription (WF Solver),com.deepinkcode.wordfeudsolver,Subscription,prosub,,SE,,117 59,SEK,-3.36,0.694600,DKK,-2.33,prosubmonth,,4994183596643847628,Yes,15,SUBSCRIPTIONS,,
GPA.3354-4180-3557-10187,"Apr 8, 2026",8:08:26 AM PDT,,Charge,,Pro Subscription (WF Solver),com.deepinkcode.wordfeudsolver,Subscription,prosub,e1s,NL,,4511 XD,EUR,1.98,7.472900,DKK,14.80,prosubmonth,,4994183596643847628,Yes,,,,In-app
GPA.3354-4180-3557-10187,"Apr 8, 2026",8:08:26 AM PDT,,Google fee,,Pro Subscription (WF Solver),com.deepinkcode.wordfeudsolver,Subscription,prosub,e1s,NL,,4511 XD,EUR,-0.30,7.472900,DKK,-2.25,prosubmonth,,4994183596643847628,Yes,15,SUBSCRIPTIONS,,In-app
GPA.3339-1648-6766-86072,"Apr 8, 2026",8:51:58 AM PDT,,Charge,,Pro (WF Solver),com.deepinkcode.wordfeudsolver,One-time product,pro,shiba,DK,,7100,DKK,180.00,1.000000,DKK,180.00,legacy-base,,4994183596643847628,Yes,,,,In-app
GPA.3339-1648-6766-86072,"Apr 8, 2026",8:51:58 AM PDT,,Google fee,,Pro (WF Solver),com.deepinkcode.wordfeudsolver,One-time product,pro,shiba,DK,,7100,DKK,-27.00,1.000000,DKK,-27.00,legacy-base,,4994183596643847628,Yes,15,,,In-app
GPA.3367-3837-9032-33622..1,"Apr 8, 2026",9:00:51 AM PDT,,Charge,,Pro Subscription (Words With Friends Solver),com.deepinkcode.wordswithfriendssolver,Subscription,prosub,,US,IL,60435,USD,2.49,6.389800,DKK,15.91,prosub,,4994183596643847628,Yes,,,,
GPA.3367-3837-9032-33622..1,"Apr 8, 2026",9:00:51 AM PDT,,Google fee,,Pro Subscription (Words With Friends Solver),com.deepinkcode.wordswithfriendssolver,Subscription,prosub,,US,IL,60435,USD,-0.37,6.389800,DKK,-2.36,prosub,,4994183596643847628,Yes,15,SUBSCRIPTIONS,,
GPA.3309-4015-3500-03145..16,"Apr 8, 2026",9:26:50 AM PDT,,Charge,,Pro Subscription (WF Solver),com.deepinkcode.wordfeudsolver,Subscription,prosub,,SE,,91342,SEK,23.20,0.689120,DKK,15.99,prosubmonth,,4994183596643847628,Yes,,,,
GPA.3309-4015-3500-03145..16,"Apr 8, 2026",9:26:50 AM PDT,,Google fee,,Pro Subscription (WF Solver),com.deepinkcode.wordfeudsolver,Subscription,prosub,,SE,,91342,SEK,-3.48,0.689120,DKK,-2.40,prosubmonth,,4994183596643847628,Yes,15,SUBSCRIPTIONS,,
GPA.3336-2236-2477-10528..7,"Apr 8, 2026",10:50:59 AM PDT,,Charge,,Pro Subscription (Words With Friends Solver),com.deepinkcode.wordswithfriendssolver,Subscription,prosub,,US,OK,73703,USD,1.99,6.394600,DKK,12.73,prosub,,4994183596643847628,Yes,,,,
GPA.3336-2236-2477-10528..7,"Apr 8, 2026",10:50:59 AM PDT,,Google fee,,Pro Subscription (Words With Friends Solver),com.deepinkcode.wordswithfriendssolver,Subscription,prosub,,US,OK,73703,USD,-0.30,6.394600,DKK,-1.92,prosub,,4994183596643847628,Yes,15,SUBSCRIPTIONS,,
GPA.3301-3291-7381-39769..4,"Apr 8, 2026",11:14:31 AM PDT,,Charge,,Pro Subscription (WF Solver),com.deepinkcode.wordfeudsolver,Subscription,prosub,,DK,,7500,DKK,15.20,1.000000,DKK,15.20,prosubmonth,,4994183596643847628,Yes,,,,
GPA.3301-3291-7381-39769..4,"Apr 8, 2026",11:14:31 AM PDT,,Google fee,,Pro Subscription (WF Solver),com.deepinkcode.wordfeudsolver,Subscription,prosub,,DK,,7500,DKK,-2.28,1.000000,DKK,-2.28,prosubmonth,,4994183596643847628,Yes,15,SUBSCRIPTIONS,,
GPA.3357-4106-5074-10800,"Apr 8, 2026",11:25:30 AM PDT,,Charge,,Pro Subscription (WF Solver),com.deepinkcode.wordfeudsolver,Subscription,prosub,lynx,SE,,77192,SEK,22.40,0.688140,DKK,15.41,prosubmonth,,4994183596643847628,Yes,,,,In-app
GPA.3357-4106-5074-10800,"Apr 8, 2026",11:25:30 AM PDT,,Google fee,,Pro Subscription (WF Solver),com.deepinkcode.wordfeudsolver,Subscription,prosub,lynx,SE,,77192,SEK,-3.36,0.688140,DKK,-2.31,prosubmonth,,4994183596643847628,Yes,15,SUBSCRIPTIONS,,In-app
GPA.3386-6758-4839-99055..5,"Apr 8, 2026",11:35:29 AM PDT,,Charge,,Pro Subscription (WF Solver),com.deepinkcode.wordfeudsolver,Subscription,prosub,,SE,,15391,SEK,23.20,0.688140,DKK,15.96,prosubmonth,,4994183596643847628,Yes,,,,
GPA.3386-6758-4839-99055..5,"Apr 8, 2026",11:35:29 AM PDT,,Google fee,,Pro Subscription (WF Solver),com.deepinkcode.wordfeudsolver,Subscription,prosub,,SE,,15391,SEK,-3.48,0.688140,DKK,-2.39,prosubmonth,,4994183596643847628,Yes,15,SUBSCRIPTIONS,,
GPA.3326-0884-0005-23222..0,"Apr 8, 2026",11:43:16 AM PDT,,Charge,,Pro Subscription (WF Solver),com.deepinkcode.wordfeudsolver,Subscription,prosub,,NL,,5066cl,EUR,1.98,7.473000,DKK,14.80,prosubmonth,,4994183596643847628,Yes,,,,
GPA.3326-0884-0005-23222..0,"Apr 8, 2026",11:43:16 AM PDT,,Google fee,,Pro Subscription (WF Solver),com.deepinkcode.wordfeudsolver,Subscription,prosub,,NL,,5066cl,EUR,-0.30,7.473000,DKK,-2.25,prosubmonth,,4994183596643847628,Yes,15,SUBSCRIPTIONS,,
GPA.3368-6744-6969-93976..8,"Apr 8, 2026",12:10:55 PM PDT,,Charge,,Pro Subscription (Words With Friends Solver),com.deepinkcode.wordswithfriendssolver,Subscription,prosub,,US,CA,92345,USD,1.99,6.401600,DKK,12.74,prosub,,4994183596643847628,Yes,,,,
GPA.3368-6744-6969-93976..8,"Apr 8, 2026",12:10:55 PM PDT,,Google fee,,Pro Subscription (Words With Friends Solver),com.deepinkcode.wordswithfriendssolver,Subscription,prosub,,US,CA,92345,USD,-0.30,6.401600,DKK,-1.92,prosub,,4994183596643847628,Yes,15,SUBSCRIPTIONS,,
GPA.3385-2371-2998-26926..9,"Apr 8, 2026",12:16:19 PM PDT,,Charge,,Pro Subscription (WF Solver),com.deepinkcode.wordfeudsolver,Subscription,prosub,,DK,,4400,DKK,15.20,1.000000,DKK,15.20,prosubmonth,,4994183596643847628,Yes,,,,
GPA.3385-2371-2998-26926..9,"Apr 8, 2026",12:16:19 PM PDT,,Google fee,,Pro Subscription (WF Solver),com.deepinkcode.wordfeudsolver,Subscription,prosub,,DK,,4400,DKK,-2.28,1.000000,DKK,-2.28,prosubmonth,,4994183596643847628,Yes,15,SUBSCRIPTIONS,,
GPA.3335-5823-6165-82544..7,"Apr 8, 2026",12:37:08 PM PDT,,Charge,,Pro Subscription (WF Solver),com.deepinkcode.wordfeudsolver,Subscription,prosub,,SE,,11244,SEK,22.40,0.688550,DKK,15.42,prosubmonth,,4994183596643847628,Yes,,,,
GPA.3335-5823-6165-82544..7,"Apr 8, 2026",12:37:08 PM PDT,,Google fee,,Pro Subscription (WF Solver),com.deepinkcode.wordfeudsolver,Subscription,prosub,,SE,,11244,SEK,-3.36,0.688550,DKK,-2.31,prosubmonth,,4994183596643847628,Yes,15,SUBSCRIPTIONS,,
GPA.3311-1590-0931-36661..9,"Apr 8, 2026",12:52:59 PM PDT,,Charge,,Pro Subscription (WF Solver),com.deepinkcode.wordfeudsolver,Subscription,prosub,,SE,,22472,SEK,23.20,0.688550,DKK,15.97,prosubmonth,,4994183596643847628,Yes,,,,
GPA.3311-1590-0931-36661..9,"Apr 8, 2026",12:52:59 PM PDT,,Google fee,,Pro Subscription (WF Solver),com.deepinkcode.wordfeudsolver,Subscription,prosub,,SE,,22472,SEK,-3.48,0.688550,DKK,-2.39,prosubmonth,,4994183596643847628,Yes,15,SUBSCRIPTIONS,,
GPA.3308-4473-3736-98438..6,"Apr 8, 2026",1:24:45 PM PDT,,Charge,,Pro Subscription (WF Solver),com.deepinkcode.wordfeudsolver,Subscription,prosub,,NL,,3431EM,EUR,1.98,7.473000,DKK,14.80,prosubmonth,,4994183596643847628,Yes,,,,
GPA.3308-4473-3736-98438..6,"Apr 8, 2026",1:24:45 PM PDT,,Google fee,,Pro Subscription (WF Solver),com.deepinkcode.wordfeudsolver,Subscription,prosub,,NL,,3431EM,EUR,-0.30,7.473000,DKK,-2.25,prosubmonth,,4994183596643847628,Yes,15,SUBSCRIPTIONS,,
GPA.3323-3791-3528-54913..8,"Apr 8, 2026",1:44:04 PM PDT,,Charge,,Pro Subscription (Words With Friends Solver),com.deepinkcode.wordswithfriendssolver,Subscription,prosub,,US,CA,95675,USD,1.99,6.415600,DKK,12.77,prosub,,4994183596643847628,Yes,,,,
GPA.3323-3791-3528-54913..8,"Apr 8, 2026",1:44:04 PM PDT,,Google fee,,Pro Subscription (Words With Friends Solver),com.deepinkcode.wordswithfriendssolver,Subscription,prosub,,US,CA,95675,USD,-0.30,6.415600,DKK,-1.92,prosub,,4994183596643847628,Yes,15,SUBSCRIPTIONS,,
GPA.3351-4212-1332-08515,"Apr 8, 2026",1:44:33 PM PDT,,Charge,,Pro Subscription (WF Solver),com.deepinkcode.wordfeudsolver,Subscription,prosub,r12s,NL,,5709 NK,EUR,1.98,7.473000,DKK,14.80,prosubmonth,,4994183596643847628,Yes,,,,In-app
GPA.3351-4212-1332-08515,"Apr 8, 2026",1:44:33 PM PDT,,Google fee,,Pro Subscription (WF Solver),com.deepinkcode.wordfeudsolver,Subscription,prosub,r12s,NL,,5709 NK,EUR,-0.30,7.473000,DKK,-2.25,prosubmonth,,4994183596643847628,Yes,15,SUBSCRIPTIONS,,In-app
GPA.3374-0173-8226-99933..11,"Apr 8, 2026",3:06:24 PM PDT,,Charge,,Pro Subscription (Words With Friends Solver),com.deepinkcode.wordswithfriendssolver,Subscription,prosub,,US,WI,53228,USD,1.99,6.408400,DKK,12.75,prosub,,4994183596643847628,Yes,,,,
GPA.3374-0173-8226-99933..11,"Apr 8, 2026",3:06:24 PM PDT,,Google fee,,Pro Subscription (Words With Friends Solver),com.deepinkcode.wordswithfriendssolver,Subscription,prosub,,US,WI,53228,USD,-0.30,6.408400,DKK,-1.92,prosub,,4994183596643847628,Yes,15,SUBSCRIPTIONS,,
GPA.3353-7690-9912-34050,"Apr 8, 2026",4:04:00 PM PDT,,Charge,,Pro Subscription (Words With Friends Solver),com.deepinkcode.wordswithfriendssolver,Subscription,prosub,e2q,US,LA,70611,USD,2.49,6.406100,DKK,15.95,prosub,,4994183596643847628,Yes,,,,In-app
GPA.3353-7690-9912-34050,"Apr 8, 2026",4:04:00 PM PDT,,Google fee,,Pro Subscription (Words With Friends Solver),com.deepinkcode.wordswithfriendssolver,Subscription,prosub,e2q,US,LA,70611,USD,-0.37,6.406100,DKK,-2.37,prosub,,4994183596643847628,Yes,15,SUBSCRIPTIONS,,In-app
GPA.3382-6482-3554-20424..9,"Apr 8, 2026",5:38:51 PM PDT,,Charge,,Pro Subscription (WF Solver),com.deepinkcode.wordfeudsolver,Subscription,prosub,,US,PA,19073,USD,1.99,6.407500,DKK,12.75,prosubmonth,,4994183596643847628,Yes,,,,
GPA.3382-6482-3554-20424..9,"Apr 8, 2026",5:38:51 PM PDT,,Google fee,,Pro Subscription (WF Solver),com.deepinkcode.wordfeudsolver,Subscription,prosub,,US,PA,19073,USD,-0.30,6.407500,DKK,-1.92,prosubmonth,,4994183596643847628,Yes,15,SUBSCRIPTIONS,,
GPA.3326-9041-0977-11387..2,"Apr 8, 2026",6:13:38 PM PDT,,Charge,,Pro Subscription (WF Solver),com.deepinkcode.wordfeudsolver,Subscription,prosub,,SE,,82691,SEK,22.40,0.687340,DKK,15.40,prosubmonth,,4994183596643847628,Yes,,,,
GPA.3326-9041-0977-11387..2,"Apr 8, 2026",6:13:38 PM PDT,,Google fee,,Pro Subscription (WF Solver),com.deepinkcode.wordfeudsolver,Subscription,prosub,,SE,,82691,SEK,-3.36,0.687340,DKK,-2.31,prosubmonth,,4994183596643847628,Yes,15,SUBSCRIPTIONS,,
GPA.3333-6295-0869-72612..3,"Apr 8, 2026",6:21:45 PM PDT,,Charge,,Pro Subscription (WF Solver),com.deepinkcode.wordfeudsolver,Subscription,prosub,,IN,Kerala,680002,INR,203.39,0.069243,DKK,14.08,prosubmonth,,4994183596643847628,Yes,,,,
GPA.3333-6295-0869-72612..3,"Apr 8, 2026",6:21:45 PM PDT,,Google fee,,Pro Subscription (WF Solver),com.deepinkcode.wordfeudsolver,Subscription,prosub,,IN,Kerala,680002,INR,-30.51,0.069243,DKK,-2.11,prosubmonth,,4994183596643847628,Yes,15,SUBSCRIPTIONS,,
GPA.3329-4542-9078-77935,"Apr 8, 2026",8:58:40 PM PDT,,Charge,,Pro (Words With Friends Solver),com.deepinkcode.wordswithfriendssolver,One-time product,pro,e3q,US,CA,92592,USD,27.99,6.408500,DKK,179.37,legacy-base,,4994183596643847628,Yes,,,,In-app
GPA.3329-4542-9078-77935,"Apr 8, 2026",8:58:40 PM PDT,,Google fee,,Pro (Words With Friends Solver),com.deepinkcode.wordswithfriendssolver,One-time product,pro,e3q,US,CA,92592,USD,-4.20,6.408500,DKK,-26.92,legacy-base,,4994183596643847628,Yes,15,,,In-app
GPA.3319-7317-8883-19182..1,"Apr 8, 2026",10:10:35 PM PDT,,Charge,,Pro Subscription (WF Solver),com.deepinkcode.wordfeudsolver,Subscription,prosub,,US,SC,29445,USD,2.49,6.407000,DKK,15.95,prosubmonth,,4994183596643847628,Yes,,,,
GPA.3319-7317-8883-19182..1,"Apr 8, 2026",10:10:35 PM PDT,,Google fee,,Pro Subscription (WF Solver),com.deepinkcode.wordfeudsolver,Subscription,prosub,,US,SC,29445,USD,-0.37,6.407000,DKK,-2.37,prosubmonth,,4994183596643847628,Yes,15,SUBSCRIPTIONS,,
GPA.3318-9651-5353-09472..0,"Apr 8, 2026",11:00:25 PM PDT,,Charge,,Pro Subscription (WF Solver),com.deepinkcode.wordfeudsolver,Subscription,prosub,,NL,,3951KD,EUR,1.98,7.472700,DKK,14.80,prosubmonth,,4994183596643847628,Yes,,,,
GPA.3318-9651-5353-09472..0,"Apr 8, 2026",11:00:25 PM PDT,,Google fee,,Pro Subscription (WF Solver),com.deepinkcode.wordfeudsolver,Subscription,prosub,,NL,,3951KD,EUR,-0.30,7.472700,DKK,-2.25,prosubmonth,,4994183596643847628,Yes,15,SUBSCRIPTIONS,,
GPA.3338-8673-3421-42689,"Apr 8, 2026",11:05:15 PM PDT,,Charge,,Pro Subscription (Words With Friends Solver),com.deepinkcode.wordswithfriendssolver,Subscription,prosub,e3q,US,TX,78516,USD,2.49,6.404800,DKK,15.95,prosub,,4994183596643847628,Yes,,,,In-app
GPA.3338-8673-3421-42689,"Apr 8, 2026",11:05:15 PM PDT,,Google fee,,Pro Subscription (Words With Friends Solver),com.deepinkcode.wordswithfriendssolver,Subscription,prosub,e3q,US,TX,78516,USD,-0.37,6.404800,DKK,-2.37,prosub,,4994183596643847628,Yes,15,SUBSCRIPTIONS,,In-app
GPA.3388-1890-7761-84611..10,"Apr 8, 2026",11:21:00 PM PDT,,Charge,,Pro Subscription (WF Solver),com.deepinkcode.wordfeudsolver,Subscription,prosub,,NL,,2752 AB,EUR,1.98,7.472700,DKK,14.80,prosubmonth,,4994183596643847628,Yes,,,,
GPA.3388-1890-7761-84611..10,"Apr 8, 2026",11:21:00 PM PDT,,Google fee,,Pro Subscription (WF Solver),com.deepinkcode.wordfeudsolver,Subscription,prosub,,NL,,2752 AB,EUR,-0.30,7.472700,DKK,-2.25,prosubmonth,,4994183596643847628,Yes,15,SUBSCRIPTIONS,,
GPA.3356-4384-3115-45333..4,"Apr 8, 2026",11:25:41 PM PDT,,Charge,,Pro Subscription (Words With Friends Solver),com.deepinkcode.wordswithfriendssolver,Subscription,prosub,,AU,,5125,AUD,3.63,4.510300,DKK,16.37,prosub,,4994183596643847628,Yes,,,,
GPA.3356-4384-3115-45333..4,"Apr 8, 2026",11:25:41 PM PDT,,Google fee,,Pro Subscription (Words With Friends Solver),com.deepinkcode.wordswithfriendssolver,Subscription,prosub,,AU,,5125,AUD,-0.54,4.510300,DKK,-2.44,prosub,,4994183596643847628,Yes,15,SUBSCRIPTIONS,,
GPA.3330-9974-2005-74355..0,"Apr 8, 2026",11:49:47 PM PDT,,Charge,,Pro Subscription (WF Solver),com.deepinkcode.wordfeudsolver,Subscription,prosub,,SE,,41876,SEK,22.40,0.686740,DKK,15.38,prosubmonth,,4994183596643847628,Yes,,,,
GPA.3330-9974-2005-74355..0,"Apr 8, 2026",11:49:47 PM PDT,,Google fee,,Pro Subscription (WF Solver),com.deepinkcode.wordfeudsolver,Subscription,prosub,,SE,,41876,SEK,-3.36,0.686740,DKK,-2.30,prosubmonth,,4994183596643847628,Yes,15,SUBSCRIPTIONS,,
GPA.3331-1002-2260-27986,"Apr 9, 2026",12:22:53 AM PDT,,Charge,,Pro Subscription (WF Solver),com.deepinkcode.wordfeudsolver,Subscription,prosub,pa1q,SE,,764 92,SEK,22.40,0.686830,DKK,15.38,prosubmonth,,4994183596643847628,Yes,,,,In-app
GPA.3331-1002-2260-27986,"Apr 9, 2026",12:22:53 AM PDT,,Google fee,,Pro Subscription (WF Solver),com.deepinkcode.wordfeudsolver,Subscription,prosub,pa1q,SE,,764 92,SEK,-3.36,0.686830,DKK,-2.30,prosubmonth,,4994183596643847628,Yes,15,SUBSCRIPTIONS,,In-app
GPA.3392-1716-3083-54303..0,"Apr 9, 2026",1:04:04 AM PDT,,Charge,,Pro Subscription (WF Solver),com.deepinkcode.wordfeudsolver,Subscription,prosub,,NL,,2612 XT,EUR,1.98,7.472800,DKK,14.80,prosubmonth,,4994183596643847628,Yes,,,,
GPA.3392-1716-3083-54303..0,"Apr 9, 2026",1:04:04 AM PDT,,Google fee,,Pro Subscription (WF Solver),com.deepinkcode.wordfeudsolver,Subscription,prosub,,NL,,2612 XT,EUR,-0.30,7.472800,DKK,-2.25,prosubmonth,,4994183596643847628,Yes,15,SUBSCRIPTIONS,,
GPA.3372-4216-6879-33806..8,"Apr 9, 2026",2:03:19 AM PDT,,Charge,,Pro Subscription (WF Solver),com.deepinkcode.wordfeudsolver,Subscription,prosub,,DK,,6000,DKK,15.20,1.000000,DKK,15.20,prosubmonth,,4994183596643847628,Yes,,,,
GPA.3372-4216-6879-33806..8,"Apr 9, 2026",2:03:19 AM PDT,,Google fee,,Pro Subscription (WF Solver),com.deepinkcode.wordfeudsolver,Subscription,prosub,,DK,,6000,DKK,-2.28,1.000000,DKK,-2.28,prosubmonth,,4994183596643847628,Yes,15,SUBSCRIPTIONS,,
GPA.3344-0475-3328-49322..10,"Apr 9, 2026",2:09:00 AM PDT,,Charge,,Pro Subscription (WF Solver),com.deepinkcode.wordfeudsolver,Subscription,prosub,,NL,,3133VM,EUR,1.98,7.472800,DKK,14.80,prosubmonth,,4994183596643847628,Yes,,,,
GPA.3344-0475-3328-49322..10,"Apr 9, 2026",2:09:00 AM PDT,,Google fee,,Pro Subscription (WF Solver),com.deepinkcode.wordfeudsolver,Subscription,prosub,,NL,,3133VM,EUR,-0.30,7.472800,DKK,-2.25,prosubmonth,,4994183596643847628,Yes,15,SUBSCRIPTIONS,,
GPA.3311-7304-0833-60604..4,"Apr 9, 2026",2:52:33 AM PDT,,Charge,,Pro Subscription (WF Solver),com.deepinkcode.wordfeudsolver,Subscription,prosub,,NO,,4049,NOK,24.00,0.671830,DKK,16.12,prosubmonth,,4994183596643847628,Yes,,,,
GPA.3311-7304-0833-60604..4,"Apr 9, 2026",2:52:33 AM PDT,,Google fee,,Pro Subscription (WF Solver),com.deepinkcode.wordfeudsolver,Subscription,prosub,,NO,,4049,NOK,-3.60,0.671830,DKK,-2.41,prosubmonth,,4994183596643847628,Yes,15,SUBSCRIPTIONS,,
GPA.3337-1434-9578-34436..3,"Apr 9, 2026",2:58:02 AM PDT,,Charge,,Pro Subscription (WF Solver),com.deepinkcode.wordfeudsolver,Subscription,prosub,,NL,,2565 vs,EUR,1.98,7.472800,DKK,14.80,prosubmonth,,4994183596643847628,Yes,,,,
GPA.3337-1434-9578-34436..3,"Apr 9, 2026",2:58:02 AM PDT,,Google fee,,Pro Subscription (WF Solver),com.deepinkcode.wordfeudsolver,Subscription,prosub,,NL,,2565 vs,EUR,-0.30,7.472800,DKK,-2.25,prosubmonth,,4994183596643847628,Yes,15,SUBSCRIPTIONS,,
GPA.3383-7921-8120-22556..13,"Apr 9, 2026",3:44:45 AM PDT,,Charge,,Pro Subscription (WF Solver),com.deepinkcode.wordfeudsolver,Subscription,prosub,,NL,,3284BA,EUR,1.98,7.472600,DKK,14.80,prosubmonth,,4994183596643847628,Yes,,,,
GPA.3383-7921-8120-22556..13,"Apr 9, 2026",3:44:45 AM PDT,,Google fee,,Pro Subscription (WF Solver),com.deepinkcode.wordfeudsolver,Subscription,prosub,,NL,,3284BA,EUR,-0.30,7.472600,DKK,-2.25,prosubmonth,,4994183596643847628,Yes,15,SUBSCRIPTIONS,,
GPA.3370-8517-9415-43906..2,"Apr 9, 2026",4:53:52 AM PDT,,Charge,,Pro Subscription (WF Solver),com.deepinkcode.wordfeudsolver,Subscription,prosub,,SE,,461 98,SEK,22.40,0.687220,DKK,15.39,prosubmonth,,4994183596643847628,Yes,,,,
GPA.3370-8517-9415-43906..2,"Apr 9, 2026",4:53:52 AM PDT,,Google fee,,Pro Subscription (WF Solver),com.deepinkcode.wordfeudsolver,Subscription,prosub,,SE,,461 98,SEK,-3.36,0.687220,DKK,-2.31,prosubmonth,,4994183596643847628,Yes,15,SUBSCRIPTIONS,,
GPA.3341-0586-1795-47688,"Apr 9, 2026",6:42:10 AM PDT,,Charge,,Pro (WF Solver),com.deepinkcode.wordfeudsolver,One-time product,pro,m3q,NL,,1828EH,EUR,23.96,7.472900,DKK,179.05,legacy-base,,4994183596643847628,Yes,,,,In-app
GPA.3341-0586-1795-47688,"Apr 9, 2026",6:42:10 AM PDT,,Google fee,,Pro (WF Solver),com.deepinkcode.wordfeudsolver,One-time product,pro,m3q,NL,,1828EH,EUR,-3.59,7.472900,DKK,-26.83,legacy-base,,4994183596643847628,Yes,15,,,In-app
GPA.3364-6469-8737-15147,"Apr 9, 2026",7:23:15 AM PDT,,Charge,,Pro Subscription (WF Solver),com.deepinkcode.wordfeudsolver,Subscription,prosub,OP5E93L1,NL,,3452JM,EUR,1.98,7.472700,DKK,14.80,prosubmonth,,4994183596643847628,Yes,,,,In-app
GPA.3364-6469-8737-15147,"Apr 9, 2026",7:23:15 AM PDT,,Google fee,,Pro Subscription (WF Solver),com.deepinkcode.wordfeudsolver,Subscription,prosub,OP5E93L1,NL,,3452JM,EUR,-0.30,7.472700,DKK,-2.25,prosubmonth,,4994183596643847628,Yes,15,SUBSCRIPTIONS,,In-app
GPA.3303-6150-1207-55578..7,"Apr 9, 2026",8:45:18 AM PDT,,Charge,,Pro Subscription (WF Solver),com.deepinkcode.wordfeudsolver,Subscription,prosub,,NL,,4651 CB,EUR,1.98,7.472600,DKK,14.80,prosubmonth,,4994183596643847628,Yes,,,,
GPA.3303-6150-1207-55578..7,"Apr 9, 2026",8:45:18 AM PDT,,Google fee,,Pro Subscription (WF Solver),com.deepinkcode.wordfeudsolver,Subscription,prosub,,NL,,4651 CB,EUR,-0.30,7.472600,DKK,-2.25,prosubmonth,,4994183596643847628,Yes,15,SUBSCRIPTIONS,,
GPA.3326-2293-7753-92508..4,"Apr 9, 2026",9:58:50 AM PDT,,Charge,,Pro Subscription (Words With Friends Solver),com.deepinkcode.wordswithfriendssolver,Subscription,prosub,,US,NC,28787,USD,2.49,6.396400,DKK,15.93,prosub,,4994183596643847628,Yes,,,,
GPA.3326-2293-7753-92508..4,"Apr 9, 2026",9:58:50 AM PDT,,Google fee,,Pro Subscription (Words With Friends Solver),com.deepinkcode.wordswithfriendssolver,Subscription,prosub,,US,NC,28787,USD,-0.37,6.396400,DKK,-2.37,prosub,,4994183596643847628,Yes,15,SUBSCRIPTIONS,,
GPA.3350-6340-2733-18830,"Apr 9, 2026",10:17:16 AM PDT,,Charge,,Pro (WF Solver),com.deepinkcode.wordfeudsolver,One-time product,pro,bluejay,NL,,1813CJ,EUR,23.96,7.472800,DKK,179.05,legacy-base,,4994183596643847628,Yes,,,,In-app
GPA.3350-6340-2733-18830,"Apr 9, 2026",10:17:16 AM PDT,,Google fee,,Pro (WF Solver),com.deepinkcode.wordfeudsolver,One-time product,pro,bluejay,NL,,1813CJ,EUR,-3.59,7.472800,DKK,-26.83,legacy-base,,4994183596643847628,Yes,15,,,In-app
GPA.3346-4650-2576-18385,"Apr 9, 2026",11:29:46 AM PDT,,Charge,,Pro Subscription (WF Solver),com.deepinkcode.wordfeudsolver,Subscription,prosub,dm3q,DK,,5883,DKK,15.20,1.000000,DKK,15.20,prosubmonth,,4994183596643847628,Yes,,,,Play store
GPA.3346-4650-2576-18385,"Apr 9, 2026",11:29:46 AM PDT,,Google fee,,Pro Subscription (WF Solver),com.deepinkcode.wordfeudsolver,Subscription,prosub,dm3q,DK,,5883,DKK,-2.28,1.000000,DKK,-2.28,prosubmonth,,4994183596643847628,Yes,15,SUBSCRIPTIONS,,Play store
GPA.3373-0131-7326-14731..11,"Apr 9, 2026",11:59:29 AM PDT,,Charge,,Pro Subscription (WF Solver),com.deepinkcode.wordfeudsolver,Subscription,prosub,,SE,,71894,SEK,23.20,0.688830,DKK,15.98,prosubmonth,,4994183596643847628,Yes,,,,
GPA.3373-0131-7326-14731..11,"Apr 9, 2026",11:59:29 AM PDT,,Google fee,,Pro Subscription (WF Solver),com.deepinkcode.wordfeudsolver,Subscription,prosub,,SE,,71894,SEK,-3.48,0.688830,DKK,-2.40,prosubmonth,,4994183596643847628,Yes,15,SUBSCRIPTIONS,,
GPA.3351-4496-3644-86021..13,"Apr 9, 2026",12:04:48 PM PDT,,Charge,,Pro Subscription (WF Solver),com.deepinkcode.wordfeudsolver,Subscription,prosub,,NL,,3703XB,EUR,1.98,7.472700,DKK,14.80,prosubmonth,,4994183596643847628,Yes,,,,
GPA.3351-4496-3644-86021..13,"Apr 9, 2026",12:04:48 PM PDT,,Google fee,,Pro Subscription (WF Solver),com.deepinkcode.wordfeudsolver,Subscription,prosub,,NL,,3703XB,EUR,-0.30,7.472700,DKK,-2.25,prosubmonth,,4994183596643847628,Yes,15,SUBSCRIPTIONS,,
GPA.3354-3233-1715-83244..2,"Apr 9, 2026",12:21:35 PM PDT,,Charge,,Pro Subscription (Words With Friends Solver),com.deepinkcode.wordswithfriendssolver,Subscription,prosub,,FR,,63270,EUR,1.99,7.472700,DKK,14.87,prosub,,4994183596643847628,Yes,,,,
GPA.3354-3233-1715-83244..2,"Apr 9, 2026",12:21:35 PM PDT,,Google fee,,Pro Subscription (Words With Friends Solver),com.deepinkcode.wordswithfriendssolver,Subscription,prosub,,FR,,63270,EUR,-0.30,7.472700,DKK,-2.24,prosub,,4994183596643847628,Yes,15,SUBSCRIPTIONS,,
GPA.3392-5483-8648-48832,"Apr 9, 2026",12:27:20 PM PDT,,Charge,,Pro Subscription (WF Solver),com.deepinkcode.wordfeudsolver,Subscription,prosub,tapas,NL,,8381CG,EUR,1.98,7.472700,DKK,14.80,prosubmonth,,4994183596643847628,Yes,,,,In-app
GPA.3392-5483-8648-48832,"Apr 9, 2026",12:27:20 PM PDT,,Google fee,,Pro Subscription (WF Solver),com.deepinkcode.wordfeudsolver,Subscription,prosub,tapas,NL,,8381CG,EUR,-0.30,7.472700,DKK,-2.25,prosubmonth,,4994183596643847628,Yes,15,SUBSCRIPTIONS,,In-app
GPA.3306-9780-1102-90936..5,"Apr 9, 2026",1:17:04 PM PDT,,Charge,,Pro Subscription (WF Solver),com.deepinkcode.wordfeudsolver,Subscription,prosub,,NL,,7607 PL,EUR,1.98,7.472500,DKK,14.80,prosubmonth,,4994183596643847628,Yes,,,,
GPA.3306-9780-1102-90936..5,"Apr 9, 2026",1:17:04 PM PDT,,Google fee,,Pro Subscription (WF Solver),com.deepinkcode.wordfeudsolver,Subscription,prosub,,NL,,7607 PL,EUR,-0.30,7.472500,DKK,-2.25,prosubmonth,,4994183596643847628,Yes,15,SUBSCRIPTIONS,,
GPA.3369-3335-1240-59049..16,"Apr 9, 2026",1:18:27 PM PDT,,Charge,,Pro Subscription (WF Solver),com.deepinkcode.wordfeudsolver,Subscription,prosub,,NL,,5931HJ,EUR,1.98,7.472500,DKK,14.80,prosubmonth,,4994183596643847628,Yes,,,,
GPA.3369-3335-1240-59049..16,"Apr 9, 2026",1:18:27 PM PDT,,Google fee,,Pro Subscription (WF Solver),com.deepinkcode.wordfeudsolver,Subscription,prosub,,NL,,5931HJ,EUR,-0.30,7.472500,DKK,-2.25,prosubmonth,,4994183596643847628,Yes,15,SUBSCRIPTIONS,,
GPA.3363-7170-9976-40683..14,"Apr 9, 2026",2:06:10 PM PDT,,Charge,,Pro Subscription (WF Solver),com.deepinkcode.wordfeudsolver,Subscription,prosub,,SE,,682 33,SEK,23.20,0.688610,DKK,15.98,prosubmonth,,4994183596643847628,Yes,,,,
GPA.3363-7170-9976-40683..14,"Apr 9, 2026",2:06:10 PM PDT,,Google fee,,Pro Subscription (WF Solver),com.deepinkcode.wordfeudsolver,Subscription,prosub,,SE,,682 33,SEK,-3.48,0.688610,DKK,-2.40,prosubmonth,,4994183596643847628,Yes,15,SUBSCRIPTIONS,,
GPA.3359-9682-3875-27404..4,"Apr 9, 2026",2:07:20 PM PDT,,Charge,,Pro Subscription (Words With Friends Solver),com.deepinkcode.wordswithfriendssolver,Subscription,prosub,,US,GA,30263,USD,2.49,6.387900,DKK,15.91,prosub,,4994183596643847628,Yes,,,,
GPA.3359-9682-3875-27404..4,"Apr 9, 2026",2:07:20 PM PDT,,Google fee,,Pro Subscription (Words With Friends Solver),com.deepinkcode.wordswithfriendssolver,Subscription,prosub,,US,GA,30263,USD,-0.37,6.387900,DKK,-2.36,prosub,,4994183596643847628,Yes,15,SUBSCRIPTIONS,,
GPA.3355-5600-8390-85595..1,"Apr 9, 2026",2:53:29 PM PDT,,Charge,,Pro Subscription (WF Solver),com.deepinkcode.wordfeudsolver,Subscription,prosub,,SE,,63226,SEK,22.40,0.688610,DKK,15.42,prosubmonth,,4994183596643847628,Yes,,,,
GPA.3355-5600-8390-85595..1,"Apr 9, 2026",2:53:29 PM PDT,,Google fee,,Pro Subscription (WF Solver),com.deepinkcode.wordfeudsolver,Subscription,prosub,,SE,,63226,SEK,-3.36,0.688610,DKK,-2.31,prosubmonth,,4994183596643847628,Yes,15,SUBSCRIPTIONS,,
GPA.3315-9969-9551-08541..4,"Apr 9, 2026",2:55:19 PM PDT,,Charge,,Pro Subscription (WF Solver),com.deepinkcode.wordfeudsolver,Subscription,prosub,,NL,,1816 TD,EUR,1.98,7.472500,DKK,14.80,prosubmonth,,4994183596643847628,Yes,,,,
GPA.3315-9969-9551-08541..4,"Apr 9, 2026",2:55:19 PM PDT,,Google fee,,Pro Subscription (WF Solver),com.deepinkcode.wordfeudsolver,Subscription,prosub,,NL,,1816 TD,EUR,-0.30,7.472500,DKK,-2.25,prosubmonth,,4994183596643847628,Yes,15,SUBSCRIPTIONS,,
GPA.3352-0977-0603-57946..14,"Apr 9, 2026",3:11:35 PM PDT,,Charge,,Pro Subscription (WF Solver),com.deepinkcode.wordfeudsolver,Subscription,prosub,,GB,,PO19 6ER,GBP,1.66,8.578500,DKK,14.24,prosubmonth,,4994183596643847628,Yes,,,,
GPA.3352-0977-0603-57946..14,"Apr 9, 2026",3:11:35 PM PDT,,Google fee,,Pro Subscription (WF Solver),com.deepinkcode.wordfeudsolver,Subscription,prosub,,GB,,PO19 6ER,GBP,-0.25,8.578500,DKK,-2.14,prosubmonth,,4994183596643847628,Yes,15,SUBSCRIPTIONS,,
GPA.3392-0278-2445-34107..0,"Apr 9, 2026",3:12:13 PM PDT,,Charge,,Pro Subscription (Words With Friends Solver),com.deepinkcode.wordswithfriendssolver,Subscription,prosub,,US,MD,21817,USD,2.49,6.385400,DKK,15.90,prosub,,4994183596643847628,Yes,,,,
GPA.3392-0278-2445-34107..0,"Apr 9, 2026",3:12:13 PM PDT,,Google fee,,Pro Subscription (Words With Friends Solver),com.deepinkcode.wordswithfriendssolver,Subscription,prosub,,US,MD,21817,USD,-0.37,6.385400,DKK,-2.36,prosub,,4994183596643847628,Yes,15,SUBSCRIPTIONS,,
GPA.3323-7409-8666-69530..2,"Apr 9, 2026",3:15:53 PM PDT,,Charge,,Pro Subscription (WF Solver),com.deepinkcode.wordfeudsolver,Subscription,prosub,,CH,,8134,CHF,1.90,8.079700,DKK,15.35,prosubmonth,,4994183596643847628,Yes,,,,
GPA.3323-7409-8666-69530..2,"Apr 9, 2026",3:15:53 PM PDT,,Google fee,,Pro Subscription (WF Solver),com.deepinkcode.wordfeudsolver,Subscription,prosub,,CH,,8134,CHF,-0.28,8.079700,DKK,-2.26,prosubmonth,,4994183596643847628,Yes,15,SUBSCRIPTIONS,,
GPA.3304-0789-4947-60973..0,"Apr 9, 2026",4:07:48 PM PDT,,Charge,,Pro Subscription (WF Solver),com.deepinkcode.wordfeudsolver,Subscription,prosub,,SE,,46234,SEK,22.40,0.688700,DKK,15.43,prosubmonth,,4994183596643847628,Yes,,,,
GPA.3304-0789-4947-60973..0,"Apr 9, 2026",4:07:48 PM PDT,,Google fee,,Pro Subscription (WF Solver),com.deepinkcode.wordfeudsolver,Subscription,prosub,,SE,,46234,SEK,-3.36,0.688700,DKK,-2.32,prosubmonth,,4994183596643847628,Yes,15,SUBSCRIPTIONS,,
GPA.3360-5010-4788-58790..1,"Apr 9, 2026",4:17:01 PM PDT,,Charge,,Pro Subscription (Words With Friends Solver),com.deepinkcode.wordswithfriendssolver,Subscription,prosub,,US,WI,53511,USD,2.49,6.386200,DKK,15.90,prosub,,4994183596643847628,Yes,,,,
GPA.3360-5010-4788-58790..1,"Apr 9, 2026",4:17:01 PM PDT,,Google fee,,Pro Subscription (Words With Friends Solver),com.deepinkcode.wordswithfriendssolver,Subscription,prosub,,US,WI,53511,USD,-0.37,6.386200,DKK,-2.36,prosub,,4994183596643847628,Yes,15,SUBSCRIPTIONS,,
GPA.3384-5772-1623-10581..16,"Apr 9, 2026",4:45:07 PM PDT,,Charge,,Pro Subscription (WF Solver),com.deepinkcode.wordfeudsolver,Subscription,prosub,,NL,,5014 AD,EUR,1.98,7.472200,DKK,14.79,prosubmonth,,4994183596643847628,Yes,,,,
GPA.3384-5772-1623-10581..16,"Apr 9, 2026",4:45:07 PM PDT,,Google fee,,Pro Subscription (WF Solver),com.deepinkcode.wordfeudsolver,Subscription,prosub,,NL,,5014 AD,EUR,-0.30,7.472200,DKK,-2.24,prosubmonth,,4994183596643847628,Yes,15,SUBSCRIPTIONS,,
GPA.3397-1143-7680-69426..0,"Apr 9, 2026",8:51:28 PM PDT,,Charge,,Pro Subscription (Words With Friends Solver),com.deepinkcode.wordswithfriendssolver,Subscription,prosub,,US,MI,48224,USD,2.49,6.391400,DKK,15.91,prosub,,4994183596643847628,Yes,,,,
GPA.3397-1143-7680-69426..0,"Apr 9, 2026",8:51:28 PM PDT,,Google fee,,Pro Subscription (Words With Friends Solver),com.deepinkcode.wordswithfriendssolver,Subscription,prosub,,US,MI,48224,USD,-0.37,6.391400,DKK,-2.36,prosub,,4994183596643847628,Yes,15,SUBSCRIPTIONS,,
GPA.3362-0371-0045-56046..6,"Apr 9, 2026",10:39:49 PM PDT,,Charge,,Pro Subscription (WF Solver),com.deepinkcode.wordfeudsolver,Subscription,prosub,,SE,,217 43,SEK,22.40,0.687460,DKK,15.40,prosubmonth,,4994183596643847628,Yes,,,,
GPA.3362-0371-0045-56046..6,"Apr 9, 2026",10:39:49 PM PDT,,Google fee,,Pro Subscription (WF Solver),com.deepinkcode.wordfeudsolver,Subscription,prosub,,SE,,217 43,SEK,-3.36,0.687460,DKK,-2.31,prosubmonth,,4994183596643847628,Yes,15,SUBSCRIPTIONS,,
GPA.3302-3412-9201-49747..7,"Apr 9, 2026",10:52:56 PM PDT,,Charge,,Pro Subscription (WF Solver),com.deepinkcode.wordfeudsolver,Subscription,prosub,,SE,,12945,SEK,22.40,0.687460,DKK,15.40,prosubmonth,,4994183596643847628,Yes,,,,
GPA.3302-3412-9201-49747..7,"Apr 9, 2026",10:52:56 PM PDT,,Google fee,,Pro Subscription (WF Solver),com.deepinkcode.wordfeudsolver,Subscription,prosub,,SE,,12945,SEK,-3.36,0.687460,DKK,-2.31,prosubmonth,,4994183596643847628,Yes,15,SUBSCRIPTIONS,,
GPA.3389-5584-6135-74331..0,"Apr 9, 2026",11:04:42 PM PDT,,Charge,,Pro Subscription (WF Solver),com.deepinkcode.wordfeudsolver,Subscription,prosub,,SE,,85630,SEK,22.40,0.687710,DKK,15.40,prosubmonth,,4994183596643847628,Yes,,,,
GPA.3389-5584-6135-74331..0,"Apr 9, 2026",11:04:42 PM PDT,,Google fee,,Pro Subscription (WF Solver),com.deepinkcode.wordfeudsolver,Subscription,prosub,,SE,,85630,SEK,-3.36,0.687710,DKK,-2.31,prosubmonth,,4994183596643847628,Yes,15,SUBSCRIPTIONS,,
GPA.3392-6981-7863-59565..4,"Apr 9, 2026",11:21:26 PM PDT,,Charge,,Pro Subscription (WF Solver),com.deepinkcode.wordfeudsolver,Subscription,prosub,,NL,,1448WL,EUR,1.98,7.472300,DKK,14.80,prosubmonth,,4994183596643847628,Yes,,,,
GPA.3392-6981-7863-59565..4,"Apr 9, 2026",11:21:26 PM PDT,,Google fee,,Pro Subscription (WF Solver),com.deepinkcode.wordfeudsolver,Subscription,prosub,,NL,,1448WL,EUR,-0.30,7.472300,DKK,-2.25,prosubmonth,,4994183596643847628,Yes,15,SUBSCRIPTIONS,,
GPA.3339-6885-0455-22577,"Apr 10, 2026",1:15:27 AM PDT,,Charge,,Pro Subscription (WF Solver),com.deepinkcode.wordfeudsolver,Subscription,prosub,e3q,NL,,8181GG,EUR,1.98,7.472400,DKK,14.80,prosubmonth,,4994183596643847628,Yes,,,,In-app
GPA.3339-6885-0455-22577,"Apr 10, 2026",1:15:27 AM PDT,,Google fee,,Pro Subscription (WF Solver),com.deepinkcode.wordfeudsolver,Subscription,prosub,e3q,NL,,8181GG,EUR,-0.30,7.472400,DKK,-2.25,prosubmonth,,4994183596643847628,Yes,15,SUBSCRIPTIONS,,In-app
GPA.3321-1871-1437-64058..9,"Apr 10, 2026",2:36:51 AM PDT,,Charge,,Pro Subscription (WF Solver),com.deepinkcode.wordfeudsolver,Subscription,prosub,,SE,,60217,SEK,23.20,0.686630,DKK,15.93,prosubmonth,,4994183596643847628,Yes,,,,
GPA.3321-1871-1437-64058..9,"Apr 10, 2026",2:36:51 AM PDT,,Google fee,,Pro Subscription (WF Solver),com.deepinkcode.wordfeudsolver,Subscription,prosub,,SE,,60217,SEK,-3.48,0.686630,DKK,-2.39,prosubmonth,,4994183596643847628,Yes,15,SUBSCRIPTIONS,,
GPA.3346-2717-2864-33280..1,"Apr 10, 2026",4:03:26 AM PDT,,Charge,,Pro Subscription (WF Solver),com.deepinkcode.wordfeudsolver,Subscription,prosub,,SE,,782 34,SEK,22.40,0.687910,DKK,15.41,prosubmonth,,4994183596643847628,Yes,,,,
GPA.3346-2717-2864-33280..1,"Apr 10, 2026",4:03:26 AM PDT,,Google fee,,Pro Subscription (WF Solver),com.deepinkcode.wordfeudsolver,Subscription,prosub,,SE,,782 34,SEK,-3.36,0.687910,DKK,-2.31,prosubmonth,,4994183596643847628,Yes,15,SUBSCRIPTIONS,,
GPA.3324-7090-4203-65993..10,"Apr 10, 2026",4:13:21 AM PDT,,Charge,,Pro Subscription (WF Solver),com.deepinkcode.wordfeudsolver,Subscription,prosub,,NO,,1053,NOK,24.00,0.672150,DKK,16.13,prosubmonth,,4994183596643847628,Yes,,,,
GPA.3324-7090-4203-65993..10,"Apr 10, 2026",4:13:21 AM PDT,,Google fee,,Pro Subscription (WF Solver),com.deepinkcode.wordfeudsolver,Subscription,prosub,,NO,,1053,NOK,-3.60,0.672150,DKK,-2.42,prosubmonth,,4994183596643847628,Yes,15,SUBSCRIPTIONS,,
GPA.3374-3471-8487-02050..1,"Apr 10, 2026",4:13:29 AM PDT,,Charge,,Pro Subscription (Words With Friends Solver),com.deepinkcode.wordswithfriendssolver,Subscription,prosub,,US,MI,48310,USD,2.49,6.380400,DKK,15.89,prosub,,4994183596643847628,Yes,,,,
GPA.3374-3471-8487-02050..1,"Apr 10, 2026",4:13:29 AM PDT,,Google fee,,Pro Subscription (Words With Friends Solver),com.deepinkcode.wordswithfriendssolver,Subscription,prosub,,US,MI,48310,USD,-0.37,6.380400,DKK,-2.36,prosub,,4994183596643847628,Yes,15,SUBSCRIPTIONS,,
GPA.3377-0249-6480-63289..1,"Apr 10, 2026",5:10:59 AM PDT,,Charge,,Pro Subscription (Words With Friends Solver),com.deepinkcode.wordswithfriendssolver,Subscription,prosub,,GB,,WF10 5TB,GBP,1.74,8.571800,DKK,14.91,prosub,,4994183596643847628,Yes,,,,
GPA.3377-0249-6480-63289..1,"Apr 10, 2026",5:10:59 AM PDT,,Google fee,,Pro Subscription (Words With Friends Solver),com.deepinkcode.wordswithfriendssolver,Subscription,prosub,,GB,,WF10 5TB,GBP,-0.26,8.571800,DKK,-2.22,prosub,,4994183596643847628,Yes,15,SUBSCRIPTIONS,,
GPA.3335-6547-5379-25154..0,"Apr 10, 2026",5:16:14 AM PDT,,Charge,,Pro Subscription (WF Solver),com.deepinkcode.wordfeudsolver,Subscription,prosub,,NO,,2340,NOK,24.00,0.671260,DKK,16.11,prosubmonth,,4994183596643847628,Yes,,,,
GPA.3335-6547-5379-25154..0,"Apr 10, 2026",5:16:14 AM PDT,,Google fee,,Pro Subscription (WF Solver),com.deepinkcode.wordfeudsolver,Subscription,prosub,,NO,,2340,NOK,-3.60,0.671260,DKK,-2.42,prosubmonth,,4994183596643847628,Yes,15,SUBSCRIPTIONS,,
GPA.3327-5393-4502-88860,"Apr 10, 2026",6:16:51 AM PDT,,Charge,,Pro (WF Solver),com.deepinkcode.wordfeudsolver,One-time product,pro,r9q,NL,,5684AL,EUR,23.96,7.472400,DKK,179.04,legacy-base,,4994183596643847628,Yes,,,,In-app
GPA.3327-5393-4502-88860,"Apr 10, 2026",6:16:51 AM PDT,,Google fee,,Pro (WF Solver),com.deepinkcode.wordfeudsolver,One-time product,pro,r9q,NL,,5684AL,EUR,-3.59,7.472400,DKK,-26.83,legacy-base,,4994183596643847628,Yes,15,,,In-app
GPA.3349-0908-8870-74549..12,"Apr 10, 2026",6:34:48 AM PDT,,Charge,,Pro Subscription (WF Solver),com.deepinkcode.wordfeudsolver,Subscription,prosub,,SE,,66731,SEK,23.20,0.689440,DKK,16.00,prosubmonth,,4994183596643847628,Yes,,,,
GPA.3349-0908-8870-74549..12,"Apr 10, 2026",6:34:48 AM PDT,,Google fee,,Pro Subscription (WF Solver),com.deepinkcode.wordfeudsolver,Subscription,prosub,,SE,,66731,SEK,-3.48,0.689440,DKK,-2.40,prosubmonth,,4994183596643847628,Yes,15,SUBSCRIPTIONS,,
GPA.3378-7406-9523-14419..3,"Apr 10, 2026",7:20:16 AM PDT,,Charge,,Pro Subscription (Scrabble GO Cheat),com.deepinkcode.scrabblegocheat,Subscription,prosub,,US,MI,48088,USD,2.49,6.374800,DKK,15.87,prosubmonth,,4994183596643847628,Yes,,,,
GPA.3378-7406-9523-14419..3,"Apr 10, 2026",7:20:16 AM PDT,,Google fee,,Pro Subscription (Scrabble GO Cheat),com.deepinkcode.scrabblegocheat,Subscription,prosub,,US,MI,48088,USD,-0.37,6.374800,DKK,-2.36,prosubmonth,,4994183596643847628,Yes,15,SUBSCRIPTIONS,,
GPA.3369-5595-6836-11836..3,"Apr 10, 2026",8:00:13 AM PDT,,Charge,,Pro Subscription (Words With Friends Solver),com.deepinkcode.wordswithfriendssolver,Subscription,prosub,,US,UT,84042,USD,2.49,6.369800,DKK,15.86,prosub,,4994183596643847628,Yes,,,,
GPA.3369-5595-6836-11836..3,"Apr 10, 2026",8:00:13 AM PDT,,Google fee,,Pro Subscription (Words With Friends Solver),com.deepinkcode.wordswithfriendssolver,Subscription,prosub,,US,UT,84042,USD,-0.37,6.369800,DKK,-2.36,prosub,,4994183596643847628,Yes,15,SUBSCRIPTIONS,,
GPA.3367-9363-2678-60471..5,"Apr 10, 2026",8:00:16 AM PDT,,Charge,,Pro Subscription (WF Solver),com.deepinkcode.wordfeudsolver,Subscription,prosub,,US,TX,75075,USD,2.49,6.369800,DKK,15.86,prosubmonth,,4994183596643847628,Yes,,,,
GPA.3367-9363-2678-60471..5,"Apr 10, 2026",8:00:16 AM PDT,,Google fee,,Pro Subscription (WF Solver),com.deepinkcode.wordfeudsolver,Subscription,prosub,,US,TX,75075,USD,-0.37,6.369800,DKK,-2.36,prosubmonth,,4994183596643847628,Yes,15,SUBSCRIPTIONS,,
GPA.3348-2187-8953-25852..7,"Apr 10, 2026",8:59:33 AM PDT,,Charge,,Pro Subscription (Words With Friends Solver),com.deepinkcode.wordswithfriendssolver,Subscription,prosub,,US,LA,70364,USD,2.49,6.369800,DKK,15.86,prosub,,4994183596643847628,Yes,,,,
GPA.3348-2187-8953-25852..7,"Apr 10, 2026",8:59:33 AM PDT,,Google fee,,Pro Subscription (Words With Friends Solver),com.deepinkcode.wordswithfriendssolver,Subscription,prosub,,US,LA,70364,USD,-0.37,6.369800,DKK,-2.36,prosub,,4994183596643847628,Yes,15,SUBSCRIPTIONS,,
GPA.3367-4893-3084-96620..10,"Apr 10, 2026",9:27:41 AM PDT,,Charge,,Pro Subscription (WF Solver),com.deepinkcode.wordfeudsolver,Subscription,prosub,,SE,,702 11,SEK,23.20,0.688640,DKK,15.98,prosubmonth,,4994183596643847628,Yes,,,,
GPA.3367-4893-3084-96620..10,"Apr 10, 2026",9:27:41 AM PDT,,Google fee,,Pro Subscription (WF Solver),com.deepinkcode.wordfeudsolver,Subscription,prosub,,SE,,702 11,SEK,-3.48,0.688640,DKK,-2.40,prosubmonth,,4994183596643847628,Yes,15,SUBSCRIPTIONS,,
GPA.3307-8789-0265-49197..2,"Apr 10, 2026",9:42:16 AM PDT,,Charge,,Pro Subscription (WF Solver),com.deepinkcode.wordfeudsolver,Subscription,prosub,,SE,,96144,SEK,22.40,0.688640,DKK,15.43,prosubmonth,,4994183596643847628,Yes,,,,
GPA.3307-8789-0265-49197..2,"Apr 10, 2026",9:42:16 AM PDT,,Google fee,,Pro Subscription (WF Solver),com.deepinkcode.wordfeudsolver,Subscription,prosub,,SE,,96144,SEK,-3.36,0.688640,DKK,-2.32,prosubmonth,,4994183596643847628,Yes,15,SUBSCRIPTIONS,,
GPA.3393-5069-1434-56407,"Apr 10, 2026",9:48:59 AM PDT,,Charge,,Pro Subscription (WF Solver),com.deepinkcode.wordfeudsolver,Subscription,prosub,komodo,NL,,9541TB,EUR,1.98,7.472200,DKK,14.79,prosubmonth,,4994183596643847628,Yes,,,,In-app
GPA.3393-5069-1434-56407,"Apr 10, 2026",9:48:59 AM PDT,,Google fee,,Pro Subscription (WF Solver),com.deepinkcode.wordfeudsolver,Subscription,prosub,komodo,NL,,9541TB,EUR,-0.30,7.472200,DKK,-2.24,prosubmonth,,4994183596643847628,Yes,15,SUBSCRIPTIONS,,In-app
GPA.3348-6813-4032-72263,"Apr 10, 2026",9:52:39 AM PDT,,Charge,,Pro Subscription (WF Solver),com.deepinkcode.wordfeudsolver,Subscription,prosub,e2s,NL,,9718RD,EUR,1.98,7.472200,DKK,14.79,prosubmonth,,4994183596643847628,Yes,,,,In-app
GPA.3348-6813-4032-72263,"Apr 10, 2026",9:52:39 AM PDT,,Google fee,,Pro Subscription (WF Solver),com.deepinkcode.wordfeudsolver,Subscription,prosub,e2s,NL,,9718RD,EUR,-0.30,7.472200,DKK,-2.24,prosubmonth,,4994183596643847628,Yes,15,SUBSCRIPTIONS,,In-app
GPA.3350-6559-4940-55524..1,"Apr 10, 2026",10:41:09 AM PDT,,Charge,,Pro Subscription (WF Solver),com.deepinkcode.wordfeudsolver,Subscription,prosub,,DK,,6440,DKK,15.20,1.000000,DKK,15.20,prosubmonth,,4994183596643847628,Yes,,,,
GPA.3350-6559-4940-55524..1,"Apr 10, 2026",10:41:09 AM PDT,,Google fee,,Pro Subscription (WF Solver),com.deepinkcode.wordfeudsolver,Subscription,prosub,,DK,,6440,DKK,-2.28,1.000000,DKK,-2.28,prosubmonth,,4994183596643847628,Yes,15,SUBSCRIPTIONS,,
GPA.3336-1311-5258-89304..0,"Apr 10, 2026",10:44:57 AM PDT,,Charge,,Pro Subscription (WF Solver),com.deepinkcode.wordfeudsolver,Subscription,prosub,,DK,,5672,DKK,15.20,1.000000,DKK,15.20,prosubmonth,,4994183596643847628,Yes,,,,
GPA.3336-1311-5258-89304..0,"Apr 10, 2026",10:44:57 AM PDT,,Google fee,,Pro Subscription (WF Solver),com.deepinkcode.wordfeudsolver,Subscription,prosub,,DK,,5672,DKK,-2.28,1.000000,DKK,-2.28,prosubmonth,,4994183596643847628,Yes,15,SUBSCRIPTIONS,,
GPA.3342-0867-0114-33540..3,"Apr 10, 2026",12:41:26 PM PDT,,Charge,,Pro Subscription (Words With Friends Solver),com.deepinkcode.wordswithfriendssolver,Subscription,prosub,,US,WA,98023,USD,2.49,6.373800,DKK,15.87,prosub,,4994183596643847628,Yes,,,,
GPA.3342-0867-0114-33540..3,"Apr 10, 2026",12:41:26 PM PDT,,Google fee,,Pro Subscription (Words With Friends Solver),com.deepinkcode.wordswithfriendssolver,Subscription,prosub,,US,WA,98023,USD,-0.37,6.373800,DKK,-2.36,prosub,,4994183596643847628,Yes,15,SUBSCRIPTIONS,,
GPA.3310-8950-7167-33028..8,"Apr 10, 2026",12:56:34 PM PDT,,Charge,,Pro Subscription (WF Solver),com.deepinkcode.wordfeudsolver,Subscription,prosub,,NO,,2340,NOK,24.00,0.669970,DKK,16.08,prosubmonth,,4994183596643847628,Yes,,,,
GPA.3310-8950-7167-33028..8,"Apr 10, 2026",12:56:34 PM PDT,,Google fee,,Pro Subscription (WF Solver),com.deepinkcode.wordfeudsolver,Subscription,prosub,,NO,,2340,NOK,-3.60,0.669970,DKK,-2.41,prosubmonth,,4994183596643847628,Yes,15,SUBSCRIPTIONS,,
GPA.3367-8470-4483-26919..16,"Apr 10, 2026",2:36:35 PM PDT,,Charge,,Pro Subscription (WF Solver),com.deepinkcode.wordfeudsolver,Subscription,prosub,,NO,,3530,NOK,23.20,0.669620,DKK,15.54,prosubmonth,,4994183596643847628,Yes,,,,
GPA.3367-8470-4483-26919..16,"Apr 10, 2026",2:36:35 PM PDT,,Google fee,,Pro Subscription (WF Solver),com.deepinkcode.wordfeudsolver,Subscription,prosub,,NO,,3530,NOK,-3.48,0.669620,DKK,-2.34,prosubmonth,,4994183596643847628,Yes,15,SUBSCRIPTIONS,,
GPA.3353-9654-3437-17475..14,"Apr 10, 2026",3:04:35 PM PDT,,Charge,,Pro Subscription (WF Solver),com.deepinkcode.wordfeudsolver,Subscription,prosub,,BE,,3320,EUR,1.98,7.472200,DKK,14.79,prosubmonth,,4994183596643847628,Yes,,,,
GPA.3353-9654-3437-17475..14,"Apr 10, 2026",3:04:35 PM PDT,,Google fee,,Pro Subscription (WF Solver),com.deepinkcode.wordfeudsolver,Subscription,prosub,,BE,,3320,EUR,-0.30,7.472200,DKK,-2.24,prosubmonth,,4994183596643847628,Yes,15,SUBSCRIPTIONS,,
GPA.3371-1415-8169-10515,"Apr 10, 2026",3:16:05 PM PDT,,Charge,,Pro (Words With Friends Solver),com.deepinkcode.wordswithfriendssolver,One-time product,pro,b0q,US,MA,01089,USD,27.99,6.373800,DKK,178.40,legacy-base,,4994183596643847628,Yes,,,,In-app
GPA.3371-1415-8169-10515,"Apr 10, 2026",3:16:05 PM PDT,,Google fee,,Pro (Words With Friends Solver),com.deepinkcode.wordswithfriendssolver,One-time product,pro,b0q,US,MA,01089,USD,-4.20,6.373800,DKK,-26.77,legacy-base,,4994183596643847628,Yes,15,,,In-app
GPA.3301-5486-4852-82473..18,"Apr 10, 2026",3:25:35 PM PDT,,Charge,,Pro Subscription (WF Solver),com.deepinkcode.wordfeudsolver,Subscription,prosub,,DK,,3921,DKK,15.20,1.000000,DKK,15.20,prosubmonth,,4994183596643847628,Yes,,,,
GPA.3301-5486-4852-82473..18,"Apr 10, 2026",3:25:35 PM PDT,,Google fee,,Pro Subscription (WF Solver),com.deepinkcode.wordfeudsolver,Subscription,prosub,,DK,,3921,DKK,-2.28,1.000000,DKK,-2.28,prosubmonth,,4994183596643847628,Yes,15,SUBSCRIPTIONS,,
GPA.3310-6377-2595-15187..1,"Apr 10, 2026",4:40:20 PM PDT,,Charge,,Pro Subscription (Words With Friends Solver),com.deepinkcode.wordswithfriendssolver,Subscription,prosub,,US,NY,13206,USD,2.49,6.373800,DKK,15.87,prosub,,4994183596643847628,Yes,,,,
GPA.3310-6377-2595-15187..1,"Apr 10, 2026",4:40:20 PM PDT,,Google fee,,Pro Subscription (Words With Friends Solver),com.deepinkcode.wordswithfriendssolver,Subscription,prosub,,US,NY,13206,USD,-0.37,6.373800,DKK,-2.36,prosub,,4994183596643847628,Yes,15,SUBSCRIPTIONS,,
GPA.3341-7553-4567-59024..2,"Apr 10, 2026",5:19:52 PM PDT,,Charge,,Pro Subscription (WF Solver),com.deepinkcode.wordfeudsolver,Subscription,prosub,,NL,,6922Le,EUR,1.98,7.472200,DKK,14.79,prosubmonth,,4994183596643847628,Yes,,,,
GPA.3341-7553-4567-59024..2,"Apr 10, 2026",5:19:52 PM PDT,,Google fee,,Pro Subscription (WF Solver),com.deepinkcode.wordfeudsolver,Subscription,prosub,,NL,,6922Le,EUR,-0.30,7.472200,DKK,-2.24,prosubmonth,,4994183596643847628,Yes,15,SUBSCRIPTIONS,,
GPA.3368-7310-3357-51856..13,"Apr 10, 2026",5:45:58 PM PDT,,Charge,,Pro Subscription (WF Solver),com.deepinkcode.wordfeudsolver,Subscription,prosub,,DK,,6800,DKK,15.20,1.000000,DKK,15.20,prosubmonth,,4994183596643847628,Yes,,,,
GPA.3368-7310-3357-51856..13,"Apr 10, 2026",5:45:58 PM PDT,,Google fee,,Pro Subscription (WF Solver),com.deepinkcode.wordfeudsolver,Subscription,prosub,,DK,,6800,DKK,-2.28,1.000000,DKK,-2.28,prosubmonth,,4994183596643847628,Yes,15,SUBSCRIPTIONS,,
GPA.3345-4574-9366-11238..14,"Apr 10, 2026",6:03:28 PM PDT,,Charge,,Pro Subscription (WF Solver),com.deepinkcode.wordfeudsolver,Subscription,prosub,,DK,,4200,DKK,15.20,1.000000,DKK,15.20,prosubmonth,,4994183596643847628,Yes,,,,
GPA.3345-4574-9366-11238..14,"Apr 10, 2026",6:03:28 PM PDT,,Google fee,,Pro Subscription (WF Solver),com.deepinkcode.wordfeudsolver,Subscription,prosub,,DK,,4200,DKK,-2.28,1.000000,DKK,-2.28,prosubmonth,,4994183596643847628,Yes,15,SUBSCRIPTIONS,,
GPA.3387-3430-1205-99235,"Apr 10, 2026",6:10:32 PM PDT,,Charge,,Pro Subscription (Words With Friends Solver),com.deepinkcode.wordswithfriendssolver,Subscription,prosub,dew,US,FL,34221,USD,2.49,6.373800,DKK,15.87,prosub,,4994183596643847628,Yes,,,,In-app
GPA.3387-3430-1205-99235,"Apr 10, 2026",6:10:32 PM PDT,,Google fee,,Pro Subscription (Words With Friends Solver),com.deepinkcode.wordswithfriendssolver,Subscription,prosub,dew,US,FL,34221,USD,-0.37,6.373800,DKK,-2.36,prosub,,4994183596643847628,Yes,15,SUBSCRIPTIONS,,In-app
GPA.3398-2032-0518-84599..14,"Apr 10, 2026",7:05:30 PM PDT,,Charge,,Pro Subscription (WF Solver),com.deepinkcode.wordfeudsolver,Subscription,prosub,,DK,,8766,DKK,15.20,1.000000,DKK,15.20,prosubmonth,,4994183596643847628,Yes,,,,
GPA.3398-2032-0518-84599..14,"Apr 10, 2026",7:05:30 PM PDT,,Google fee,,Pro Subscription (WF Solver),com.deepinkcode.wordfeudsolver,Subscription,prosub,,DK,,8766,DKK,-2.28,1.000000,DKK,-2.28,prosubmonth,,4994183596643847628,Yes,15,SUBSCRIPTIONS,,
GPA.3369-9697-7387-77325..9,"Apr 10, 2026",9:52:41 PM PDT,,Charge,,Pro Subscription (WF Solver),com.deepinkcode.wordfeudsolver,Subscription,prosub,,NL,,1942AN,EUR,1.98,7.472200,DKK,14.79,prosubmonth,,4994183596643847628,Yes,,,,
GPA.3369-9697-7387-77325..9,"Apr 10, 2026",9:52:41 PM PDT,,Google fee,,Pro Subscription (WF Solver),com.deepinkcode.wordfeudsolver,Subscription,prosub,,NL,,1942AN,EUR,-0.30,7.472200,DKK,-2.24,prosubmonth,,4994183596643847628,Yes,15,SUBSCRIPTIONS,,
GPA.3359-8571-9948-14977..6,"Apr 11, 2026",12:24:24 AM PDT,,Charge,,Pro Subscription (WF Solver),com.deepinkcode.wordfeudsolver,Subscription,prosub,,NO,,5522,NOK,24.00,0.668960,DKK,16.06,prosubmonth,,4994183596643847628,Yes,,,,
GPA.3359-8571-9948-14977..6,"Apr 11, 2026",12:24:24 AM PDT,,Google fee,,Pro Subscription (WF Solver),com.deepinkcode.wordfeudsolver,Subscription,prosub,,NO,,5522,NOK,-3.60,0.668960,DKK,-2.41,prosubmonth,,4994183596643847628,Yes,15,SUBSCRIPTIONS,,
GPA.3336-2610-8299-77492..2,"Apr 11, 2026",12:30:10 AM PDT,,Charge,,Pro Subscription (WF Solver),com.deepinkcode.wordfeudsolver,Subscription,prosub,,NO,,2890,NOK,24.00,0.668960,DKK,16.06,prosubmonth,,4994183596643847628,Yes,,,,
GPA.3336-2610-8299-77492..2,"Apr 11, 2026",12:30:10 AM PDT,,Google fee,,Pro Subscription (WF Solver),com.deepinkcode.wordfeudsolver,Subscription,prosub,,NO,,2890,NOK,-3.60,0.668960,DKK,-2.41,prosubmonth,,4994183596643847628,Yes,15,SUBSCRIPTIONS,,
GPA.3380-6686-0797-14046..4,"Apr 11, 2026",12:51:13 AM PDT,,Charge,,Pro Subscription (WF Solver),com.deepinkcode.wordfeudsolver,Subscription,prosub,,SE,,453 35,SEK,22.40,0.688840,DKK,15.43,prosubmonth,,4994183596643847628,Yes,,,,
GPA.3380-6686-0797-14046..4,"Apr 11, 2026",12:51:13 AM PDT,,Google fee,,Pro Subscription (WF Solver),com.deepinkcode.wordfeudsolver,Subscription,prosub,,SE,,453 35,SEK,-3.36,0.688840,DKK,-2.31,prosubmonth,,4994183596643847628,Yes,15,SUBSCRIPTIONS,,
GPA.3355-4993-3690-46936,"Apr 11, 2026",1:52:55 AM PDT,,Charge,,Pro Subscription (WF Solver),com.deepinkcode.wordfeudsolver,Subscription,prosub,pa1q,NL,,1781 GX,EUR,1.98,7.472200,DKK,14.79,prosubmonth,,4994183596643847628,Yes,,,,In-app
GPA.3355-4993-3690-46936,"Apr 11, 2026",1:52:55 AM PDT,,Google fee,,Pro Subscription (WF Solver),com.deepinkcode.wordfeudsolver,Subscription,prosub,pa1q,NL,,1781 GX,EUR,-0.30,7.472200,DKK,-2.24,prosubmonth,,4994183596643847628,Yes,15,SUBSCRIPTIONS,,In-app
GPA.3375-2106-8042-56534..2,"Apr 11, 2026",2:21:39 AM PDT,,Charge,,Pro Subscription (WF Solver),com.deepinkcode.wordfeudsolver,Subscription,prosub,,NL,,7881LP,EUR,1.98,7.472200,DKK,14.79,prosubmonth,,4994183596643847628,Yes,,,,
GPA.3375-2106-8042-56534..2,"Apr 11, 2026",2:21:39 AM PDT,,Google fee,,Pro Subscription (WF Solver),com.deepinkcode.wordfeudsolver,Subscription,prosub,,NL,,7881LP,EUR,-0.30,7.472200,DKK,-2.24,prosubmonth,,4994183596643847628,Yes,15,SUBSCRIPTIONS,,
GPA.3385-6423-6918-51114..13,"Apr 11, 2026",2:45:09 AM PDT,,Charge,,Pro Subscription (WF Solver),com.deepinkcode.wordfeudsolver,Subscription,prosub,,SE,,771 41,SEK,23.20,0.688840,DKK,15.98,prosubmonth,,4994183596643847628,Yes,,,,
GPA.3385-6423-6918-51114..13,"Apr 11, 2026",2:45:09 AM PDT,,Google fee,,Pro Subscription (WF Solver),com.deepinkcode.wordfeudsolver,Subscription,prosub,,SE,,771 41,SEK,-3.48,0.688840,DKK,-2.40,prosubmonth,,4994183596643847628,Yes,15,SUBSCRIPTIONS,,
GPA.3354-8497-2996-10965..0,"Apr 11, 2026",2:59:47 AM PDT,,Charge,,Pro Subscription (WF Solver),com.deepinkcode.wordfeudsolver,Subscription,prosub,,NL,,2382EC,EUR,1.98,7.472200,DKK,14.79,prosubmonth,,4994183596643847628,Yes,,,,
GPA.3354-8497-2996-10965..0,"Apr 11, 2026",2:59:47 AM PDT,,Google fee,,Pro Subscription (WF Solver),com.deepinkcode.wordfeudsolver,Subscription,prosub,,NL,,2382EC,EUR,-0.30,7.472200,DKK,-2.24,prosubmonth,,4994183596643847628,Yes,15,SUBSCRIPTIONS,,
GPA.3321-5290-2445-87022..9,"Apr 11, 2026",3:08:09 AM PDT,,Charge,,Pro Subscription (WF Solver),com.deepinkcode.wordfeudsolver,Subscription,prosub,,SE,,36254,SEK,23.20,0.688840,DKK,15.98,prosubmonth,,4994183596643847628,Yes,,,,
GPA.3321-5290-2445-87022..9,"Apr 11, 2026",3:08:09 AM PDT,,Google fee,,Pro Subscription (WF Solver),com.deepinkcode.wordfeudsolver,Subscription,prosub,,SE,,36254,SEK,-3.48,0.688840,DKK,-2.40,prosubmonth,,4994183596643847628,Yes,15,SUBSCRIPTIONS,,
GPA.3343-4281-3740-91034..3,"Apr 11, 2026",4:20:09 AM PDT,,Charge,,Pro Subscription (WF Solver),com.deepinkcode.wordfeudsolver,Subscription,prosub,,DK,,8464,DKK,15.20,1.000000,DKK,15.20,prosubmonth,,4994183596643847628,Yes,,,,
GPA.3343-4281-3740-91034..3,"Apr 11, 2026",4:20:09 AM PDT,,Google fee,,Pro Subscription (WF Solver),com.deepinkcode.wordfeudsolver,Subscription,prosub,,DK,,8464,DKK,-2.28,1.000000,DKK,-2.28,prosubmonth,,4994183596643847628,Yes,15,SUBSCRIPTIONS,,
GPA.3392-2245-3709-13686..6,"Apr 11, 2026",5:14:00 AM PDT,,Charge,,Pro Subscription (WF Solver),com.deepinkcode.wordfeudsolver,Subscription,prosub,,SE,,633 55,SEK,22.40,0.688840,DKK,15.43,prosubmonth,,4994183596643847628,Yes,,,,
GPA.3392-2245-3709-13686..6,"Apr 11, 2026",5:14:00 AM PDT,,Google fee,,Pro Subscription (WF Solver),com.deepinkcode.wordfeudsolver,Subscription,prosub,,SE,,633 55,SEK,-3.36,0.688840,DKK,-2.31,prosubmonth,,4994183596643847628,Yes,15,SUBSCRIPTIONS,,
GPA.3370-2264-3350-80394,"Apr 11, 2026",7:11:47 AM PDT,,Charge,,Pro Subscription (WF Solver),com.deepinkcode.wordfeudsolver,Subscription,prosub,e3q,NL,,9403ZA,EUR,1.98,7.472200,DKK,14.79,prosubmonth,,4994183596643847628,Yes,,,,In-app
GPA.3370-2264-3350-80394,"Apr 11, 2026",7:11:47 AM PDT,,Google fee,,Pro Subscription (WF Solver),com.deepinkcode.wordfeudsolver,Subscription,prosub,e3q,NL,,9403ZA,EUR,-0.30,7.472200,DKK,-2.24,prosubmonth,,4994183596643847628,Yes,15,SUBSCRIPTIONS,,In-app
GPA.3305-0589-9720-33691..10,"Apr 11, 2026",7:57:14 AM PDT,,Charge,,Pro Subscription (WF Solver),com.deepinkcode.wordfeudsolver,Subscription,prosub,,NO,,4317,NOK,24.00,0.668960,DKK,16.06,prosubmonth,,4994183596643847628,Yes,,,,
GPA.3305-0589-9720-33691..10,"Apr 11, 2026",7:57:14 AM PDT,,Google fee,,Pro Subscription (WF Solver),com.deepinkcode.wordfeudsolver,Subscription,prosub,,NO,,4317,NOK,-3.60,0.668960,DKK,-2.41,prosubmonth,,4994183596643847628,Yes,15,SUBSCRIPTIONS,,
GPA.3309-3057-2969-18273..7,"Apr 11, 2026",8:16:08 AM PDT,,Charge,,Pro Subscription (WF Solver),com.deepinkcode.wordfeudsolver,Subscription,prosub,,SE,,371 62,SEK,22.40,0.688840,DKK,15.43,prosubmonth,,4994183596643847628,Yes,,,,
GPA.3309-3057-2969-18273..7,"Apr 11, 2026",8:16:08 AM PDT,,Google fee,,Pro Subscription (WF Solver),com.deepinkcode.wordfeudsolver,Subscription,prosub,,SE,,371 62,SEK,-3.36,0.688840,DKK,-2.31,prosubmonth,,4994183596643847628,Yes,15,SUBSCRIPTIONS,,
GPA.3366-8388-1843-80011..1,"Apr 11, 2026",8:16:31 AM PDT,,Charge,,Pro Subscription (WF Solver),com.deepinkcode.wordfeudsolver,Subscription,prosub,,DK,,4330,DKK,15.20,1.000000,DKK,15.20,prosubmonth,,4994183596643847628,Yes,,,,
GPA.3366-8388-1843-80011..1,"Apr 11, 2026",8:16:31 AM PDT,,Google fee,,Pro Subscription (WF Solver),com.deepinkcode.wordfeudsolver,Subscription,prosub,,DK,,4330,DKK,-2.28,1.000000,DKK,-2.28,prosubmonth,,4994183596643847628,Yes,15,SUBSCRIPTIONS,,
GPA.3361-6414-4444-07338..7,"Apr 11, 2026",10:11:19 AM PDT,,Charge,,Pro Subscription (WF Solver),com.deepinkcode.wordfeudsolver,Subscription,prosub,,NL,,2635 EH,EUR,1.98,7.472200,DKK,14.79,prosubmonth,,4994183596643847628,Yes,,,,
GPA.3361-6414-4444-07338..7,"Apr 11, 2026",10:11:19 AM PDT,,Google fee,,Pro Subscription (WF Solver),com.deepinkcode.wordfeudsolver,Subscription,prosub,,NL,,2635 EH,EUR,-0.30,7.472200,DKK,-2.24,prosubmonth,,4994183596643847628,Yes,15,SUBSCRIPTIONS,,
GPA.3352-5083-1746-96431,"Apr 11, 2026",10:13:59 AM PDT,,Charge,,Pro Subscription (WF Solver),com.deepinkcode.wordfeudsolver,Subscription,prosub,m3q,NL,,3824NX,EUR,1.98,7.472200,DKK,14.79,prosubmonth,,4994183596643847628,Yes,,,,In-app
GPA.3352-5083-1746-96431,"Apr 11, 2026",10:13:59 AM PDT,,Google fee,,Pro Subscription (WF Solver),com.deepinkcode.wordfeudsolver,Subscription,prosub,m3q,NL,,3824NX,EUR,-0.30,7.472200,DKK,-2.24,prosubmonth,,4994183596643847628,Yes,15,SUBSCRIPTIONS,,In-app
GPA.3388-8396-9302-42940..13,"Apr 11, 2026",10:21:58 AM PDT,,Charge,,Pro Subscription (WF Solver),com.deepinkcode.wordfeudsolver,Subscription,prosub,,NL,,4884AX,EUR,1.98,7.472200,DKK,14.79,prosubmonth,,4994183596643847628,Yes,,,,
GPA.3388-8396-9302-42940..13,"Apr 11, 2026",10:21:58 AM PDT,,Google fee,,Pro Subscription (WF Solver),com.deepinkcode.wordfeudsolver,Subscription,prosub,,NL,,4884AX,EUR,-0.30,7.472200,DKK,-2.24,prosubmonth,,4994183596643847628,Yes,15,SUBSCRIPTIONS,,
GPA.3399-4557-9764-20296..0,"Apr 11, 2026",10:38:05 AM PDT,,Charge,,Pro Subscription (WF Solver),com.deepinkcode.wordfeudsolver,Subscription,prosub,,DK,,2630,DKK,15.20,1.000000,DKK,15.20,prosubmonth,,4994183596643847628,Yes,,,,
GPA.3399-4557-9764-20296..0,"Apr 11, 2026",10:38:05 AM PDT,,Google fee,,Pro Subscription (WF Solver),com.deepinkcode.wordfeudsolver,Subscription,prosub,,DK,,2630,DKK,-2.28,1.000000,DKK,-2.28,prosubmonth,,4994183596643847628,Yes,15,SUBSCRIPTIONS,,
GPA.3367-0504-1072-29911..2,"Apr 11, 2026",10:39:15 AM PDT,,Charge,,Pro Subscription (WF Solver),com.deepinkcode.wordfeudsolver,Subscription,prosub,,GB,,HU3 6QT,GBP,1.74,8.580800,DKK,14.93,prosubmonth,,4994183596643847628,Yes,,,,
GPA.3367-0504-1072-29911..2,"Apr 11, 2026",10:39:15 AM PDT,,Google fee,,Pro Subscription (WF Solver),com.deepinkcode.wordfeudsolver,Subscription,prosub,,GB,,HU3 6QT,GBP,-0.26,8.580800,DKK,-2.23,prosubmonth,,4994183596643847628,Yes,15,SUBSCRIPTIONS,,
GPA.3319-6098-7894-97872,"Apr 11, 2026",10:49:40 AM PDT,,Charge,,Pro (WF Solver),com.deepinkcode.wordfeudsolver,One-time product,pro,OP611FL1,DK,,8230,DKK,180.00,1.000000,DKK,180.00,legacy-base,,4994183596643847628,Yes,,,,In-app
GPA.3319-6098-7894-97872,"Apr 11, 2026",10:49:40 AM PDT,,Google fee,,Pro (WF Solver),com.deepinkcode.wordfeudsolver,One-time product,pro,OP611FL1,DK,,8230,DKK,-27.00,1.000000,DKK,-27.00,legacy-base,,4994183596643847628,Yes,15,,,In-app
GPA.3311-9646-8592-92869..13,"Apr 11, 2026",11:17:44 AM PDT,,Charge,,Pro Subscription (WF Solver),com.deepinkcode.wordfeudsolver,Subscription,prosub,,DK,,6100,DKK,15.20,1.000000,DKK,15.20,prosubmonth,,4994183596643847628,Yes,,,,
GPA.3311-9646-8592-92869..13,"Apr 11, 2026",11:17:44 AM PDT,,Google fee,,Pro Subscription (WF Solver),com.deepinkcode.wordfeudsolver,Subscription,prosub,,DK,,6100,DKK,-2.28,1.000000,DKK,-2.28,prosubmonth,,4994183596643847628,Yes,15,SUBSCRIPTIONS,,
GPA.3372-3790-8397-70203..5,"Apr 11, 2026",11:58:13 AM PDT,,Charge,,Pro Subscription (WF Solver),com.deepinkcode.wordfeudsolver,Subscription,prosub,,NL,,5241 LH,EUR,1.98,7.472200,DKK,14.79,prosubmonth,,4994183596643847628,Yes,,,,
GPA.3372-3790-8397-70203..5,"Apr 11, 2026",11:58:13 AM PDT,,Google fee,,Pro Subscription (WF Solver),com.deepinkcode.wordfeudsolver,Subscription,prosub,,NL,,5241 LH,EUR,-0.30,7.472200,DKK,-2.24,prosubmonth,,4994183596643847628,Yes,15,SUBSCRIPTIONS,,
GPA.3360-7736-5717-89176..10,"Apr 11, 2026",12:23:48 PM PDT,,Charge,,Pro Subscription (WF Solver),com.deepinkcode.wordfeudsolver,Subscription,prosub,,NL,,2718 JT,EUR,1.98,7.472200,DKK,14.79,prosubmonth,,4994183596643847628,Yes,,,,
GPA.3360-7736-5717-89176..10,"Apr 11, 2026",12:23:48 PM PDT,,Google fee,,Pro Subscription (WF Solver),com.deepinkcode.wordfeudsolver,Subscription,prosub,,NL,,2718 JT,EUR,-0.30,7.472200,DKK,-2.24,prosubmonth,,4994183596643847628,Yes,15,SUBSCRIPTIONS,,
GPA.3333-9210-2099-85039..12,"Apr 11, 2026",12:26:45 PM PDT,,Charge,,Pro Subscription (WF Solver),com.deepinkcode.wordfeudsolver,Subscription,prosub,,NL,,6176 AJ,EUR,1.98,7.472200,DKK,14.79,prosubmonth,,4994183596643847628,Yes,,,,
GPA.3333-9210-2099-85039..12,"Apr 11, 2026",12:26:45 PM PDT,,Google fee,,Pro Subscription (WF Solver),com.deepinkcode.wordfeudsolver,Subscription,prosub,,NL,,6176 AJ,EUR,-0.30,7.472200,DKK,-2.24,prosubmonth,,4994183596643847628,Yes,15,SUBSCRIPTIONS,,
GPA.3361-1053-7762-07512..12,"Apr 11, 2026",1:15:29 PM PDT,,Charge,,Pro Subscription (WF Solver),com.deepinkcode.wordfeudsolver,Subscription,prosub,,NL,,7961NR,EUR,1.98,7.472200,DKK,14.79,prosubmonth,,4994183596643847628,Yes,,,,
GPA.3361-1053-7762-07512..12,"Apr 11, 2026",1:15:29 PM PDT,,Google fee,,Pro Subscription (WF Solver),com.deepinkcode.wordfeudsolver,Subscription,prosub,,NL,,7961NR,EUR,-0.30,7.472200,DKK,-2.24,prosubmonth,,4994183596643847628,Yes,15,SUBSCRIPTIONS,,
GPA.3374-8931-0472-28525..3,"Apr 11, 2026",1:15:58 PM PDT,,Charge,,Pro Subscription (WF Solver),com.deepinkcode.wordfeudsolver,Subscription,prosub,,NL,,9408JJ,EUR,1.98,7.472200,DKK,14.79,prosubmonth,,4994183596643847628,Yes,,,,
GPA.3374-8931-0472-28525..3,"Apr 11, 2026",1:15:58 PM PDT,,Google fee,,Pro Subscription (WF Solver),com.deepinkcode.wordfeudsolver,Subscription,prosub,,NL,,9408JJ,EUR,-0.30,7.472200,DKK,-2.24,prosubmonth,,4994183596643847628,Yes,15,SUBSCRIPTIONS,,
GPA.3364-5348-0414-07789..1,"Apr 11, 2026",1:44:18 PM PDT,,Charge,,Pro Subscription (Words With Friends Solver),com.deepinkcode.wordswithfriendssolver,Subscription,prosub,,US,TX,75088,USD,2.49,6.373800,DKK,15.87,prosub,,4994183596643847628,Yes,,,,
GPA.3364-5348-0414-07789..1,"Apr 11, 2026",1:44:18 PM PDT,,Google fee,,Pro Subscription (Words With Friends Solver),com.deepinkcode.wordswithfriendssolver,Subscription,prosub,,US,TX,75088,USD,-0.37,6.373800,DKK,-2.36,prosub,,4994183596643847628,Yes,15,SUBSCRIPTIONS,,
GPA.3300-9471-8356-99741..14,"Apr 11, 2026",1:52:56 PM PDT,,Charge,,Pro Subscription (WF Solver),com.deepinkcode.wordfeudsolver,Subscription,prosub,,SE,,16478,SEK,23.20,0.688840,DKK,15.98,prosubmonth,,4994183596643847628,Yes,,,,
GPA.3300-9471-8356-99741..14,"Apr 11, 2026",1:52:56 PM PDT,,Google fee,,Pro Subscription (WF Solver),com.deepinkcode.wordfeudsolver,Subscription,prosub,,SE,,16478,SEK,-3.48,0.688840,DKK,-2.40,prosubmonth,,4994183596643847628,Yes,15,SUBSCRIPTIONS,,
GPA.3373-9747-1708-91818..8,"Apr 11, 2026",3:03:03 PM PDT,,Charge,,Pro Subscription (WF Solver),com.deepinkcode.wordfeudsolver,Subscription,prosub,,DK,,4720,DKK,15.20,1.000000,DKK,15.20,prosubmonth,,4994183596643847628,Yes,,,,
GPA.3373-9747-1708-91818..8,"Apr 11, 2026",3:03:03 PM PDT,,Google fee,,Pro Subscription (WF Solver),com.deepinkcode.wordfeudsolver,Subscription,prosub,,DK,,4720,DKK,-2.28,1.000000,DKK,-2.28,prosubmonth,,4994183596643847628,Yes,15,SUBSCRIPTIONS,,
GPA.3375-9174-0246-94647..0,"Apr 11, 2026",3:15:29 PM PDT,,Charge,,Pro Subscription (WF Solver),com.deepinkcode.wordfeudsolver,Subscription,prosub,,SE,,78476,SEK,22.40,0.688840,DKK,15.43,prosubmonth,,4994183596643847628,Yes,,,,
GPA.3375-9174-0246-94647..0,"Apr 11, 2026",3:15:29 PM PDT,,Google fee,,Pro Subscription (WF Solver),com.deepinkcode.wordfeudsolver,Subscription,prosub,,SE,,78476,SEK,-3.36,0.688840,DKK,-2.31,prosubmonth,,4994183596643847628,Yes,15,SUBSCRIPTIONS,,
GPA.3303-4640-4499-01362..14,"Apr 11, 2026",6:43:10 PM PDT,,Charge,,Pro Subscription (WF Solver),com.deepinkcode.wordfeudsolver,Subscription,prosub,,FR,,75016,EUR,1.99,7.472200,DKK,14.87,prosubmonth,,4994183596643847628,Yes,,,,
GPA.3303-4640-4499-01362..14,"Apr 11, 2026",6:43:10 PM PDT,,Google fee,,Pro Subscription (WF Solver),com.deepinkcode.wordfeudsolver,Subscription,prosub,,FR,,75016,EUR,-0.30,7.472200,DKK,-2.24,prosubmonth,,4994183596643847628,Yes,15,SUBSCRIPTIONS,,
GPA.3300-7632-7959-35033..6,"Apr 11, 2026",10:49:19 PM PDT,,Charge,,Pro Subscription (WF Solver),com.deepinkcode.wordfeudsolver,Subscription,prosub,,NL,,4614JG,EUR,1.98,7.472200,DKK,14.79,prosubmonth,,4994183596643847628,Yes,,,,
GPA.3300-7632-7959-35033..6,"Apr 11, 2026",10:49:19 PM PDT,,Google fee,,Pro Subscription (WF Solver),com.deepinkcode.wordfeudsolver,Subscription,prosub,,NL,,4614JG,EUR,-0.30,7.472200,DKK,-2.24,prosubmonth,,4994183596643847628,Yes,15,SUBSCRIPTIONS,,
GPA.3377-9224-9406-65418..6,"Apr 11, 2026",11:18:51 PM PDT,,Charge,,Pro Subscription (WF Solver),com.deepinkcode.wordfeudsolver,Subscription,prosub,,DK,,2650,DKK,15.20,1.000000,DKK,15.20,prosubmonth,,4994183596643847628,Yes,,,,
GPA.3377-9224-9406-65418..6,"Apr 11, 2026",11:18:51 PM PDT,,Google fee,,Pro Subscription (WF Solver),com.deepinkcode.wordfeudsolver,Subscription,prosub,,DK,,2650,DKK,-2.28,1.000000,DKK,-2.28,prosubmonth,,4994183596643847628,Yes,15,SUBSCRIPTIONS,,
GPA.3316-4181-1825-60705..10,"Apr 12, 2026",1:49:39 AM PDT,,Charge,,Pro Subscription (WF Solver),com.deepinkcode.wordfeudsolver,Subscription,prosub,,NL,,8051NN,EUR,1.98,7.472200,DKK,14.79,prosubmonth,,4994183596643847628,Yes,,,,
GPA.3316-4181-1825-60705..10,"Apr 12, 2026",1:49:39 AM PDT,,Google fee,,Pro Subscription (WF Solver),com.deepinkcode.wordfeudsolver,Subscription,prosub,,NL,,8051NN,EUR,-0.30,7.472200,DKK,-2.24,prosubmonth,,4994183596643847628,Yes,15,SUBSCRIPTIONS,,
GPA.3316-5085-0656-07319,"Apr 12, 2026",2:17:38 AM PDT,,Charge,,Pro Subscription (WF Solver),com.deepinkcode.wordfeudsolver,Subscription,prosub,pa1q,NL,,3328 TG,EUR,1.98,7.472200,DKK,14.79,prosubmonth,,4994183596643847628,Yes,,,,In-app
GPA.3316-5085-0656-07319,"Apr 12, 2026",2:17:38 AM PDT,,Google fee,,Pro Subscription (WF Solver),com.deepinkcode.wordfeudsolver,Subscription,prosub,pa1q,NL,,3328 TG,EUR,-0.30,7.472200,DKK,-2.24,prosubmonth,,4994183596643847628,Yes,15,SUBSCRIPTIONS,,In-app
GPA.3353-3400-5209-87407..11,"Apr 12, 2026",2:43:22 AM PDT,,Charge,,Pro Subscription (WF Solver),com.deepinkcode.wordfeudsolver,Subscription,prosub,,NL,,2265 AH,EUR,1.98,7.472200,DKK,14.79,prosubmonth,,4994183596643847628,Yes,,,,
GPA.3353-3400-5209-87407..11,"Apr 12, 2026",2:43:22 AM PDT,,Google fee,,Pro Subscription (WF Solver),com.deepinkcode.wordfeudsolver,Subscription,prosub,,NL,,2265 AH,EUR,-0.30,7.472200,DKK,-2.24,prosubmonth,,4994183596643847628,Yes,15,SUBSCRIPTIONS,,
GPA.3377-2782-2780-15852,"Apr 12, 2026",2:47:02 AM PDT,,Charge,,Pro Subscription (WF Solver),com.deepinkcode.wordfeudsolver,Subscription,prosub,t2s,SE,,834 31,SEK,22.40,0.688840,DKK,15.43,prosubmonth,,4994183596643847628,Yes,,,,In-app
GPA.3377-2782-2780-15852,"Apr 12, 2026",2:47:02 AM PDT,,Google fee,,Pro Subscription (WF Solver),com.deepinkcode.wordfeudsolver,Subscription,prosub,t2s,SE,,834 31,SEK,-3.36,0.688840,DKK,-2.31,prosubmonth,,4994183596643847628,Yes,15,SUBSCRIPTIONS,,In-app
GPA.3361-6994-2485-66360..14,"Apr 12, 2026",3:18:13 AM PDT,,Charge,,Pro Subscription (WF Solver),com.deepinkcode.wordfeudsolver,Subscription,prosub,,NL,,6367 BZ,EUR,1.98,7.472200,DKK,14.79,prosubmonth,,4994183596643847628,Yes,,,,
GPA.3361-6994-2485-66360..14,"Apr 12, 2026",3:18:13 AM PDT,,Google fee,,Pro Subscription (WF Solver),com.deepinkcode.wordfeudsolver,Subscription,prosub,,NL,,6367 BZ,EUR,-0.30,7.472200,DKK,-2.24,prosubmonth,,4994183596643847628,Yes,15,SUBSCRIPTIONS,,
GPA.3359-2310-8799-37172..1,"Apr 12, 2026",3:39:12 AM PDT,,Charge,,Pro Subscription (WF Solver),com.deepinkcode.wordfeudsolver,Subscription,prosub,,NL,,6361 BN,EUR,1.98,7.472200,DKK,14.79,prosubmonth,,4994183596643847628,Yes,,,,
GPA.3359-2310-8799-37172..1,"Apr 12, 2026",3:39:12 AM PDT,,Google fee,,Pro Subscription (WF Solver),com.deepinkcode.wordfeudsolver,Subscription,prosub,,NL,,6361 BN,EUR,-0.30,7.472200,DKK,-2.24,prosubmonth,,4994183596643847628,Yes,15,SUBSCRIPTIONS,,
GPA.3320-3239-2597-43083..1,"Apr 12, 2026",3:58:43 AM PDT,,Charge,,Pro Subscription (WF Solver),com.deepinkcode.wordfeudsolver,Subscription,prosub,,US,LA,70802,USD,2.49,6.373800,DKK,15.87,prosubmonth,,4994183596643847628,Yes,,,,
GPA.3320-3239-2597-43083..1,"Apr 12, 2026",3:58:43 AM PDT,,Google fee,,Pro Subscription (WF Solver),com.deepinkcode.wordfeudsolver,Subscription,prosub,,US,LA,70802,USD,-0.37,6.373800,DKK,-2.36,prosubmonth,,4994183596643847628,Yes,15,SUBSCRIPTIONS,,
GPA.3314-2636-0993-64009..13,"Apr 12, 2026",4:04:39 AM PDT,,Charge,,Pro Subscription (WF Solver),com.deepinkcode.wordfeudsolver,Subscription,prosub,,SE,,50261,SEK,23.20,0.688840,DKK,15.98,prosubmonth,,4994183596643847628,Yes,,,,
GPA.3314-2636-0993-64009..13,"Apr 12, 2026",4:04:39 AM PDT,,Google fee,,Pro Subscription (WF Solver),com.deepinkcode.wordfeudsolver,Subscription,prosub,,SE,,50261,SEK,-3.48,0.688840,DKK,-2.40,prosubmonth,,4994183596643847628,Yes,15,SUBSCRIPTIONS,,
GPA.3335-8642-7026-05598..9,"Apr 12, 2026",5:09:42 AM PDT,,Charge,,Pro Subscription (Words With Friends Solver),com.deepinkcode.wordswithfriendssolver,Subscription,prosub,,US,IL,60626,USD,1.99,6.373800,DKK,12.68,prosub,,4994183596643847628,Yes,,,,
GPA.3335-8642-7026-05598..9,"Apr 12, 2026",5:09:42 AM PDT,,Google fee,,Pro Subscription (Words With Friends Solver),com.deepinkcode.wordswithfriendssolver,Subscription,prosub,,US,IL,60626,USD,-0.30,6.373800,DKK,-1.91,prosub,,4994183596643847628,Yes,15,SUBSCRIPTIONS,,
GPA.3319-8140-8017-04095..1,"Apr 12, 2026",5:27:43 AM PDT,,Charge,,Pro Subscription (WF Solver),com.deepinkcode.wordfeudsolver,Subscription,prosub,,NL,,1721JD,EUR,1.98,7.472200,DKK,14.79,prosubmonth,,4994183596643847628,Yes,,,,
GPA.3319-8140-8017-04095..1,"Apr 12, 2026",5:27:43 AM PDT,,Google fee,,Pro Subscription (WF Solver),com.deepinkcode.wordfeudsolver,Subscription,prosub,,NL,,1721JD,EUR,-0.30,7.472200,DKK,-2.24,prosubmonth,,4994183596643847628,Yes,15,SUBSCRIPTIONS,,
GPA.3352-5735-0379-51703..3,"Apr 12, 2026",6:00:52 AM PDT,,Charge,,Pro Subscription (WF Solver),com.deepinkcode.wordfeudsolver,Subscription,prosub,,CH,,1206,CHF,1.90,8.080900,DKK,15.35,prosubmonth,,4994183596643847628,Yes,,,,
GPA.3352-5735-0379-51703..3,"Apr 12, 2026",6:00:52 AM PDT,,Google fee,,Pro Subscription (WF Solver),com.deepinkcode.wordfeudsolver,Subscription,prosub,,CH,,1206,CHF,-0.28,8.080900,DKK,-2.26,prosubmonth,,4994183596643847628,Yes,15,SUBSCRIPTIONS,,
GPA.3392-6312-0938-16023..9,"Apr 12, 2026",6:01:53 AM PDT,,Charge,,Pro Subscription (WF Solver),com.deepinkcode.wordfeudsolver,Subscription,prosub,,NL,,1325 NB,EUR,1.98,7.472200,DKK,14.79,prosubmonth,,4994183596643847628,Yes,,,,
GPA.3392-6312-0938-16023..9,"Apr 12, 2026",6:01:53 AM PDT,,Google fee,,Pro Subscription (WF Solver),com.deepinkcode.wordfeudsolver,Subscription,prosub,,NL,,1325 NB,EUR,-0.30,7.472200,DKK,-2.24,prosubmonth,,4994183596643847628,Yes,15,SUBSCRIPTIONS,,
GPA.3367-1749-1791-19086..7,"Apr 12, 2026",6:39:50 AM PDT,,Charge,,Pro Subscription (Words With Friends Solver),com.deepinkcode.wordswithfriendssolver,Subscription,prosub,,GB,,SK1 3LP,GBP,1.74,8.580800,DKK,14.93,prosub,,4994183596643847628,Yes,,,,
GPA.3367-1749-1791-19086..7,"Apr 12, 2026",6:39:50 AM PDT,,Google fee,,Pro Subscription (Words With Friends Solver),com.deepinkcode.wordswithfriendssolver,Subscription,prosub,,GB,,SK1 3LP,GBP,-0.26,8.580800,DKK,-2.23,prosub,,4994183596643847628,Yes,15,SUBSCRIPTIONS,,
GPA.3396-8409-1133-42433..17,"Apr 12, 2026",7:16:40 AM PDT,,Charge,,Pro Subscription (WF Solver),com.deepinkcode.wordfeudsolver,Subscription,prosub,,NO,,0588,NOK,23.20,0.668960,DKK,15.52,prosubmonth,,4994183596643847628,Yes,,,,
GPA.3396-8409-1133-42433..17,"Apr 12, 2026",7:16:40 AM PDT,,Google fee,,Pro Subscription (WF Solver),com.deepinkcode.wordfeudsolver,Subscription,prosub,,NO,,0588,NOK,-3.48,0.668960,DKK,-2.33,prosubmonth,,4994183596643847628,Yes,15,SUBSCRIPTIONS,,
GPA.3360-1417-3164-96396,"Apr 12, 2026",7:28:55 AM PDT,,Charge,,Pro Subscription (WF Solver),com.deepinkcode.wordfeudsolver,Subscription,prosub,o1s,NL,,3059 RA,EUR,1.98,7.472200,DKK,14.79,prosubmonth,,4994183596643847628,Yes,,,,In-app
GPA.3360-1417-3164-96396,"Apr 12, 2026",7:28:55 AM PDT,,Google fee,,Pro Subscription (WF Solver),com.deepinkcode.wordfeudsolver,Subscription,prosub,o1s,NL,,3059 RA,EUR,-0.30,7.472200,DKK,-2.24,prosubmonth,,4994183596643847628,Yes,15,SUBSCRIPTIONS,,In-app
GPA.3354-0804-2713-40378..0,"Apr 12, 2026",7:44:57 AM PDT,,Charge,,Pro Subscription (WF Solver),com.deepinkcode.wordfeudsolver,Subscription,prosub,,SE,,53235,SEK,22.40,0.688840,DKK,15.43,prosubmonth,,4994183596643847628,Yes,,,,
GPA.3354-0804-2713-40378..0,"Apr 12, 2026",7:44:57 AM PDT,,Google fee,,Pro Subscription (WF Solver),com.deepinkcode.wordfeudsolver,Subscription,prosub,,SE,,53235,SEK,-3.36,0.688840,DKK,-2.31,prosubmonth,,4994183596643847628,Yes,15,SUBSCRIPTIONS,,
GPA.3399-2409-0391-60431..13,"Apr 12, 2026",7:51:56 AM PDT,,Charge,,Pro Subscription (WF Solver),com.deepinkcode.wordfeudsolver,Subscription,prosub,,SE,,553 31,SEK,23.20,0.688840,DKK,15.98,prosubmonth,,4994183596643847628,Yes,,,,
GPA.3399-2409-0391-60431..13,"Apr 12, 2026",7:51:56 AM PDT,,Google fee,,Pro Subscription (WF Solver),com.deepinkcode.wordfeudsolver,Subscription,prosub,,SE,,553 31,SEK,-3.48,0.688840,DKK,-2.40,prosubmonth,,4994183596643847628,Yes,15,SUBSCRIPTIONS,,
GPA.3350-0729-9794-78256..4,"Apr 12, 2026",8:28:52 AM PDT,,Charge,,Pro Subscription (WF Solver),com.deepinkcode.wordfeudsolver,Subscription,prosub,,NL,,9679 TR,EUR,1.98,7.472200,DKK,14.79,prosubmonth,,4994183596643847628,Yes,,,,
GPA.3350-0729-9794-78256..4,"Apr 12, 2026",8:28:52 AM PDT,,Google fee,,Pro Subscription (WF Solver),com.deepinkcode.wordfeudsolver,Subscription,prosub,,NL,,9679 TR,EUR,-0.30,7.472200,DKK,-2.24,prosubmonth,,4994183596643847628,Yes,15,SUBSCRIPTIONS,,
GPA.3385-4660-4901-96399..3,"Apr 12, 2026",8:33:47 AM PDT,,Charge,,Pro Subscription (WF Solver),com.deepinkcode.wordfeudsolver,Subscription,prosub,,NL,,7559LM,EUR,1.98,7.472200,DKK,14.79,prosubmonth,,4994183596643847628,Yes,,,,
GPA.3385-4660-4901-96399..3,"Apr 12, 2026",8:33:47 AM PDT,,Google fee,,Pro Subscription (WF Solver),com.deepinkcode.wordfeudsolver,Subscription,prosub,,NL,,7559LM,EUR,-0.30,7.472200,DKK,-2.24,prosubmonth,,4994183596643847628,Yes,15,SUBSCRIPTIONS,,
GPA.3361-7829-0517-00540..2,"Apr 12, 2026",10:25:44 AM PDT,,Charge,,Pro Subscription (WF Solver),com.deepinkcode.wordfeudsolver,Subscription,prosub,,DE,,26826,EUR,2.01,7.472200,DKK,15.02,prosubmonth,,4994183596643847628,Yes,,,,
GPA.3361-7829-0517-00540..2,"Apr 12, 2026",10:25:44 AM PDT,,Google fee,,Pro Subscription (WF Solver),com.deepinkcode.wordfeudsolver,Subscription,prosub,,DE,,26826,EUR,-0.30,7.472200,DKK,-2.24,prosubmonth,,4994183596643847628,Yes,15,SUBSCRIPTIONS,,
GPA.3365-4068-7335-82401,"Apr 12, 2026",10:29:47 AM PDT,,Charge,,Pro Subscription (WF Solver),com.deepinkcode.wordfeudsolver,Subscription,prosub,q7q,NO,,2512,NOK,24.00,0.668960,DKK,16.06,prosubmonth,,4994183596643847628,Yes,,,,In-app
GPA.3365-4068-7335-82401,"Apr 12, 2026",10:29:47 AM PDT,,Google fee,,Pro Subscription (WF Solver),com.deepinkcode.wordfeudsolver,Subscription,prosub,q7q,NO,,2512,NOK,-3.60,0.668960,DKK,-2.41,prosubmonth,,4994183596643847628,Yes,15,SUBSCRIPTIONS,,In-app
GPA.3378-9136-4256-15733..4,"Apr 12, 2026",10:51:53 AM PDT,,Charge,,Pro Subscription (WF Solver),com.deepinkcode.wordfeudsolver,Subscription,prosub,,SE,,18740,SEK,22.40,0.688840,DKK,15.43,prosubmonth,,4994183596643847628,Yes,,,,
GPA.3378-9136-4256-15733..4,"Apr 12, 2026",10:51:53 AM PDT,,Google fee,,Pro Subscription (WF Solver),com.deepinkcode.wordfeudsolver,Subscription,prosub,,SE,,18740,SEK,-3.36,0.688840,DKK,-2.31,prosubmonth,,4994183596643847628,Yes,15,SUBSCRIPTIONS,,
GPA.3353-7040-4012-93148,"Apr 12, 2026",11:10:44 AM PDT,,Charge,,Pro Subscription (WF Solver),com.deepinkcode.wordfeudsolver,Subscription,prosub,OP5D3BL1,DK,,4130,DKK,15.20,1.000000,DKK,15.20,prosubmonth,,4994183596643847628,Yes,,,,In-app
GPA.3353-7040-4012-93148,"Apr 12, 2026",11:10:44 AM PDT,,Google fee,,Pro Subscription (WF Solver),com.deepinkcode.wordfeudsolver,Subscription,prosub,OP5D3BL1,DK,,4130,DKK,-2.28,1.000000,DKK,-2.28,prosubmonth,,4994183596643847628,Yes,15,SUBSCRIPTIONS,,In-app
GPA.3336-7432-5032-35776..17,"Apr 12, 2026",11:19:57 AM PDT,,Charge,,Pro Subscription (WF Solver),com.deepinkcode.wordfeudsolver,Subscription,prosub,,NL,,2211 DL,EUR,1.98,7.472200,DKK,14.79,prosubmonth,,4994183596643847628,Yes,,,,
GPA.3336-7432-5032-35776..17,"Apr 12, 2026",11:19:57 AM PDT,,Google fee,,Pro Subscription (WF Solver),com.deepinkcode.wordfeudsolver,Subscription,prosub,,NL,,2211 DL,EUR,-0.30,7.472200,DKK,-2.24,prosubmonth,,4994183596643847628,Yes,15,SUBSCRIPTIONS,,
GPA.3346-4650-2576-18385,"Apr 12, 2026",11:39:47 AM PDT,,Charge refund,Full,Pro Subscription (WF Solver),com.deepinkcode.wordfeudsolver,Subscription,prosub,dm3q,DK,,5883,DKK,-15.20,1.000000,DKK,-15.20,prosubmonth,,4994183596643847628,Yes,,,,Play store
GPA.3346-4650-2576-18385,"Apr 12, 2026",11:39:47 AM PDT,,Google fee refund,Full,Pro Subscription (WF Solver),com.deepinkcode.wordfeudsolver,Subscription,prosub,dm3q,DK,,5883,DKK,2.28,1.000000,DKK,2.28,prosubmonth,,4994183596643847628,Yes,15,SUBSCRIPTIONS,,Play store
GPA.3352-3893-1129-66894..4,"Apr 12, 2026",11:45:53 AM PDT,,Charge,,Pro Subscription (Scrabble GO Cheat),com.deepinkcode.scrabblegocheat,Subscription,prosub,,US,MA,01040,USD,2.49,6.373800,DKK,15.87,prosubmonth,,4994183596643847628,Yes,,,,
GPA.3352-3893-1129-66894..4,"Apr 12, 2026",11:45:53 AM PDT,,Google fee,,Pro Subscription (Scrabble GO Cheat),com.deepinkcode.scrabblegocheat,Subscription,prosub,,US,MA,01040,USD,-0.37,6.373800,DKK,-2.36,prosubmonth,,4994183596643847628,Yes,15,SUBSCRIPTIONS,,
GPA.3306-7831-1337-31404,"Apr 12, 2026",11:57:01 AM PDT,,Charge,,Pro Subscription (WF Solver),com.deepinkcode.wordfeudsolver,Subscription,prosub,OP5D55L1,NL,,3331 EE,EUR,1.98,7.472200,DKK,14.79,prosubmonth,,4994183596643847628,Yes,,,,In-app
GPA.3306-7831-1337-31404,"Apr 12, 2026",11:57:01 AM PDT,,Google fee,,Pro Subscription (WF Solver),com.deepinkcode.wordfeudsolver,Subscription,prosub,OP5D55L1,NL,,3331 EE,EUR,-0.30,7.472200,DKK,-2.24,prosubmonth,,4994183596643847628,Yes,15,SUBSCRIPTIONS,,In-app
GPA.3363-1734-6704-37630,"Apr 12, 2026",11:58:20 AM PDT,,Charge,,Pro Subscription (WF Solver),com.deepinkcode.wordfeudsolver,Subscription,prosub,dm3q,DK,,5883,DKK,15.20,1.000000,DKK,15.20,prosubmonth,,4994183596643847628,Yes,,,,In-app
GPA.3363-1734-6704-37630,"Apr 12, 2026",11:58:20 AM PDT,,Google fee,,Pro Subscription (WF Solver),com.deepinkcode.wordfeudsolver,Subscription,prosub,dm3q,DK,,5883,DKK,-2.28,1.000000,DKK,-2.28,prosubmonth,,4994183596643847628,Yes,15,SUBSCRIPTIONS,,In-app
GPA.3314-9409-9930-29388..2,"Apr 12, 2026",12:28:13 PM PDT,,Charge,,Pro Subscription (WF Solver),com.deepinkcode.wordfeudsolver,Subscription,prosub,,DK,,4100,DKK,15.20,1.000000,DKK,15.20,prosubmonth,,4994183596643847628,Yes,,,,
GPA.3314-9409-9930-29388..2,"Apr 12, 2026",12:28:13 PM PDT,,Google fee,,Pro Subscription (WF Solver),com.deepinkcode.wordfeudsolver,Subscription,prosub,,DK,,4100,DKK,-2.28,1.000000,DKK,-2.28,prosubmonth,,4994183596643847628,Yes,15,SUBSCRIPTIONS,,
GPA.3373-7173-8494-92559..1,"Apr 12, 2026",12:30:34 PM PDT,,Charge,,Pro Subscription (WF Solver),com.deepinkcode.wordfeudsolver,Subscription,prosub,,NO,,7560,NOK,24.00,0.668960,DKK,16.06,prosubmonth,,4994183596643847628,Yes,,,,
GPA.3373-7173-8494-92559..1,"Apr 12, 2026",12:30:34 PM PDT,,Google fee,,Pro Subscription (WF Solver),com.deepinkcode.wordfeudsolver,Subscription,prosub,,NO,,7560,NOK,-3.60,0.668960,DKK,-2.41,prosubmonth,,4994183596643847628,Yes,15,SUBSCRIPTIONS,,
GPA.3316-9043-1016-76896..14,"Apr 12, 2026",12:55:52 PM PDT,,Charge,,Pro Subscription (WF Solver),com.deepinkcode.wordfeudsolver,Subscription,prosub,,GB,,SP8 4ST,GBP,1.66,8.580800,DKK,14.24,prosubmonth,,4994183596643847628,Yes,,,,
GPA.3316-9043-1016-76896..14,"Apr 12, 2026",12:55:52 PM PDT,,Google fee,,Pro Subscription (WF Solver),com.deepinkcode.wordfeudsolver,Subscription,prosub,,GB,,SP8 4ST,GBP,-0.25,8.580800,DKK,-2.14,prosubmonth,,4994183596643847628,Yes,15,SUBSCRIPTIONS,,
GPA.3376-1674-9165-32938,"Apr 12, 2026",2:04:13 PM PDT,,Charge,,Pro Subscription (Words With Friends Solver),com.deepinkcode.wordswithfriendssolver,Subscription,prosub,q7q,US,FL,33401,USD,2.49,6.399300,DKK,15.93,prosub,,4994183596643847628,Yes,,,,In-app
GPA.3376-1674-9165-32938,"Apr 12, 2026",2:04:13 PM PDT,,Google fee,,Pro Subscription (Words With Friends Solver),com.deepinkcode.wordswithfriendssolver,Subscription,prosub,q7q,US,FL,33401,USD,-0.37,6.399300,DKK,-2.37,prosub,,4994183596643847628,Yes,15,SUBSCRIPTIONS,,In-app
GPA.3340-6752-1657-56980..1,"Apr 12, 2026",3:15:54 PM PDT,,Charge,,Pro Subscription (Words With Friends Solver),com.deepinkcode.wordswithfriendssolver,Subscription,prosub,,US,OR,97304,USD,2.49,6.402200,DKK,15.94,prosub,,4994183596643847628,Yes,,,,
GPA.3340-6752-1657-56980..1,"Apr 12, 2026",3:15:54 PM PDT,,Google fee,,Pro Subscription (Words With Friends Solver),com.deepinkcode.wordswithfriendssolver,Subscription,prosub,,US,OR,97304,USD,-0.37,6.402200,DKK,-2.37,prosub,,4994183596643847628,Yes,15,SUBSCRIPTIONS,,
GPA.3315-8760-6116-17634..0,"Apr 12, 2026",3:16:45 PM PDT,,Charge,,Pro Subscription (Scrabble GO Cheat),com.deepinkcode.scrabblegocheat,Subscription,prosub,,US,WA,98661,USD,2.49,6.402200,DKK,15.94,prosubmonth,,4994183596643847628,Yes,,,,
GPA.3315-8760-6116-17634..0,"Apr 12, 2026",3:16:45 PM PDT,,Google fee,,Pro Subscription (Scrabble GO Cheat),com.deepinkcode.scrabblegocheat,Subscription,prosub,,US,WA,98661,USD,-0.37,6.402200,DKK,-2.37,prosubmonth,,4994183596643847628,Yes,15,SUBSCRIPTIONS,,
GPA.3304-1430-3257-46367..14,"Apr 12, 2026",3:57:29 PM PDT,,Charge,,Pro Subscription (WF Solver),com.deepinkcode.wordfeudsolver,Subscription,prosub,,NO,,6050,NOK,24.00,0.669940,DKK,16.08,prosubmonth,,4994183596643847628,Yes,,,,
GPA.3304-1430-3257-46367..14,"Apr 12, 2026",3:57:29 PM PDT,,Google fee,,Pro Subscription (WF Solver),com.deepinkcode.wordfeudsolver,Subscription,prosub,,NO,,6050,NOK,-3.60,0.669940,DKK,-2.41,prosubmonth,,4994183596643847628,Yes,15,SUBSCRIPTIONS,,
GPA.3301-9176-9348-85351..12,"Apr 12, 2026",4:00:25 PM PDT,,Charge,,Pro Subscription (WF Solver),com.deepinkcode.wordfeudsolver,Subscription,prosub,,NO,,4275,NOK,24.00,0.669440,DKK,16.07,prosubmonth,,4994183596643847628,Yes,,,,
GPA.3301-9176-9348-85351..12,"Apr 12, 2026",4:00:25 PM PDT,,Google fee,,Pro Subscription (WF Solver),com.deepinkcode.wordfeudsolver,Subscription,prosub,,NO,,4275,NOK,-3.60,0.669440,DKK,-2.41,prosubmonth,,4994183596643847628,Yes,15,SUBSCRIPTIONS,,
GPA.3331-2719-7277-51745..4,"Apr 12, 2026",7:24:56 PM PDT,,Charge,,Pro Subscription (Words With Friends Solver),com.deepinkcode.wordswithfriendssolver,Subscription,prosub,,US,CT,06901,USD,2.49,6.393600,DKK,15.92,prosub,,4994183596643847628,Yes,,,,
GPA.3331-2719-7277-51745..4,"Apr 12, 2026",7:24:56 PM PDT,,Google fee,,Pro Subscription (Words With Friends Solver),com.deepinkcode.wordswithfriendssolver,Subscription,prosub,,US,CT,06901,USD,-0.37,6.393600,DKK,-2.37,prosub,,4994183596643847628,Yes,15,SUBSCRIPTIONS,,
GPA.3366-7216-9937-97626..13,"Apr 12, 2026",9:12:25 PM PDT,,Charge,,Pro Subscription (WF Solver),com.deepinkcode.wordfeudsolver,Subscription,prosub,,SE,,21211,SEK,23.20,0.684990,DKK,15.89,prosubmonth,,4994183596643847628,Yes,,,,
GPA.3366-7216-9937-97626..13,"Apr 12, 2026",9:12:25 PM PDT,,Google fee,,Pro Subscription (WF Solver),com.deepinkcode.wordfeudsolver,Subscription,prosub,,SE,,21211,SEK,-3.48,0.684990,DKK,-2.38,prosubmonth,,4994183596643847628,Yes,15,SUBSCRIPTIONS,,
GPA.3344-9488-7759-75022,"Apr 12, 2026",10:56:23 PM PDT,,Charge,,Pro Subscription (WF Solver),com.deepinkcode.wordfeudsolver,Subscription,prosub,a32x,NL,,3297 TB,EUR,1.98,7.472700,DKK,14.80,prosubmonth,,4994183596643847628,Yes,,,,In-app
GPA.3344-9488-7759-75022,"Apr 12, 2026",10:56:23 PM PDT,,Google fee,,Pro Subscription (WF Solver),com.deepinkcode.wordfeudsolver,Subscription,prosub,a32x,NL,,3297 TB,EUR,-0.30,7.472700,DKK,-2.25,prosubmonth,,4994183596643847628,Yes,15,SUBSCRIPTIONS,,In-app
GPA.3373-8884-2127-40485..5,"Apr 12, 2026",11:12:14 PM PDT,,Charge,,Pro Subscription (WF Solver),com.deepinkcode.wordfeudsolver,Subscription,prosub,,NO,,7290,NOK,24.00,0.670810,DKK,16.10,prosubmonth,,4994183596643847628,Yes,,,,
GPA.3373-8884-2127-40485..5,"Apr 12, 2026",11:12:14 PM PDT,,Google fee,,Pro Subscription (WF Solver),com.deepinkcode.wordfeudsolver,Subscription,prosub,,NO,,7290,NOK,-3.60,0.670810,DKK,-2.42,prosubmonth,,4994183596643847628,Yes,15,SUBSCRIPTIONS,,
GPA.3325-5534-8945-56960..16,"Apr 12, 2026",11:44:13 PM PDT,,Charge,,Pro Subscription (WF Solver),com.deepinkcode.wordfeudsolver,Subscription,prosub,,NL,,6077AC,EUR,1.98,7.472700,DKK,14.80,prosubmonth,,4994183596643847628,Yes,,,,
GPA.3325-5534-8945-56960..16,"Apr 12, 2026",11:44:13 PM PDT,,Google fee,,Pro Subscription (WF Solver),com.deepinkcode.wordfeudsolver,Subscription,prosub,,NL,,6077AC,EUR,-0.30,7.472700,DKK,-2.25,prosubmonth,,4994183596643847628,Yes,15,SUBSCRIPTIONS,,
GPA.3300-9889-2208-05259..9,"Apr 13, 2026",12:04:04 AM PDT,,Charge,,Pro Subscription (WF Solver),com.deepinkcode.wordfeudsolver,Subscription,prosub,,NL,,7417 CL,EUR,1.98,7.472500,DKK,14.80,prosubmonth,,4994183596643847628,Yes,,,,
GPA.3300-9889-2208-05259..9,"Apr 13, 2026",12:04:04 AM PDT,,Google fee,,Pro Subscription (WF Solver),com.deepinkcode.wordfeudsolver,Subscription,prosub,,NL,,7417 CL,EUR,-0.30,7.472500,DKK,-2.25,prosubmonth,,4994183596643847628,Yes,15,SUBSCRIPTIONS,,
GPA.3307-2047-8739-54555..3,"Apr 13, 2026",1:11:18 AM PDT,,Charge,,Pro Subscription (Words With Friends Solver),com.deepinkcode.wordswithfriendssolver,Subscription,prosub,,US,UT,84720,USD,2.49,6.391800,DKK,15.92,prosub,,4994183596643847628,Yes,,,,
GPA.3307-2047-8739-54555..3,"Apr 13, 2026",1:11:18 AM PDT,,Google fee,,Pro Subscription (Words With Friends Solver),com.deepinkcode.wordswithfriendssolver,Subscription,prosub,,US,UT,84720,USD,-0.37,6.391800,DKK,-2.36,prosub,,4994183596643847628,Yes,15,SUBSCRIPTIONS,,
GPA.3339-4955-5472-44874..10,"Apr 13, 2026",1:14:22 AM PDT,,Charge,,Pro Subscription (WF Solver),com.deepinkcode.wordfeudsolver,Subscription,prosub,,SE,,41876,SEK,23.20,0.686380,DKK,15.92,prosubmonth,,4994183596643847628,Yes,,,,
GPA.3339-4955-5472-44874..10,"Apr 13, 2026",1:14:22 AM PDT,,Google fee,,Pro Subscription (WF Solver),com.deepinkcode.wordfeudsolver,Subscription,prosub,,SE,,41876,SEK,-3.48,0.686380,DKK,-2.38,prosubmonth,,4994183596643847628,Yes,15,SUBSCRIPTIONS,,
GPA.3346-5346-1792-77507,"Apr 13, 2026",1:26:45 AM PDT,,Charge,,Pro Subscription (WF Solver),com.deepinkcode.wordfeudsolver,Subscription,prosub,e1s,NL,,4691EG,EUR,1.98,7.472300,DKK,14.80,prosubmonth,,4994183596643847628,Yes,,,,In-app
GPA.3346-5346-1792-77507,"Apr 13, 2026",1:26:45 AM PDT,,Google fee,,Pro Subscription (WF Solver),com.deepinkcode.wordfeudsolver,Subscription,prosub,e1s,NL,,4691EG,EUR,-0.30,7.472300,DKK,-2.25,prosubmonth,,4994183596643847628,Yes,15,SUBSCRIPTIONS,,In-app
GPA.3331-2156-5210-32314,"Apr 13, 2026",2:18:52 AM PDT,,Charge,,Pro Subscription (WF Solver),com.deepinkcode.wordfeudsolver,Subscription,prosub,e1s,SE,,614 33,SEK,22.40,0.686490,DKK,15.38,prosubmonth,,4994183596643847628,Yes,,,,In-app
GPA.3331-2156-5210-32314,"Apr 13, 2026",2:18:52 AM PDT,,Google fee,,Pro Subscription (WF Solver),com.deepinkcode.wordfeudsolver,Subscription,prosub,e1s,SE,,614 33,SEK,-3.36,0.686490,DKK,-2.31,prosubmonth,,4994183596643847628,Yes,15,SUBSCRIPTIONS,,In-app
GPA.3385-1485-8126-88569,"Apr 13, 2026",3:57:09 AM PDT,,Charge,,Pro (WF Solver),com.deepinkcode.wordfeudsolver,One-time product,pro,r0s,NL,,2224dp,EUR,23.96,7.472700,DKK,179.05,legacy-base,,4994183596643847628,Yes,,,,In-app
GPA.3385-1485-8126-88569,"Apr 13, 2026",3:57:09 AM PDT,,Google fee,,Pro (WF Solver),com.deepinkcode.wordfeudsolver,One-time product,pro,r0s,NL,,2224dp,EUR,-3.59,7.472700,DKK,-26.83,legacy-base,,4994183596643847628,Yes,15,,,In-app
GPA.3358-7174-8020-85669..14,"Apr 13, 2026",5:33:35 AM PDT,,Charge,,Pro Subscription (WF Solver),com.deepinkcode.wordfeudsolver,Subscription,prosub,,DK,,2770,DKK,15.20,1.000000,DKK,15.20,prosubmonth,,4994183596643847628,Yes,,,,
GPA.3358-7174-8020-85669..14,"Apr 13, 2026",5:33:35 AM PDT,,Google fee,,Pro Subscription (WF Solver),com.deepinkcode.wordfeudsolver,Subscription,prosub,,DK,,2770,DKK,-2.28,1.000000,DKK,-2.28,prosubmonth,,4994183596643847628,Yes,15,SUBSCRIPTIONS,,
GPA.3359-2486-0433-88391,"Apr 13, 2026",6:14:42 AM PDT,,Charge,,Pro (WF Solver),com.deepinkcode.wordfeudsolver,One-time product,pro,m3q,SE,,599 94,SEK,271.20,0.685970,DKK,186.04,legacy-base,,4994183596643847628,Yes,,,,In-app
GPA.3359-2486-0433-88391,"Apr 13, 2026",6:14:42 AM PDT,,Google fee,,Pro (WF Solver),com.deepinkcode.wordfeudsolver,One-time product,pro,m3q,SE,,599 94,SEK,-40.68,0.685970,DKK,-27.91,legacy-base,,4994183596643847628,Yes,15,,,In-app
GPA.3304-6266-4082-87265,"Apr 13, 2026",6:32:50 AM PDT,,Charge,,Pro Subscription (WF Solver),com.deepinkcode.wordfeudsolver,Subscription,prosub,pa1q,DK,,3000,DKK,15.20,1.000000,DKK,15.20,prosubmonth,,4994183596643847628,Yes,,,,In-app
GPA.3304-6266-4082-87265,"Apr 13, 2026",6:32:50 AM PDT,,Google fee,,Pro Subscription (WF Solver),com.deepinkcode.wordfeudsolver,Subscription,prosub,pa1q,DK,,3000,DKK,-2.28,1.000000,DKK,-2.28,prosubmonth,,4994183596643847628,Yes,15,SUBSCRIPTIONS,,In-app
GPA.3328-5663-2739-99851..5,"Apr 13, 2026",6:55:24 AM PDT,,Charge,,Pro Subscription (Scrabble GO Cheat),com.deepinkcode.scrabblegocheat,Subscription,prosub,,US,GA,31907,USD,2.49,6.396000,DKK,15.93,prosubmonth,,4994183596643847628,Yes,,,,
GPA.3328-5663-2739-99851..5,"Apr 13, 2026",6:55:24 AM PDT,,Google fee,,Pro Subscription (Scrabble GO Cheat),com.deepinkcode.scrabblegocheat,Subscription,prosub,,US,GA,31907,USD,-0.37,6.396000,DKK,-2.37,prosubmonth,,4994183596643847628,Yes,15,SUBSCRIPTIONS,,
GPA.3342-4605-9824-87218..4,"Apr 13, 2026",8:36:10 AM PDT,,Charge,,Pro Subscription (Words With Friends Solver),com.deepinkcode.wordswithfriendssolver,Subscription,prosub,,US,NV,89044,USD,2.49,6.383600,DKK,15.90,prosub,,4994183596643847628,Yes,,,,
GPA.3342-4605-9824-87218..4,"Apr 13, 2026",8:36:10 AM PDT,,Google fee,,Pro Subscription (Words With Friends Solver),com.deepinkcode.wordswithfriendssolver,Subscription,prosub,,US,NV,89044,USD,-0.37,6.383600,DKK,-2.36,prosub,,4994183596643847628,Yes,15,SUBSCRIPTIONS,,
GPA.3321-1164-7809-71125..9,"Apr 13, 2026",8:39:04 AM PDT,,Charge,,Pro Subscription (WF Solver),com.deepinkcode.wordfeudsolver,Subscription,prosub,,SE,,13237,SEK,23.20,0.689170,DKK,15.99,prosubmonth,,4994183596643847628,Yes,,,,
GPA.3321-1164-7809-71125..9,"Apr 13, 2026",8:39:04 AM PDT,,Google fee,,Pro Subscription (WF Solver),com.deepinkcode.wordfeudsolver,Subscription,prosub,,SE,,13237,SEK,-3.48,0.689170,DKK,-2.40,prosubmonth,,4994183596643847628,Yes,15,SUBSCRIPTIONS,,
GPA.3304-3979-5200-62812,"Apr 13, 2026",9:50:44 AM PDT,,Charge,,Pro Subscription (WF Solver),com.deepinkcode.wordfeudsolver,Subscription,prosub,dm1q,NL,,2771BJ,EUR,1.98,7.472100,DKK,14.79,prosubmonth,,4994183596643847628,Yes,,,,In-app
GPA.3304-3979-5200-62812,"Apr 13, 2026",9:50:44 AM PDT,,Google fee,,Pro Subscription (WF Solver),com.deepinkcode.wordfeudsolver,Subscription,prosub,dm1q,NL,,2771BJ,EUR,-0.30,7.472100,DKK,-2.24,prosubmonth,,4994183596643847628,Yes,15,SUBSCRIPTIONS,,In-app
GPA.3356-6436-2591-04456,"Apr 13, 2026",10:04:13 AM PDT,,Charge,,Pro Subscription (Scrabble GO Cheat),com.deepinkcode.scrabblegocheat,Subscription,prosub,a71,GB,,YO17 6UP,GBP,1.74,8.587600,DKK,14.94,prosubmonth,,4994183596643847628,Yes,,,,In-app
GPA.3356-6436-2591-04456,"Apr 13, 2026",10:04:13 AM PDT,,Google fee,,Pro Subscription (Scrabble GO Cheat),com.deepinkcode.scrabblegocheat,Subscription,prosub,a71,GB,,YO17 6UP,GBP,-0.26,8.587600,DKK,-2.23,prosubmonth,,4994183596643847628,Yes,15,SUBSCRIPTIONS,,In-app
GPA.3393-1806-3520-78434..1,"Apr 13, 2026",10:43:33 AM PDT,,Charge,,Pro Subscription (WF Solver),com.deepinkcode.wordfeudsolver,Subscription,prosub,,NL,,3137 CV,EUR,1.98,7.472400,DKK,14.80,prosubmonth,,4994183596643847628,Yes,,,,
GPA.3393-1806-3520-78434..1,"Apr 13, 2026",10:43:33 AM PDT,,Google fee,,Pro Subscription (WF Solver),com.deepinkcode.wordfeudsolver,Subscription,prosub,,NL,,3137 CV,EUR,-0.30,7.472400,DKK,-2.25,prosubmonth,,4994183596643847628,Yes,15,SUBSCRIPTIONS,,
GPA.3359-2749-7194-71677..2,"Apr 13, 2026",11:45:29 AM PDT,,Charge,,Pro Subscription (WF Solver),com.deepinkcode.wordfeudsolver,Subscription,prosub,,DK,,2300,DKK,15.20,1.000000,DKK,15.20,prosubmonth,,4994183596643847628,Yes,,,,
GPA.3359-2749-7194-71677..2,"Apr 13, 2026",11:45:29 AM PDT,,Google fee,,Pro Subscription (WF Solver),com.deepinkcode.wordfeudsolver,Subscription,prosub,,DK,,2300,DKK,-2.28,1.000000,DKK,-2.28,prosubmonth,,4994183596643847628,Yes,15,SUBSCRIPTIONS,,
GPA.3381-7335-4929-18895,"Apr 13, 2026",12:00:59 PM PDT,,Charge,,Pro (WF Solver),com.deepinkcode.wordfeudsolver,One-time product,pro,pa3q,NL,,1445 PR,EUR,23.96,7.472000,DKK,179.03,legacy-base,,4994183596643847628,Yes,,,,In-app
GPA.3381-7335-4929-18895,"Apr 13, 2026",12:00:59 PM PDT,,Google fee,,Pro (WF Solver),com.deepinkcode.wordfeudsolver,One-time product,pro,pa3q,NL,,1445 PR,EUR,-3.59,7.472000,DKK,-26.83,legacy-base,,4994183596643847628,Yes,15,,,In-app
GPA.3374-6353-0141-81282..2,"Apr 13, 2026",12:46:54 PM PDT,,Charge,,Pro Subscription (Words With Friends Solver),com.deepinkcode.wordswithfriendssolver,Subscription,prosub,,GB,,M19 2GJ,GBP,1.74,8.589800,DKK,14.95,prosub,,4994183596643847628,Yes,,,,
GPA.3374-6353-0141-81282..2,"Apr 13, 2026",12:46:54 PM PDT,,Google fee,,Pro Subscription (Words With Friends Solver),com.deepinkcode.wordswithfriendssolver,Subscription,prosub,,GB,,M19 2GJ,GBP,-0.26,8.589800,DKK,-2.24,prosub,,4994183596643847628,Yes,15,SUBSCRIPTIONS,,
GPA.3339-2045-9598-60612..11,"Apr 13, 2026",1:45:37 PM PDT,,Charge,,Pro Subscription (WF Solver),com.deepinkcode.wordfeudsolver,Subscription,prosub,,SE,,132 43,SEK,23.20,0.692030,DKK,16.06,prosubmonth,,4994183596643847628,Yes,,,,
GPA.3339-2045-9598-60612..11,"Apr 13, 2026",1:45:37 PM PDT,,Google fee,,Pro Subscription (WF Solver),com.deepinkcode.wordfeudsolver,Subscription,prosub,,SE,,132 43,SEK,-3.48,0.692030,DKK,-2.41,prosubmonth,,4994183596643847628,Yes,15,SUBSCRIPTIONS,,
GPA.3391-8018-9422-19554..9,"Apr 13, 2026",2:21:36 PM PDT,,Charge,,Pro Subscription (Words With Friends Solver),com.deepinkcode.wordswithfriendssolver,Subscription,prosub,,GB,,E13 0LF,GBP,1.66,8.580800,DKK,14.24,prosub,,4994183596643847628,Yes,,,,
GPA.3391-8018-9422-19554..9,"Apr 13, 2026",2:21:36 PM PDT,,Google fee,,Pro Subscription (Words With Friends Solver),com.deepinkcode.wordswithfriendssolver,Subscription,prosub,,GB,,E13 0LF,GBP,-0.25,8.580800,DKK,-2.14,prosub,,4994183596643847628,Yes,15,SUBSCRIPTIONS,,
GPA.3389-0416-3160-13333..1,"Apr 13, 2026",5:00:35 PM PDT,,Charge,,Pro Subscription (WF Solver),com.deepinkcode.wordfeudsolver,Subscription,prosub,,SE,,83296,SEK,22.40,0.691590,DKK,15.49,prosubmonth,,4994183596643847628,Yes,,,,
GPA.3389-0416-3160-13333..1,"Apr 13, 2026",5:00:35 PM PDT,,Google fee,,Pro Subscription (WF Solver),com.deepinkcode.wordfeudsolver,Subscription,prosub,,SE,,83296,SEK,-3.36,0.691590,DKK,-2.32,prosubmonth,,4994183596643847628,Yes,15,SUBSCRIPTIONS,,
GPA.3336-3499-4678-08236..10,"Apr 13, 2026",5:47:13 PM PDT,,Charge,,Pro Subscription (Words With Friends Solver),com.deepinkcode.wordswithfriendssolver,Subscription,prosub,,US,MA,01420,USD,1.99,6.353300,DKK,12.64,prosub,,4994183596643847628,Yes,,,,
GPA.3336-3499-4678-08236..10,"Apr 13, 2026",5:47:13 PM PDT,,Google fee,,Pro Subscription (Words With Friends Solver),com.deepinkcode.wordswithfriendssolver,Subscription,prosub,,US,MA,01420,USD,-0.30,6.353300,DKK,-1.91,prosub,,4994183596643847628,Yes,15,SUBSCRIPTIONS,,
GPA.3344-7633-2792-49885..12,"Apr 13, 2026",11:35:56 PM PDT,,Charge,,Pro Subscription (WF Solver),com.deepinkcode.wordfeudsolver,Subscription,prosub,,NL,,8501 JW,EUR,1.98,7.472500,DKK,14.80,prosubmonth,,4994183596643847628,Yes,,,,
GPA.3344-7633-2792-49885..12,"Apr 13, 2026",11:35:56 PM PDT,,Google fee,,Pro Subscription (WF Solver),com.deepinkcode.wordfeudsolver,Subscription,prosub,,NL,,8501 JW,EUR,-0.30,7.472500,DKK,-2.25,prosubmonth,,4994183596643847628,Yes,15,SUBSCRIPTIONS,,
GPA.3302-6695-6053-31840..8,"Apr 14, 2026",12:35:11 AM PDT,,Charge,,Pro Subscription (WF Solver),com.deepinkcode.wordfeudsolver,Subscription,prosub,,SE,,43853,SEK,23.20,0.691670,DKK,16.05,prosubmonth,,4994183596643847628,Yes,,,,
GPA.3302-6695-6053-31840..8,"Apr 14, 2026",12:35:11 AM PDT,,Google fee,,Pro Subscription (WF Solver),com.deepinkcode.wordfeudsolver,Subscription,prosub,,SE,,43853,SEK,-3.48,0.691670,DKK,-2.41,prosubmonth,,4994183596643847628,Yes,15,SUBSCRIPTIONS,,
GPA.3391-2112-5146-36879,"Apr 14, 2026",12:51:07 AM PDT,,Charge,,Pro Subscription (WF Solver),com.deepinkcode.wordfeudsolver,Subscription,prosub,mustang,SE,,931 34,SEK,22.40,0.691670,DKK,15.49,prosubmonth,,4994183596643847628,Yes,,,,In-app
GPA.3391-2112-5146-36879,"Apr 14, 2026",12:51:07 AM PDT,,Google fee,,Pro Subscription (WF Solver),com.deepinkcode.wordfeudsolver,Subscription,prosub,mustang,SE,,931 34,SEK,-3.36,0.691670,DKK,-2.32,prosubmonth,,4994183596643847628,Yes,15,SUBSCRIPTIONS,,In-app
GPA.3312-0638-8629-50604..14,"Apr 14, 2026",12:52:57 AM PDT,,Charge,,Pro Subscription (WF Solver),com.deepinkcode.wordfeudsolver,Subscription,prosub,,NO,,4325,NOK,24.00,0.671910,DKK,16.13,prosubmonth,,4994183596643847628,Yes,,,,
GPA.3312-0638-8629-50604..14,"Apr 14, 2026",12:52:57 AM PDT,,Google fee,,Pro Subscription (WF Solver),com.deepinkcode.wordfeudsolver,Subscription,prosub,,NO,,4325,NOK,-3.60,0.671910,DKK,-2.42,prosubmonth,,4994183596643847628,Yes,15,SUBSCRIPTIONS,,
GPA.3321-2369-5049-06232..6,"Apr 14, 2026",1:10:52 AM PDT,,Charge,,Pro Subscription (WF Solver),com.deepinkcode.wordfeudsolver,Subscription,prosub,,SE,,30561,SEK,22.40,0.692590,DKK,15.51,prosubmonth,,4994183596643847628,Yes,,,,
GPA.3321-2369-5049-06232..6,"Apr 14, 2026",1:10:52 AM PDT,,Google fee,,Pro Subscription (WF Solver),com.deepinkcode.wordfeudsolver,Subscription,prosub,,SE,,30561,SEK,-3.36,0.692590,DKK,-2.32,prosubmonth,,4994183596643847628,Yes,15,SUBSCRIPTIONS,,
GPA.3322-5919-9777-94744,"Apr 14, 2026",2:17:55 AM PDT,,Charge,,Pro Subscription (WF Solver),com.deepinkcode.wordfeudsolver,Subscription,prosub,o1s,NL,,7261 BM,EUR,1.98,7.472700,DKK,14.80,prosubmonth,,4994183596643847628,Yes,,,,In-app
GPA.3322-5919-9777-94744,"Apr 14, 2026",2:17:55 AM PDT,,Google fee,,Pro Subscription (WF Solver),com.deepinkcode.wordfeudsolver,Subscription,prosub,o1s,NL,,7261 BM,EUR,-0.30,7.472700,DKK,-2.25,prosubmonth,,4994183596643847628,Yes,15,SUBSCRIPTIONS,,In-app
GPA.3327-5497-7916-05213..14,"Apr 14, 2026",2:37:49 AM PDT,,Charge,,Pro Subscription (WF Solver),com.deepinkcode.wordfeudsolver,Subscription,prosub,,NL,,6951lz,EUR,1.98,7.472700,DKK,14.80,prosubmonth,,4994183596643847628,Yes,,,,
GPA.3327-5497-7916-05213..14,"Apr 14, 2026",2:37:49 AM PDT,,Google fee,,Pro Subscription (WF Solver),com.deepinkcode.wordfeudsolver,Subscription,prosub,,NL,,6951lz,EUR,-0.30,7.472700,DKK,-2.25,prosubmonth,,4994183596643847628,Yes,15,SUBSCRIPTIONS,,
GPA.3300-9881-0260-65957..9,"Apr 14, 2026",3:02:41 AM PDT,,Charge,,Pro Subscription (WF Solver),com.deepinkcode.wordfeudsolver,Subscription,prosub,,NL,,4328 CM,EUR,1.98,7.472800,DKK,14.80,prosubmonth,,4994183596643847628,Yes,,,,
GPA.3300-9881-0260-65957..9,"Apr 14, 2026",3:02:41 AM PDT,,Google fee,,Pro Subscription (WF Solver),com.deepinkcode.wordfeudsolver,Subscription,prosub,,NL,,4328 CM,EUR,-0.30,7.472800,DKK,-2.25,prosubmonth,,4994183596643847628,Yes,15,SUBSCRIPTIONS,,
GPA.3304-8514-7629-06329..11,"Apr 14, 2026",4:06:30 AM PDT,,Charge,,Pro Subscription (WF Solver),com.deepinkcode.wordfeudsolver,Subscription,prosub,,NL,,6844DV,EUR,1.98,7.472800,DKK,14.80,prosubmonth,,4994183596643847628,Yes,,,,
GPA.3304-8514-7629-06329..11,"Apr 14, 2026",4:06:30 AM PDT,,Google fee,,Pro Subscription (WF Solver),com.deepinkcode.wordfeudsolver,Subscription,prosub,,NL,,6844DV,EUR,-0.30,7.472800,DKK,-2.25,prosubmonth,,4994183596643847628,Yes,15,SUBSCRIPTIONS,,
GPA.3333-0038-8944-95775..0,"Apr 14, 2026",4:55:08 AM PDT,,Charge,,Pro Subscription (WF Solver),com.deepinkcode.wordfeudsolver,Subscription,prosub,,FR,,20090,EUR,1.99,7.472800,DKK,14.87,prosubmonth,,4994183596643847628,Yes,,,,
GPA.3333-0038-8944-95775..0,"Apr 14, 2026",4:55:08 AM PDT,,Google fee,,Pro Subscription (WF Solver),com.deepinkcode.wordfeudsolver,Subscription,prosub,,FR,,20090,EUR,-0.30,7.472800,DKK,-2.24,prosubmonth,,4994183596643847628,Yes,15,SUBSCRIPTIONS,,
GPA.3354-9731-4286-64615..1,"Apr 14, 2026",5:35:57 AM PDT,,Charge,,Pro Subscription (WF Solver),com.deepinkcode.wordfeudsolver,Subscription,prosub,,SE,,93146,SEK,22.40,0.691160,DKK,15.48,prosubmonth,,4994183596643847628,Yes,,,,
GPA.3354-9731-4286-64615..1,"Apr 14, 2026",5:35:57 AM PDT,,Google fee,,Pro Subscription (WF Solver),com.deepinkcode.wordfeudsolver,Subscription,prosub,,SE,,93146,SEK,-3.36,0.691160,DKK,-2.32,prosubmonth,,4994183596643847628,Yes,15,SUBSCRIPTIONS,,
GPA.3325-7185-7364-37069..7,"Apr 14, 2026",5:41:55 AM PDT,,Charge,,Pro Subscription (WF Solver),com.deepinkcode.wordfeudsolver,Subscription,prosub,,DK,,4000,DKK,15.20,1.000000,DKK,15.20,prosubmonth,,4994183596643847628,Yes,,,,
GPA.3325-7185-7364-37069..7,"Apr 14, 2026",5:41:55 AM PDT,,Google fee,,Pro Subscription (WF Solver),com.deepinkcode.wordfeudsolver,Subscription,prosub,,DK,,4000,DKK,-2.28,1.000000,DKK,-2.28,prosubmonth,,4994183596643847628,Yes,15,SUBSCRIPTIONS,,
GPA.3382-4193-7017-41879..2,"Apr 14, 2026",6:03:32 AM PDT,,Charge,,Pro Subscription (WF Solver),com.deepinkcode.wordfeudsolver,Subscription,prosub,,SE,,43231,SEK,22.40,0.691720,DKK,15.49,prosubmonth,,4994183596643847628,Yes,,,,
GPA.3382-4193-7017-41879..2,"Apr 14, 2026",6:03:32 AM PDT,,Google fee,,Pro Subscription (WF Solver),com.deepinkcode.wordfeudsolver,Subscription,prosub,,SE,,43231,SEK,-3.36,0.691720,DKK,-2.32,prosubmonth,,4994183596643847628,Yes,15,SUBSCRIPTIONS,,
GPA.3333-7342-6755-26319,"Apr 14, 2026",7:08:48 AM PDT,,Charge,,Pro Subscription (WF Solver),com.deepinkcode.wordfeudsolver,Subscription,prosub,rothko,SE,,68333,SEK,22.40,0.691270,DKK,15.48,prosubmonth,,4994183596643847628,Yes,,,,In-app
GPA.3333-7342-6755-26319,"Apr 14, 2026",7:08:48 AM PDT,,Google fee,,Pro Subscription (WF Solver),com.deepinkcode.wordfeudsolver,Subscription,prosub,rothko,SE,,68333,SEK,-3.36,0.691270,DKK,-2.32,prosubmonth,,4994183596643847628,Yes,15,SUBSCRIPTIONS,,In-app
GPA.3397-0773-4522-16684,"Apr 14, 2026",7:20:39 AM PDT,,Charge,,Pro (WF Solver),com.deepinkcode.wordfeudsolver,One-time product,pro,r8q,NO,,3475,NOK,287.20,0.672830,DKK,193.24,legacy-base,,4994183596643847628,Yes,,,,In-app
GPA.3397-0773-4522-16684,"Apr 14, 2026",7:20:39 AM PDT,,Google fee,,Pro (WF Solver),com.deepinkcode.wordfeudsolver,One-time product,pro,r8q,NO,,3475,NOK,-43.08,0.672830,DKK,-28.99,legacy-base,,4994183596643847628,Yes,15,,,In-app
GPA.3316-3795-7351-46568..1,"Apr 14, 2026",7:37:32 AM PDT,,Charge,,Pro Subscription (WF Solver),com.deepinkcode.wordfeudsolver,Subscription,prosub,,NL,,1056EV,EUR,1.98,7.472600,DKK,14.80,prosubmonth,,4994183596643847628,Yes,,,,
GPA.3316-3795-7351-46568..1,"Apr 14, 2026",7:37:32 AM PDT,,Google fee,,Pro Subscription (WF Solver),com.deepinkcode.wordfeudsolver,Subscription,prosub,,NL,,1056EV,EUR,-0.30,7.472600,DKK,-2.25,prosubmonth,,4994183596643847628,Yes,15,SUBSCRIPTIONS,,
GPA.3387-0614-0928-59304,"Apr 14, 2026",8:26:12 AM PDT,,Charge,,Pro Subscription (WF Solver),com.deepinkcode.wordfeudsolver,Subscription,prosub,dm1q,SE,,22475,SEK,22.40,0.690910,DKK,15.48,prosubmonth,,4994183596643847628,Yes,,,,In-app
GPA.3387-0614-0928-59304,"Apr 14, 2026",8:26:12 AM PDT,,Google fee,,Pro Subscription (WF Solver),com.deepinkcode.wordfeudsolver,Subscription,prosub,dm1q,SE,,22475,SEK,-3.36,0.690910,DKK,-2.33,prosubmonth,,4994183596643847628,Yes,15,SUBSCRIPTIONS,,In-app
GPA.3372-8213-9307-81108..1,"Apr 14, 2026",8:29:44 AM PDT,,Charge,,Pro Subscription (WF Solver),com.deepinkcode.wordfeudsolver,Subscription,prosub,,NL,,8347JS,EUR,1.98,7.472900,DKK,14.80,prosubmonth,,4994183596643847628,Yes,,,,
GPA.3372-8213-9307-81108..1,"Apr 14, 2026",8:29:44 AM PDT,,Google fee,,Pro Subscription (WF Solver),com.deepinkcode.wordfeudsolver,Subscription,prosub,,NL,,8347JS,EUR,-0.30,7.472900,DKK,-2.25,prosubmonth,,4994183596643847628,Yes,15,SUBSCRIPTIONS,,
GPA.3380-0787-0438-00690,"Apr 14, 2026",9:33:51 AM PDT,,Charge,,Pro Subscription (WF Solver),com.deepinkcode.wordfeudsolver,Subscription,prosub,komodo,NL,,1186TW,EUR,1.98,7.472900,DKK,14.80,prosubmonth,,4994183596643847628,Yes,,,,In-app
GPA.3380-0787-0438-00690,"Apr 14, 2026",9:33:51 AM PDT,,Google fee,,Pro Subscription (WF Solver),com.deepinkcode.wordfeudsolver,Subscription,prosub,komodo,NL,,1186TW,EUR,-0.30,7.472900,DKK,-2.25,prosubmonth,,4994183596643847628,Yes,15,SUBSCRIPTIONS,,In-app
GPA.3308-5348-2884-01292..11,"Apr 14, 2026",10:24:57 AM PDT,,Charge,,Pro Subscription (WF Solver),com.deepinkcode.wordfeudsolver,Subscription,prosub,,NL,,2981 GB,EUR,1.98,7.473100,DKK,14.80,prosubmonth,,4994183596643847628,Yes,,,,
GPA.3308-5348-2884-01292..11,"Apr 14, 2026",10:24:57 AM PDT,,Google fee,,Pro Subscription (WF Solver),com.deepinkcode.wordfeudsolver,Subscription,prosub,,NL,,2981 GB,EUR,-0.30,7.473100,DKK,-2.25,prosubmonth,,4994183596643847628,Yes,15,SUBSCRIPTIONS,,
GPA.3392-3276-0867-81212..3,"Apr 14, 2026",10:26:48 AM PDT,,Charge,,Pro Subscription (WF Solver),com.deepinkcode.wordfeudsolver,Subscription,prosub,,NL,,6991BS,EUR,1.98,7.473100,DKK,14.80,prosubmonth,,4994183596643847628,Yes,,,,
GPA.3392-3276-0867-81212..3,"Apr 14, 2026",10:26:48 AM PDT,,Google fee,,Pro Subscription (WF Solver),com.deepinkcode.wordfeudsolver,Subscription,prosub,,NL,,6991BS,EUR,-0.30,7.473100,DKK,-2.25,prosubmonth,,4994183596643847628,Yes,15,SUBSCRIPTIONS,,
GPA.3357-0573-1209-64837..10,"Apr 14, 2026",10:34:27 AM PDT,,Charge,,Pro Subscription (WF Solver),com.deepinkcode.wordfeudsolver,Subscription,prosub,,NL,,9649 JV,EUR,1.98,7.473100,DKK,14.80,prosubmonth,,4994183596643847628,Yes,,,,
GPA.3357-0573-1209-64837..10,"Apr 14, 2026",10:34:27 AM PDT,,Google fee,,Pro Subscription (WF Solver),com.deepinkcode.wordfeudsolver,Subscription,prosub,,NL,,9649 JV,EUR,-0.30,7.473100,DKK,-2.25,prosubmonth,,4994183596643847628,Yes,15,SUBSCRIPTIONS,,
GPA.3378-8506-1974-45614,"Apr 14, 2026",11:03:26 AM PDT,,Charge,,Pro Subscription (WF Solver),com.deepinkcode.wordfeudsolver,Subscription,prosub,a35x,NL,,8022 RR,EUR,1.98,7.472700,DKK,14.80,prosubmonth,,4994183596643847628,Yes,,,,In-app
GPA.3378-8506-1974-45614,"Apr 14, 2026",11:03:26 AM PDT,,Google fee,,Pro Subscription (WF Solver),com.deepinkcode.wordfeudsolver,Subscription,prosub,a35x,NL,,8022 RR,EUR,-0.30,7.472700,DKK,-2.25,prosubmonth,,4994183596643847628,Yes,15,SUBSCRIPTIONS,,In-app
GPA.3301-2323-0138-01350..0,"Apr 14, 2026",11:24:15 AM PDT,,Charge,,Pro Subscription (Scrabble GO Cheat),com.deepinkcode.scrabblegocheat,Subscription,prosub,,US,VA,24078,USD,2.49,6.336500,DKK,15.78,prosubmonth,,4994183596643847628,Yes,,,,
GPA.3301-2323-0138-01350..0,"Apr 14, 2026",11:24:15 AM PDT,,Google fee,,Pro Subscription (Scrabble GO Cheat),com.deepinkcode.scrabblegocheat,Subscription,prosub,,US,VA,24078,USD,-0.37,6.336500,DKK,-2.34,prosubmonth,,4994183596643847628,Yes,15,SUBSCRIPTIONS,,
GPA.3392-0901-9880-12022..9,"Apr 14, 2026",11:48:39 AM PDT,,Charge,,Pro Subscription (WF Solver),com.deepinkcode.wordfeudsolver,Subscription,prosub,,NO,,7300,NOK,24.00,0.670630,DKK,16.10,prosubmonth,,4994183596643847628,Yes,,,,
GPA.3392-0901-9880-12022..9,"Apr 14, 2026",11:48:39 AM PDT,,Google fee,,Pro Subscription (WF Solver),com.deepinkcode.wordfeudsolver,Subscription,prosub,,NO,,7300,NOK,-3.60,0.670630,DKK,-2.42,prosubmonth,,4994183596643847628,Yes,15,SUBSCRIPTIONS,,
GPA.3323-9532-5277-63910..1,"Apr 14, 2026",12:01:48 PM PDT,,Charge,,Pro Subscription (WF Solver),com.deepinkcode.wordfeudsolver,Subscription,prosub,,NL,,9291MS,EUR,1.98,7.472700,DKK,14.80,prosubmonth,,4994183596643847628,Yes,,,,
GPA.3323-9532-5277-63910..1,"Apr 14, 2026",12:01:48 PM PDT,,Google fee,,Pro Subscription (WF Solver),com.deepinkcode.wordfeudsolver,Subscription,prosub,,NL,,9291MS,EUR,-0.30,7.472700,DKK,-2.25,prosubmonth,,4994183596643847628,Yes,15,SUBSCRIPTIONS,,
GPA.3307-0996-0174-19487..1,"Apr 14, 2026",12:53:26 PM PDT,,Charge,,Pro Subscription (WF Solver),com.deepinkcode.wordfeudsolver,Subscription,prosub,,NL,,3738TT,EUR,1.98,7.472700,DKK,14.80,prosubmonth,,4994183596643847628,Yes,,,,
GPA.3307-0996-0174-19487..1,"Apr 14, 2026",12:53:26 PM PDT,,Google fee,,Pro Subscription (WF Solver),com.deepinkcode.wordfeudsolver,Subscription,prosub,,NL,,3738TT,EUR,-0.30,7.472700,DKK,-2.25,prosubmonth,,4994183596643847628,Yes,15,SUBSCRIPTIONS,,
GPA.3341-7640-2979-20478..1,"Apr 14, 2026",1:07:28 PM PDT,,Charge,,Pro Subscription (Words With Friends Solver),com.deepinkcode.wordswithfriendssolver,Subscription,prosub,,US,IN,46901,USD,2.49,6.337000,DKK,15.78,prosub,,4994183596643847628,Yes,,,,
GPA.3341-7640-2979-20478..1,"Apr 14, 2026",1:07:28 PM PDT,,Google fee,,Pro Subscription (Words With Friends Solver),com.deepinkcode.wordswithfriendssolver,Subscription,prosub,,US,IN,46901,USD,-0.37,6.337000,DKK,-2.34,prosub,,4994183596643847628,Yes,15,SUBSCRIPTIONS,,
GPA.3357-0985-0147-27660..1,"Apr 14, 2026",2:00:30 PM PDT,,Charge,,Pro Subscription (WF Solver),com.deepinkcode.wordfeudsolver,Subscription,prosub,,NL,,3829AP,EUR,1.98,7.472600,DKK,14.80,prosubmonth,,4994183596643847628,Yes,,,,
GPA.3357-0985-0147-27660..1,"Apr 14, 2026",2:00:30 PM PDT,,Google fee,,Pro Subscription (WF Solver),com.deepinkcode.wordfeudsolver,Subscription,prosub,,NL,,3829AP,EUR,-0.30,7.472600,DKK,-2.25,prosubmonth,,4994183596643847628,Yes,15,SUBSCRIPTIONS,,
GPA.3331-9480-9797-37061..14,"Apr 14, 2026",2:12:45 PM PDT,,Charge,,Pro Subscription (WF Solver),com.deepinkcode.wordfeudsolver,Subscription,prosub,,NL,,2172HX,EUR,1.98,7.472600,DKK,14.80,prosubmonth,,4994183596643847628,Yes,,,,
GPA.3331-9480-9797-37061..14,"Apr 14, 2026",2:12:45 PM PDT,,Google fee,,Pro Subscription (WF Solver),com.deepinkcode.wordfeudsolver,Subscription,prosub,,NL,,2172HX,EUR,-0.30,7.472600,DKK,-2.25,prosubmonth,,4994183596643847628,Yes,15,SUBSCRIPTIONS,,
GPA.3394-1154-6164-37071..2,"Apr 14, 2026",2:24:27 PM PDT,,Charge,,Pro Subscription (WF Solver),com.deepinkcode.wordfeudsolver,Subscription,prosub,,DK,,9400,DKK,15.20,1.000000,DKK,15.20,prosubmonth,,4994183596643847628,Yes,,,,
GPA.3394-1154-6164-37071..2,"Apr 14, 2026",2:24:27 PM PDT,,Google fee,,Pro Subscription (WF Solver),com.deepinkcode.wordfeudsolver,Subscription,prosub,,DK,,9400,DKK,-2.28,1.000000,DKK,-2.28,prosubmonth,,4994183596643847628,Yes,15,SUBSCRIPTIONS,,
GPA.3388-2201-3718-46953..0,"Apr 14, 2026",6:07:56 PM PDT,,Charge,,Pro Subscription (Words With Friends Solver),com.deepinkcode.wordswithfriendssolver,Subscription,prosub,,ES,ALMERÍA,04660,EUR,1.98,7.472700,DKK,14.80,prosub,,4994183596643847628,Yes,,,,
GPA.3388-2201-3718-46953..0,"Apr 14, 2026",6:07:56 PM PDT,,Google fee,,Pro Subscription (Words With Friends Solver),com.deepinkcode.wordswithfriendssolver,Subscription,prosub,,ES,ALMERÍA,04660,EUR,-0.30,7.472700,DKK,-2.25,prosub,,4994183596643847628,Yes,15,SUBSCRIPTIONS,,
GPA.3385-3720-6211-42262..8,"Apr 14, 2026",6:37:34 PM PDT,,Charge,,Pro Subscription (WF Solver),com.deepinkcode.wordfeudsolver,Subscription,prosub,,SE,,69335,SEK,23.20,0.690010,DKK,16.01,prosubmonth,,4994183596643847628,Yes,,,,
GPA.3385-3720-6211-42262..8,"Apr 14, 2026",6:37:34 PM PDT,,Google fee,,Pro Subscription (WF Solver),com.deepinkcode.wordfeudsolver,Subscription,prosub,,SE,,69335,SEK,-3.48,0.690010,DKK,-2.40,prosubmonth,,4994183596643847628,Yes,15,SUBSCRIPTIONS,,
GPA.3312-5372-8114-42412..5,"Apr 14, 2026",6:37:35 PM PDT,,Charge,,Pro Subscription (Words With Friends Solver),com.deepinkcode.wordswithfriendssolver,Subscription,prosub,,US,PA,17311,USD,2.49,6.334600,DKK,15.77,prosub,,4994183596643847628,Yes,,,,
GPA.3312-5372-8114-42412..5,"Apr 14, 2026",6:37:35 PM PDT,,Google fee,,Pro Subscription (Words With Friends Solver),com.deepinkcode.wordswithfriendssolver,Subscription,prosub,,US,PA,17311,USD,-0.37,6.334600,DKK,-2.34,prosub,,4994183596643847628,Yes,15,SUBSCRIPTIONS,,
GPA.3336-5518-9437-80912..2,"Apr 14, 2026",7:36:06 PM PDT,,Charge,,Pro Subscription (Words With Friends Solver),com.deepinkcode.wordswithfriendssolver,Subscription,prosub,,US,AL,36507,USD,2.49,6.336800,DKK,15.78,prosub,,4994183596643847628,Yes,,,,
GPA.3336-5518-9437-80912..2,"Apr 14, 2026",7:36:06 PM PDT,,Google fee,,Pro Subscription (Words With Friends Solver),com.deepinkcode.wordswithfriendssolver,Subscription,prosub,,US,AL,36507,USD,-0.37,6.336800,DKK,-2.34,prosub,,4994183596643847628,Yes,15,SUBSCRIPTIONS,,
GPA.3304-7823-1355-80043..14,"Apr 14, 2026",9:26:45 PM PDT,,Charge,,Pro Subscription (WF Solver),com.deepinkcode.wordfeudsolver,Subscription,prosub,,SE,,56591,SEK,23.20,0.689830,DKK,16.00,prosubmonth,,4994183596643847628,Yes,,,,
GPA.3304-7823-1355-80043..14,"Apr 14, 2026",9:26:45 PM PDT,,Google fee,,Pro Subscription (WF Solver),com.deepinkcode.wordfeudsolver,Subscription,prosub,,SE,,56591,SEK,-3.48,0.689830,DKK,-2.40,prosubmonth,,4994183596643847628,Yes,15,SUBSCRIPTIONS,,
GPA.3384-2754-1670-89539..8,"Apr 14, 2026",10:24:12 PM PDT,,Charge,,Pro Subscription (WF Solver),com.deepinkcode.wordfeudsolver,Subscription,prosub,,SE,,94142,SEK,23.20,0.690080,DKK,16.01,prosubmonth,,4994183596643847628,Yes,,,,
GPA.3384-2754-1670-89539..8,"Apr 14, 2026",10:24:12 PM PDT,,Google fee,,Pro Subscription (WF Solver),com.deepinkcode.wordfeudsolver,Subscription,prosub,,SE,,94142,SEK,-3.48,0.690080,DKK,-2.40,prosubmonth,,4994183596643847628,Yes,15,SUBSCRIPTIONS,,
GPA.3366-5877-9545-33415..14,"Apr 14, 2026",11:15:26 PM PDT,,Charge,,Pro Subscription (WF Solver),com.deepinkcode.wordfeudsolver,Subscription,prosub,,SE,,215 27,SEK,23.20,0.689650,DKK,16.00,prosubmonth,,4994183596643847628,Yes,,,,
GPA.3366-5877-9545-33415..14,"Apr 14, 2026",11:15:26 PM PDT,,Google fee,,Pro Subscription (WF Solver),com.deepinkcode.wordfeudsolver,Subscription,prosub,,SE,,215 27,SEK,-3.48,0.689650,DKK,-2.40,prosubmonth,,4994183596643847628,Yes,15,SUBSCRIPTIONS,,
GPA.3350-8601-7567-63600..5,"Apr 14, 2026",11:57:39 PM PDT,,Charge,,Pro Subscription (WF Solver),com.deepinkcode.wordfeudsolver,Subscription,prosub,,SE,,503 30,SEK,22.40,0.689650,DKK,15.45,prosubmonth,,4994183596643847628,Yes,,,,
GPA.3350-8601-7567-63600..5,"Apr 14, 2026",11:57:39 PM PDT,,Google fee,,Pro Subscription (WF Solver),com.deepinkcode.wordfeudsolver,Subscription,prosub,,SE,,503 30,SEK,-3.36,0.689650,DKK,-2.32,prosubmonth,,4994183596643847628,Yes,15,SUBSCRIPTIONS,,
GPA.3368-9625-3056-81072..4,"Apr 15, 2026",1:33:28 AM PDT,,Charge,,Pro Subscription (WF Solver),com.deepinkcode.wordfeudsolver,Subscription,prosub,,DK,,2300,DKK,15.20,1.000000,DKK,15.20,prosubmonth,,4994183596643847628,Yes,,,,
GPA.3368-9625-3056-81072..4,"Apr 15, 2026",1:33:28 AM PDT,,Google fee,,Pro Subscription (WF Solver),com.deepinkcode.wordfeudsolver,Subscription,prosub,,DK,,2300,DKK,-2.28,1.000000,DKK,-2.28,prosubmonth,,4994183596643847628,Yes,15,SUBSCRIPTIONS,,
GPA.3301-6898-0563-45178..1,"Apr 15, 2026",1:33:33 AM PDT,,Charge,,Pro Subscription (WF Solver),com.deepinkcode.wordfeudsolver,Subscription,prosub,,NO,,4375,NOK,24.00,0.671570,DKK,16.12,prosubmonth,,4994183596643847628,Yes,,,,
GPA.3301-6898-0563-45178..1,"Apr 15, 2026",1:33:33 AM PDT,,Google fee,,Pro Subscription (WF Solver),com.deepinkcode.wordfeudsolver,Subscription,prosub,,NO,,4375,NOK,-3.60,0.671570,DKK,-2.42,prosubmonth,,4994183596643847628,Yes,15,SUBSCRIPTIONS,,
GPA.3391-7391-7441-56475..13,"Apr 15, 2026",1:42:41 AM PDT,,Charge,,Pro Subscription (WF Solver),com.deepinkcode.wordfeudsolver,Subscription,prosub,,SE,,22240,SEK,23.20,0.690180,DKK,16.01,prosubmonth,,4994183596643847628,Yes,,,,
GPA.3391-7391-7441-56475..13,"Apr 15, 2026",1:42:41 AM PDT,,Google fee,,Pro Subscription (WF Solver),com.deepinkcode.wordfeudsolver,Subscription,prosub,,SE,,22240,SEK,-3.48,0.690180,DKK,-2.40,prosubmonth,,4994183596643847628,Yes,15,SUBSCRIPTIONS,,
GPA.3343-7963-1535-90154..2,"Apr 15, 2026",1:48:51 AM PDT,,Charge,,Pro Subscription (Words With Friends Solver),com.deepinkcode.wordswithfriendssolver,Subscription,prosub,,AU,,,AUD,3.63,4.525800,DKK,16.43,prosub,,4994183596643847628,Yes,,,,
GPA.3343-7963-1535-90154..2,"Apr 15, 2026",1:48:51 AM PDT,,Google fee,,Pro Subscription (Words With Friends Solver),com.deepinkcode.wordswithfriendssolver,Subscription,prosub,,AU,,,AUD,-0.54,4.525800,DKK,-2.44,prosub,,4994183596643847628,Yes,15,SUBSCRIPTIONS,,
GPA.3321-1580-5705-17406..4,"Apr 15, 2026",2:15:26 AM PDT,,Charge,,Pro Subscription (Words With Friends Solver),com.deepinkcode.wordswithfriendssolver,Subscription,prosub,,US,TX,78245,USD,2.49,6.340300,DKK,15.79,prosub,,4994183596643847628,Yes,,,,
GPA.3321-1580-5705-17406..4,"Apr 15, 2026",2:15:26 AM PDT,,Google fee,,Pro Subscription (Words With Friends Solver),com.deepinkcode.wordswithfriendssolver,Subscription,prosub,,US,TX,78245,USD,-0.37,6.340300,DKK,-2.35,prosub,,4994183596643847628,Yes,15,SUBSCRIPTIONS,,
GPA.3389-0775-8261-09261..14,"Apr 15, 2026",2:52:35 AM PDT,,Charge,,Pro Subscription (WF Solver),com.deepinkcode.wordfeudsolver,Subscription,prosub,,NL,,1017 VM,EUR,1.98,7.473200,DKK,14.80,prosubmonth,,4994183596643847628,Yes,,,,
GPA.3389-0775-8261-09261..14,"Apr 15, 2026",2:52:35 AM PDT,,Google fee,,Pro Subscription (WF Solver),com.deepinkcode.wordfeudsolver,Subscription,prosub,,NL,,1017 VM,EUR,-0.30,7.473200,DKK,-2.24,prosubmonth,,4994183596643847628,Yes,15,SUBSCRIPTIONS,,
GPA.3371-0379-0970-58762..4,"Apr 15, 2026",5:36:12 AM PDT,,Charge,,Pro Subscription (WF Solver),com.deepinkcode.wordfeudsolver,Subscription,prosub,,DK,,4200,DKK,15.20,1.000000,DKK,15.20,prosubmonth,,4994183596643847628,Yes,,,,
GPA.3371-0379-0970-58762..4,"Apr 15, 2026",5:36:12 AM PDT,,Google fee,,Pro Subscription (WF Solver),com.deepinkcode.wordfeudsolver,Subscription,prosub,,DK,,4200,DKK,-2.28,1.000000,DKK,-2.28,prosubmonth,,4994183596643847628,Yes,15,SUBSCRIPTIONS,,
GPA.3393-3205-5818-79586..2,"Apr 15, 2026",5:57:06 AM PDT,,Charge,,Pro Subscription (WF Solver),com.deepinkcode.wordfeudsolver,Subscription,prosub,,NL,,4906ME,EUR,1.98,7.472800,DKK,14.80,prosubmonth,,4994183596643847628,Yes,,,,
GPA.3393-3205-5818-79586..2,"Apr 15, 2026",5:57:06 AM PDT,,Google fee,,Pro Subscription (WF Solver),com.deepinkcode.wordfeudsolver,Subscription,prosub,,NL,,4906ME,EUR,-0.30,7.472800,DKK,-2.25,prosubmonth,,4994183596643847628,Yes,15,SUBSCRIPTIONS,,
GPA.3394-6756-2709-06306,"Apr 15, 2026",6:01:29 AM PDT,,Charge,,Pro Subscription (WF Solver),com.deepinkcode.wordfeudsolver,Subscription,prosub,m3q,NO,,6480,NOK,24.00,0.671770,DKK,16.12,prosubmonth,,4994183596643847628,Yes,,,,In-app
GPA.3394-6756-2709-06306,"Apr 15, 2026",6:01:29 AM PDT,,Google fee,,Pro Subscription (WF Solver),com.deepinkcode.wordfeudsolver,Subscription,prosub,m3q,NO,,6480,NOK,-3.60,0.671770,DKK,-2.42,prosubmonth,,4994183596643847628,Yes,15,SUBSCRIPTIONS,,In-app
GPA.3314-5373-2316-07753..0,"Apr 15, 2026",7:18:31 AM PDT,,Charge,,Pro Subscription (Words With Friends Solver),com.deepinkcode.wordswithfriendssolver,Subscription,prosub,,US,PA,16701,USD,2.49,6.339200,DKK,15.78,prosub,,4994183596643847628,Yes,,,,
GPA.3314-5373-2316-07753..0,"Apr 15, 2026",7:18:31 AM PDT,,Google fee,,Pro Subscription (Words With Friends Solver),com.deepinkcode.wordswithfriendssolver,Subscription,prosub,,US,PA,16701,USD,-0.37,6.339200,DKK,-2.35,prosub,,4994183596643847628,Yes,15,SUBSCRIPTIONS,,
GPA.3398-4642-1151-62822..5,"Apr 15, 2026",7:37:15 AM PDT,,Charge,,Pro Subscription (WF Solver),com.deepinkcode.wordfeudsolver,Subscription,prosub,,NL,,8011 JN,EUR,1.98,7.472800,DKK,14.80,prosubmonth,,4994183596643847628,Yes,,,,
GPA.3398-4642-1151-62822..5,"Apr 15, 2026",7:37:15 AM PDT,,Google fee,,Pro Subscription (WF Solver),com.deepinkcode.wordfeudsolver,Subscription,prosub,,NL,,8011 JN,EUR,-0.30,7.472800,DKK,-2.25,prosubmonth,,4994183596643847628,Yes,15,SUBSCRIPTIONS,,
GPA.3349-8787-5923-95011..1,"Apr 15, 2026",8:01:19 AM PDT,,Charge,,Pro Subscription (WF Solver),com.deepinkcode.wordfeudsolver,Subscription,prosub,,NL,,4824 JK,EUR,1.98,7.472900,DKK,14.80,prosubmonth,,4994183596643847628,Yes,,,,
GPA.3349-8787-5923-95011..1,"Apr 15, 2026",8:01:19 AM PDT,,Google fee,,Pro Subscription (WF Solver),com.deepinkcode.wordfeudsolver,Subscription,prosub,,NL,,4824 JK,EUR,-0.30,7.472900,DKK,-2.25,prosubmonth,,4994183596643847628,Yes,15,SUBSCRIPTIONS,,
GPA.3358-8205-9608-12968..14,"Apr 15, 2026",8:19:00 AM PDT,,Charge,,Pro Subscription (WF Solver),com.deepinkcode.wordfeudsolver,Subscription,prosub,,US,TX,78750,USD,1.99,6.341100,DKK,12.62,prosubmonth,,4994183596643847628,Yes,,,,
GPA.3358-8205-9608-12968..14,"Apr 15, 2026",8:19:00 AM PDT,,Google fee,,Pro Subscription (WF Solver),com.deepinkcode.wordfeudsolver,Subscription,prosub,,US,TX,78750,USD,-0.30,6.341100,DKK,-1.90,prosubmonth,,4994183596643847628,Yes,15,SUBSCRIPTIONS,,
GPA.3355-0651-0299-33664..2,"Apr 15, 2026",8:27:42 AM PDT,,Charge,,Pro Subscription (WF Solver),com.deepinkcode.wordfeudsolver,Subscription,prosub,,NL,,5621ED,EUR,1.98,7.472900,DKK,14.80,prosubmonth,,4994183596643847628,Yes,,,,
GPA.3355-0651-0299-33664..2,"Apr 15, 2026",8:27:42 AM PDT,,Google fee,,Pro Subscription (WF Solver),com.deepinkcode.wordfeudsolver,Subscription,prosub,,NL,,5621ED,EUR,-0.30,7.472900,DKK,-2.25,prosubmonth,,4994183596643847628,Yes,15,SUBSCRIPTIONS,,
GPA.3359-7901-7037-74229..14,"Apr 15, 2026",9:23:52 AM PDT,,Charge,,Pro Subscription (WF Solver),com.deepinkcode.wordfeudsolver,Subscription,prosub,,NO,,2006,NOK,24.00,0.674190,DKK,16.18,prosubmonth,,4994183596643847628,Yes,,,,
GPA.3359-7901-7037-74229..14,"Apr 15, 2026",9:23:52 AM PDT,,Google fee,,Pro Subscription (WF Solver),com.deepinkcode.wordfeudsolver,Subscription,prosub,,NO,,2006,NOK,-3.60,0.674190,DKK,-2.43,prosubmonth,,4994183596643847628,Yes,15,SUBSCRIPTIONS,,
GPA.3315-6637-8709-75256..8,"Apr 15, 2026",9:25:04 AM PDT,,Charge,,Pro Subscription (WF Solver),com.deepinkcode.wordfeudsolver,Subscription,prosub,,DK,,9460,DKK,15.20,1.000000,DKK,15.20,prosubmonth,,4994183596643847628,Yes,,,,
GPA.3315-6637-8709-75256..8,"Apr 15, 2026",9:25:04 AM PDT,,Google fee,,Pro Subscription (WF Solver),com.deepinkcode.wordfeudsolver,Subscription,prosub,,DK,,9460,DKK,-2.28,1.000000,DKK,-2.28,prosubmonth,,4994183596643847628,Yes,15,SUBSCRIPTIONS,,
GPA.3372-4337-8908-41548,"Apr 15, 2026",9:52:33 AM PDT,,Charge,,Pro (WF Solver),com.deepinkcode.wordfeudsolver,One-time product,pro,shiba,DE,,95030,EUR,24.36,7.472800,DKK,182.04,legacy-base,,4994183596643847628,Yes,,,,In-app
GPA.3372-4337-8908-41548,"Apr 15, 2026",9:52:33 AM PDT,,Google fee,,Pro (WF Solver),com.deepinkcode.wordfeudsolver,One-time product,pro,shiba,DE,,95030,EUR,-3.65,7.472800,DKK,-27.28,legacy-base,,4994183596643847628,Yes,15,,,In-app
GPA.3360-1182-8005-45180..0,"Apr 15, 2026",10:08:26 AM PDT,,Charge,,Pro Subscription (WF Solver),com.deepinkcode.wordfeudsolver,Subscription,prosub,,NL,,3245 KH,EUR,1.98,7.472900,DKK,14.80,prosubmonth,,4994183596643847628,Yes,,,,
GPA.3360-1182-8005-45180..0,"Apr 15, 2026",10:08:26 AM PDT,,Google fee,,Pro Subscription (WF Solver),com.deepinkcode.wordfeudsolver,Subscription,prosub,,NL,,3245 KH,EUR,-0.30,7.472900,DKK,-2.25,prosubmonth,,4994183596643847628,Yes,15,SUBSCRIPTIONS,,
GPA.3311-9821-8238-23335,"Apr 15, 2026",10:20:44 AM PDT,,Charge,,Pro (WF Solver),com.deepinkcode.wordfeudsolver,One-time product,pro,e2s,NL,,2551JS,EUR,23.96,7.472900,DKK,179.05,legacy-base,,4994183596643847628,Yes,,,,In-app
GPA.3311-9821-8238-23335,"Apr 15, 2026",10:20:44 AM PDT,,Google fee,,Pro (WF Solver),com.deepinkcode.wordfeudsolver,One-time product,pro,e2s,NL,,2551JS,EUR,-3.59,7.472900,DKK,-26.83,legacy-base,,4994183596643847628,Yes,15,,,In-app
GPA.3320-0986-1912-53728..0,"Apr 15, 2026",10:27:03 AM PDT,,Charge,,Pro Subscription (WF Solver),com.deepinkcode.wordfeudsolver,Subscription,prosub,,SE,,38831,SEK,22.40,0.691320,DKK,15.49,prosubmonth,,4994183596643847628,Yes,,,,
GPA.3320-0986-1912-53728..0,"Apr 15, 2026",10:27:03 AM PDT,,Google fee,,Pro Subscription (WF Solver),com.deepinkcode.wordfeudsolver,Subscription,prosub,,SE,,38831,SEK,-3.36,0.691320,DKK,-2.33,prosubmonth,,4994183596643847628,Yes,15,SUBSCRIPTIONS,,
GPA.3353-5454-7609-46787..2,"Apr 15, 2026",10:38:57 AM PDT,,Charge,,Pro Subscription (Words With Friends Solver),com.deepinkcode.wordswithfriendssolver,Subscription,prosub,,US,MN,55746,USD,2.49,6.333200,DKK,15.77,prosub,,4994183596643847628,Yes,,,,
GPA.3353-5454-7609-46787..2,"Apr 15, 2026",10:38:57 AM PDT,,Google fee,,Pro Subscription (Words With Friends Solver),com.deepinkcode.wordswithfriendssolver,Subscription,prosub,,US,MN,55746,USD,-0.37,6.333200,DKK,-2.34,prosub,,4994183596643847628,Yes,15,SUBSCRIPTIONS,,
GPA.3304-9942-9970-86226,"Apr 15, 2026",11:06:25 AM PDT,,Charge,,Pro Subscription (WF Solver),com.deepinkcode.wordfeudsolver,Subscription,prosub,dm1q,NL,,2901 KD,EUR,1.98,7.472800,DKK,14.80,prosubmonth,,4994183596643847628,Yes,,,,In-app
GPA.3304-9942-9970-86226,"Apr 15, 2026",11:06:25 AM PDT,,Google fee,,Pro Subscription (WF Solver),com.deepinkcode.wordfeudsolver,Subscription,prosub,dm1q,NL,,2901 KD,EUR,-0.30,7.472800,DKK,-2.25,prosubmonth,,4994183596643847628,Yes,15,SUBSCRIPTIONS,,In-app
GPA.3363-7969-0699-12953..8,"Apr 15, 2026",11:41:56 AM PDT,,Charge,,Pro Subscription (WF Solver),com.deepinkcode.wordfeudsolver,Subscription,prosub,,NL,,7035BA,EUR,1.98,7.472800,DKK,14.80,prosubmonth,,4994183596643847628,Yes,,,,
GPA.3363-7969-0699-12953..8,"Apr 15, 2026",11:41:56 AM PDT,,Google fee,,Pro Subscription (WF Solver),com.deepinkcode.wordfeudsolver,Subscription,prosub,,NL,,7035BA,EUR,-0.30,7.472800,DKK,-2.25,prosubmonth,,4994183596643847628,Yes,15,SUBSCRIPTIONS,,
GPA.3300-6994-2847-48353,"Apr 15, 2026",12:16:40 PM PDT,,Charge,,Pro Subscription (WF Solver),com.deepinkcode.wordfeudsolver,Subscription,prosub,dm1q,NL,,7531VR,EUR,1.98,7.472900,DKK,14.80,prosubmonth,,4994183596643847628,Yes,,,,In-app
GPA.3300-6994-2847-48353,"Apr 15, 2026",12:16:40 PM PDT,,Google fee,,Pro Subscription (WF Solver),com.deepinkcode.wordfeudsolver,Subscription,prosub,dm1q,NL,,7531VR,EUR,-0.30,7.472900,DKK,-2.25,prosubmonth,,4994183596643847628,Yes,15,SUBSCRIPTIONS,,In-app
GPA.3361-0374-6273-91244..17,"Apr 15, 2026",12:43:59 PM PDT,,Charge,,Pro Subscription (WF Solver),com.deepinkcode.wordfeudsolver,Subscription,prosub,,SE,,51157,SEK,23.20,0.691100,DKK,16.03,prosubmonth,,4994183596643847628,Yes,,,,
GPA.3361-0374-6273-91244..17,"Apr 15, 2026",12:43:59 PM PDT,,Google fee,,Pro Subscription (WF Solver),com.deepinkcode.wordfeudsolver,Subscription,prosub,,SE,,51157,SEK,-3.48,0.691100,DKK,-2.40,prosubmonth,,4994183596643847628,Yes,15,SUBSCRIPTIONS,,
GPA.3384-0891-9807-99658..1,"Apr 15, 2026",12:49:07 PM PDT,,Charge,,Pro Subscription (WF Solver),com.deepinkcode.wordfeudsolver,Subscription,prosub,,NO,,3516,NOK,24.00,0.674610,DKK,16.19,prosubmonth,,4994183596643847628,Yes,,,,
GPA.3384-0891-9807-99658..1,"Apr 15, 2026",12:49:07 PM PDT,,Google fee,,Pro Subscription (WF Solver),com.deepinkcode.wordfeudsolver,Subscription,prosub,,NO,,3516,NOK,-3.60,0.674610,DKK,-2.43,prosubmonth,,4994183596643847628,Yes,15,SUBSCRIPTIONS,,
GPA.3385-6479-3913-67991,"Apr 15, 2026",1:35:02 PM PDT,,Charge,,Pro Subscription (WF Solver),com.deepinkcode.wordfeudsolver,Subscription,prosub,q7q,GB,,,GBP,1.74,8.595900,DKK,14.96,prosubmonth,,4994183596643847628,Yes,,,,In-app
GPA.3385-6479-3913-67991,"Apr 15, 2026",1:35:02 PM PDT,,Google fee,,Pro Subscription (WF Solver),com.deepinkcode.wordfeudsolver,Subscription,prosub,q7q,GB,,,GBP,-0.26,8.595900,DKK,-2.24,prosubmonth,,4994183596643847628,Yes,15,SUBSCRIPTIONS,,In-app
GPA.3316-8912-9492-12763..14,"Apr 15, 2026",2:02:43 PM PDT,,Charge,,Pro Subscription (WF Solver),com.deepinkcode.wordfeudsolver,Subscription,prosub,,DK,,4660,DKK,15.20,1.000000,DKK,15.20,prosubmonth,,4994183596643847628,Yes,,,,
GPA.3316-8912-9492-12763..14,"Apr 15, 2026",2:02:43 PM PDT,,Google fee,,Pro Subscription (WF Solver),com.deepinkcode.wordfeudsolver,Subscription,prosub,,DK,,4660,DKK,-2.28,1.000000,DKK,-2.28,prosubmonth,,4994183596643847628,Yes,15,SUBSCRIPTIONS,,
GPA.3350-5842-6619-75540..3,"Apr 15, 2026",2:24:21 PM PDT,,Charge,,Pro Subscription (WF Solver),com.deepinkcode.wordfeudsolver,Subscription,prosub,,NL,,4416 CA,EUR,1.98,7.473200,DKK,14.80,prosubmonth,,4994183596643847628,Yes,,,,
GPA.3350-5842-6619-75540..3,"Apr 15, 2026",2:24:21 PM PDT,,Google fee,,Pro Subscription (WF Solver),com.deepinkcode.wordfeudsolver,Subscription,prosub,,NL,,4416 CA,EUR,-0.30,7.473200,DKK,-2.24,prosubmonth,,4994183596643847628,Yes,15,SUBSCRIPTIONS,,
GPA.3395-9068-9904-02880..0,"Apr 15, 2026",4:31:43 PM PDT,,Charge,,Pro Subscription (Words With Friends Solver),com.deepinkcode.wordswithfriendssolver,Subscription,prosub,,US,NC,28518,USD,2.49,6.331600,DKK,15.77,prosub,,4994183596643847628,Yes,,,,
GPA.3395-9068-9904-02880..0,"Apr 15, 2026",4:31:43 PM PDT,,Google fee,,Pro Subscription (Words With Friends Solver),com.deepinkcode.wordswithfriendssolver,Subscription,prosub,,US,NC,28518,USD,-0.37,6.331600,DKK,-2.34,prosub,,4994183596643847628,Yes,15,SUBSCRIPTIONS,,
GPA.3368-2419-5725-15216..5,"Apr 15, 2026",7:24:54 PM PDT,,Charge,,Pro Subscription (Words With Friends Solver),com.deepinkcode.wordswithfriendssolver,Subscription,prosub,,US,IL,61801,USD,2.49,6.328800,DKK,15.76,prosub,,4994183596643847628,Yes,,,,
GPA.3368-2419-5725-15216..5,"Apr 15, 2026",7:24:54 PM PDT,,Google fee,,Pro Subscription (Words With Friends Solver),com.deepinkcode.wordswithfriendssolver,Subscription,prosub,,US,IL,61801,USD,-0.37,6.328800,DKK,-2.34,prosub,,4994183596643847628,Yes,15,SUBSCRIPTIONS,,
GPA.3335-1273-9062-08648..14,"Apr 15, 2026",7:40:53 PM PDT,,Charge,,Pro Subscription (WF Solver),com.deepinkcode.wordfeudsolver,Subscription,prosub,,SE,,13466,SEK,23.20,0.692000,DKK,16.05,prosubmonth,,4994183596643847628,Yes,,,,
GPA.3335-1273-9062-08648..14,"Apr 15, 2026",7:40:53 PM PDT,,Google fee,,Pro Subscription (WF Solver),com.deepinkcode.wordfeudsolver,Subscription,prosub,,SE,,13466,SEK,-3.48,0.692000,DKK,-2.40,prosubmonth,,4994183596643847628,Yes,15,SUBSCRIPTIONS,,
GPA.3394-7705-2611-44517,"Apr 15, 2026",9:04:43 PM PDT,,Charge,,Pro Subscription (Words With Friends Solver),com.deepinkcode.wordswithfriendssolver,Subscription,prosub,dm3q,US,AR,72034,USD,2.49,6.323200,DKK,15.74,prosub,,4994183596643847628,Yes,,,,In-app
GPA.3394-7705-2611-44517,"Apr 15, 2026",9:04:43 PM PDT,,Google fee,,Pro Subscription (Words With Friends Solver),com.deepinkcode.wordswithfriendssolver,Subscription,prosub,dm3q,US,AR,72034,USD,-0.37,6.323200,DKK,-2.34,prosub,,4994183596643847628,Yes,15,SUBSCRIPTIONS,,In-app
GPA.3398-0327-6223-53070..14,"Apr 15, 2026",10:21:54 PM PDT,,Charge,,Pro Subscription (WF Solver),com.deepinkcode.wordfeudsolver,Subscription,prosub,,NL,,3769 Bs,EUR,1.98,7.473000,DKK,14.80,prosubmonth,,4994183596643847628,Yes,,,,
GPA.3398-0327-6223-53070..14,"Apr 15, 2026",10:21:54 PM PDT,,Google fee,,Pro Subscription (WF Solver),com.deepinkcode.wordfeudsolver,Subscription,prosub,,NL,,3769 Bs,EUR,-0.30,7.473000,DKK,-2.25,prosubmonth,,4994183596643847628,Yes,15,SUBSCRIPTIONS,,
GPA.3320-5018-1669-61567..5,"Apr 16, 2026",12:21:30 AM PDT,,Charge,,Pro Subscription (WF Solver),com.deepinkcode.wordfeudsolver,Subscription,prosub,,NL,,5012GK,EUR,1.98,7.473300,DKK,14.80,prosubmonth,,4994183596643847628,Yes,,,,
GPA.3320-5018-1669-61567..5,"Apr 16, 2026",12:21:30 AM PDT,,Google fee,,Pro Subscription (WF Solver),com.deepinkcode.wordfeudsolver,Subscription,prosub,,NL,,5012GK,EUR,-0.30,7.473300,DKK,-2.24,prosubmonth,,4994183596643847628,Yes,15,SUBSCRIPTIONS,,
GPA.3303-2283-6351-05027..0,"Apr 16, 2026",12:32:54 AM PDT,,Charge,,Pro Subscription (WF Solver),com.deepinkcode.wordfeudsolver,Subscription,prosub,,NL,,1052TD,EUR,1.98,7.473300,DKK,14.80,prosubmonth,,4994183596643847628,Yes,,,,
GPA.3303-2283-6351-05027..0,"Apr 16, 2026",12:32:54 AM PDT,,Google fee,,Pro Subscription (WF Solver),com.deepinkcode.wordfeudsolver,Subscription,prosub,,NL,,1052TD,EUR,-0.30,7.473300,DKK,-2.24,prosubmonth,,4994183596643847628,Yes,15,SUBSCRIPTIONS,,
GPA.3333-2789-2943-74389..0,"Apr 16, 2026",12:56:55 AM PDT,,Charge,,Pro Subscription (WF Solver),com.deepinkcode.wordfeudsolver,Subscription,prosub,,NL,,9351 ET,EUR,1.98,7.473300,DKK,14.80,prosubmonth,,4994183596643847628,Yes,,,,
GPA.3333-2789-2943-74389..0,"Apr 16, 2026",12:56:55 AM PDT,,Google fee,,Pro Subscription (WF Solver),com.deepinkcode.wordfeudsolver,Subscription,prosub,,NL,,9351 ET,EUR,-0.30,7.473300,DKK,-2.24,prosubmonth,,4994183596643847628,Yes,15,SUBSCRIPTIONS,,
GPA.3337-1563-1770-05462,"Apr 16, 2026",1:05:32 AM PDT,,Charge,,Pro Subscription (WF Solver),com.deepinkcode.wordfeudsolver,Subscription,prosub,manaus,NL,,5462 HE,EUR,1.98,7.473200,DKK,14.80,prosubmonth,,4994183596643847628,Yes,,,,In-app
GPA.3337-1563-1770-05462,"Apr 16, 2026",1:05:32 AM PDT,,Google fee,,Pro Subscription (WF Solver),com.deepinkcode.wordfeudsolver,Subscription,prosub,manaus,NL,,5462 HE,EUR,-0.30,7.473200,DKK,-2.25,prosubmonth,,4994183596643847628,Yes,15,SUBSCRIPTIONS,,In-app
GPA.3335-0000-4756-12582..11,"Apr 16, 2026",1:29:30 AM PDT,,Charge,,Pro Subscription (Words With Friends Solver),com.deepinkcode.wordswithfriendssolver,Subscription,prosub,,US,MI,48051,USD,1.99,6.331300,DKK,12.60,prosub,,4994183596643847628,Yes,,,,
GPA.3335-0000-4756-12582..11,"Apr 16, 2026",1:29:30 AM PDT,,Google fee,,Pro Subscription (Words With Friends Solver),com.deepinkcode.wordswithfriendssolver,Subscription,prosub,,US,MI,48051,USD,-0.30,6.331300,DKK,-1.90,prosub,,4994183596643847628,Yes,15,SUBSCRIPTIONS,,
GPA.3345-0004-4671-88284..6,"Apr 16, 2026",1:38:59 AM PDT,,Charge,,Pro Subscription (WF Solver),com.deepinkcode.wordfeudsolver,Subscription,prosub,,NL,,6522BL,EUR,1.98,7.473200,DKK,14.80,prosubmonth,,4994183596643847628,Yes,,,,
GPA.3345-0004-4671-88284..6,"Apr 16, 2026",1:38:59 AM PDT,,Google fee,,Pro Subscription (WF Solver),com.deepinkcode.wordfeudsolver,Subscription,prosub,,NL,,6522BL,EUR,-0.30,7.473200,DKK,-2.25,prosubmonth,,4994183596643847628,Yes,15,SUBSCRIPTIONS,,
GPA.3380-2369-5457-83091..0,"Apr 16, 2026",2:33:31 AM PDT,,Charge,,Pro Subscription (Scrabble GO Cheat),com.deepinkcode.scrabblegocheat,Subscription,prosub,,CA,ON,L6M 0G1,CAD,3.19,4.617100,DKK,14.73,prosubmonth,,4994183596643847628,Yes,,,,
GPA.3380-2369-5457-83091..0,"Apr 16, 2026",2:33:31 AM PDT,,Google fee,,Pro Subscription (Scrabble GO Cheat),com.deepinkcode.scrabblegocheat,Subscription,prosub,,CA,ON,L6M 0G1,CAD,-0.48,4.617100,DKK,-2.22,prosubmonth,,4994183596643847628,Yes,15,SUBSCRIPTIONS,,
GPA.3363-2580-8330-22280..14,"Apr 16, 2026",2:35:07 AM PDT,,Charge,,Pro Subscription (WF Solver),com.deepinkcode.wordfeudsolver,Subscription,prosub,,NL,,2612 gj,EUR,1.98,7.473100,DKK,14.80,prosubmonth,,4994183596643847628,Yes,,,,
GPA.3363-2580-8330-22280..14,"Apr 16, 2026",2:35:07 AM PDT,,Google fee,,Pro Subscription (WF Solver),com.deepinkcode.wordfeudsolver,Subscription,prosub,,NL,,2612 gj,EUR,-0.30,7.473100,DKK,-2.25,prosubmonth,,4994183596643847628,Yes,15,SUBSCRIPTIONS,,
GPA.3319-2090-3305-97322..0,"Apr 16, 2026",2:37:39 AM PDT,,Charge,,Pro Subscription (WF Solver),com.deepinkcode.wordfeudsolver,Subscription,prosub,,NL,,2001AB,EUR,1.98,7.473100,DKK,14.80,prosubmonth,,4994183596643847628,Yes,,,,
GPA.3319-2090-3305-97322..0,"Apr 16, 2026",2:37:39 AM PDT,,Google fee,,Pro Subscription (WF Solver),com.deepinkcode.wordfeudsolver,Subscription,prosub,,NL,,2001AB,EUR,-0.30,7.473100,DKK,-2.25,prosubmonth,,4994183596643847628,Yes,15,SUBSCRIPTIONS,,
GPA.3305-1665-3996-52792..13,"Apr 16, 2026",4:05:44 AM PDT,,Charge,,Pro Subscription (WF Solver),com.deepinkcode.wordfeudsolver,Subscription,prosub,,SE,,89137,SEK,23.20,0.690470,DKK,16.02,prosubmonth,,4994183596643847628,Yes,,,,
GPA.3305-1665-3996-52792..13,"Apr 16, 2026",4:05:44 AM PDT,,Google fee,,Pro Subscription (WF Solver),com.deepinkcode.wordfeudsolver,Subscription,prosub,,SE,,89137,SEK,-3.48,0.690470,DKK,-2.40,prosubmonth,,4994183596643847628,Yes,15,SUBSCRIPTIONS,,
GPA.3313-4540-3613-78700..1,"Apr 16, 2026",4:19:41 AM PDT,,Charge,,Pro Subscription (Words With Friends Solver),com.deepinkcode.wordswithfriendssolver,Subscription,prosub,,GB,,DY4 8SX,GBP,1.74,8.588400,DKK,14.94,prosub,,4994183596643847628,Yes,,,,
GPA.3313-4540-3613-78700..1,"Apr 16, 2026",4:19:41 AM PDT,,Google fee,,Pro Subscription (Words With Friends Solver),com.deepinkcode.wordswithfriendssolver,Subscription,prosub,,GB,,DY4 8SX,GBP,-0.26,8.588400,DKK,-2.23,prosub,,4994183596643847628,Yes,15,SUBSCRIPTIONS,,
GPA.3344-3174-5975-70004..2,"Apr 16, 2026",5:47:26 AM PDT,,Charge,,Pro Subscription (Words With Friends Solver),com.deepinkcode.wordswithfriendssolver,Subscription,prosub,,US,NM,88201,USD,2.49,6.342700,DKK,15.79,prosub,,4994183596643847628,Yes,,,,
GPA.3344-3174-5975-70004..2,"Apr 16, 2026",5:47:26 AM PDT,,Google fee,,Pro Subscription (Words With Friends Solver),com.deepinkcode.wordswithfriendssolver,Subscription,prosub,,US,NM,88201,USD,-0.37,6.342700,DKK,-2.35,prosub,,4994183596643847628,Yes,15,SUBSCRIPTIONS,,
GPA.3369-4112-7896-66415..8,"Apr 16, 2026",5:57:36 AM PDT,,Charge,,Pro Subscription (WF Solver),com.deepinkcode.wordfeudsolver,Subscription,prosub,,NL,,2665 XD,EUR,1.98,7.473000,DKK,14.80,prosubmonth,,4994183596643847628,Yes,,,,
GPA.3369-4112-7896-66415..8,"Apr 16, 2026",5:57:36 AM PDT,,Google fee,,Pro Subscription (WF Solver),com.deepinkcode.wordfeudsolver,Subscription,prosub,,NL,,2665 XD,EUR,-0.30,7.473000,DKK,-2.25,prosubmonth,,4994183596643847628,Yes,15,SUBSCRIPTIONS,,
GPA.3323-9348-1365-30337,"Apr 16, 2026",6:22:11 AM PDT,,Charge,,Pro (WF Solver),com.deepinkcode.wordfeudsolver,One-time product,pro,a55x,DK,,5610,DKK,180.00,1.000000,DKK,180.00,legacy-base,,4994183596643847628,Yes,,,,In-app
GPA.3323-9348-1365-30337,"Apr 16, 2026",6:22:11 AM PDT,,Google fee,,Pro (WF Solver),com.deepinkcode.wordfeudsolver,One-time product,pro,a55x,DK,,5610,DKK,-27.00,1.000000,DKK,-27.00,legacy-base,,4994183596643847628,Yes,15,,,In-app
GPA.3351-3451-5965-58983..11,"Apr 16, 2026",7:51:53 AM PDT,,Charge,,Pro Subscription (WF Solver),com.deepinkcode.wordfeudsolver,Subscription,prosub,,NL,,6932 AC,EUR,1.98,7.473000,DKK,14.80,prosubmonth,,4994183596643847628,Yes,,,,
GPA.3351-3451-5965-58983..11,"Apr 16, 2026",7:51:53 AM PDT,,Google fee,,Pro Subscription (WF Solver),com.deepinkcode.wordfeudsolver,Subscription,prosub,,NL,,6932 AC,EUR,-0.30,7.473000,DKK,-2.25,prosubmonth,,4994183596643847628,Yes,15,SUBSCRIPTIONS,,
GPA.3321-1599-4823-75191..10,"Apr 16, 2026",7:54:53 AM PDT,,Charge,,Pro Subscription (WF Solver),com.deepinkcode.wordfeudsolver,Subscription,prosub,,NL,,7242DA,EUR,1.98,7.473000,DKK,14.80,prosubmonth,,4994183596643847628,Yes,,,,
GPA.3321-1599-4823-75191..10,"Apr 16, 2026",7:54:53 AM PDT,,Google fee,,Pro Subscription (WF Solver),com.deepinkcode.wordfeudsolver,Subscription,prosub,,NL,,7242DA,EUR,-0.30,7.473000,DKK,-2.25,prosubmonth,,4994183596643847628,Yes,15,SUBSCRIPTIONS,,
GPA.3338-6567-4502-49106..16,"Apr 16, 2026",8:40:06 AM PDT,,Charge,,Pro Subscription (WF Solver),com.deepinkcode.wordfeudsolver,Subscription,prosub,,NL,,3723 GS,EUR,1.98,7.473400,DKK,14.80,prosubmonth,,4994183596643847628,Yes,,,,
GPA.3338-6567-4502-49106..16,"Apr 16, 2026",8:40:06 AM PDT,,Google fee,,Pro Subscription (WF Solver),com.deepinkcode.wordfeudsolver,Subscription,prosub,,NL,,3723 GS,EUR,-0.30,7.473400,DKK,-2.24,prosubmonth,,4994183596643847628,Yes,15,SUBSCRIPTIONS,,
GPA.3322-5568-8607-28516,"Apr 16, 2026",10:01:11 AM PDT,,Charge,,Pro Subscription (WF Solver),com.deepinkcode.wordfeudsolver,Subscription,prosub,e1s,NL,,3843 HB,EUR,1.98,7.473400,DKK,14.80,prosubmonth,,4994183596643847628,Yes,,,,In-app
GPA.3322-5568-8607-28516,"Apr 16, 2026",10:01:11 AM PDT,,Google fee,,Pro Subscription (WF Solver),com.deepinkcode.wordfeudsolver,Subscription,prosub,e1s,NL,,3843 HB,EUR,-0.30,7.473400,DKK,-2.24,prosubmonth,,4994183596643847628,Yes,15,SUBSCRIPTIONS,,In-app
GPA.3351-1790-2439-02081,"Apr 16, 2026",10:07:15 AM PDT,,Charge,,Pro (WF Solver),com.deepinkcode.wordfeudsolver,One-time product,pro,e1s,NL,,2235 SH,EUR,23.96,7.473400,DKK,179.06,legacy-base,,4994183596643847628,Yes,,,,In-app
GPA.3351-1790-2439-02081,"Apr 16, 2026",10:07:15 AM PDT,,Google fee,,Pro (WF Solver),com.deepinkcode.wordfeudsolver,One-time product,pro,e1s,NL,,2235 SH,EUR,-3.59,7.473400,DKK,-26.83,legacy-base,,4994183596643847628,Yes,15,,,In-app
GPA.3394-9688-5508-78400,"Apr 16, 2026",10:20:57 AM PDT,,Charge,,Pro Subscription (WF Solver),com.deepinkcode.wordfeudsolver,Subscription,prosub,OP5958L1,SE,,79171,SEK,22.40,0.690610,DKK,15.47,prosubmonth,,4994183596643847628,Yes,,,,In-app
GPA.3394-9688-5508-78400,"Apr 16, 2026",10:20:57 AM PDT,,Google fee,,Pro Subscription (WF Solver),com.deepinkcode.wordfeudsolver,Subscription,prosub,OP5958L1,SE,,79171,SEK,-3.36,0.690610,DKK,-2.32,prosubmonth,,4994183596643847628,Yes,15,SUBSCRIPTIONS,,In-app
GPA.3389-1808-8266-58352..16,"Apr 16, 2026",10:39:26 AM PDT,,Charge,,Pro Subscription (WF Solver),com.deepinkcode.wordfeudsolver,Subscription,prosub,,SE,,97238,SEK,23.20,0.690610,DKK,16.02,prosubmonth,,4994183596643847628,Yes,,,,
GPA.3389-1808-8266-58352..16,"Apr 16, 2026",10:39:26 AM PDT,,Google fee,,Pro Subscription (WF Solver),com.deepinkcode.wordfeudsolver,Subscription,prosub,,SE,,97238,SEK,-3.48,0.690610,DKK,-2.40,prosubmonth,,4994183596643847628,Yes,15,SUBSCRIPTIONS,,
GPA.3377-3231-4369-66502..4,"Apr 16, 2026",11:52:40 AM PDT,,Charge,,Pro Subscription (WF Solver),com.deepinkcode.wordfeudsolver,Subscription,prosub,,NO,,1409,NOK,24.00,0.677930,DKK,16.27,prosubmonth,,4994183596643847628,Yes,,,,
GPA.3377-3231-4369-66502..4,"Apr 16, 2026",11:52:40 AM PDT,,Google fee,,Pro Subscription (WF Solver),com.deepinkcode.wordfeudsolver,Subscription,prosub,,NO,,1409,NOK,-3.60,0.677930,DKK,-2.44,prosubmonth,,4994183596643847628,Yes,15,SUBSCRIPTIONS,,
GPA.3308-1922-4377-20638..8,"Apr 16, 2026",2:05:55 PM PDT,,Charge,,Pro Subscription (WF Solver),com.deepinkcode.wordfeudsolver,Subscription,prosub,,DK,,7800,DKK,15.20,1.000000,DKK,15.20,prosubmonth,,4994183596643847628,Yes,,,,
GPA.3308-1922-4377-20638..8,"Apr 16, 2026",2:05:55 PM PDT,,Google fee,,Pro Subscription (WF Solver),com.deepinkcode.wordfeudsolver,Subscription,prosub,,DK,,7800,DKK,-2.28,1.000000,DKK,-2.28,prosubmonth,,4994183596643847628,Yes,15,SUBSCRIPTIONS,,
GPA.3318-5671-6254-44988..5,"Apr 16, 2026",2:06:24 PM PDT,,Charge,,Pro Subscription (WF Solver),com.deepinkcode.wordfeudsolver,Subscription,prosub,,US,CA,93433,USD,2.49,6.342800,DKK,15.79,prosubmonth,,4994183596643847628,Yes,,,,
GPA.3318-5671-6254-44988..5,"Apr 16, 2026",2:06:24 PM PDT,,Google fee,,Pro Subscription (WF Solver),com.deepinkcode.wordfeudsolver,Subscription,prosub,,US,CA,93433,USD,-0.37,6.342800,DKK,-2.35,prosubmonth,,4994183596643847628,Yes,15,SUBSCRIPTIONS,,
GPA.3358-2443-8141-24416..3,"Apr 16, 2026",2:07:01 PM PDT,,Charge,,Pro Subscription (WF Solver),com.deepinkcode.wordfeudsolver,Subscription,prosub,,NO,,4735,NOK,24.00,0.677420,DKK,16.26,prosubmonth,,4994183596643847628,Yes,,,,
GPA.3358-2443-8141-24416..3,"Apr 16, 2026",2:07:01 PM PDT,,Google fee,,Pro Subscription (WF Solver),com.deepinkcode.wordfeudsolver,Subscription,prosub,,NO,,4735,NOK,-3.60,0.677420,DKK,-2.44,prosubmonth,,4994183596643847628,Yes,15,SUBSCRIPTIONS,,
GPA.3325-0349-0203-08815,"Apr 16, 2026",4:46:36 PM PDT,,Charge,,Pro Subscription (Words With Friends Solver),com.deepinkcode.wordswithfriendssolver,Subscription,prosub,r12s,US,CA,95747,USD,2.49,6.342400,DKK,15.79,prosub,,4994183596643847628,Yes,,,,In-app
GPA.3325-0349-0203-08815,"Apr 16, 2026",4:46:36 PM PDT,,Google fee,,Pro Subscription (Words With Friends Solver),com.deepinkcode.wordswithfriendssolver,Subscription,prosub,r12s,US,CA,95747,USD,-0.37,6.342400,DKK,-2.35,prosub,,4994183596643847628,Yes,15,SUBSCRIPTIONS,,In-app
GPA.3394-3320-4876-12517..8,"Apr 16, 2026",7:19:15 PM PDT,,Charge,,Pro Subscription (Words With Friends Solver),com.deepinkcode.wordswithfriendssolver,Subscription,prosub,,US,NC,27028,USD,1.99,6.344400,DKK,12.63,prosub,,4994183596643847628,Yes,,,,
GPA.3394-3320-4876-12517..8,"Apr 16, 2026",7:19:15 PM PDT,,Google fee,,Pro Subscription (Words With Friends Solver),com.deepinkcode.wordswithfriendssolver,Subscription,prosub,,US,NC,27028,USD,-0.30,6.344400,DKK,-1.90,prosub,,4994183596643847628,Yes,15,SUBSCRIPTIONS,,
GPA.3357-5886-9855-43560..8,"Apr 16, 2026",10:37:36 PM PDT,,Charge,,Pro Subscription (WF Solver),com.deepinkcode.wordfeudsolver,Subscription,prosub,,SE,,831 74,SEK,23.20,0.690490,DKK,16.02,prosubmonth,,4994183596643847628,Yes,,,,
GPA.3357-5886-9855-43560..8,"Apr 16, 2026",10:37:36 PM PDT,,Google fee,,Pro Subscription (WF Solver),com.deepinkcode.wordfeudsolver,Subscription,prosub,,SE,,831 74,SEK,-3.48,0.690490,DKK,-2.40,prosubmonth,,4994183596643847628,Yes,15,SUBSCRIPTIONS,,
GPA.3327-7596-0028-61220..2,"Apr 17, 2026",12:37:40 AM PDT,,Charge,,Pro Subscription (Words With Friends Solver),com.deepinkcode.wordswithfriendssolver,Subscription,prosub,,AU,,5125,AUD,3.63,4.546800,DKK,16.50,prosub,,4994183596643847628,Yes,,,,
GPA.3327-7596-0028-61220..2,"Apr 17, 2026",12:37:40 AM PDT,,Google fee,,Pro Subscription (Words With Friends Solver),com.deepinkcode.wordswithfriendssolver,Subscription,prosub,,AU,,5125,AUD,-0.54,4.546800,DKK,-2.46,prosub,,4994183596643847628,Yes,15,SUBSCRIPTIONS,,
GPA.3362-3501-2099-84599,"Apr 17, 2026",1:49:53 AM PDT,,Charge,,Pro Subscription (WF Solver),com.deepinkcode.wordfeudsolver,Subscription,prosub,r0s,DK,,7160,DKK,15.20,1.000000,DKK,15.20,prosubmonth,,4994183596643847628,Yes,,,,In-app
GPA.3362-3501-2099-84599,"Apr 17, 2026",1:49:53 AM PDT,,Google fee,,Pro Subscription (WF Solver),com.deepinkcode.wordfeudsolver,Subscription,prosub,r0s,DK,,7160,DKK,-2.28,1.000000,DKK,-2.28,prosubmonth,,4994183596643847628,Yes,15,SUBSCRIPTIONS,,In-app
GPA.3358-5006-0946-86408..4,"Apr 17, 2026",2:54:42 AM PDT,,Charge,,Pro Subscription (WF Solver),com.deepinkcode.wordfeudsolver,Subscription,prosub,,NO,,4049,NOK,24.00,0.678090,DKK,16.27,prosubmonth,,4994183596643847628,Yes,,,,
GPA.3358-5006-0946-86408..4,"Apr 17, 2026",2:54:42 AM PDT,,Google fee,,Pro Subscription (WF Solver),com.deepinkcode.wordfeudsolver,Subscription,prosub,,NO,,4049,NOK,-3.60,0.678090,DKK,-2.44,prosubmonth,,4994183596643847628,Yes,15,SUBSCRIPTIONS,,
GPA.3307-1233-6427-23506,"Apr 17, 2026",2:56:59 AM PDT,,Charge,,Pro Subscription (WF Solver),com.deepinkcode.wordfeudsolver,Subscription,prosub,r12s,NL,,8051 XH,EUR,1.98,7.473200,DKK,14.80,prosubmonth,,4994183596643847628,Yes,,,,In-app
GPA.3307-1233-6427-23506,"Apr 17, 2026",2:56:59 AM PDT,,Google fee,,Pro Subscription (WF Solver),com.deepinkcode.wordfeudsolver,Subscription,prosub,r12s,NL,,8051 XH,EUR,-0.30,7.473200,DKK,-2.24,prosubmonth,,4994183596643847628,Yes,15,SUBSCRIPTIONS,,In-app
GPA.3310-6022-7656-79135..12,"Apr 17, 2026",4:34:05 AM PDT,,Charge,,Pro Subscription (Words With Friends Solver),com.deepinkcode.wordswithfriendssolver,Subscription,prosub,,US,TN,37221,USD,1.99,6.337300,DKK,12.61,prosub,,4994183596643847628,Yes,,,,
GPA.3310-6022-7656-79135..12,"Apr 17, 2026",4:34:05 AM PDT,,Google fee,,Pro Subscription (Words With Friends Solver),com.deepinkcode.wordswithfriendssolver,Subscription,prosub,,US,TN,37221,USD,-0.30,6.337300,DKK,-1.90,prosub,,4994183596643847628,Yes,15,SUBSCRIPTIONS,,
GPA.3330-6364-9094-18540,"Apr 17, 2026",4:39:08 AM PDT,,Charge,,Pro Subscription (WF Solver),com.deepinkcode.wordfeudsolver,Subscription,prosub,pa3q,DK,,3600,DKK,15.20,1.000000,DKK,15.20,prosubmonth,,4994183596643847628,Yes,,,,In-app
GPA.3330-6364-9094-18540,"Apr 17, 2026",4:39:08 AM PDT,,Google fee,,Pro Subscription (WF Solver),com.deepinkcode.wordfeudsolver,Subscription,prosub,pa3q,DK,,3600,DKK,-2.28,1.000000,DKK,-2.28,prosubmonth,,4994183596643847628,Yes,15,SUBSCRIPTIONS,,In-app
GPA.3328-5305-0601-65111..9,"Apr 17, 2026",4:39:41 AM PDT,,Charge,,Pro Subscription (Words With Friends Solver),com.deepinkcode.wordswithfriendssolver,Subscription,prosub,,US,CA,94587,USD,1.99,6.337300,DKK,12.61,prosub,,4994183596643847628,Yes,,,,
GPA.3328-5305-0601-65111..9,"Apr 17, 2026",4:39:41 AM PDT,,Google fee,,Pro Subscription (Words With Friends Solver),com.deepinkcode.wordswithfriendssolver,Subscription,prosub,,US,CA,94587,USD,-0.30,6.337300,DKK,-1.90,prosub,,4994183596643847628,Yes,15,SUBSCRIPTIONS,,
GPA.3378-4043-5332-30633..2,"Apr 17, 2026",4:54:44 AM PDT,,Charge,,Pro Subscription (WF Solver),com.deepinkcode.wordfeudsolver,Subscription,prosub,,DK,,2640,DKK,15.20,1.000000,DKK,15.20,prosubmonth,,4994183596643847628,Yes,,,,
GPA.3378-4043-5332-30633..2,"Apr 17, 2026",4:54:44 AM PDT,,Google fee,,Pro Subscription (WF Solver),com.deepinkcode.wordfeudsolver,Subscription,prosub,,DK,,2640,DKK,-2.28,1.000000,DKK,-2.28,prosubmonth,,4994183596643847628,Yes,15,SUBSCRIPTIONS,,
GPA.3310-7679-5252-52886..9,"Apr 17, 2026",6:01:54 AM PDT,,Charge,,Pro Subscription (WF Solver),com.deepinkcode.wordfeudsolver,Subscription,prosub,,SE,,13664,SEK,23.20,0.691630,DKK,16.05,prosubmonth,,4994183596643847628,Yes,,,,
GPA.3310-7679-5252-52886..9,"Apr 17, 2026",6:01:54 AM PDT,,Google fee,,Pro Subscription (WF Solver),com.deepinkcode.wordfeudsolver,Subscription,prosub,,SE,,13664,SEK,-3.48,0.691630,DKK,-2.41,prosubmonth,,4994183596643847628,Yes,15,SUBSCRIPTIONS,,
GPA.3391-4030-2584-59404..4,"Apr 17, 2026",6:07:25 AM PDT,,Charge,,Pro Subscription (WF Solver),com.deepinkcode.wordfeudsolver,Subscription,prosub,,NO,,6413,NOK,24.00,0.678540,DKK,16.28,prosubmonth,,4994183596643847628,Yes,,,,
GPA.3391-4030-2584-59404..4,"Apr 17, 2026",6:07:25 AM PDT,,Google fee,,Pro Subscription (WF Solver),com.deepinkcode.wordfeudsolver,Subscription,prosub,,NO,,6413,NOK,-3.60,0.678540,DKK,-2.44,prosubmonth,,4994183596643847628,Yes,15,SUBSCRIPTIONS,,
GPA.3339-6342-7269-71677,"Apr 17, 2026",7:52:55 AM PDT,,Charge,,Pro Subscription (WF Solver),com.deepinkcode.wordfeudsolver,Subscription,prosub,e3q,NL,,4621HN,EUR,1.98,7.473300,DKK,14.80,prosubmonth,,4994183596643847628,Yes,,,,In-app
GPA.3339-6342-7269-71677,"Apr 17, 2026",7:52:55 AM PDT,,Google fee,,Pro Subscription (WF Solver),com.deepinkcode.wordfeudsolver,Subscription,prosub,e3q,NL,,4621HN,EUR,-0.30,7.473300,DKK,-2.24,prosubmonth,,4994183596643847628,Yes,15,SUBSCRIPTIONS,,In-app
GPA.3369-3124-2742-13856..3,"Apr 17, 2026",8:22:45 AM PDT,,Charge,,Pro Subscription (WF Solver),com.deepinkcode.wordfeudsolver,Subscription,prosub,,DK,,8500,DKK,15.20,1.000000,DKK,15.20,prosubmonth,,4994183596643847628,Yes,,,,
GPA.3369-3124-2742-13856..3,"Apr 17, 2026",8:22:45 AM PDT,,Google fee,,Pro Subscription (WF Solver),com.deepinkcode.wordfeudsolver,Subscription,prosub,,DK,,8500,DKK,-2.28,1.000000,DKK,-2.28,prosubmonth,,4994183596643847628,Yes,15,SUBSCRIPTIONS,,
GPA.3396-1798-6520-57977..2,"Apr 17, 2026",8:36:51 AM PDT,,Charge,,Pro Subscription (WF Solver),com.deepinkcode.wordfeudsolver,Subscription,prosub,,SE,,289 92,SEK,22.40,0.694090,DKK,15.55,prosubmonth,,4994183596643847628,Yes,,,,
GPA.3396-1798-6520-57977..2,"Apr 17, 2026",8:36:51 AM PDT,,Google fee,,Pro Subscription (WF Solver),com.deepinkcode.wordfeudsolver,Subscription,prosub,,SE,,289 92,SEK,-3.36,0.694090,DKK,-2.33,prosubmonth,,4994183596643847628,Yes,15,SUBSCRIPTIONS,,
GPA.3343-6115-6938-77048..1,"Apr 17, 2026",8:51:57 AM PDT,,Charge,,Pro Subscription (WF Solver),com.deepinkcode.wordfeudsolver,Subscription,prosub,,SE,,151 37,SEK,22.40,0.694090,DKK,15.55,prosubmonth,,4994183596643847628,Yes,,,,
GPA.3343-6115-6938-77048..1,"Apr 17, 2026",8:51:57 AM PDT,,Google fee,,Pro Subscription (WF Solver),com.deepinkcode.wordfeudsolver,Subscription,prosub,,SE,,151 37,SEK,-3.36,0.694090,DKK,-2.33,prosubmonth,,4994183596643847628,Yes,15,SUBSCRIPTIONS,,
GPA.3390-6434-7075-81296..5,"Apr 17, 2026",9:05:08 AM PDT,,Charge,,Pro Subscription (WF Solver),com.deepinkcode.wordfeudsolver,Subscription,prosub,,NL,,1722 HH,EUR,1.98,7.473000,DKK,14.80,prosubmonth,,4994183596643847628,Yes,,,,
GPA.3390-6434-7075-81296..5,"Apr 17, 2026",9:05:08 AM PDT,,Google fee,,Pro Subscription (WF Solver),com.deepinkcode.wordfeudsolver,Subscription,prosub,,NL,,1722 HH,EUR,-0.30,7.473000,DKK,-2.25,prosubmonth,,4994183596643847628,Yes,15,SUBSCRIPTIONS,,
GPA.3382-9727-5108-03861..7,"Apr 17, 2026",9:16:38 AM PDT,,Charge,,Pro Subscription (WF Solver),com.deepinkcode.wordfeudsolver,Subscription,prosub,,NL,,1705 ST,EUR,1.98,7.473000,DKK,14.80,prosubmonth,,4994183596643847628,Yes,,,,
GPA.3382-9727-5108-03861..7,"Apr 17, 2026",9:16:38 AM PDT,,Google fee,,Pro Subscription (WF Solver),com.deepinkcode.wordfeudsolver,Subscription,prosub,,NL,,1705 ST,EUR,-0.30,7.473000,DKK,-2.25,prosubmonth,,4994183596643847628,Yes,15,SUBSCRIPTIONS,,
GPA.3329-3161-2813-90239..17,"Apr 17, 2026",9:59:51 AM PDT,,Charge,,Pro Subscription (WF Solver),com.deepinkcode.wordfeudsolver,Subscription,prosub,,NL,,9611AS,EUR,1.98,7.473000,DKK,14.80,prosubmonth,,4994183596643847628,Yes,,,,
GPA.3329-3161-2813-90239..17,"Apr 17, 2026",9:59:51 AM PDT,,Google fee,,Pro Subscription (WF Solver),com.deepinkcode.wordfeudsolver,Subscription,prosub,,NL,,9611AS,EUR,-0.30,7.473000,DKK,-2.25,prosubmonth,,4994183596643847628,Yes,15,SUBSCRIPTIONS,,
GPA.3366-0909-0965-74927..3,"Apr 17, 2026",10:37:17 AM PDT,,Charge,,Pro Subscription (WF Solver),com.deepinkcode.wordfeudsolver,Subscription,prosub,,NL,,7325AP,EUR,1.98,7.473000,DKK,14.80,prosubmonth,,4994183596643847628,Yes,,,,
GPA.3366-0909-0965-74927..3,"Apr 17, 2026",10:37:17 AM PDT,,Google fee,,Pro Subscription (WF Solver),com.deepinkcode.wordfeudsolver,Subscription,prosub,,NL,,7325AP,EUR,-0.30,7.473000,DKK,-2.25,prosubmonth,,4994183596643847628,Yes,15,SUBSCRIPTIONS,,
GPA.3323-7095-0468-40576..9,"Apr 17, 2026",10:42:28 AM PDT,,Charge,,Pro Subscription (WF Solver),com.deepinkcode.wordfeudsolver,Subscription,prosub,,NL,,3281SV,EUR,1.98,7.473000,DKK,14.80,prosubmonth,,4994183596643847628,Yes,,,,
GPA.3323-7095-0468-40576..9,"Apr 17, 2026",10:42:28 AM PDT,,Google fee,,Pro Subscription (WF Solver),com.deepinkcode.wordfeudsolver,Subscription,prosub,,NL,,3281SV,EUR,-0.30,7.473000,DKK,-2.25,prosubmonth,,4994183596643847628,Yes,15,SUBSCRIPTIONS,,
GPA.3367-6951-3324-00753..1,"Apr 17, 2026",11:13:23 AM PDT,,Charge,,Pro Subscription (WF Solver),com.deepinkcode.wordfeudsolver,Subscription,prosub,,SE,,63517,SEK,22.40,0.693120,DKK,15.53,prosubmonth,,4994183596643847628,Yes,,,,
GPA.3367-6951-3324-00753..1,"Apr 17, 2026",11:13:23 AM PDT,,Google fee,,Pro Subscription (WF Solver),com.deepinkcode.wordfeudsolver,Subscription,prosub,,SE,,63517,SEK,-3.36,0.693120,DKK,-2.33,prosubmonth,,4994183596643847628,Yes,15,SUBSCRIPTIONS,,
GPA.3338-6187-9119-27374,"Apr 17, 2026",11:48:38 AM PDT,,Charge,,Pro Subscription (WF Solver),com.deepinkcode.wordfeudsolver,Subscription,prosub,b0q,US,VA,23320,USD,2.49,6.336000,DKK,15.78,prosubmonth,,4994183596643847628,Yes,,,,In-app
GPA.3338-6187-9119-27374,"Apr 17, 2026",11:48:38 AM PDT,,Google fee,,Pro Subscription (WF Solver),com.deepinkcode.wordfeudsolver,Subscription,prosub,b0q,US,VA,23320,USD,-0.37,6.336000,DKK,-2.34,prosubmonth,,4994183596643847628,Yes,15,SUBSCRIPTIONS,,In-app
GPA.3321-0716-9923-13050..14,"Apr 17, 2026",12:11:33 PM PDT,,Charge,,Pro Subscription (WF Solver),com.deepinkcode.wordfeudsolver,Subscription,prosub,,SE,,41720,SEK,23.20,0.693370,DKK,16.09,prosubmonth,,4994183596643847628,Yes,,,,
GPA.3321-0716-9923-13050..14,"Apr 17, 2026",12:11:33 PM PDT,,Google fee,,Pro Subscription (WF Solver),com.deepinkcode.wordfeudsolver,Subscription,prosub,,SE,,41720,SEK,-3.48,0.693370,DKK,-2.42,prosubmonth,,4994183596643847628,Yes,15,SUBSCRIPTIONS,,
GPA.3371-8202-5115-83127,"Apr 17, 2026",12:14:34 PM PDT,,Charge,,Pro (WF Solver),com.deepinkcode.wordfeudsolver,One-time product,pro,q7mq,US,OH,44135,USD,27.99,6.336200,DKK,177.35,legacy-base,,4994183596643847628,Yes,,,,In-app
GPA.3371-8202-5115-83127,"Apr 17, 2026",12:14:34 PM PDT,,Google fee,,Pro (WF Solver),com.deepinkcode.wordfeudsolver,One-time product,pro,q7mq,US,OH,44135,USD,-4.20,6.336200,DKK,-26.61,legacy-base,,4994183596643847628,Yes,15,,,In-app
GPA.3303-4855-0897-27148..9,"Apr 17, 2026",12:33:21 PM PDT,,Charge,,Pro Subscription (WF Solver),com.deepinkcode.wordfeudsolver,Subscription,prosub,,NL,,1065 HG,EUR,1.98,7.473300,DKK,14.80,prosubmonth,,4994183596643847628,Yes,,,,
GPA.3303-4855-0897-27148..9,"Apr 17, 2026",12:33:21 PM PDT,,Google fee,,Pro Subscription (WF Solver),com.deepinkcode.wordfeudsolver,Subscription,prosub,,NL,,1065 HG,EUR,-0.30,7.473300,DKK,-2.24,prosubmonth,,4994183596643847628,Yes,15,SUBSCRIPTIONS,,
GPA.3373-8868-8811-26876..1,"Apr 17, 2026",12:34:45 PM PDT,,Charge,,Pro Subscription (WF Solver),com.deepinkcode.wordfeudsolver,Subscription,prosub,,SE,,54138,SEK,22.40,0.693370,DKK,15.53,prosubmonth,,4994183596643847628,Yes,,,,
GPA.3373-8868-8811-26876..1,"Apr 17, 2026",12:34:45 PM PDT,,Google fee,,Pro Subscription (WF Solver),com.deepinkcode.wordfeudsolver,Subscription,prosub,,SE,,54138,SEK,-3.36,0.693370,DKK,-2.33,prosubmonth,,4994183596643847628,Yes,15,SUBSCRIPTIONS,,
GPA.3319-1435-2391-93140..8,"Apr 17, 2026",1:09:03 PM PDT,,Charge,,Pro Subscription (WF Solver),com.deepinkcode.wordfeudsolver,Subscription,prosub,,NL,,3811 BJ,EUR,1.98,7.473300,DKK,14.80,prosubmonth,,4994183596643847628,Yes,,,,
GPA.3319-1435-2391-93140..8,"Apr 17, 2026",1:09:03 PM PDT,,Google fee,,Pro Subscription (WF Solver),com.deepinkcode.wordfeudsolver,Subscription,prosub,,NL,,3811 BJ,EUR,-0.30,7.473300,DKK,-2.24,prosubmonth,,4994183596643847628,Yes,15,SUBSCRIPTIONS,,
GPA.3315-1779-4565-38611,"Apr 17, 2026",1:19:32 PM PDT,,Charge,,Pro Subscription (WF Solver),com.deepinkcode.wordfeudsolver,Subscription,prosub,dm1q,NL,,5628VE,EUR,1.98,7.473300,DKK,14.80,prosubmonth,,4994183596643847628,Yes,,,,In-app
GPA.3315-1779-4565-38611,"Apr 17, 2026",1:19:32 PM PDT,,Google fee,,Pro Subscription (WF Solver),com.deepinkcode.wordfeudsolver,Subscription,prosub,dm1q,NL,,5628VE,EUR,-0.30,7.473300,DKK,-2.24,prosubmonth,,4994183596643847628,Yes,15,SUBSCRIPTIONS,,In-app
GPA.3309-3932-0646-61025..5,"Apr 17, 2026",1:54:03 PM PDT,,Charge,,Pro Subscription (WF Solver),com.deepinkcode.wordfeudsolver,Subscription,prosub,,NL,,1363LT,EUR,1.98,7.473300,DKK,14.80,prosubmonth,,4994183596643847628,Yes,,,,
GPA.3309-3932-0646-61025..5,"Apr 17, 2026",1:54:03 PM PDT,,Google fee,,Pro Subscription (WF Solver),com.deepinkcode.wordfeudsolver,Subscription,prosub,,NL,,1363LT,EUR,-0.30,7.473300,DKK,-2.24,prosubmonth,,4994183596643847628,Yes,15,SUBSCRIPTIONS,,
GPA.3363-7047-0256-63465..1,"Apr 17, 2026",1:57:05 PM PDT,,Charge,,Pro Subscription (Words With Friends Solver),com.deepinkcode.wordswithfriendssolver,Subscription,prosub,,US,NJ,08201,USD,2.49,6.344100,DKK,15.80,prosub,,4994183596643847628,Yes,,,,
GPA.3363-7047-0256-63465..1,"Apr 17, 2026",1:57:05 PM PDT,,Google fee,,Pro Subscription (Words With Friends Solver),com.deepinkcode.wordswithfriendssolver,Subscription,prosub,,US,NJ,08201,USD,-0.37,6.344100,DKK,-2.35,prosub,,4994183596643847628,Yes,15,SUBSCRIPTIONS,,
GPA.3305-1931-9203-16959,"Apr 17, 2026",2:21:16 PM PDT,,Charge,,Pro Subscription (Scrabble GO Cheat),com.deepinkcode.scrabblegocheat,Subscription,prosub,b0s,GB,,LN5 9RL,GBP,1.74,8.584000,DKK,14.94,prosubmonth,,4994183596643847628,Yes,,,,In-app
GPA.3305-1931-9203-16959,"Apr 17, 2026",2:21:16 PM PDT,,Google fee,,Pro Subscription (Scrabble GO Cheat),com.deepinkcode.scrabblegocheat,Subscription,prosub,b0s,GB,,LN5 9RL,GBP,-0.26,8.584000,DKK,-2.24,prosubmonth,,4994183596643847628,Yes,15,SUBSCRIPTIONS,,In-app
GPA.3386-2137-2584-85771..1,"Apr 17, 2026",2:35:44 PM PDT,,Charge,,Pro Subscription (WF Solver),com.deepinkcode.wordfeudsolver,Subscription,prosub,,NL,,5401 ZL,EUR,1.98,7.473300,DKK,14.80,prosubmonth,,4994183596643847628,Yes,,,,
GPA.3386-2137-2584-85771..1,"Apr 17, 2026",2:35:44 PM PDT,,Google fee,,Pro Subscription (WF Solver),com.deepinkcode.wordfeudsolver,Subscription,prosub,,NL,,5401 ZL,EUR,-0.30,7.473300,DKK,-2.24,prosubmonth,,4994183596643847628,Yes,15,SUBSCRIPTIONS,,
GPA.3389-3065-1147-99908..4,"Apr 17, 2026",2:36:08 PM PDT,,Charge,,Pro Subscription (WF Solver),com.deepinkcode.wordfeudsolver,Subscription,prosub,,CA,QC,H1E 7A7,CAD,3.19,4.638300,DKK,14.80,prosubmonth,,4994183596643847628,Yes,,,,
GPA.3389-3065-1147-99908..4,"Apr 17, 2026",2:36:08 PM PDT,,Google fee,,Pro Subscription (WF Solver),com.deepinkcode.wordfeudsolver,Subscription,prosub,,CA,QC,H1E 7A7,CAD,-0.48,4.638300,DKK,-2.23,prosubmonth,,4994183596643847628,Yes,15,SUBSCRIPTIONS,,
GPA.3346-1767-7523-33396..1,"Apr 17, 2026",2:51:00 PM PDT,,Charge,,Pro Subscription (WF Solver),com.deepinkcode.wordfeudsolver,Subscription,prosub,,DK,,9700,DKK,15.20,1.000000,DKK,15.20,prosubmonth,,4994183596643847628,Yes,,,,
GPA.3346-1767-7523-33396..1,"Apr 17, 2026",2:51:00 PM PDT,,Google fee,,Pro Subscription (WF Solver),com.deepinkcode.wordfeudsolver,Subscription,prosub,,DK,,9700,DKK,-2.28,1.000000,DKK,-2.28,prosubmonth,,4994183596643847628,Yes,15,SUBSCRIPTIONS,,
GPA.3387-8745-2916-72623..1,"Apr 17, 2026",3:04:04 PM PDT,,Charge,,Pro Subscription (WF Solver),com.deepinkcode.wordfeudsolver,Subscription,prosub,,DK,,8220,DKK,15.20,1.000000,DKK,15.20,prosubmonth,,4994183596643847628,Yes,,,,
GPA.3387-8745-2916-72623..1,"Apr 17, 2026",3:04:04 PM PDT,,Google fee,,Pro Subscription (WF Solver),com.deepinkcode.wordfeudsolver,Subscription,prosub,,DK,,8220,DKK,-2.28,1.000000,DKK,-2.28,prosubmonth,,4994183596643847628,Yes,15,SUBSCRIPTIONS,,
GPA.3348-0267-0421-03675..2,"Apr 17, 2026",3:05:56 PM PDT,,Charge,,Pro Subscription (WF Solver),com.deepinkcode.wordfeudsolver,Subscription,prosub,,NL,,3011BT,EUR,1.98,7.472900,DKK,14.80,prosubmonth,,4994183596643847628,Yes,,,,
GPA.3348-0267-0421-03675..2,"Apr 17, 2026",3:05:56 PM PDT,,Google fee,,Pro Subscription (WF Solver),com.deepinkcode.wordfeudsolver,Subscription,prosub,,NL,,3011BT,EUR,-0.30,7.472900,DKK,-2.25,prosubmonth,,4994183596643847628,Yes,15,SUBSCRIPTIONS,,
GPA.3370-0099-7253-31054..3,"Apr 17, 2026",3:09:35 PM PDT,,Charge,,Pro Subscription (Words With Friends Solver),com.deepinkcode.wordswithfriendssolver,Subscription,prosub,,US,PA,18330,USD,2.49,6.352000,DKK,15.82,prosub,,4994183596643847628,Yes,,,,
GPA.3370-0099-7253-31054..3,"Apr 17, 2026",3:09:35 PM PDT,,Google fee,,Pro Subscription (Words With Friends Solver),com.deepinkcode.wordswithfriendssolver,Subscription,prosub,,US,PA,18330,USD,-0.37,6.352000,DKK,-2.35,prosub,,4994183596643847628,Yes,15,SUBSCRIPTIONS,,
GPA.3345-2774-4024-81371..5,"Apr 17, 2026",4:38:38 PM PDT,,Charge,,Pro Subscription (Words With Friends Solver),com.deepinkcode.wordswithfriendssolver,Subscription,prosub,,US,OH,44515,USD,2.49,6.352000,DKK,15.82,prosub,,4994183596643847628,Yes,,,,
GPA.3345-2774-4024-81371..5,"Apr 17, 2026",4:38:38 PM PDT,,Google fee,,Pro Subscription (Words With Friends Solver),com.deepinkcode.wordswithfriendssolver,Subscription,prosub,,US,OH,44515,USD,-0.37,6.352000,DKK,-2.35,prosub,,4994183596643847628,Yes,15,SUBSCRIPTIONS,,
GPA.3379-3370-3049-90008,"Apr 17, 2026",5:34:50 PM PDT,,Charge,,Pro Subscription (WF Solver),com.deepinkcode.wordfeudsolver,Subscription,prosub,komodo,NL,,6105 BL,EUR,1.98,7.472900,DKK,14.80,prosubmonth,,4994183596643847628,Yes,,,,In-app
GPA.3379-3370-3049-90008,"Apr 17, 2026",5:34:50 PM PDT,,Google fee,,Pro Subscription (WF Solver),com.deepinkcode.wordfeudsolver,Subscription,prosub,komodo,NL,,6105 BL,EUR,-0.30,7.472900,DKK,-2.25,prosubmonth,,4994183596643847628,Yes,15,SUBSCRIPTIONS,,In-app
GPA.3316-0209-3334-63172..4,"Apr 17, 2026",6:36:20 PM PDT,,Charge,,Pro Subscription (WF Solver),com.deepinkcode.wordfeudsolver,Subscription,prosub,,SE,,25275,SEK,22.40,0.693270,DKK,15.53,prosubmonth,,4994183596643847628,Yes,,,,
GPA.3316-0209-3334-63172..4,"Apr 17, 2026",6:36:20 PM PDT,,Google fee,,Pro Subscription (WF Solver),com.deepinkcode.wordfeudsolver,Subscription,prosub,,SE,,25275,SEK,-3.36,0.693270,DKK,-2.33,prosubmonth,,4994183596643847628,Yes,15,SUBSCRIPTIONS,,
GPA.3341-7281-6992-73122,"Apr 17, 2026",6:47:25 PM PDT,,Charge,,Pro Subscription (Words With Friends Solver),com.deepinkcode.wordswithfriendssolver,Subscription,prosub,e3q,US,VA,23455,USD,2.49,6.352000,DKK,15.82,prosub,,4994183596643847628,Yes,,,,In-app
GPA.3341-7281-6992-73122,"Apr 17, 2026",6:47:25 PM PDT,,Google fee,,Pro Subscription (Words With Friends Solver),com.deepinkcode.wordswithfriendssolver,Subscription,prosub,e3q,US,VA,23455,USD,-0.37,6.352000,DKK,-2.35,prosub,,4994183596643847628,Yes,15,SUBSCRIPTIONS,,In-app
GPA.3381-3447-0793-51885..0,"Apr 17, 2026",9:36:07 PM PDT,,Charge,,Pro Subscription (WF Solver),com.deepinkcode.wordfeudsolver,Subscription,prosub,,SE,,72210,SEK,22.40,0.693270,DKK,15.53,prosubmonth,,4994183596643847628,Yes,,,,
GPA.3381-3447-0793-51885..0,"Apr 17, 2026",9:36:07 PM PDT,,Google fee,,Pro Subscription (WF Solver),com.deepinkcode.wordfeudsolver,Subscription,prosub,,SE,,72210,SEK,-3.36,0.693270,DKK,-2.33,prosubmonth,,4994183596643847628,Yes,15,SUBSCRIPTIONS,,
GPA.3355-0880-7895-89803,"Apr 17, 2026",9:39:28 PM PDT,,Charge,,Pro Subscription (WF Solver),com.deepinkcode.wordfeudsolver,Subscription,prosub,OP595DL1,DK,,5856,DKK,15.20,1.000000,DKK,15.20,prosubmonth,,4994183596643847628,Yes,,,,In-app
GPA.3355-0880-7895-89803,"Apr 17, 2026",9:39:28 PM PDT,,Google fee,,Pro Subscription (WF Solver),com.deepinkcode.wordfeudsolver,Subscription,prosub,OP595DL1,DK,,5856,DKK,-2.28,1.000000,DKK,-2.28,prosubmonth,,4994183596643847628,Yes,15,SUBSCRIPTIONS,,In-app
GPA.3327-6709-2586-28473..14,"Apr 17, 2026",9:49:18 PM PDT,,Charge,,Pro Subscription (WF Solver),com.deepinkcode.wordfeudsolver,Subscription,prosub,,NL,,6971 HX,EUR,1.98,7.472900,DKK,14.80,prosubmonth,,4994183596643847628,Yes,,,,
GPA.3327-6709-2586-28473..14,"Apr 17, 2026",9:49:18 PM PDT,,Google fee,,Pro Subscription (WF Solver),com.deepinkcode.wordfeudsolver,Subscription,prosub,,NL,,6971 HX,EUR,-0.30,7.472900,DKK,-2.25,prosubmonth,,4994183596643847628,Yes,15,SUBSCRIPTIONS,,
GPA.3324-3396-4930-89935..9,"Apr 17, 2026",9:51:00 PM PDT,,Charge,,Pro Subscription (Words With Friends Solver),com.deepinkcode.wordswithfriendssolver,Subscription,prosub,,US,NC,28269,USD,1.99,6.352000,DKK,12.64,prosub,,4994183596643847628,Yes,,,,
GPA.3324-3396-4930-89935..9,"Apr 17, 2026",9:51:00 PM PDT,,Google fee,,Pro Subscription (Words With Friends Solver),com.deepinkcode.wordswithfriendssolver,Subscription,prosub,,US,NC,28269,USD,-0.30,6.352000,DKK,-1.91,prosub,,4994183596643847628,Yes,15,SUBSCRIPTIONS,,
GPA.3356-4518-6380-07085..1,"Apr 18, 2026",12:59:12 AM PDT,,Charge,,Pro Subscription (Words With Friends Solver),com.deepinkcode.wordswithfriendssolver,Subscription,prosub,,US,OH,43123,USD,2.49,6.352000,DKK,15.82,prosub,,4994183596643847628,Yes,,,,
GPA.3356-4518-6380-07085..1,"Apr 18, 2026",12:59:12 AM PDT,,Google fee,,Pro Subscription (Words With Friends Solver),com.deepinkcode.wordswithfriendssolver,Subscription,prosub,,US,OH,43123,USD,-0.37,6.352000,DKK,-2.35,prosub,,4994183596643847628,Yes,15,SUBSCRIPTIONS,,
GPA.3367-4293-2608-03722..13,"Apr 18, 2026",1:36:38 AM PDT,,Charge,,Pro Subscription (WF Solver),com.deepinkcode.wordfeudsolver,Subscription,prosub,,NO,,0461,NOK,24.00,0.677390,DKK,16.26,prosubmonth,,4994183596643847628,Yes,,,,
GPA.3367-4293-2608-03722..13,"Apr 18, 2026",1:36:38 AM PDT,,Google fee,,Pro Subscription (WF Solver),com.deepinkcode.wordfeudsolver,Subscription,prosub,,NO,,0461,NOK,-3.60,0.677390,DKK,-2.44,prosubmonth,,4994183596643847628,Yes,15,SUBSCRIPTIONS,,
GPA.3377-0599-3434-00073,"Apr 18, 2026",2:54:45 AM PDT,,Charge,,Pro Subscription (WF Solver),com.deepinkcode.wordfeudsolver,Subscription,prosub,p3s,NL,,1091ME,EUR,1.98,7.472900,DKK,14.80,prosubmonth,,4994183596643847628,Yes,,,,In-app
GPA.3377-0599-3434-00073,"Apr 18, 2026",2:54:45 AM PDT,,Google fee,,Pro Subscription (WF Solver),com.deepinkcode.wordfeudsolver,Subscription,prosub,p3s,NL,,1091ME,EUR,-0.30,7.472900,DKK,-2.25,prosubmonth,,4994183596643847628,Yes,15,SUBSCRIPTIONS,,In-app
GPA.3325-2228-9325-04546..3,"Apr 18, 2026",3:01:33 AM PDT,,Charge,,Pro Subscription (Words With Friends Solver),com.deepinkcode.wordswithfriendssolver,Subscription,prosub,,US,ME,04043,USD,2.49,6.352000,DKK,15.82,prosub,,4994183596643847628,Yes,,,,
GPA.3325-2228-9325-04546..3,"Apr 18, 2026",3:01:33 AM PDT,,Google fee,,Pro Subscription (Words With Friends Solver),com.deepinkcode.wordswithfriendssolver,Subscription,prosub,,US,ME,04043,USD,-0.37,6.352000,DKK,-2.35,prosub,,4994183596643847628,Yes,15,SUBSCRIPTIONS,,
GPA.3389-5661-5824-89765,"Apr 18, 2026",3:49:45 AM PDT,,Charge,,Pro (WF Solver),com.deepinkcode.wordfeudsolver,One-time product,pro,OP4F39L1,NL,,5467KE,EUR,23.96,7.472900,DKK,179.05,legacy-base,,4994183596643847628,Yes,,,,In-app
GPA.3389-5661-5824-89765,"Apr 18, 2026",3:49:45 AM PDT,,Google fee,,Pro (WF Solver),com.deepinkcode.wordfeudsolver,One-time product,pro,OP4F39L1,NL,,5467KE,EUR,-3.59,7.472900,DKK,-26.83,legacy-base,,4994183596643847628,Yes,15,,,In-app
GPA.3332-0519-5369-56585..1,"Apr 18, 2026",7:09:49 AM PDT,,Charge,,Pro Subscription (WF Solver),com.deepinkcode.wordfeudsolver,Subscription,prosub,,NL,,4501HE,EUR,1.98,7.472900,DKK,14.80,prosubmonth,,4994183596643847628,Yes,,,,
GPA.3332-0519-5369-56585..1,"Apr 18, 2026",7:09:49 AM PDT,,Google fee,,Pro Subscription (WF Solver),com.deepinkcode.wordfeudsolver,Subscription,prosub,,NL,,4501HE,EUR,-0.30,7.472900,DKK,-2.25,prosubmonth,,4994183596643847628,Yes,15,SUBSCRIPTIONS,,
GPA.3340-4907-8417-35378..0,"Apr 18, 2026",7:37:08 AM PDT,,Charge,,Pro Subscription (WF Solver),com.deepinkcode.wordfeudsolver,Subscription,prosub,,SE,,22479,SEK,22.40,0.693270,DKK,15.53,prosubmonth,,4994183596643847628,Yes,,,,
GPA.3340-4907-8417-35378..0,"Apr 18, 2026",7:37:08 AM PDT,,Google fee,,Pro Subscription (WF Solver),com.deepinkcode.wordfeudsolver,Subscription,prosub,,SE,,22479,SEK,-3.36,0.693270,DKK,-2.33,prosubmonth,,4994183596643847628,Yes,15,SUBSCRIPTIONS,,
GPA.3323-8843-1766-57856..0,"Apr 18, 2026",7:39:13 AM PDT,,Charge,,Pro Subscription (Words With Friends Solver),com.deepinkcode.wordswithfriendssolver,Subscription,prosub,,US,NY,13332,USD,2.49,6.352000,DKK,15.82,prosub,,4994183596643847628,Yes,,,,
GPA.3323-8843-1766-57856..0,"Apr 18, 2026",7:39:13 AM PDT,,Google fee,,Pro Subscription (Words With Friends Solver),com.deepinkcode.wordswithfriendssolver,Subscription,prosub,,US,NY,13332,USD,-0.37,6.352000,DKK,-2.35,prosub,,4994183596643847628,Yes,15,SUBSCRIPTIONS,,
GPA.3387-4912-1327-17980..4,"Apr 18, 2026",8:07:01 AM PDT,,Charge,,Pro Subscription (WF Solver),com.deepinkcode.wordfeudsolver,Subscription,prosub,,NO,,4200,NOK,24.00,0.677390,DKK,16.26,prosubmonth,,4994183596643847628,Yes,,,,
GPA.3387-4912-1327-17980..4,"Apr 18, 2026",8:07:01 AM PDT,,Google fee,,Pro Subscription (WF Solver),com.deepinkcode.wordfeudsolver,Subscription,prosub,,NO,,4200,NOK,-3.60,0.677390,DKK,-2.44,prosubmonth,,4994183596643847628,Yes,15,SUBSCRIPTIONS,,
GPA.3364-5939-3469-54865..13,"Apr 18, 2026",11:24:55 AM PDT,,Charge,,Pro Subscription (WF Solver),com.deepinkcode.wordfeudsolver,Subscription,prosub,,NL,,2283TK,EUR,1.98,7.472900,DKK,14.80,prosubmonth,,4994183596643847628,Yes,,,,
GPA.3364-5939-3469-54865..13,"Apr 18, 2026",11:24:55 AM PDT,,Google fee,,Pro Subscription (WF Solver),com.deepinkcode.wordfeudsolver,Subscription,prosub,,NL,,2283TK,EUR,-0.30,7.472900,DKK,-2.25,prosubmonth,,4994183596643847628,Yes,15,SUBSCRIPTIONS,,
GPA.3307-7788-6985-37290..4,"Apr 18, 2026",11:34:09 AM PDT,,Charge,,Pro Subscription (WF Solver),com.deepinkcode.wordfeudsolver,Subscription,prosub,,NL,,1338SP,EUR,1.98,7.472900,DKK,14.80,prosubmonth,,4994183596643847628,Yes,,,,
GPA.3307-7788-6985-37290..4,"Apr 18, 2026",11:34:09 AM PDT,,Google fee,,Pro Subscription (WF Solver),com.deepinkcode.wordfeudsolver,Subscription,prosub,,NL,,1338SP,EUR,-0.30,7.472900,DKK,-2.25,prosubmonth,,4994183596643847628,Yes,15,SUBSCRIPTIONS,,
GPA.3372-7817-8359-21191..1,"Apr 18, 2026",11:40:34 AM PDT,,Charge,,Pro Subscription (WF Solver),com.deepinkcode.wordfeudsolver,Subscription,prosub,,NL,,3434 CK,EUR,1.98,7.472900,DKK,14.80,prosubmonth,,4994183596643847628,Yes,,,,
GPA.3372-7817-8359-21191..1,"Apr 18, 2026",11:40:34 AM PDT,,Google fee,,Pro Subscription (WF Solver),com.deepinkcode.wordfeudsolver,Subscription,prosub,,NL,,3434 CK,EUR,-0.30,7.472900,DKK,-2.25,prosubmonth,,4994183596643847628,Yes,15,SUBSCRIPTIONS,,
GPA.3323-1528-7112-43716..14,"Apr 18, 2026",12:08:45 PM PDT,,Charge,,Pro Subscription (WF Solver),com.deepinkcode.wordfeudsolver,Subscription,prosub,,SE,,63220,SEK,23.20,0.693270,DKK,16.08,prosubmonth,,4994183596643847628,Yes,,,,
GPA.3323-1528-7112-43716..14,"Apr 18, 2026",12:08:45 PM PDT,,Google fee,,Pro Subscription (WF Solver),com.deepinkcode.wordfeudsolver,Subscription,prosub,,SE,,63220,SEK,-3.48,0.693270,DKK,-2.41,prosubmonth,,4994183596643847628,Yes,15,SUBSCRIPTIONS,,
GPA.3325-0002-5159-90927..3,"Apr 18, 2026",12:16:39 PM PDT,,Charge,,Pro Subscription (Words With Friends Solver),com.deepinkcode.wordswithfriendssolver,Subscription,prosub,,US,AL,35077,USD,2.49,6.352000,DKK,15.82,prosub,,4994183596643847628,Yes,,,,
GPA.3325-0002-5159-90927..3,"Apr 18, 2026",12:16:39 PM PDT,,Google fee,,Pro Subscription (Words With Friends Solver),com.deepinkcode.wordswithfriendssolver,Subscription,prosub,,US,AL,35077,USD,-0.37,6.352000,DKK,-2.35,prosub,,4994183596643847628,Yes,15,SUBSCRIPTIONS,,
GPA.3355-0672-2385-04284..15,"Apr 18, 2026",1:20:23 PM PDT,,Charge,,Pro Subscription (WF Solver),com.deepinkcode.wordfeudsolver,Subscription,prosub,,NO,,3090,NOK,23.20,0.677390,DKK,15.72,prosubmonth,,4994183596643847628,Yes,,,,
GPA.3355-0672-2385-04284..15,"Apr 18, 2026",1:20:23 PM PDT,,Google fee,,Pro Subscription (WF Solver),com.deepinkcode.wordfeudsolver,Subscription,prosub,,NO,,3090,NOK,-3.48,0.677390,DKK,-2.36,prosubmonth,,4994183596643847628,Yes,15,SUBSCRIPTIONS,,
GPA.3323-6640-7149-89332..13,"Apr 18, 2026",1:22:49 PM PDT,,Charge,,Pro Subscription (WF Solver),com.deepinkcode.wordfeudsolver,Subscription,prosub,,NL,,6932AC,EUR,1.98,7.472900,DKK,14.80,prosubmonth,,4994183596643847628,Yes,,,,
GPA.3323-6640-7149-89332..13,"Apr 18, 2026",1:22:49 PM PDT,,Google fee,,Pro Subscription (WF Solver),com.deepinkcode.wordfeudsolver,Subscription,prosub,,NL,,6932AC,EUR,-0.30,7.472900,DKK,-2.25,prosubmonth,,4994183596643847628,Yes,15,SUBSCRIPTIONS,,
GPA.3388-8304-8529-33607,"Apr 18, 2026",1:36:44 PM PDT,,Charge,,Pro Subscription (WF Solver),com.deepinkcode.wordfeudsolver,Subscription,prosub,r12s,NL,,5037DH,EUR,1.98,7.472900,DKK,14.80,prosubmonth,,4994183596643847628,Yes,,,,In-app
GPA.3388-8304-8529-33607,"Apr 18, 2026",1:36:44 PM PDT,,Google fee,,Pro Subscription (WF Solver),com.deepinkcode.wordfeudsolver,Subscription,prosub,r12s,NL,,5037DH,EUR,-0.30,7.472900,DKK,-2.25,prosubmonth,,4994183596643847628,Yes,15,SUBSCRIPTIONS,,In-app
GPA.3392-2130-2389-82275..5,"Apr 18, 2026",1:47:00 PM PDT,,Charge,,Pro Subscription (Words With Friends Solver),com.deepinkcode.wordswithfriendssolver,Subscription,prosub,,US,CA,92545,USD,2.49,6.352000,DKK,15.82,prosub,,4994183596643847628,Yes,,,,
GPA.3392-2130-2389-82275..5,"Apr 18, 2026",1:47:00 PM PDT,,Google fee,,Pro Subscription (Words With Friends Solver),com.deepinkcode.wordswithfriendssolver,Subscription,prosub,,US,CA,92545,USD,-0.37,6.352000,DKK,-2.35,prosub,,4994183596643847628,Yes,15,SUBSCRIPTIONS,,
GPA.3377-1223-1743-96147..3,"Apr 18, 2026",2:28:47 PM PDT,,Charge,,Pro Subscription (Words With Friends Solver),com.deepinkcode.wordswithfriendssolver,Subscription,prosub,,US,NY,10308,USD,2.49,6.352000,DKK,15.82,prosub,,4994183596643847628,Yes,,,,
GPA.3377-1223-1743-96147..3,"Apr 18, 2026",2:28:47 PM PDT,,Google fee,,Pro Subscription (Words With Friends Solver),com.deepinkcode.wordswithfriendssolver,Subscription,prosub,,US,NY,10308,USD,-0.37,6.352000,DKK,-2.35,prosub,,4994183596643847628,Yes,15,SUBSCRIPTIONS,,
GPA.3354-6988-6783-24362..7,"Apr 18, 2026",2:31:16 PM PDT,,Charge,,Pro Subscription (WF Solver),com.deepinkcode.wordfeudsolver,Subscription,prosub,,NL,,4817 DE,EUR,1.98,7.472900,DKK,14.80,prosubmonth,,4994183596643847628,Yes,,,,
GPA.3354-6988-6783-24362..7,"Apr 18, 2026",2:31:16 PM PDT,,Google fee,,Pro Subscription (WF Solver),com.deepinkcode.wordfeudsolver,Subscription,prosub,,NL,,4817 DE,EUR,-0.30,7.472900,DKK,-2.25,prosubmonth,,4994183596643847628,Yes,15,SUBSCRIPTIONS,,
GPA.3302-0952-5014-10332..12,"Apr 18, 2026",2:32:39 PM PDT,,Charge,,Pro Subscription (WF Solver),com.deepinkcode.wordfeudsolver,Subscription,prosub,,NO,,8028,NOK,24.00,0.677390,DKK,16.26,prosubmonth,,4994183596643847628,Yes,,,,
GPA.3302-0952-5014-10332..12,"Apr 18, 2026",2:32:39 PM PDT,,Google fee,,Pro Subscription (WF Solver),com.deepinkcode.wordfeudsolver,Subscription,prosub,,NO,,8028,NOK,-3.60,0.677390,DKK,-2.44,prosubmonth,,4994183596643847628,Yes,15,SUBSCRIPTIONS,,
GPA.3343-4501-7943-18357..4,"Apr 18, 2026",3:20:57 PM PDT,,Charge,,Pro Subscription (Scrabble GO Cheat),com.deepinkcode.scrabblegocheat,Subscription,prosub,,GB,,KA7 3EJ,GBP,1.74,8.585500,DKK,14.94,prosubmonth,,4994183596643847628,Yes,,,,
GPA.3343-4501-7943-18357..4,"Apr 18, 2026",3:20:57 PM PDT,,Google fee,,Pro Subscription (Scrabble GO Cheat),com.deepinkcode.scrabblegocheat,Subscription,prosub,,GB,,KA7 3EJ,GBP,-0.26,8.585500,DKK,-2.23,prosubmonth,,4994183596643847628,Yes,15,SUBSCRIPTIONS,,
GPA.3341-1776-3234-69401..6,"Apr 18, 2026",3:41:35 PM PDT,,Charge,,Pro Subscription (WF Solver),com.deepinkcode.wordfeudsolver,Subscription,prosub,,NL,,4617GA,EUR,1.98,7.472900,DKK,14.80,prosubmonth,,4994183596643847628,Yes,,,,
GPA.3341-1776-3234-69401..6,"Apr 18, 2026",3:41:35 PM PDT,,Google fee,,Pro Subscription (WF Solver),com.deepinkcode.wordfeudsolver,Subscription,prosub,,NL,,4617GA,EUR,-0.30,7.472900,DKK,-2.25,prosubmonth,,4994183596643847628,Yes,15,SUBSCRIPTIONS,,
GPA.3312-3722-2905-87893..1,"Apr 18, 2026",3:53:11 PM PDT,,Charge,,Pro Subscription (WF Solver),com.deepinkcode.wordfeudsolver,Subscription,prosub,,SE,,59838,SEK,22.40,0.693270,DKK,15.53,prosubmonth,,4994183596643847628,Yes,,,,
GPA.3312-3722-2905-87893..1,"Apr 18, 2026",3:53:11 PM PDT,,Google fee,,Pro Subscription (WF Solver),com.deepinkcode.wordfeudsolver,Subscription,prosub,,SE,,59838,SEK,-3.36,0.693270,DKK,-2.33,prosubmonth,,4994183596643847628,Yes,15,SUBSCRIPTIONS,,
GPA.3387-8712-2810-89895..3,"Apr 18, 2026",4:23:39 PM PDT,,Charge,,Pro Subscription (WF Solver),com.deepinkcode.wordfeudsolver,Subscription,prosub,,CA,ON,L8T 2N9,CAD,3.19,4.639400,DKK,14.80,prosubmonth,,4994183596643847628,Yes,,,,
GPA.3387-8712-2810-89895..3,"Apr 18, 2026",4:23:39 PM PDT,,Google fee,,Pro Subscription (WF Solver),com.deepinkcode.wordfeudsolver,Subscription,prosub,,CA,ON,L8T 2N9,CAD,-0.48,4.639400,DKK,-2.23,prosubmonth,,4994183596643847628,Yes,15,SUBSCRIPTIONS,,
GPA.3386-7764-5958-48202..3,"Apr 18, 2026",5:33:12 PM PDT,,Charge,,Pro Subscription (Words With Friends Solver),com.deepinkcode.wordswithfriendssolver,Subscription,prosub,,US,MA,02189,USD,2.49,6.352000,DKK,15.82,prosub,,4994183596643847628,Yes,,,,
GPA.3386-7764-5958-48202..3,"Apr 18, 2026",5:33:12 PM PDT,,Google fee,,Pro Subscription (Words With Friends Solver),com.deepinkcode.wordswithfriendssolver,Subscription,prosub,,US,MA,02189,USD,-0.37,6.352000,DKK,-2.35,prosub,,4994183596643847628,Yes,15,SUBSCRIPTIONS,,
GPA.3390-9172-8769-57901..1,"Apr 18, 2026",6:49:38 PM PDT,,Charge,,Pro Subscription (WF Solver),com.deepinkcode.wordfeudsolver,Subscription,prosub,,NO,,2430,NOK,24.00,0.677390,DKK,16.26,prosubmonth,,4994183596643847628,Yes,,,,
GPA.3390-9172-8769-57901..1,"Apr 18, 2026",6:49:38 PM PDT,,Google fee,,Pro Subscription (WF Solver),com.deepinkcode.wordfeudsolver,Subscription,prosub,,NO,,2430,NOK,-3.60,0.677390,DKK,-2.44,prosubmonth,,4994183596643847628,Yes,15,SUBSCRIPTIONS,,
GPA.3378-5682-4087-58828..0,"Apr 18, 2026",7:43:24 PM PDT,,Charge,,Pro Subscription (Words With Friends Solver),com.deepinkcode.wordswithfriendssolver,Subscription,prosub,,AU,,2640,AUD,3.63,4.557000,DKK,16.54,prosub,,4994183596643847628,Yes,,,,
GPA.3378-5682-4087-58828..0,"Apr 18, 2026",7:43:24 PM PDT,,Google fee,,Pro Subscription (Words With Friends Solver),com.deepinkcode.wordswithfriendssolver,Subscription,prosub,,AU,,2640,AUD,-0.54,4.557000,DKK,-2.46,prosub,,4994183596643847628,Yes,15,SUBSCRIPTIONS,,
GPA.3330-5445-1173-09354..4,"Apr 18, 2026",10:02:08 PM PDT,,Charge,,Pro Subscription (Words With Friends Solver),com.deepinkcode.wordswithfriendssolver,Subscription,prosub,,US,CA,92336,USD,2.49,6.352000,DKK,15.82,prosub,,4994183596643847628,Yes,,,,
GPA.3330-5445-1173-09354..4,"Apr 18, 2026",10:02:08 PM PDT,,Google fee,,Pro Subscription (Words With Friends Solver),com.deepinkcode.wordswithfriendssolver,Subscription,prosub,,US,CA,92336,USD,-0.37,6.352000,DKK,-2.35,prosub,,4994183596643847628,Yes,15,SUBSCRIPTIONS,,
GPA.3331-4292-8993-82628..5,"Apr 19, 2026",12:22:09 AM PDT,,Charge,,Pro Subscription (WF Solver),com.deepinkcode.wordfeudsolver,Subscription,prosub,,NO,,4389,NOK,24.00,0.677390,DKK,16.26,prosubmonth,,4994183596643847628,Yes,,,,
GPA.3331-4292-8993-82628..5,"Apr 19, 2026",12:22:09 AM PDT,,Google fee,,Pro Subscription (WF Solver),com.deepinkcode.wordfeudsolver,Subscription,prosub,,NO,,4389,NOK,-3.60,0.677390,DKK,-2.44,prosubmonth,,4994183596643847628,Yes,15,SUBSCRIPTIONS,,
GPA.3332-2055-9681-91862..5,"Apr 19, 2026",1:08:30 AM PDT,,Charge,,Pro Subscription (WF Solver),com.deepinkcode.wordfeudsolver,Subscription,prosub,,NO,,3145,NOK,24.00,0.677390,DKK,16.26,prosubmonth,,4994183596643847628,Yes,,,,
GPA.3332-2055-9681-91862..5,"Apr 19, 2026",1:08:30 AM PDT,,Google fee,,Pro Subscription (WF Solver),com.deepinkcode.wordfeudsolver,Subscription,prosub,,NO,,3145,NOK,-3.60,0.677390,DKK,-2.44,prosubmonth,,4994183596643847628,Yes,15,SUBSCRIPTIONS,,
GPA.3314-8410-8752-19274..5,"Apr 19, 2026",1:57:07 AM PDT,,Charge,,Pro Subscription (WF Solver),com.deepinkcode.wordfeudsolver,Subscription,prosub,,AU,WA,6171,AUD,3.63,4.557000,DKK,16.54,prosubmonth,,4994183596643847628,Yes,,,,
GPA.3314-8410-8752-19274..5,"Apr 19, 2026",1:57:07 AM PDT,,Google fee,,Pro Subscription (WF Solver),com.deepinkcode.wordfeudsolver,Subscription,prosub,,AU,WA,6171,AUD,-0.54,4.557000,DKK,-2.46,prosubmonth,,4994183596643847628,Yes,15,SUBSCRIPTIONS,,
GPA.3398-7575-2553-08732..0,"Apr 19, 2026",3:06:58 AM PDT,,Charge,,Pro Subscription (WF Solver),com.deepinkcode.wordfeudsolver,Subscription,prosub,,NL,,4033 KA,EUR,1.98,7.472900,DKK,14.80,prosubmonth,,4994183596643847628,Yes,,,,
GPA.3398-7575-2553-08732..0,"Apr 19, 2026",3:06:58 AM PDT,,Google fee,,Pro Subscription (WF Solver),com.deepinkcode.wordfeudsolver,Subscription,prosub,,NL,,4033 KA,EUR,-0.30,7.472900,DKK,-2.25,prosubmonth,,4994183596643847628,Yes,15,SUBSCRIPTIONS,,
GPA.3374-6914-5281-67964..5,"Apr 19, 2026",3:36:57 AM PDT,,Charge,,Pro Subscription (WF Solver),com.deepinkcode.wordfeudsolver,Subscription,prosub,,SE,,74961,SEK,22.40,0.693270,DKK,15.53,prosubmonth,,4994183596643847628,Yes,,,,
GPA.3374-6914-5281-67964..5,"Apr 19, 2026",3:36:57 AM PDT,,Google fee,,Pro Subscription (WF Solver),com.deepinkcode.wordfeudsolver,Subscription,prosub,,SE,,74961,SEK,-3.36,0.693270,DKK,-2.33,prosubmonth,,4994183596643847628,Yes,15,SUBSCRIPTIONS,,
GPA.3303-1909-6258-76008..14,"Apr 19, 2026",4:05:30 AM PDT,,Charge,,Pro Subscription (WF Solver),com.deepinkcode.wordfeudsolver,Subscription,prosub,,DK,,3200,DKK,15.20,1.000000,DKK,15.20,prosubmonth,,4994183596643847628,Yes,,,,
GPA.3303-1909-6258-76008..14,"Apr 19, 2026",4:05:30 AM PDT,,Google fee,,Pro Subscription (WF Solver),com.deepinkcode.wordfeudsolver,Subscription,prosub,,DK,,3200,DKK,-2.28,1.000000,DKK,-2.28,prosubmonth,,4994183596643847628,Yes,15,SUBSCRIPTIONS,,
GPA.3353-7900-6596-28449..4,"Apr 19, 2026",4:55:09 AM PDT,,Charge,,Pro Subscription (Words With Friends Solver),com.deepinkcode.wordswithfriendssolver,Subscription,prosub,,US,AZ,85382,USD,2.49,6.352000,DKK,15.82,prosub,,4994183596643847628,Yes,,,,
GPA.3353-7900-6596-28449..4,"Apr 19, 2026",4:55:09 AM PDT,,Google fee,,Pro Subscription (Words With Friends Solver),com.deepinkcode.wordswithfriendssolver,Subscription,prosub,,US,AZ,85382,USD,-0.37,6.352000,DKK,-2.35,prosub,,4994183596643847628,Yes,15,SUBSCRIPTIONS,,
GPA.3364-9615-1583-97044,"Apr 19, 2026",4:57:27 AM PDT,,Charge,,Pro Subscription (Words With Friends Solver),com.deepinkcode.wordswithfriendssolver,Subscription,prosub,oulu,US,FL,33770,USD,2.49,6.352000,DKK,15.82,prosub,,4994183596643847628,Yes,,,,In-app
GPA.3364-9615-1583-97044,"Apr 19, 2026",4:57:27 AM PDT,,Google fee,,Pro Subscription (Words With Friends Solver),com.deepinkcode.wordswithfriendssolver,Subscription,prosub,oulu,US,FL,33770,USD,-0.37,6.352000,DKK,-2.35,prosub,,4994183596643847628,Yes,15,SUBSCRIPTIONS,,In-app
GPA.3324-0495-8313-28646,"Apr 19, 2026",5:00:48 AM PDT,,Charge,,Pro (WF Solver),com.deepinkcode.wordfeudsolver,One-time product,pro,pa2q,NL,,5121SW,EUR,23.96,7.472900,DKK,179.05,legacy-base,,4994183596643847628,Yes,,,,In-app
GPA.3324-0495-8313-28646,"Apr 19, 2026",5:00:48 AM PDT,,Google fee,,Pro (WF Solver),com.deepinkcode.wordfeudsolver,One-time product,pro,pa2q,NL,,5121SW,EUR,-3.59,7.472900,DKK,-26.83,legacy-base,,4994183596643847628,Yes,15,,,In-app
GPA.3384-0956-3615-56554..0,"Apr 19, 2026",5:54:50 AM PDT,,Charge,,Pro Subscription (WF Solver),com.deepinkcode.wordfeudsolver,Subscription,prosub,,NL,,5707VP,EUR,1.98,7.472900,DKK,14.80,prosubmonth,,4994183596643847628,Yes,,,,
GPA.3384-0956-3615-56554..0,"Apr 19, 2026",5:54:50 AM PDT,,Google fee,,Pro Subscription (WF Solver),com.deepinkcode.wordfeudsolver,Subscription,prosub,,NL,,5707VP,EUR,-0.30,7.472900,DKK,-2.25,prosubmonth,,4994183596643847628,Yes,15,SUBSCRIPTIONS,,
GPA.3338-1382-1508-03102,"Apr 19, 2026",6:07:10 AM PDT,,Charge,,Pro Subscription (WF Solver),com.deepinkcode.wordfeudsolver,Subscription,prosub,e3q,NL,,4537BS,EUR,1.98,7.472900,DKK,14.80,prosubmonth,,4994183596643847628,Yes,,,,In-app
GPA.3338-1382-1508-03102,"Apr 19, 2026",6:07:10 AM PDT,,Google fee,,Pro Subscription (WF Solver),com.deepinkcode.wordfeudsolver,Subscription,prosub,e3q,NL,,4537BS,EUR,-0.30,7.472900,DKK,-2.25,prosubmonth,,4994183596643847628,Yes,15,SUBSCRIPTIONS,,In-app
GPA.3372-1403-6462-60870..8,"Apr 19, 2026",7:25:09 AM PDT,,Charge,,Pro Subscription (WF Solver),com.deepinkcode.wordfeudsolver,Subscription,prosub,,NL,,7006 KP,EUR,1.98,7.472900,DKK,14.80,prosubmonth,,4994183596643847628,Yes,,,,
GPA.3372-1403-6462-60870..8,"Apr 19, 2026",7:25:09 AM PDT,,Google fee,,Pro Subscription (WF Solver),com.deepinkcode.wordfeudsolver,Subscription,prosub,,NL,,7006 KP,EUR,-0.30,7.472900,DKK,-2.25,prosubmonth,,4994183596643847628,Yes,15,SUBSCRIPTIONS,,
GPA.3310-3941-4282-57919,"Apr 19, 2026",7:39:42 AM PDT,,Charge,,Pro Subscription (WF Solver),com.deepinkcode.wordfeudsolver,Subscription,prosub,r0s,NL,,3362JS,EUR,1.98,7.472900,DKK,14.80,prosubmonth,,4994183596643847628,Yes,,,,In-app
GPA.3310-3941-4282-57919,"Apr 19, 2026",7:39:42 AM PDT,,Google fee,,Pro Subscription (WF Solver),com.deepinkcode.wordfeudsolver,Subscription,prosub,r0s,NL,,3362JS,EUR,-0.30,7.472900,DKK,-2.25,prosubmonth,,4994183596643847628,Yes,15,SUBSCRIPTIONS,,In-app
GPA.3310-1256-6686-81586..18,"Apr 19, 2026",8:04:29 AM PDT,,Charge,,Pro Subscription (WF Solver),com.deepinkcode.wordfeudsolver,Subscription,prosub,,DK,,7200,DKK,15.20,1.000000,DKK,15.20,prosubmonth,,4994183596643847628,Yes,,,,
GPA.3310-1256-6686-81586..18,"Apr 19, 2026",8:04:29 AM PDT,,Google fee,,Pro Subscription (WF Solver),com.deepinkcode.wordfeudsolver,Subscription,prosub,,DK,,7200,DKK,-2.28,1.000000,DKK,-2.28,prosubmonth,,4994183596643847628,Yes,15,SUBSCRIPTIONS,,
GPA.3314-3998-1455-94771..1,"Apr 19, 2026",8:06:23 AM PDT,,Charge,,Pro Subscription (WF Solver),com.deepinkcode.wordfeudsolver,Subscription,prosub,,SE,,16552,SEK,22.40,0.693270,DKK,15.53,prosubmonth,,4994183596643847628,Yes,,,,
GPA.3314-3998-1455-94771..1,"Apr 19, 2026",8:06:23 AM PDT,,Google fee,,Pro Subscription (WF Solver),com.deepinkcode.wordfeudsolver,Subscription,prosub,,SE,,16552,SEK,-3.36,0.693270,DKK,-2.33,prosubmonth,,4994183596643847628,Yes,15,SUBSCRIPTIONS,,
GPA.3385-2538-5391-72655..2,"Apr 19, 2026",9:15:54 AM PDT,,Charge,,Pro Subscription (Words With Friends Solver),com.deepinkcode.wordswithfriendssolver,Subscription,prosub,,US,VA,23234,USD,2.49,6.352000,DKK,15.82,prosub,,4994183596643847628,Yes,,,,
GPA.3385-2538-5391-72655..2,"Apr 19, 2026",9:15:54 AM PDT,,Google fee,,Pro Subscription (Words With Friends Solver),com.deepinkcode.wordswithfriendssolver,Subscription,prosub,,US,VA,23234,USD,-0.37,6.352000,DKK,-2.35,prosub,,4994183596643847628,Yes,15,SUBSCRIPTIONS,,
GPA.3354-4720-8237-96446..4,"Apr 19, 2026",9:23:05 AM PDT,,Charge,,Pro Subscription (WF Solver),com.deepinkcode.wordfeudsolver,Subscription,prosub,,DK,,7200,DKK,15.20,1.000000,DKK,15.20,prosubmonth,,4994183596643847628,Yes,,,,
GPA.3354-4720-8237-96446..4,"Apr 19, 2026",9:23:05 AM PDT,,Google fee,,Pro Subscription (WF Solver),com.deepinkcode.wordfeudsolver,Subscription,prosub,,DK,,7200,DKK,-2.28,1.000000,DKK,-2.28,prosubmonth,,4994183596643847628,Yes,15,SUBSCRIPTIONS,,
GPA.3324-0885-9393-05689..16,"Apr 19, 2026",11:13:46 AM PDT,,Charge,,Pro Subscription (WF Solver),com.deepinkcode.wordfeudsolver,Subscription,prosub,,NO,,7332,NOK,23.20,0.677390,DKK,15.72,prosubmonth,,4994183596643847628,Yes,,,,
GPA.3324-0885-9393-05689..16,"Apr 19, 2026",11:13:46 AM PDT,,Google fee,,Pro Subscription (WF Solver),com.deepinkcode.wordfeudsolver,Subscription,prosub,,NO,,7332,NOK,-3.48,0.677390,DKK,-2.36,prosubmonth,,4994183596643847628,Yes,15,SUBSCRIPTIONS,,
GPA.3343-3134-1482-76889..13,"Apr 19, 2026",1:19:37 PM PDT,,Charge,,Pro Subscription (WF Solver),com.deepinkcode.wordfeudsolver,Subscription,prosub,,GB,,WF4 1LT,GBP,1.66,8.590200,DKK,14.26,prosubmonth,,4994183596643847628,Yes,,,,
GPA.3343-3134-1482-76889..13,"Apr 19, 2026",1:19:37 PM PDT,,Google fee,,Pro Subscription (WF Solver),com.deepinkcode.wordfeudsolver,Subscription,prosub,,GB,,WF4 1LT,GBP,-0.25,8.590200,DKK,-2.15,prosubmonth,,4994183596643847628,Yes,15,SUBSCRIPTIONS,,
GPA.3370-2247-9996-95513..2,"Apr 19, 2026",2:12:05 PM PDT,,Charge,,Pro Subscription (Words With Friends Solver),com.deepinkcode.wordswithfriendssolver,Subscription,prosub,,AU,,6051,AUD,3.63,4.538500,DKK,16.47,prosub,,4994183596643847628,Yes,,,,
GPA.3370-2247-9996-95513..2,"Apr 19, 2026",2:12:05 PM PDT,,Google fee,,Pro Subscription (Words With Friends Solver),com.deepinkcode.wordswithfriendssolver,Subscription,prosub,,AU,,6051,AUD,-0.54,4.538500,DKK,-2.45,prosub,,4994183596643847628,Yes,15,SUBSCRIPTIONS,,
GPA.3390-7775-0920-18642..0,"Apr 19, 2026",2:26:56 PM PDT,,Charge,,Pro Subscription (Words With Friends Solver),com.deepinkcode.wordswithfriendssolver,Subscription,prosub,,US,NV,89142,USD,2.49,6.366800,DKK,15.85,prosub,,4994183596643847628,Yes,,,,
GPA.3390-7775-0920-18642..0,"Apr 19, 2026",2:26:56 PM PDT,,Google fee,,Pro Subscription (Words With Friends Solver),com.deepinkcode.wordswithfriendssolver,Subscription,prosub,,US,NV,89142,USD,-0.37,6.366800,DKK,-2.36,prosub,,4994183596643847628,Yes,15,SUBSCRIPTIONS,,
GPA.3315-4051-4083-50456..13,"Apr 19, 2026",2:34:59 PM PDT,,Charge,,Pro Subscription (WF Solver),com.deepinkcode.wordfeudsolver,Subscription,prosub,,NL,,7471XV,EUR,1.98,7.471500,DKK,14.79,prosubmonth,,4994183596643847628,Yes,,,,
GPA.3315-4051-4083-50456..13,"Apr 19, 2026",2:34:59 PM PDT,,Google fee,,Pro Subscription (WF Solver),com.deepinkcode.wordfeudsolver,Subscription,prosub,,NL,,7471XV,EUR,-0.30,7.471500,DKK,-2.24,prosubmonth,,4994183596643847628,Yes,15,SUBSCRIPTIONS,,
GPA.3319-2961-5425-67465..1,"Apr 19, 2026",3:57:15 PM PDT,,Charge,,Pro Subscription (WF Solver),com.deepinkcode.wordfeudsolver,Subscription,prosub,,NL,,4731JG,EUR,1.98,7.473100,DKK,14.80,prosubmonth,,4994183596643847628,Yes,,,,
GPA.3319-2961-5425-67465..1,"Apr 19, 2026",3:57:15 PM PDT,,Google fee,,Pro Subscription (WF Solver),com.deepinkcode.wordfeudsolver,Subscription,prosub,,NL,,4731JG,EUR,-0.30,7.473100,DKK,-2.25,prosubmonth,,4994183596643847628,Yes,15,SUBSCRIPTIONS,,
GPA.3376-9722-3450-61178..17,"Apr 19, 2026",4:25:04 PM PDT,,Charge,,Pro Subscription (WF Solver),com.deepinkcode.wordfeudsolver,Subscription,prosub,,NO,,3928,NOK,23.20,0.678640,DKK,15.74,prosubmonth,,4994183596643847628,Yes,,,,
GPA.3376-9722-3450-61178..17,"Apr 19, 2026",4:25:04 PM PDT,,Google fee,,Pro Subscription (WF Solver),com.deepinkcode.wordfeudsolver,Subscription,prosub,,NO,,3928,NOK,-3.48,0.678640,DKK,-2.36,prosubmonth,,4994183596643847628,Yes,15,SUBSCRIPTIONS,,
GPA.3366-9653-2671-60134..2,"Apr 19, 2026",5:39:05 PM PDT,,Charge,,Pro Subscription (WF Solver),com.deepinkcode.wordfeudsolver,Subscription,prosub,,US,TX,75052,USD,2.49,6.364600,DKK,15.85,prosubmonth,,4994183596643847628,Yes,,,,
GPA.3366-9653-2671-60134..2,"Apr 19, 2026",5:39:05 PM PDT,,Google fee,,Pro Subscription (WF Solver),com.deepinkcode.wordfeudsolver,Subscription,prosub,,US,TX,75052,USD,-0.37,6.364600,DKK,-2.35,prosubmonth,,4994183596643847628,Yes,15,SUBSCRIPTIONS,,
GPA.3359-4974-4228-98170..9,"Apr 19, 2026",6:59:21 PM PDT,,Charge,,Pro Subscription (WF Solver),com.deepinkcode.wordfeudsolver,Subscription,prosub,,SE,,73061,SEK,23.20,0.691860,DKK,16.05,prosubmonth,,4994183596643847628,Yes,,,,
GPA.3359-4974-4228-98170..9,"Apr 19, 2026",6:59:21 PM PDT,,Google fee,,Pro Subscription (WF Solver),com.deepinkcode.wordfeudsolver,Subscription,prosub,,SE,,73061,SEK,-3.48,0.691860,DKK,-2.41,prosubmonth,,4994183596643847628,Yes,15,SUBSCRIPTIONS,,
GPA.3331-3573-6018-70736..17,"Apr 19, 2026",7:04:04 PM PDT,,Charge,,Pro Subscription (WF Solver),com.deepinkcode.wordfeudsolver,Subscription,prosub,,SE,,96195,SEK,23.20,0.692480,DKK,16.07,prosubmonth,,4994183596643847628,Yes,,,,
GPA.3331-3573-6018-70736..17,"Apr 19, 2026",7:04:04 PM PDT,,Google fee,,Pro Subscription (WF Solver),com.deepinkcode.wordfeudsolver,Subscription,prosub,,SE,,96195,SEK,-3.48,0.692480,DKK,-2.41,prosubmonth,,4994183596643847628,Yes,15,SUBSCRIPTIONS,,
GPA.3300-0352-6393-97303..17,"Apr 19, 2026",7:34:48 PM PDT,,Charge,,Pro Subscription (WF Solver),com.deepinkcode.wordfeudsolver,Subscription,prosub,,US,FL,33169,USD,1.99,6.358000,DKK,12.65,prosubmonth,,4994183596643847628,Yes,,,,
GPA.3300-0352-6393-97303..17,"Apr 19, 2026",7:34:48 PM PDT,,Google fee,,Pro Subscription (WF Solver),com.deepinkcode.wordfeudsolver,Subscription,prosub,,US,FL,33169,USD,-0.30,6.358000,DKK,-1.91,prosubmonth,,4994183596643847628,Yes,15,SUBSCRIPTIONS,,
GPA.3355-1544-7328-41658..14,"Apr 19, 2026",10:18:12 PM PDT,,Charge,,Pro Subscription (WF Solver),com.deepinkcode.wordfeudsolver,Subscription,prosub,,SE,,75432,SEK,23.20,0.692720,DKK,16.07,prosubmonth,,4994183596643847628,Yes,,,,
GPA.3355-1544-7328-41658..14,"Apr 19, 2026",10:18:12 PM PDT,,Google fee,,Pro Subscription (WF Solver),com.deepinkcode.wordfeudsolver,Subscription,prosub,,SE,,75432,SEK,-3.48,0.692720,DKK,-2.41,prosubmonth,,4994183596643847628,Yes,15,SUBSCRIPTIONS,,
GPA.3335-6936-6049-70503,"Apr 19, 2026",10:55:09 PM PDT,,Charge,,Pro Subscription (WF Solver),com.deepinkcode.wordfeudsolver,Subscription,prosub,pa1q,NL,,3261TE,EUR,1.98,7.473300,DKK,14.80,prosubmonth,,4994183596643847628,Yes,,,,In-app
GPA.3335-6936-6049-70503,"Apr 19, 2026",10:55:09 PM PDT,,Google fee,,Pro Subscription (WF Solver),com.deepinkcode.wordfeudsolver,Subscription,prosub,pa1q,NL,,3261TE,EUR,-0.30,7.473300,DKK,-2.24,prosubmonth,,4994183596643847628,Yes,15,SUBSCRIPTIONS,,In-app
GPA.3304-2043-0230-28923..2,"Apr 19, 2026",11:00:15 PM PDT,,Charge,,Pro Subscription (WF Solver),com.deepinkcode.wordfeudsolver,Subscription,prosub,,NL,,3155PB,EUR,1.98,7.473400,DKK,14.80,prosubmonth,,4994183596643847628,Yes,,,,
GPA.3304-2043-0230-28923..2,"Apr 19, 2026",11:00:15 PM PDT,,Google fee,,Pro Subscription (WF Solver),com.deepinkcode.wordfeudsolver,Subscription,prosub,,NL,,3155PB,EUR,-0.30,7.473400,DKK,-2.24,prosubmonth,,4994183596643847628,Yes,15,SUBSCRIPTIONS,,
GPA.3380-1735-6457-16966,"Apr 19, 2026",11:35:03 PM PDT,,Charge,,Pro Subscription (Words With Friends Solver),com.deepinkcode.wordswithfriendssolver,Subscription,prosub,r9q,US,UT,84043,USD,2.49,6.355400,DKK,15.82,prosub,,4994183596643847628,Yes,,,,In-app
GPA.3380-1735-6457-16966,"Apr 19, 2026",11:35:03 PM PDT,,Google fee,,Pro Subscription (Words With Friends Solver),com.deepinkcode.wordswithfriendssolver,Subscription,prosub,r9q,US,UT,84043,USD,-0.37,6.355400,DKK,-2.35,prosub,,4994183596643847628,Yes,15,SUBSCRIPTIONS,,In-app
GPA.3354-8729-4076-88584,"Apr 20, 2026",12:04:08 AM PDT,,Charge,,Pro Subscription (WF Solver),com.deepinkcode.wordfeudsolver,Subscription,prosub,m1s,SE,,26492,SEK,22.40,0.691980,DKK,15.50,prosubmonth,,4994183596643847628,Yes,,,,In-app
GPA.3354-8729-4076-88584,"Apr 20, 2026",12:04:08 AM PDT,,Google fee,,Pro Subscription (WF Solver),com.deepinkcode.wordfeudsolver,Subscription,prosub,m1s,SE,,26492,SEK,-3.36,0.691980,DKK,-2.32,prosubmonth,,4994183596643847628,Yes,15,SUBSCRIPTIONS,,In-app
GPA.3357-0510-1049-54072..9,"Apr 20, 2026",12:33:49 AM PDT,,Charge,,Pro Subscription (WF Solver),com.deepinkcode.wordfeudsolver,Subscription,prosub,,NL,,1216RC,EUR,1.98,7.473400,DKK,14.80,prosubmonth,,4994183596643847628,Yes,,,,
GPA.3357-0510-1049-54072..9,"Apr 20, 2026",12:33:49 AM PDT,,Google fee,,Pro Subscription (WF Solver),com.deepinkcode.wordfeudsolver,Subscription,prosub,,NL,,1216RC,EUR,-0.30,7.473400,DKK,-2.24,prosubmonth,,4994183596643847628,Yes,15,SUBSCRIPTIONS,,
GPA.3321-0844-6773-56247..2,"Apr 20, 2026",1:27:41 AM PDT,,Charge,,Pro Subscription (Scrabble GO Cheat),com.deepinkcode.scrabblegocheat,Subscription,prosub,,GB,,IP27 0BS,GBP,1.74,8.578800,DKK,14.93,prosubmonth,,4994183596643847628,Yes,,,,
GPA.3321-0844-6773-56247..2,"Apr 20, 2026",1:27:41 AM PDT,,Google fee,,Pro Subscription (Scrabble GO Cheat),com.deepinkcode.scrabblegocheat,Subscription,prosub,,GB,,IP27 0BS,GBP,-0.26,8.578800,DKK,-2.23,prosubmonth,,4994183596643847628,Yes,15,SUBSCRIPTIONS,,
GPA.3326-8067-6303-91090..13,"Apr 20, 2026",1:40:15 AM PDT,,Charge,,Pro Subscription (WF Solver),com.deepinkcode.wordfeudsolver,Subscription,prosub,,SE,,25351,SEK,23.20,0.692920,DKK,16.08,prosubmonth,,4994183596643847628,Yes,,,,
GPA.3326-8067-6303-91090..13,"Apr 20, 2026",1:40:15 AM PDT,,Google fee,,Pro Subscription (WF Solver),com.deepinkcode.wordfeudsolver,Subscription,prosub,,SE,,25351,SEK,-3.48,0.692920,DKK,-2.42,prosubmonth,,4994183596643847628,Yes,15,SUBSCRIPTIONS,,
GPA.3330-7245-9681-79600..3,"Apr 20, 2026",2:23:30 AM PDT,,Charge,,Pro Subscription (WF Solver),com.deepinkcode.wordfeudsolver,Subscription,prosub,,SE,,21229,SEK,22.40,0.693020,DKK,15.52,prosubmonth,,4994183596643847628,Yes,,,,
GPA.3330-7245-9681-79600..3,"Apr 20, 2026",2:23:30 AM PDT,,Google fee,,Pro Subscription (WF Solver),com.deepinkcode.wordfeudsolver,Subscription,prosub,,SE,,21229,SEK,-3.36,0.693020,DKK,-2.32,prosubmonth,,4994183596643847628,Yes,15,SUBSCRIPTIONS,,
GPA.3377-0677-0148-37040..8,"Apr 20, 2026",3:01:59 AM PDT,,Charge,,Pro Subscription (WF Solver),com.deepinkcode.wordfeudsolver,Subscription,prosub,,SE,,59533,SEK,23.20,0.692940,DKK,16.08,prosubmonth,,4994183596643847628,Yes,,,,
GPA.3377-0677-0148-37040..8,"Apr 20, 2026",3:01:59 AM PDT,,Google fee,,Pro Subscription (WF Solver),com.deepinkcode.wordfeudsolver,Subscription,prosub,,SE,,59533,SEK,-3.48,0.692940,DKK,-2.42,prosubmonth,,4994183596643847628,Yes,15,SUBSCRIPTIONS,,
GPA.3300-4824-7979-13929..12,"Apr 20, 2026",4:01:05 AM PDT,,Charge,,Pro Subscription (Words With Friends Solver),com.deepinkcode.wordswithfriendssolver,Subscription,prosub,,US,MI,48124,USD,1.99,6.352400,DKK,12.64,prosub,,4994183596643847628,Yes,,,,
GPA.3300-4824-7979-13929..12,"Apr 20, 2026",4:01:05 AM PDT,,Google fee,,Pro Subscription (Words With Friends Solver),com.deepinkcode.wordswithfriendssolver,Subscription,prosub,,US,MI,48124,USD,-0.30,6.352400,DKK,-1.91,prosub,,4994183596643847628,Yes,15,SUBSCRIPTIONS,,
GPA.3360-9980-5032-36497..4,"Apr 20, 2026",4:13:54 AM PDT,,Charge,,Pro Subscription (Words With Friends Solver),com.deepinkcode.wordswithfriendssolver,Subscription,prosub,,GB,,BN16 4LJ,GBP,1.74,8.584300,DKK,14.94,prosub,,4994183596643847628,Yes,,,,
GPA.3360-9980-5032-36497..4,"Apr 20, 2026",4:13:54 AM PDT,,Google fee,,Pro Subscription (Words With Friends Solver),com.deepinkcode.wordswithfriendssolver,Subscription,prosub,,GB,,BN16 4LJ,GBP,-0.26,8.584300,DKK,-2.24,prosub,,4994183596643847628,Yes,15,SUBSCRIPTIONS,,
GPA.3327-2971-3698-00570..9,"Apr 20, 2026",4:41:53 AM PDT,,Charge,,Pro Subscription (WF Solver),com.deepinkcode.wordfeudsolver,Subscription,prosub,,NL,,2651 HZ,EUR,1.98,7.473400,DKK,14.80,prosubmonth,,4994183596643847628,Yes,,,,
GPA.3327-2971-3698-00570..9,"Apr 20, 2026",4:41:53 AM PDT,,Google fee,,Pro Subscription (WF Solver),com.deepinkcode.wordfeudsolver,Subscription,prosub,,NL,,2651 HZ,EUR,-0.30,7.473400,DKK,-2.24,prosubmonth,,4994183596643847628,Yes,15,SUBSCRIPTIONS,,
GPA.3317-2372-4179-37804,"Apr 20, 2026",5:40:37 AM PDT,,Charge,,Pro Subscription (WF Solver),com.deepinkcode.wordfeudsolver,Subscription,prosub,husky,SE,,44497,SEK,22.40,0.693490,DKK,15.53,prosubmonth,,4994183596643847628,Yes,,,,In-app
GPA.3317-2372-4179-37804,"Apr 20, 2026",5:40:37 AM PDT,,Google fee,,Pro Subscription (WF Solver),com.deepinkcode.wordfeudsolver,Subscription,prosub,husky,SE,,44497,SEK,-3.36,0.693490,DKK,-2.33,prosubmonth,,4994183596643847628,Yes,15,SUBSCRIPTIONS,,In-app
GPA.3366-0315-9470-76484,"Apr 20, 2026",5:56:34 AM PDT,,Charge,,Pro (WF Solver),com.deepinkcode.wordfeudsolver,One-time product,pro,pa3q,NL,,7543TX,EUR,23.96,7.473500,DKK,179.07,legacy-base,,4994183596643847628,Yes,,,,In-app
GPA.3366-0315-9470-76484,"Apr 20, 2026",5:56:34 AM PDT,,Google fee,,Pro (WF Solver),com.deepinkcode.wordfeudsolver,One-time product,pro,pa3q,NL,,7543TX,EUR,-3.59,7.473500,DKK,-26.83,legacy-base,,4994183596643847628,Yes,15,,,In-app
GPA.3337-0631-0623-79032..5,"Apr 20, 2026",6:53:15 AM PDT,,Charge,,Pro Subscription (WF Solver),com.deepinkcode.wordfeudsolver,Subscription,prosub,,NL,,3362 JS,EUR,1.98,7.473400,DKK,14.80,prosubmonth,,4994183596643847628,Yes,,,,
GPA.3337-0631-0623-79032..5,"Apr 20, 2026",6:53:15 AM PDT,,Google fee,,Pro Subscription (WF Solver),com.deepinkcode.wordfeudsolver,Subscription,prosub,,NL,,3362 JS,EUR,-0.30,7.473400,DKK,-2.24,prosubmonth,,4994183596643847628,Yes,15,SUBSCRIPTIONS,,
GPA.3334-2967-4591-20726..2,"Apr 20, 2026",6:59:36 AM PDT,,Charge,,Pro Subscription (WF Solver),com.deepinkcode.wordfeudsolver,Subscription,prosub,,DK,,2000,DKK,15.20,1.000000,DKK,15.20,prosubmonth,,4994183596643847628,Yes,,,,
GPA.3334-2967-4591-20726..2,"Apr 20, 2026",6:59:36 AM PDT,,Google fee,,Pro Subscription (WF Solver),com.deepinkcode.wordfeudsolver,Subscription,prosub,,DK,,2000,DKK,-2.28,1.000000,DKK,-2.28,prosubmonth,,4994183596643847628,Yes,15,SUBSCRIPTIONS,,
GPA.3382-3056-4488-74658..15,"Apr 20, 2026",7:42:34 AM PDT,,Charge,,Pro Subscription (WF Solver),com.deepinkcode.wordfeudsolver,Subscription,prosub,,NO,,4250,NOK,23.20,0.680480,DKK,15.79,prosubmonth,,4994183596643847628,Yes,,,,
GPA.3382-3056-4488-74658..15,"Apr 20, 2026",7:42:34 AM PDT,,Google fee,,Pro Subscription (WF Solver),com.deepinkcode.wordfeudsolver,Subscription,prosub,,NO,,4250,NOK,-3.48,0.680480,DKK,-2.37,prosubmonth,,4994183596643847628,Yes,15,SUBSCRIPTIONS,,
GPA.3336-6282-7230-07326..1,"Apr 20, 2026",8:01:25 AM PDT,,Charge,,Pro Subscription (Words With Friends Solver),com.deepinkcode.wordswithfriendssolver,Subscription,prosub,,AU,,2233,AUD,3.63,4.549300,DKK,16.51,prosub,,4994183596643847628,Yes,,,,
GPA.3336-6282-7230-07326..1,"Apr 20, 2026",8:01:25 AM PDT,,Google fee,,Pro Subscription (Words With Friends Solver),com.deepinkcode.wordswithfriendssolver,Subscription,prosub,,AU,,2233,AUD,-0.54,4.549300,DKK,-2.46,prosub,,4994183596643847628,Yes,15,SUBSCRIPTIONS,,
GPA.3321-5028-0007-57921..1,"Apr 20, 2026",9:19:44 AM PDT,,Charge,,Pro Subscription (WF Solver),com.deepinkcode.wordfeudsolver,Subscription,prosub,,DK,,4640,DKK,15.20,1.000000,DKK,15.20,prosubmonth,,4994183596643847628,Yes,,,,
GPA.3321-5028-0007-57921..1,"Apr 20, 2026",9:19:44 AM PDT,,Google fee,,Pro Subscription (WF Solver),com.deepinkcode.wordfeudsolver,Subscription,prosub,,DK,,4640,DKK,-2.28,1.000000,DKK,-2.28,prosubmonth,,4994183596643847628,Yes,15,SUBSCRIPTIONS,,
GPA.3352-2465-6109-49287..5,"Apr 20, 2026",11:13:45 AM PDT,,Charge,,Pro Subscription (WF Solver),com.deepinkcode.wordfeudsolver,Subscription,prosub,,SE,,59170,SEK,22.40,0.694750,DKK,15.56,prosubmonth,,4994183596643847628,Yes,,,,
GPA.3352-2465-6109-49287..5,"Apr 20, 2026",11:13:45 AM PDT,,Google fee,,Pro Subscription (WF Solver),com.deepinkcode.wordfeudsolver,Subscription,prosub,,SE,,59170,SEK,-3.36,0.694750,DKK,-2.33,prosubmonth,,4994183596643847628,Yes,15,SUBSCRIPTIONS,,
GPA.3350-2897-6011-90400..6,"Apr 20, 2026",11:30:48 AM PDT,,Charge,,Pro Subscription (WF Solver),com.deepinkcode.wordfeudsolver,Subscription,prosub,,SE,,524 92,SEK,22.40,0.694750,DKK,15.56,prosubmonth,,4994183596643847628,Yes,,,,
GPA.3350-2897-6011-90400..6,"Apr 20, 2026",11:30:48 AM PDT,,Google fee,,Pro Subscription (WF Solver),com.deepinkcode.wordfeudsolver,Subscription,prosub,,SE,,524 92,SEK,-3.36,0.694750,DKK,-2.33,prosubmonth,,4994183596643847628,Yes,15,SUBSCRIPTIONS,,
GPA.3381-2598-2465-59371..8,"Apr 20, 2026",12:02:05 PM PDT,,Charge,,Pro Subscription (Scrabble GO Cheat),com.deepinkcode.scrabblegocheat,Subscription,prosub,,GB,,SO40 2LH,GBP,1.66,8.583800,DKK,14.25,prosubmonth,,4994183596643847628,Yes,,,,
GPA.3381-2598-2465-59371..8,"Apr 20, 2026",12:02:05 PM PDT,,Google fee,,Pro Subscription (Scrabble GO Cheat),com.deepinkcode.scrabblegocheat,Subscription,prosub,,GB,,SO40 2LH,GBP,-0.25,8.583800,DKK,-2.15,prosubmonth,,4994183596643847628,Yes,15,SUBSCRIPTIONS,,
GPA.3315-1683-5189-65252,"Apr 20, 2026",12:24:58 PM PDT,,Charge,,Pro Subscription (WF Solver),com.deepinkcode.wordfeudsolver,Subscription,prosub,e1s,NL,,7221BH,EUR,1.98,7.473500,DKK,14.80,prosubmonth,,4994183596643847628,Yes,,,,In-app
GPA.3315-1683-5189-65252,"Apr 20, 2026",12:24:58 PM PDT,,Google fee,,Pro Subscription (WF Solver),com.deepinkcode.wordfeudsolver,Subscription,prosub,e1s,NL,,7221BH,EUR,-0.30,7.473500,DKK,-2.24,prosubmonth,,4994183596643847628,Yes,15,SUBSCRIPTIONS,,In-app
GPA.3373-9534-4088-53851,"Apr 20, 2026",12:50:17 PM PDT,,Charge,,Pro Subscription (WF Solver),com.deepinkcode.wordfeudsolver,Subscription,prosub,dm1q,DK,,7500,DKK,15.20,1.000000,DKK,15.20,prosubmonth,,4994183596643847628,Yes,,,,In-app
GPA.3373-9534-4088-53851,"Apr 20, 2026",12:50:17 PM PDT,,Google fee,,Pro Subscription (WF Solver),com.deepinkcode.wordfeudsolver,Subscription,prosub,dm1q,DK,,7500,DKK,-2.28,1.000000,DKK,-2.28,prosubmonth,,4994183596643847628,Yes,15,SUBSCRIPTIONS,,In-app
GPA.3373-8188-5187-17835..12,"Apr 20, 2026",12:58:05 PM PDT,,Charge,,Pro Subscription (WF Solver),com.deepinkcode.wordfeudsolver,Subscription,prosub,,GB,,CH635JZ,GBP,1.66,8.583800,DKK,14.25,prosubmonth,,4994183596643847628,Yes,,,,
GPA.3373-8188-5187-17835..12,"Apr 20, 2026",12:58:05 PM PDT,,Google fee,,Pro Subscription (WF Solver),com.deepinkcode.wordfeudsolver,Subscription,prosub,,GB,,CH635JZ,GBP,-0.25,8.583800,DKK,-2.15,prosubmonth,,4994183596643847628,Yes,15,SUBSCRIPTIONS,,
GPA.3373-2305-5395-31401,"Apr 20, 2026",1:02:46 PM PDT,,Charge,,Pro Subscription (WF Solver),com.deepinkcode.wordfeudsolver,Subscription,prosub,e2s,NL,,3068 LX,EUR,1.98,7.473300,DKK,14.80,prosubmonth,,4994183596643847628,Yes,,,,In-app
GPA.3373-2305-5395-31401,"Apr 20, 2026",1:02:46 PM PDT,,Google fee,,Pro Subscription (WF Solver),com.deepinkcode.wordfeudsolver,Subscription,prosub,e2s,NL,,3068 LX,EUR,-0.30,7.473300,DKK,-2.24,prosubmonth,,4994183596643847628,Yes,15,SUBSCRIPTIONS,,In-app
GPA.3347-4773-4153-89765..8,"Apr 20, 2026",1:25:32 PM PDT,,Charge,,Pro Subscription (WF Solver),com.deepinkcode.wordfeudsolver,Subscription,prosub,,NL,,3334 TJ,EUR,1.98,7.473300,DKK,14.80,prosubmonth,,4994183596643847628,Yes,,,,
GPA.3347-4773-4153-89765..8,"Apr 20, 2026",1:25:32 PM PDT,,Google fee,,Pro Subscription (WF Solver),com.deepinkcode.wordfeudsolver,Subscription,prosub,,NL,,3334 TJ,EUR,-0.30,7.473300,DKK,-2.24,prosubmonth,,4994183596643847628,Yes,15,SUBSCRIPTIONS,,
GPA.3367-3813-4279-22131..1,"Apr 20, 2026",1:49:54 PM PDT,,Charge,,Pro Subscription (WF Solver),com.deepinkcode.wordfeudsolver,Subscription,prosub,,SE,,63513,SEK,22.40,0.695050,DKK,15.57,prosubmonth,,4994183596643847628,Yes,,,,
GPA.3367-3813-4279-22131..1,"Apr 20, 2026",1:49:54 PM PDT,,Google fee,,Pro Subscription (WF Solver),com.deepinkcode.wordfeudsolver,Subscription,prosub,,SE,,63513,SEK,-3.36,0.695050,DKK,-2.34,prosubmonth,,4994183596643847628,Yes,15,SUBSCRIPTIONS,,
GPA.3335-8815-0570-97268..8,"Apr 20, 2026",2:01:13 PM PDT,,Charge,,Pro Subscription (WF Solver),com.deepinkcode.wordfeudsolver,Subscription,prosub,,NL,,6301 HZ,EUR,1.98,7.472900,DKK,14.80,prosubmonth,,4994183596643847628,Yes,,,,
GPA.3335-8815-0570-97268..8,"Apr 20, 2026",2:01:13 PM PDT,,Google fee,,Pro Subscription (WF Solver),com.deepinkcode.wordfeudsolver,Subscription,prosub,,NL,,6301 HZ,EUR,-0.30,7.472900,DKK,-2.25,prosubmonth,,4994183596643847628,Yes,15,SUBSCRIPTIONS,,
GPA.3320-2840-4154-16486..5,"Apr 20, 2026",2:06:05 PM PDT,,Charge,,Pro Subscription (WF Solver),com.deepinkcode.wordfeudsolver,Subscription,prosub,,BE,,1653,EUR,1.98,7.472900,DKK,14.80,prosubmonth,,4994183596643847628,Yes,,,,
GPA.3320-2840-4154-16486..5,"Apr 20, 2026",2:06:05 PM PDT,,Google fee,,Pro Subscription (WF Solver),com.deepinkcode.wordfeudsolver,Subscription,prosub,,BE,,1653,EUR,-0.30,7.472900,DKK,-2.25,prosubmonth,,4994183596643847628,Yes,15,SUBSCRIPTIONS,,
GPA.3379-0682-3334-60584..1,"Apr 20, 2026",2:14:39 PM PDT,,Charge,,Pro Subscription (WF Solver),com.deepinkcode.wordfeudsolver,Subscription,prosub,,NL,,1973RJ,EUR,1.98,7.472900,DKK,14.80,prosubmonth,,4994183596643847628,Yes,,,,
GPA.3379-0682-3334-60584..1,"Apr 20, 2026",2:14:39 PM PDT,,Google fee,,Pro Subscription (WF Solver),com.deepinkcode.wordfeudsolver,Subscription,prosub,,NL,,1973RJ,EUR,-0.30,7.472900,DKK,-2.25,prosubmonth,,4994183596643847628,Yes,15,SUBSCRIPTIONS,,
GPA.3305-1931-9203-16959,"Apr 20, 2026",2:31:18 PM PDT,,Charge refund,Full,Pro Subscription (Scrabble GO Cheat),com.deepinkcode.scrabblegocheat,Subscription,prosub,b0s,GB,,LN5 9RL,GBP,-1.74,8.584000,DKK,-14.94,prosubmonth,,4994183596643847628,Yes,,,,In-app
GPA.3305-1931-9203-16959,"Apr 20, 2026",2:31:18 PM PDT,,Google fee refund,Full,Pro Subscription (Scrabble GO Cheat),com.deepinkcode.scrabblegocheat,Subscription,prosub,b0s,GB,,LN5 9RL,GBP,0.26,8.584000,DKK,2.24,prosubmonth,,4994183596643847628,Yes,15,SUBSCRIPTIONS,,In-app
GPA.3363-5608-0732-78204..5,"Apr 20, 2026",3:12:07 PM PDT,,Charge,,Pro Subscription (Scrabble GO Cheat),com.deepinkcode.scrabblegocheat,Subscription,prosub,,US,FL,32712,USD,2.49,6.340600,DKK,15.79,prosubmonth,,4994183596643847628,Yes,,,,
GPA.3363-5608-0732-78204..5,"Apr 20, 2026",3:12:07 PM PDT,,Google fee,,Pro Subscription (Scrabble GO Cheat),com.deepinkcode.scrabblegocheat,Subscription,prosub,,US,FL,32712,USD,-0.37,6.340600,DKK,-2.35,prosubmonth,,4994183596643847628,Yes,15,SUBSCRIPTIONS,,
GPA.3309-2514-7723-66633..14,"Apr 20, 2026",3:44:52 PM PDT,,Charge,,Pro Subscription (WF Solver),com.deepinkcode.wordfeudsolver,Subscription,prosub,,NL,,6576 DS,EUR,1.98,7.472700,DKK,14.80,prosubmonth,,4994183596643847628,Yes,,,,
GPA.3309-2514-7723-66633..14,"Apr 20, 2026",3:44:52 PM PDT,,Google fee,,Pro Subscription (WF Solver),com.deepinkcode.wordfeudsolver,Subscription,prosub,,NL,,6576 DS,EUR,-0.30,7.472700,DKK,-2.25,prosubmonth,,4994183596643847628,Yes,15,SUBSCRIPTIONS,,
GPA.3330-9670-6802-08904..0,"Apr 20, 2026",4:42:40 PM PDT,,Charge,,Pro Subscription (WF Solver),com.deepinkcode.wordfeudsolver,Subscription,prosub,,US,NE,68116,USD,2.49,6.339300,DKK,15.78,prosubmonth,,4994183596643847628,Yes,,,,
GPA.3330-9670-6802-08904..0,"Apr 20, 2026",4:42:40 PM PDT,,Google fee,,Pro Subscription (WF Solver),com.deepinkcode.wordfeudsolver,Subscription,prosub,,US,NE,68116,USD,-0.37,6.339300,DKK,-2.35,prosubmonth,,4994183596643847628,Yes,15,SUBSCRIPTIONS,,
GPA.3330-8744-5913-77561..0,"Apr 20, 2026",5:13:53 PM PDT,,Charge,,Pro Subscription (Words With Friends Solver),com.deepinkcode.wordswithfriendssolver,Subscription,prosub,,GB,,SW16 1UT,GBP,1.74,8.581500,DKK,14.93,prosub,,4994183596643847628,Yes,,,,
GPA.3330-8744-5913-77561..0,"Apr 20, 2026",5:13:53 PM PDT,,Google fee,,Pro Subscription (Words With Friends Solver),com.deepinkcode.wordswithfriendssolver,Subscription,prosub,,GB,,SW16 1UT,GBP,-0.26,8.581500,DKK,-2.23,prosub,,4994183596643847628,Yes,15,SUBSCRIPTIONS,,
GPA.3369-2101-9876-46720..5,"Apr 20, 2026",5:34:38 PM PDT,,Charge,,Pro Subscription (WF Solver),com.deepinkcode.wordfeudsolver,Subscription,prosub,,US,MD,21001,USD,2.49,6.338700,DKK,15.78,prosubmonth,,4994183596643847628,Yes,,,,
GPA.3369-2101-9876-46720..5,"Apr 20, 2026",5:34:38 PM PDT,,Google fee,,Pro Subscription (WF Solver),com.deepinkcode.wordfeudsolver,Subscription,prosub,,US,MD,21001,USD,-0.37,6.338700,DKK,-2.35,prosubmonth,,4994183596643847628,Yes,15,SUBSCRIPTIONS,,
GPA.3334-5037-1759-31055..8,"Apr 20, 2026",5:38:31 PM PDT,,Charge,,Pro Subscription (WF Solver),com.deepinkcode.wordfeudsolver,Subscription,prosub,,US,VA,20191,USD,1.99,6.338700,DKK,12.61,prosubmonth,,4994183596643847628,Yes,,,,
GPA.3334-5037-1759-31055..8,"Apr 20, 2026",5:38:31 PM PDT,,Google fee,,Pro Subscription (WF Solver),com.deepinkcode.wordfeudsolver,Subscription,prosub,,US,VA,20191,USD,-0.30,6.338700,DKK,-1.90,prosubmonth,,4994183596643847628,Yes,15,SUBSCRIPTIONS,,
GPA.3324-1472-1251-89436..11,"Apr 20, 2026",7:12:13 PM PDT,,Charge,,Pro Subscription (Words With Friends Solver),com.deepinkcode.wordswithfriendssolver,Subscription,prosub,,US,IL,60104,USD,1.99,6.342900,DKK,12.62,prosub,,4994183596643847628,Yes,,,,
GPA.3324-1472-1251-89436..11,"Apr 20, 2026",7:12:13 PM PDT,,Google fee,,Pro Subscription (Words With Friends Solver),com.deepinkcode.wordswithfriendssolver,Subscription,prosub,,US,IL,60104,USD,-0.30,6.342900,DKK,-1.90,prosub,,4994183596643847628,Yes,15,SUBSCRIPTIONS,,
GPA.3355-9468-0845-27587..13,"Apr 20, 2026",7:33:20 PM PDT,,Charge,,Pro Subscription (Words With Friends Solver),com.deepinkcode.wordswithfriendssolver,Subscription,prosub,,US,CT,06710,USD,1.99,6.342900,DKK,12.62,prosub,,4994183596643847628,Yes,,,,
GPA.3355-9468-0845-27587..13,"Apr 20, 2026",7:33:20 PM PDT,,Google fee,,Pro Subscription (Words With Friends Solver),com.deepinkcode.wordswithfriendssolver,Subscription,prosub,,US,CT,06710,USD,-0.30,6.342900,DKK,-1.90,prosub,,4994183596643847628,Yes,15,SUBSCRIPTIONS,,
GPA.3319-0483-2194-58113..1,"Apr 20, 2026",8:20:32 PM PDT,,Charge,,Pro Subscription (Words With Friends Solver),com.deepinkcode.wordswithfriendssolver,Subscription,prosub,,US,TX,77357,USD,2.49,6.344200,DKK,15.80,prosub,,4994183596643847628,Yes,,,,
GPA.3319-0483-2194-58113..1,"Apr 20, 2026",8:20:32 PM PDT,,Google fee,,Pro Subscription (Words With Friends Solver),com.deepinkcode.wordswithfriendssolver,Subscription,prosub,,US,TX,77357,USD,-0.37,6.344200,DKK,-2.35,prosub,,4994183596643847628,Yes,15,SUBSCRIPTIONS,,
GPA.3395-5967-2918-02292..7,"Apr 20, 2026",10:18:19 PM PDT,,Charge,,Pro Subscription (WF Solver),com.deepinkcode.wordfeudsolver,Subscription,prosub,,SE,,41472,SEK,22.40,0.694620,DKK,15.56,prosubmonth,,4994183596643847628,Yes,,,,
GPA.3395-5967-2918-02292..7,"Apr 20, 2026",10:18:19 PM PDT,,Google fee,,Pro Subscription (WF Solver),com.deepinkcode.wordfeudsolver,Subscription,prosub,,SE,,41472,SEK,-3.36,0.694620,DKK,-2.33,prosubmonth,,4994183596643847628,Yes,15,SUBSCRIPTIONS,,
GPA.3330-9063-9563-83795..6,"Apr 21, 2026",12:17:16 AM PDT,,Charge,,Pro Subscription (Words With Friends Solver),com.deepinkcode.wordswithfriendssolver,Subscription,prosub,,US,CA,91403,USD,2.49,6.346200,DKK,15.80,prosub,,4994183596643847628,Yes,,,,
GPA.3330-9063-9563-83795..6,"Apr 21, 2026",12:17:16 AM PDT,,Google fee,,Pro Subscription (Words With Friends Solver),com.deepinkcode.wordswithfriendssolver,Subscription,prosub,,US,CA,91403,USD,-0.37,6.346200,DKK,-2.35,prosub,,4994183596643847628,Yes,15,SUBSCRIPTIONS,,
GPA.3393-2189-3350-60084,"Apr 21, 2026",1:37:08 AM PDT,,Charge,,Pro (WF Solver),com.deepinkcode.wordfeudsolver,One-time product,pro,t2s,NL,,1321 BS,EUR,23.96,7.473500,DKK,179.07,legacy-base,,4994183596643847628,Yes,,,,In-app
GPA.3393-2189-3350-60084,"Apr 21, 2026",1:37:08 AM PDT,,Google fee,,Pro (WF Solver),com.deepinkcode.wordfeudsolver,One-time product,pro,t2s,NL,,1321 BS,EUR,-3.59,7.473500,DKK,-26.83,legacy-base,,4994183596643847628,Yes,15,,,In-app
GPA.3308-2326-9179-51855..2,"Apr 21, 2026",1:40:35 AM PDT,,Charge,,Pro Subscription (WF Solver),com.deepinkcode.wordfeudsolver,Subscription,prosub,,GL,,3900,DKK,19.00,1.000000,DKK,19.00,prosubmonth,,4994183596643847628,Yes,,,,
GPA.3308-2326-9179-51855..2,"Apr 21, 2026",1:40:35 AM PDT,,Google fee,,Pro Subscription (WF Solver),com.deepinkcode.wordfeudsolver,Subscription,prosub,,GL,,3900,DKK,-2.85,1.000000,DKK,-2.85,prosubmonth,,4994183596643847628,Yes,15,SUBSCRIPTIONS,,
GPA.3335-2787-6954-39984,"Apr 21, 2026",2:23:09 AM PDT,,Charge,,Pro Subscription (WF Solver),com.deepinkcode.wordfeudsolver,Subscription,prosub,pa1q,NL,,2802 JS,EUR,1.98,7.473400,DKK,14.80,prosubmonth,,4994183596643847628,Yes,,,,In-app
GPA.3335-2787-6954-39984,"Apr 21, 2026",2:23:09 AM PDT,,Google fee,,Pro Subscription (WF Solver),com.deepinkcode.wordfeudsolver,Subscription,prosub,pa1q,NL,,2802 JS,EUR,-0.30,7.473400,DKK,-2.24,prosubmonth,,4994183596643847628,Yes,15,SUBSCRIPTIONS,,In-app
GPA.3384-8142-2887-88382..9,"Apr 21, 2026",2:28:53 AM PDT,,Charge,,Pro Subscription (WF Solver),com.deepinkcode.wordfeudsolver,Subscription,prosub,,NL,,3437 ZA,EUR,1.98,7.473400,DKK,14.80,prosubmonth,,4994183596643847628,Yes,,,,
GPA.3384-8142-2887-88382..9,"Apr 21, 2026",2:28:53 AM PDT,,Google fee,,Pro Subscription (WF Solver),com.deepinkcode.wordfeudsolver,Subscription,prosub,,NL,,3437 ZA,EUR,-0.30,7.473400,DKK,-2.24,prosubmonth,,4994183596643847628,Yes,15,SUBSCRIPTIONS,,
GPA.3352-5086-4398-89299..5,"Apr 21, 2026",2:50:57 AM PDT,,Charge,,Pro Subscription (WF Solver),com.deepinkcode.wordfeudsolver,Subscription,prosub,,DK,,3080,DKK,15.20,1.000000,DKK,15.20,prosubmonth,,4994183596643847628,Yes,,,,
GPA.3352-5086-4398-89299..5,"Apr 21, 2026",2:50:57 AM PDT,,Google fee,,Pro Subscription (WF Solver),com.deepinkcode.wordfeudsolver,Subscription,prosub,,DK,,3080,DKK,-2.28,1.000000,DKK,-2.28,prosubmonth,,4994183596643847628,Yes,15,SUBSCRIPTIONS,,
GPA.3396-3008-8170-00130,"Apr 21, 2026",3:11:21 AM PDT,,Charge,,Pro Subscription (WF Solver),com.deepinkcode.wordfeudsolver,Subscription,prosub,a55x,NL,,5348 AX,EUR,1.98,7.473100,DKK,14.80,prosubmonth,,4994183596643847628,Yes,,,,In-app
GPA.3396-3008-8170-00130,"Apr 21, 2026",3:11:21 AM PDT,,Google fee,,Pro Subscription (WF Solver),com.deepinkcode.wordfeudsolver,Subscription,prosub,a55x,NL,,5348 AX,EUR,-0.30,7.473100,DKK,-2.25,prosubmonth,,4994183596643847628,Yes,15,SUBSCRIPTIONS,,In-app
GPA.3303-0168-0624-19886,"Apr 21, 2026",4:03:13 AM PDT,,Charge,,Pro Subscription (WF Solver),com.deepinkcode.wordfeudsolver,Subscription,prosub,a54x,NL,,2721 BJ,EUR,1.98,7.473200,DKK,14.80,prosubmonth,,4994183596643847628,Yes,,,,In-app
GPA.3303-0168-0624-19886,"Apr 21, 2026",4:03:13 AM PDT,,Google fee,,Pro Subscription (WF Solver),com.deepinkcode.wordfeudsolver,Subscription,prosub,a54x,NL,,2721 BJ,EUR,-0.30,7.473200,DKK,-2.25,prosubmonth,,4994183596643847628,Yes,15,SUBSCRIPTIONS,,In-app
GPA.3335-9723-6752-90033..2,"Apr 21, 2026",7:56:12 AM PDT,,Charge,,Pro Subscription (WF Solver),com.deepinkcode.wordfeudsolver,Subscription,prosub,,NO,,4085,NOK,24.00,0.681200,DKK,16.35,prosubmonth,,4994183596643847628,Yes,,,,
GPA.3335-9723-6752-90033..2,"Apr 21, 2026",7:56:12 AM PDT,,Google fee,,Pro Subscription (WF Solver),com.deepinkcode.wordfeudsolver,Subscription,prosub,,NO,,4085,NOK,-3.60,0.681200,DKK,-2.45,prosubmonth,,4994183596643847628,Yes,15,SUBSCRIPTIONS,,
GPA.3361-2864-9596-65573,"Apr 21, 2026",9:01:23 AM PDT,,Charge,,Pro Subscription (WF Solver),com.deepinkcode.wordfeudsolver,Subscription,prosub,pa3q,DK,,2100,DKK,15.20,1.000000,DKK,15.20,prosubmonth,,4994183596643847628,Yes,,,,In-app
GPA.3361-2864-9596-65573,"Apr 21, 2026",9:01:23 AM PDT,,Google fee,,Pro Subscription (WF Solver),com.deepinkcode.wordfeudsolver,Subscription,prosub,pa3q,DK,,2100,DKK,-2.28,1.000000,DKK,-2.28,prosubmonth,,4994183596643847628,Yes,15,SUBSCRIPTIONS,,In-app
GPA.3346-4952-1851-21895..6,"Apr 21, 2026",9:52:28 AM PDT,,Charge,,Pro Subscription (WF Solver),com.deepinkcode.wordfeudsolver,Subscription,prosub,,NL,,6015 AV,EUR,1.98,7.473300,DKK,14.80,prosubmonth,,4994183596643847628,Yes,,,,
GPA.3346-4952-1851-21895..6,"Apr 21, 2026",9:52:28 AM PDT,,Google fee,,Pro Subscription (WF Solver),com.deepinkcode.wordfeudsolver,Subscription,prosub,,NL,,6015 AV,EUR,-0.30,7.473300,DKK,-2.24,prosubmonth,,4994183596643847628,Yes,15,SUBSCRIPTIONS,,
GPA.3319-0440-7120-40697..11,"Apr 21, 2026",9:58:03 AM PDT,,Charge,,Pro Subscription (Words With Friends Solver),com.deepinkcode.wordswithfriendssolver,Subscription,prosub,,GB,,SW4 0QB,GBP,1.66,8.589700,DKK,14.26,prosub,,4994183596643847628,Yes,,,,
GPA.3319-0440-7120-40697..11,"Apr 21, 2026",9:58:03 AM PDT,,Google fee,,Pro Subscription (Words With Friends Solver),com.deepinkcode.wordswithfriendssolver,Subscription,prosub,,GB,,SW4 0QB,GBP,-0.25,8.589700,DKK,-2.15,prosub,,4994183596643847628,Yes,15,SUBSCRIPTIONS,,
GPA.3389-4820-0279-93421,"Apr 21, 2026",10:25:52 AM PDT,,Charge,,Pro Subscription (Scrabble GO Cheat),com.deepinkcode.scrabblegocheat,Subscription,prosub,b0s,GB,,LN5 9RL,GBP,1.74,8.592200,DKK,14.95,prosubmonth,,4994183596643847628,Yes,,,,In-app
GPA.3389-4820-0279-93421,"Apr 21, 2026",10:25:52 AM PDT,,Google fee,,Pro Subscription (Scrabble GO Cheat),com.deepinkcode.scrabblegocheat,Subscription,prosub,b0s,GB,,LN5 9RL,GBP,-0.26,8.592200,DKK,-2.23,prosubmonth,,4994183596643847628,Yes,15,SUBSCRIPTIONS,,In-app
GPA.3303-0076-9912-92672..3,"Apr 21, 2026",10:40:25 AM PDT,,Charge,,Pro Subscription (WF Solver),com.deepinkcode.wordfeudsolver,Subscription,prosub,,NL,,2408DS,EUR,1.98,7.473400,DKK,14.80,prosubmonth,,4994183596643847628,Yes,,,,
GPA.3303-0076-9912-92672..3,"Apr 21, 2026",10:40:25 AM PDT,,Google fee,,Pro Subscription (WF Solver),com.deepinkcode.wordfeudsolver,Subscription,prosub,,NL,,2408DS,EUR,-0.30,7.473400,DKK,-2.24,prosubmonth,,4994183596643847628,Yes,15,SUBSCRIPTIONS,,
GPA.3360-5992-6068-17819..11,"Apr 21, 2026",11:20:49 AM PDT,,Charge,,Pro Subscription (WF Solver),com.deepinkcode.wordfeudsolver,Subscription,prosub,,SE,,212 32,SEK,23.20,0.693230,DKK,16.08,prosubmonth,,4994183596643847628,Yes,,,,
GPA.3360-5992-6068-17819..11,"Apr 21, 2026",11:20:49 AM PDT,,Google fee,,Pro Subscription (WF Solver),com.deepinkcode.wordfeudsolver,Subscription,prosub,,SE,,212 32,SEK,-3.48,0.693230,DKK,-2.41,prosubmonth,,4994183596643847628,Yes,15,SUBSCRIPTIONS,,
GPA.3335-6923-2974-29154..9,"Apr 21, 2026",11:33:52 AM PDT,,Charge,,Pro Subscription (WF Solver),com.deepinkcode.wordfeudsolver,Subscription,prosub,,NL,,4041 BJ,EUR,1.98,7.473400,DKK,14.80,prosubmonth,,4994183596643847628,Yes,,,,
GPA.3335-6923-2974-29154..9,"Apr 21, 2026",11:33:52 AM PDT,,Google fee,,Pro Subscription (WF Solver),com.deepinkcode.wordfeudsolver,Subscription,prosub,,NL,,4041 BJ,EUR,-0.30,7.473400,DKK,-2.24,prosubmonth,,4994183596643847628,Yes,15,SUBSCRIPTIONS,,
GPA.3316-0830-2167-43799..16,"Apr 21, 2026",11:42:44 AM PDT,,Charge,,Pro Subscription (WF Solver),com.deepinkcode.wordfeudsolver,Subscription,prosub,,NL,,3894 BM,EUR,1.98,7.473400,DKK,14.80,prosubmonth,,4994183596643847628,Yes,,,,
GPA.3316-0830-2167-43799..16,"Apr 21, 2026",11:42:44 AM PDT,,Google fee,,Pro Subscription (WF Solver),com.deepinkcode.wordfeudsolver,Subscription,prosub,,NL,,3894 BM,EUR,-0.30,7.473400,DKK,-2.24,prosubmonth,,4994183596643847628,Yes,15,SUBSCRIPTIONS,,
GPA.3368-0540-9220-23514..0,"Apr 21, 2026",11:44:34 AM PDT,,Charge,,Pro Subscription (WF Solver),com.deepinkcode.wordfeudsolver,Subscription,prosub,,NO,,6150,NOK,24.00,0.681130,DKK,16.35,prosubmonth,,4994183596643847628,Yes,,,,
GPA.3368-0540-9220-23514..0,"Apr 21, 2026",11:44:34 AM PDT,,Google fee,,Pro Subscription (WF Solver),com.deepinkcode.wordfeudsolver,Subscription,prosub,,NO,,6150,NOK,-3.60,0.681130,DKK,-2.45,prosubmonth,,4994183596643847628,Yes,15,SUBSCRIPTIONS,,
GPA.3336-7506-7082-60758..3,"Apr 21, 2026",12:10:55 PM PDT,,Charge,,Pro Subscription (WF Solver),com.deepinkcode.wordfeudsolver,Subscription,prosub,,NO,,3075,NOK,24.00,0.681200,DKK,16.35,prosubmonth,,4994183596643847628,Yes,,,,
GPA.3336-7506-7082-60758..3,"Apr 21, 2026",12:10:55 PM PDT,,Google fee,,Pro Subscription (WF Solver),com.deepinkcode.wordfeudsolver,Subscription,prosub,,NO,,3075,NOK,-3.60,0.681200,DKK,-2.45,prosubmonth,,4994183596643847628,Yes,15,SUBSCRIPTIONS,,
GPA.3327-5360-8542-99292..2,"Apr 21, 2026",12:39:13 PM PDT,,Charge,,Pro Subscription (WF Solver),com.deepinkcode.wordfeudsolver,Subscription,prosub,,DK,,7755,DKK,15.20,1.000000,DKK,15.20,prosubmonth,,4994183596643847628,Yes,,,,
GPA.3327-5360-8542-99292..2,"Apr 21, 2026",12:39:13 PM PDT,,Google fee,,Pro Subscription (WF Solver),com.deepinkcode.wordfeudsolver,Subscription,prosub,,DK,,7755,DKK,-2.28,1.000000,DKK,-2.28,prosubmonth,,4994183596643847628,Yes,15,SUBSCRIPTIONS,,
GPA.3333-9111-7857-58760..14,"Apr 21, 2026",12:55:16 PM PDT,,Charge,,Pro Subscription (WF Solver),com.deepinkcode.wordfeudsolver,Subscription,prosub,,NL,,1015GJ,EUR,1.98,7.473300,DKK,14.80,prosubmonth,,4994183596643847628,Yes,,,,
GPA.3333-9111-7857-58760..14,"Apr 21, 2026",12:55:16 PM PDT,,Google fee,,Pro Subscription (WF Solver),com.deepinkcode.wordfeudsolver,Subscription,prosub,,NL,,1015GJ,EUR,-0.30,7.473300,DKK,-2.24,prosubmonth,,4994183596643847628,Yes,15,SUBSCRIPTIONS,,
GPA.3374-7429-7534-74835,"Apr 21, 2026",12:56:28 PM PDT,,Charge,,Pro Subscription (WF Solver),com.deepinkcode.wordfeudsolver,Subscription,prosub,blazer,SE,,60229,SEK,22.40,0.693530,DKK,15.54,prosubmonth,,4994183596643847628,Yes,,,,In-app
GPA.3374-7429-7534-74835,"Apr 21, 2026",12:56:28 PM PDT,,Google fee,,Pro Subscription (WF Solver),com.deepinkcode.wordfeudsolver,Subscription,prosub,blazer,SE,,60229,SEK,-3.36,0.693530,DKK,-2.34,prosubmonth,,4994183596643847628,Yes,15,SUBSCRIPTIONS,,In-app
GPA.3341-7915-4276-25204..10,"Apr 21, 2026",1:37:50 PM PDT,,Charge,,Pro Subscription (WF Solver),com.deepinkcode.wordfeudsolver,Subscription,prosub,,DK,,6100,DKK,15.20,1.000000,DKK,15.20,prosubmonth,,4994183596643847628,Yes,,,,
GPA.3341-7915-4276-25204..10,"Apr 21, 2026",1:37:50 PM PDT,,Google fee,,Pro Subscription (WF Solver),com.deepinkcode.wordfeudsolver,Subscription,prosub,,DK,,6100,DKK,-2.28,1.000000,DKK,-2.28,prosubmonth,,4994183596643847628,Yes,15,SUBSCRIPTIONS,,
GPA.3331-7513-2028-06082..3,"Apr 21, 2026",2:06:21 PM PDT,,Charge,,Pro Subscription (WF Solver),com.deepinkcode.wordfeudsolver,Subscription,prosub,,NL,,4854 CJ,EUR,1.98,7.473500,DKK,14.80,prosubmonth,,4994183596643847628,Yes,,,,
GPA.3331-7513-2028-06082..3,"Apr 21, 2026",2:06:21 PM PDT,,Google fee,,Pro Subscription (WF Solver),com.deepinkcode.wordfeudsolver,Subscription,prosub,,NL,,4854 CJ,EUR,-0.30,7.473500,DKK,-2.24,prosubmonth,,4994183596643847628,Yes,15,SUBSCRIPTIONS,,
GPA.3336-4304-9605-87920..3,"Apr 21, 2026",2:29:35 PM PDT,,Charge,,Pro Subscription (WF Solver),com.deepinkcode.wordfeudsolver,Subscription,prosub,,SE,,79296,SEK,22.40,0.692220,DKK,15.51,prosubmonth,,4994183596643847628,Yes,,,,
GPA.3336-4304-9605-87920..3,"Apr 21, 2026",2:29:35 PM PDT,,Google fee,,Pro Subscription (WF Solver),com.deepinkcode.wordfeudsolver,Subscription,prosub,,SE,,79296,SEK,-3.36,0.692220,DKK,-2.33,prosubmonth,,4994183596643847628,Yes,15,SUBSCRIPTIONS,,
GPA.3341-0842-8825-06610..9,"Apr 21, 2026",3:33:51 PM PDT,,Charge,,Pro Subscription (WF Solver),com.deepinkcode.wordfeudsolver,Subscription,prosub,,DK,,4200,DKK,15.20,1.000000,DKK,15.20,prosubmonth,,4994183596643847628,Yes,,,,
GPA.3341-0842-8825-06610..9,"Apr 21, 2026",3:33:51 PM PDT,,Google fee,,Pro Subscription (WF Solver),com.deepinkcode.wordfeudsolver,Subscription,prosub,,DK,,4200,DKK,-2.28,1.000000,DKK,-2.28,prosubmonth,,4994183596643847628,Yes,15,SUBSCRIPTIONS,,
GPA.3393-3892-5749-46812..7,"Apr 21, 2026",4:18:01 PM PDT,,Charge,,Pro Subscription (WF Solver),com.deepinkcode.wordfeudsolver,Subscription,prosub,,US,TX,75167,USD,2.49,6.364500,DKK,15.85,prosubmonth,,4994183596643847628,Yes,,,,
GPA.3393-3892-5749-46812..7,"Apr 21, 2026",4:18:01 PM PDT,,Google fee,,Pro Subscription (WF Solver),com.deepinkcode.wordfeudsolver,Subscription,prosub,,US,TX,75167,USD,-0.37,6.364500,DKK,-2.35,prosubmonth,,4994183596643847628,Yes,15,SUBSCRIPTIONS,,
GPA.3326-6138-4655-41660..7,"Apr 21, 2026",5:29:29 PM PDT,,Charge,,Pro Subscription (Words With Friends Solver),com.deepinkcode.wordswithfriendssolver,Subscription,prosub,,US,AK,99611,USD,2.49,6.366200,DKK,15.85,prosub,,4994183596643847628,Yes,,,,
GPA.3326-6138-4655-41660..7,"Apr 21, 2026",5:29:29 PM PDT,,Google fee,,Pro Subscription (Words With Friends Solver),com.deepinkcode.wordswithfriendssolver,Subscription,prosub,,US,AK,99611,USD,-0.37,6.366200,DKK,-2.36,prosub,,4994183596643847628,Yes,15,SUBSCRIPTIONS,,
GPA.3338-6873-4119-65043,"Apr 21, 2026",6:11:47 PM PDT,,Charge,,Pro Subscription (Words With Friends Solver),com.deepinkcode.wordswithfriendssolver,Subscription,prosub,dm3q,US,TN,37122,USD,2.49,6.362800,DKK,15.84,prosub,,4994183596643847628,Yes,,,,In-app
GPA.3338-6873-4119-65043,"Apr 21, 2026",6:11:47 PM PDT,,Google fee,,Pro Subscription (Words With Friends Solver),com.deepinkcode.wordswithfriendssolver,Subscription,prosub,dm3q,US,TN,37122,USD,-0.37,6.362800,DKK,-2.35,prosub,,4994183596643847628,Yes,15,SUBSCRIPTIONS,,In-app
GPA.3369-9985-2106-80589,"Apr 21, 2026",8:43:26 PM PDT,,Charge,,Pro (Words With Friends Solver),com.deepinkcode.wordswithfriendssolver,One-time product,pro,pa3q,US,LA,70043,USD,27.99,6.362200,DKK,178.08,legacy-base,,4994183596643847628,Yes,,,,In-app
GPA.3369-9985-2106-80589,"Apr 21, 2026",8:43:26 PM PDT,,Google fee,,Pro (Words With Friends Solver),com.deepinkcode.wordswithfriendssolver,One-time product,pro,pa3q,US,LA,70043,USD,-4.20,6.362200,DKK,-26.72,legacy-base,,4994183596643847628,Yes,15,,,In-app
GPA.3358-7045-5887-70671..12,"Apr 21, 2026",8:54:51 PM PDT,,Charge,,Pro Subscription (Words With Friends Solver),com.deepinkcode.wordswithfriendssolver,Subscription,prosub,,US,MI,48506,USD,1.99,6.362200,DKK,12.66,prosub,,4994183596643847628,Yes,,,,
GPA.3358-7045-5887-70671..12,"Apr 21, 2026",8:54:51 PM PDT,,Google fee,,Pro Subscription (Words With Friends Solver),com.deepinkcode.wordswithfriendssolver,Subscription,prosub,,US,MI,48506,USD,-0.30,6.362200,DKK,-1.91,prosub,,4994183596643847628,Yes,15,SUBSCRIPTIONS,,
GPA.3308-2018-1888-97215..1,"Apr 21, 2026",9:52:21 PM PDT,,Charge,,Pro Subscription (Words With Friends Solver),com.deepinkcode.wordswithfriendssolver,Subscription,prosub,,AU,,6000,AUD,3.63,4.554600,DKK,16.53,prosub,,4994183596643847628,Yes,,,,
GPA.3308-2018-1888-97215..1,"Apr 21, 2026",9:52:21 PM PDT,,Google fee,,Pro Subscription (Words With Friends Solver),com.deepinkcode.wordswithfriendssolver,Subscription,prosub,,AU,,6000,AUD,-0.54,4.554600,DKK,-2.46,prosub,,4994183596643847628,Yes,15,SUBSCRIPTIONS,,
GPA.3352-2802-6068-88960..14,"Apr 21, 2026",9:56:45 PM PDT,,Charge,,Pro Subscription (WF Solver),com.deepinkcode.wordfeudsolver,Subscription,prosub,,SE,,196 30,SEK,23.20,0.693770,DKK,16.10,prosubmonth,,4994183596643847628,Yes,,,,
GPA.3352-2802-6068-88960..14,"Apr 21, 2026",9:56:45 PM PDT,,Google fee,,Pro Subscription (WF Solver),com.deepinkcode.wordfeudsolver,Subscription,prosub,,SE,,196 30,SEK,-3.48,0.693770,DKK,-2.42,prosubmonth,,4994183596643847628,Yes,15,SUBSCRIPTIONS,,
GPA.3345-1158-1931-78566..8,"Apr 21, 2026",9:59:22 PM PDT,,Charge,,Pro Subscription (WF Solver),com.deepinkcode.wordfeudsolver,Subscription,prosub,,NL,,6824 PR,EUR,1.98,7.473400,DKK,14.80,prosubmonth,,4994183596643847628,Yes,,,,
GPA.3345-1158-1931-78566..8,"Apr 21, 2026",9:59:22 PM PDT,,Google fee,,Pro Subscription (WF Solver),com.deepinkcode.wordfeudsolver,Subscription,prosub,,NL,,6824 PR,EUR,-0.30,7.473400,DKK,-2.24,prosubmonth,,4994183596643847628,Yes,15,SUBSCRIPTIONS,,
GPA.3362-8887-6383-10354,"Apr 21, 2026",10:11:53 PM PDT,,Charge,,Pro (Scrabble GO Cheat),com.deepinkcode.scrabblegocheat,One-time product,pro,e3q,GB,,BH9 2PH,GBP,17.73,8.599400,DKK,152.47,legacy-base,,4994183596643847628,Yes,,,,In-app
GPA.3362-8887-6383-10354,"Apr 21, 2026",10:11:53 PM PDT,,Google fee,,Pro (Scrabble GO Cheat),com.deepinkcode.scrabblegocheat,One-time product,pro,e3q,GB,,BH9 2PH,GBP,-2.66,8.599400,DKK,-22.88,legacy-base,,4994183596643847628,Yes,15,,,In-app
GPA.3311-8284-7845-18076..3,"Apr 21, 2026",10:43:13 PM PDT,,Charge,,Pro Subscription (Words With Friends Solver),com.deepinkcode.wordswithfriendssolver,Subscription,prosub,,US,NV,89015,USD,2.49,6.365700,DKK,15.85,prosub,,4994183596643847628,Yes,,,,
GPA.3311-8284-7845-18076..3,"Apr 21, 2026",10:43:13 PM PDT,,Google fee,,Pro Subscription (Words With Friends Solver),com.deepinkcode.wordswithfriendssolver,Subscription,prosub,,US,NV,89015,USD,-0.37,6.365700,DKK,-2.36,prosub,,4994183596643847628,Yes,15,SUBSCRIPTIONS,,
GPA.3314-5961-9491-65053..2,"Apr 21, 2026",11:00:53 PM PDT,,Charge,,Pro Subscription (WF Solver),com.deepinkcode.wordfeudsolver,Subscription,prosub,,DK,,9430,DKK,15.20,1.000000,DKK,15.20,prosubmonth,,4994183596643847628,Yes,,,,
GPA.3314-5961-9491-65053..2,"Apr 21, 2026",11:00:53 PM PDT,,Google fee,,Pro Subscription (WF Solver),com.deepinkcode.wordfeudsolver,Subscription,prosub,,DK,,9430,DKK,-2.28,1.000000,DKK,-2.28,prosubmonth,,4994183596643847628,Yes,15,SUBSCRIPTIONS,,
GPA.3340-0530-1961-93945..11,"Apr 22, 2026",12:59:06 AM PDT,,Charge,,Pro Subscription (WF Solver),com.deepinkcode.wordfeudsolver,Subscription,prosub,,NL,,3951CB,EUR,1.98,7.473100,DKK,14.80,prosubmonth,,4994183596643847628,Yes,,,,
GPA.3340-0530-1961-93945..11,"Apr 22, 2026",12:59:06 AM PDT,,Google fee,,Pro Subscription (WF Solver),com.deepinkcode.wordfeudsolver,Subscription,prosub,,NL,,3951CB,EUR,-0.30,7.473100,DKK,-2.25,prosubmonth,,4994183596643847628,Yes,15,SUBSCRIPTIONS,,
GPA.3399-7033-1840-85820..8,"Apr 22, 2026",1:41:16 AM PDT,,Charge,,Pro Subscription (WF Solver),com.deepinkcode.wordfeudsolver,Subscription,prosub,,NO,,3070,NOK,24.00,0.682600,DKK,16.38,prosubmonth,,4994183596643847628,Yes,,,,
GPA.3399-7033-1840-85820..8,"Apr 22, 2026",1:41:16 AM PDT,,Google fee,,Pro Subscription (WF Solver),com.deepinkcode.wordfeudsolver,Subscription,prosub,,NO,,3070,NOK,-3.60,0.682600,DKK,-2.45,prosubmonth,,4994183596643847628,Yes,15,SUBSCRIPTIONS,,
GPA.3320-3792-4070-48253,"Apr 22, 2026",3:01:45 AM PDT,,Charge,,Pro Subscription (Words With Friends Solver),com.deepinkcode.wordswithfriendssolver,Subscription,prosub,rango,GB,,CW113RX,GBP,1.74,8.604200,DKK,14.97,prosub,,4994183596643847628,Yes,,,,In-app
GPA.3320-3792-4070-48253,"Apr 22, 2026",3:01:45 AM PDT,,Google fee,,Pro Subscription (Words With Friends Solver),com.deepinkcode.wordswithfriendssolver,Subscription,prosub,rango,GB,,CW113RX,GBP,-0.26,8.604200,DKK,-2.24,prosub,,4994183596643847628,Yes,15,SUBSCRIPTIONS,,In-app
GPA.3315-3561-7930-27788..6,"Apr 22, 2026",3:26:27 AM PDT,,Charge,,Pro Subscription (WF Solver),com.deepinkcode.wordfeudsolver,Subscription,prosub,,FI,,90650,EUR,1.98,7.473600,DKK,14.80,prosubmonth,,4994183596643847628,Yes,,,,
GPA.3315-3561-7930-27788..6,"Apr 22, 2026",3:26:27 AM PDT,,Google fee,,Pro Subscription (WF Solver),com.deepinkcode.wordfeudsolver,Subscription,prosub,,FI,,90650,EUR,-0.30,7.473600,DKK,-2.24,prosubmonth,,4994183596643847628,Yes,15,SUBSCRIPTIONS,,
GPA.3302-0281-4036-27622..1,"Apr 22, 2026",4:17:28 AM PDT,,Charge,,Pro Subscription (WF Solver),com.deepinkcode.wordfeudsolver,Subscription,prosub,,NL,,2284 JE,EUR,1.98,7.473300,DKK,14.80,prosubmonth,,4994183596643847628,Yes,,,,
GPA.3302-0281-4036-27622..1,"Apr 22, 2026",4:17:28 AM PDT,,Google fee,,Pro Subscription (WF Solver),com.deepinkcode.wordfeudsolver,Subscription,prosub,,NL,,2284 JE,EUR,-0.30,7.473300,DKK,-2.24,prosubmonth,,4994183596643847628,Yes,15,SUBSCRIPTIONS,,
GPA.3393-2912-9495-99944..9,"Apr 22, 2026",4:56:02 AM PDT,,Charge,,Pro Subscription (Words With Friends Solver),com.deepinkcode.wordswithfriendssolver,Subscription,prosub,,US,OR,97702,USD,1.99,6.361300,DKK,12.66,prosub,,4994183596643847628,Yes,,,,
GPA.3393-2912-9495-99944..9,"Apr 22, 2026",4:56:02 AM PDT,,Google fee,,Pro Subscription (Words With Friends Solver),com.deepinkcode.wordswithfriendssolver,Subscription,prosub,,US,OR,97702,USD,-0.30,6.361300,DKK,-1.91,prosub,,4994183596643847628,Yes,15,SUBSCRIPTIONS,,
GPA.3328-4265-0587-25110..0,"Apr 22, 2026",5:02:33 AM PDT,,Charge,,Pro Subscription (WF Solver),com.deepinkcode.wordfeudsolver,Subscription,prosub,,NL,,1333MH,EUR,1.98,7.473400,DKK,14.80,prosubmonth,,4994183596643847628,Yes,,,,
GPA.3328-4265-0587-25110..0,"Apr 22, 2026",5:02:33 AM PDT,,Google fee,,Pro Subscription (WF Solver),com.deepinkcode.wordfeudsolver,Subscription,prosub,,NL,,1333MH,EUR,-0.30,7.473400,DKK,-2.24,prosubmonth,,4994183596643847628,Yes,15,SUBSCRIPTIONS,,
GPA.3388-8067-6196-51918,"Apr 22, 2026",5:36:52 AM PDT,,Charge,,Pro Subscription (WF Solver),com.deepinkcode.wordfeudsolver,Subscription,prosub,pa2q,DK,,9300,DKK,15.20,1.000000,DKK,15.20,prosubmonth,,4994183596643847628,Yes,,,,In-app
GPA.3388-8067-6196-51918,"Apr 22, 2026",5:36:52 AM PDT,,Google fee,,Pro Subscription (WF Solver),com.deepinkcode.wordfeudsolver,Subscription,prosub,pa2q,DK,,9300,DKK,-2.28,1.000000,DKK,-2.28,prosubmonth,,4994183596643847628,Yes,15,SUBSCRIPTIONS,,In-app
GPA.3317-0190-5175-49848..10,"Apr 22, 2026",6:00:31 AM PDT,,Charge,,Pro Subscription (WF Solver),com.deepinkcode.wordfeudsolver,Subscription,prosub,,SE,,54162,SEK,23.20,0.693620,DKK,16.09,prosubmonth,,4994183596643847628,Yes,,,,
GPA.3317-0190-5175-49848..10,"Apr 22, 2026",6:00:31 AM PDT,,Google fee,,Pro Subscription (WF Solver),com.deepinkcode.wordfeudsolver,Subscription,prosub,,SE,,54162,SEK,-3.48,0.693620,DKK,-2.41,prosubmonth,,4994183596643847628,Yes,15,SUBSCRIPTIONS,,
GPA.3335-5806-6483-93871,"Apr 22, 2026",6:44:01 AM PDT,,Charge,,Pro Subscription (Words With Friends Solver),com.deepinkcode.wordswithfriendssolver,Subscription,prosub,psq,CA,QC,G3E 1P8,CAD,3.19,4.660800,DKK,14.87,prosub,,4994183596643847628,Yes,,,,In-app
GPA.3335-5806-6483-93871,"Apr 22, 2026",6:44:01 AM PDT,,Google fee,,Pro Subscription (Words With Friends Solver),com.deepinkcode.wordswithfriendssolver,Subscription,prosub,psq,CA,QC,G3E 1P8,CAD,-0.48,4.660800,DKK,-2.24,prosub,,4994183596643847628,Yes,15,SUBSCRIPTIONS,,In-app
GPA.3385-0020-0902-29457..9,"Apr 22, 2026",7:17:29 AM PDT,,Charge,,Pro Subscription (WF Solver),com.deepinkcode.wordfeudsolver,Subscription,prosub,,NL,,8301AS,EUR,1.98,7.473400,DKK,14.80,prosubmonth,,4994183596643847628,Yes,,,,
GPA.3385-0020-0902-29457..9,"Apr 22, 2026",7:17:29 AM PDT,,Google fee,,Pro Subscription (WF Solver),com.deepinkcode.wordfeudsolver,Subscription,prosub,,NL,,8301AS,EUR,-0.30,7.473400,DKK,-2.24,prosubmonth,,4994183596643847628,Yes,15,SUBSCRIPTIONS,,
GPA.3310-3941-4282-57919,"Apr 22, 2026",7:49:43 AM PDT,,Charge refund,Full,Pro Subscription (WF Solver),com.deepinkcode.wordfeudsolver,Subscription,prosub,r0s,NL,,3362JS,EUR,-1.98,7.472900,DKK,-14.80,prosubmonth,,4994183596643847628,Yes,,,,In-app
GPA.3310-3941-4282-57919,"Apr 22, 2026",7:49:43 AM PDT,,Google fee refund,Full,Pro Subscription (WF Solver),com.deepinkcode.wordfeudsolver,Subscription,prosub,r0s,NL,,3362JS,EUR,0.30,7.472900,DKK,2.25,prosubmonth,,4994183596643847628,Yes,15,SUBSCRIPTIONS,,In-app
GPA.3300-0896-4569-07552..4,"Apr 22, 2026",8:51:04 AM PDT,,Charge,,Pro Subscription (WF Solver),com.deepinkcode.wordfeudsolver,Subscription,prosub,,DK,,8270,DKK,15.20,1.000000,DKK,15.20,prosubmonth,,4994183596643847628,Yes,,,,
GPA.3300-0896-4569-07552..4,"Apr 22, 2026",8:51:04 AM PDT,,Google fee,,Pro Subscription (WF Solver),com.deepinkcode.wordfeudsolver,Subscription,prosub,,DK,,8270,DKK,-2.28,1.000000,DKK,-2.28,prosubmonth,,4994183596643847628,Yes,15,SUBSCRIPTIONS,,
GPA.3394-6872-1469-53971..8,"Apr 22, 2026",9:23:55 AM PDT,,Charge,,Pro Subscription (WF Solver),com.deepinkcode.wordfeudsolver,Subscription,prosub,,NL,,1964EM,EUR,1.98,7.472900,DKK,14.80,prosubmonth,,4994183596643847628,Yes,,,,
GPA.3394-6872-1469-53971..8,"Apr 22, 2026",9:23:55 AM PDT,,Google fee,,Pro Subscription (WF Solver),com.deepinkcode.wordfeudsolver,Subscription,prosub,,NL,,1964EM,EUR,-0.30,7.472900,DKK,-2.25,prosubmonth,,4994183596643847628,Yes,15,SUBSCRIPTIONS,,
GPA.3371-2585-7085-35718,"Apr 22, 2026",9:34:10 AM PDT,,Charge,,Pro Subscription (WF Solver),com.deepinkcode.wordfeudsolver,Subscription,prosub,r12s,NL,,2911HB,EUR,1.98,7.472900,DKK,14.80,prosubmonth,,4994183596643847628,Yes,,,,In-app
GPA.3371-2585-7085-35718,"Apr 22, 2026",9:34:10 AM PDT,,Google fee,,Pro Subscription (WF Solver),com.deepinkcode.wordfeudsolver,Subscription,prosub,r12s,NL,,2911HB,EUR,-0.30,7.472900,DKK,-2.25,prosubmonth,,4994183596643847628,Yes,15,SUBSCRIPTIONS,,In-app
GPA.3357-7998-8847-08798..12,"Apr 22, 2026",11:22:43 AM PDT,,Charge,,Pro Subscription (Words With Friends Solver),com.deepinkcode.wordswithfriendssolver,Subscription,prosub,,US,LA,70392,USD,1.99,6.380400,DKK,12.70,prosub,,4994183596643847628,Yes,,,,
GPA.3357-7998-8847-08798..12,"Apr 22, 2026",11:22:43 AM PDT,,Google fee,,Pro Subscription (Words With Friends Solver),com.deepinkcode.wordswithfriendssolver,Subscription,prosub,,US,LA,70392,USD,-0.30,6.380400,DKK,-1.91,prosub,,4994183596643847628,Yes,15,SUBSCRIPTIONS,,
GPA.3373-0315-3329-82727,"Apr 22, 2026",11:26:51 AM PDT,,Charge,,Pro Subscription (Scrabble GO Cheat),com.deepinkcode.scrabblegocheat,Subscription,prosub,dm3q,US,WA,98661,USD,2.49,6.380400,DKK,15.89,prosubmonth,,4994183596643847628,Yes,,,,In-app
GPA.3373-0315-3329-82727,"Apr 22, 2026",11:26:51 AM PDT,,Google fee,,Pro Subscription (Scrabble GO Cheat),com.deepinkcode.scrabblegocheat,Subscription,prosub,dm3q,US,WA,98661,USD,-0.37,6.380400,DKK,-2.36,prosubmonth,,4994183596643847628,Yes,15,SUBSCRIPTIONS,,In-app
GPA.3303-0348-1598-61919..2,"Apr 22, 2026",11:32:55 AM PDT,,Charge,,Pro Subscription (WF Solver),com.deepinkcode.wordfeudsolver,Subscription,prosub,,SE,,72344,SEK,22.40,0.692520,DKK,15.51,prosubmonth,,4994183596643847628,Yes,,,,
GPA.3303-0348-1598-61919..2,"Apr 22, 2026",11:32:55 AM PDT,,Google fee,,Pro Subscription (WF Solver),com.deepinkcode.wordfeudsolver,Subscription,prosub,,SE,,72344,SEK,-3.36,0.692520,DKK,-2.32,prosubmonth,,4994183596643847628,Yes,15,SUBSCRIPTIONS,,
GPA.3358-6522-1465-16149..3,"Apr 22, 2026",11:53:08 AM PDT,,Charge,,Pro Subscription (WF Solver),com.deepinkcode.wordfeudsolver,Subscription,prosub,,SE,,186 37,SEK,22.40,0.692520,DKK,15.51,prosubmonth,,4994183596643847628,Yes,,,,
GPA.3358-6522-1465-16149..3,"Apr 22, 2026",11:53:08 AM PDT,,Google fee,,Pro Subscription (WF Solver),com.deepinkcode.wordfeudsolver,Subscription,prosub,,SE,,186 37,SEK,-3.36,0.692520,DKK,-2.32,prosubmonth,,4994183596643847628,Yes,15,SUBSCRIPTIONS,,
GPA.3309-0873-1191-84078..3,"Apr 22, 2026",12:08:57 PM PDT,,Charge,,Pro Subscription (WF Solver),com.deepinkcode.wordfeudsolver,Subscription,prosub,,NL,,6836 MT,EUR,1.98,7.473200,DKK,14.80,prosubmonth,,4994183596643847628,Yes,,,,
GPA.3309-0873-1191-84078..3,"Apr 22, 2026",12:08:57 PM PDT,,Google fee,,Pro Subscription (WF Solver),com.deepinkcode.wordfeudsolver,Subscription,prosub,,NL,,6836 MT,EUR,-0.30,7.473200,DKK,-2.25,prosubmonth,,4994183596643847628,Yes,15,SUBSCRIPTIONS,,
GPA.3391-1588-2992-74203..9,"Apr 22, 2026",12:26:09 PM PDT,,Charge,,Pro Subscription (WF Solver),com.deepinkcode.wordfeudsolver,Subscription,prosub,,SE,,51199,SEK,23.20,0.693290,DKK,16.08,prosubmonth,,4994183596643847628,Yes,,,,
GPA.3391-1588-2992-74203..9,"Apr 22, 2026",12:26:09 PM PDT,,Google fee,,Pro Subscription (WF Solver),com.deepinkcode.wordfeudsolver,Subscription,prosub,,SE,,51199,SEK,-3.48,0.693290,DKK,-2.41,prosubmonth,,4994183596643847628,Yes,15,SUBSCRIPTIONS,,
GPA.3336-0828-0062-53158..5,"Apr 22, 2026",1:12:29 PM PDT,,Charge,,Pro Subscription (WF Solver),com.deepinkcode.wordfeudsolver,Subscription,prosub,,US,TX,78404,USD,2.49,6.383400,DKK,15.89,prosubmonth,,4994183596643847628,Yes,,,,
GPA.3336-0828-0062-53158..5,"Apr 22, 2026",1:12:29 PM PDT,,Google fee,,Pro Subscription (WF Solver),com.deepinkcode.wordfeudsolver,Subscription,prosub,,US,TX,78404,USD,-0.37,6.383400,DKK,-2.36,prosubmonth,,4994183596643847628,Yes,15,SUBSCRIPTIONS,,
GPA.3366-2210-6637-59047,"Apr 22, 2026",1:45:49 PM PDT,,Charge,,Pro Subscription (WF Solver),com.deepinkcode.wordfeudsolver,Subscription,prosub,r0s,NL,,9728KP,EUR,1.98,7.473000,DKK,14.80,prosubmonth,,4994183596643847628,Yes,,,,In-app
GPA.3366-2210-6637-59047,"Apr 22, 2026",1:45:49 PM PDT,,Google fee,,Pro Subscription (WF Solver),com.deepinkcode.wordfeudsolver,Subscription,prosub,r0s,NL,,9728KP,EUR,-0.30,7.473000,DKK,-2.25,prosubmonth,,4994183596643847628,Yes,15,SUBSCRIPTIONS,,In-app
GPA.3329-8102-5662-73610..4,"Apr 22, 2026",1:50:10 PM PDT,,Charge,,Pro Subscription (WF Solver),com.deepinkcode.wordfeudsolver,Subscription,prosub,,DK,,8200,DKK,15.20,1.000000,DKK,15.20,prosubmonth,,4994183596643847628,Yes,,,,
GPA.3329-8102-5662-73610..4,"Apr 22, 2026",1:50:10 PM PDT,,Google fee,,Pro Subscription (WF Solver),com.deepinkcode.wordfeudsolver,Subscription,prosub,,DK,,8200,DKK,-2.28,1.000000,DKK,-2.28,prosubmonth,,4994183596643847628,Yes,15,SUBSCRIPTIONS,,
GPA.3389-7668-1671-27819..7,"Apr 22, 2026",1:55:29 PM PDT,,Charge,,Pro Subscription (WF Solver),com.deepinkcode.wordfeudsolver,Subscription,prosub,,SE,,616 31,SEK,22.40,0.692860,DKK,15.52,prosubmonth,,4994183596643847628,Yes,,,,
GPA.3389-7668-1671-27819..7,"Apr 22, 2026",1:55:29 PM PDT,,Google fee,,Pro Subscription (WF Solver),com.deepinkcode.wordfeudsolver,Subscription,prosub,,SE,,616 31,SEK,-3.36,0.692860,DKK,-2.33,prosubmonth,,4994183596643847628,Yes,15,SUBSCRIPTIONS,,
GPA.3383-0804-4251-79537..0,"Apr 22, 2026",1:59:59 PM PDT,,Charge,,Pro Subscription (WF Solver),com.deepinkcode.wordfeudsolver,Subscription,prosub,,NL,,7433 EG,EUR,1.98,7.473000,DKK,14.80,prosubmonth,,4994183596643847628,Yes,,,,
GPA.3383-0804-4251-79537..0,"Apr 22, 2026",1:59:59 PM PDT,,Google fee,,Pro Subscription (WF Solver),com.deepinkcode.wordfeudsolver,Subscription,prosub,,NL,,7433 EG,EUR,-0.30,7.473000,DKK,-2.25,prosubmonth,,4994183596643847628,Yes,15,SUBSCRIPTIONS,,
GPA.3314-0513-7301-21145..4,"Apr 22, 2026",2:24:37 PM PDT,,Charge,,Pro Subscription (WF Solver),com.deepinkcode.wordfeudsolver,Subscription,prosub,,BE,,2600,EUR,1.98,7.473000,DKK,14.80,prosubmonth,,4994183596643847628,Yes,,,,
GPA.3314-0513-7301-21145..4,"Apr 22, 2026",2:24:37 PM PDT,,Google fee,,Pro Subscription (WF Solver),com.deepinkcode.wordfeudsolver,Subscription,prosub,,BE,,2600,EUR,-0.30,7.473000,DKK,-2.25,prosubmonth,,4994183596643847628,Yes,15,SUBSCRIPTIONS,,
GPA.3322-1888-7824-23481..2,"Apr 22, 2026",2:27:28 PM PDT,,Charge,,Pro Subscription (Words With Friends Solver),com.deepinkcode.wordswithfriendssolver,Subscription,prosub,,US,NY,11249,USD,2.49,6.385000,DKK,15.90,prosub,,4994183596643847628,Yes,,,,
GPA.3322-1888-7824-23481..2,"Apr 22, 2026",2:27:28 PM PDT,,Google fee,,Pro Subscription (Words With Friends Solver),com.deepinkcode.wordswithfriendssolver,Subscription,prosub,,US,NY,11249,USD,-0.37,6.385000,DKK,-2.36,prosub,,4994183596643847628,Yes,15,SUBSCRIPTIONS,,
GPA.3368-6706-6934-52719..6,"Apr 22, 2026",3:05:09 PM PDT,,Charge,,Pro Subscription (Words With Friends Solver),com.deepinkcode.wordswithfriendssolver,Subscription,prosub,,US,CA,92503,USD,2.49,6.383800,DKK,15.90,prosub,,4994183596643847628,Yes,,,,
GPA.3368-6706-6934-52719..6,"Apr 22, 2026",3:05:09 PM PDT,,Google fee,,Pro Subscription (Words With Friends Solver),com.deepinkcode.wordswithfriendssolver,Subscription,prosub,,US,CA,92503,USD,-0.37,6.383800,DKK,-2.36,prosub,,4994183596643847628,Yes,15,SUBSCRIPTIONS,,
GPA.3315-3916-0907-72391..1,"Apr 22, 2026",3:10:52 PM PDT,,Charge,,Pro Subscription (Words With Friends Solver),com.deepinkcode.wordswithfriendssolver,Subscription,prosub,,US,KS,66701,USD,2.49,6.383800,DKK,15.90,prosub,,4994183596643847628,Yes,,,,
GPA.3315-3916-0907-72391..1,"Apr 22, 2026",3:10:52 PM PDT,,Google fee,,Pro Subscription (Words With Friends Solver),com.deepinkcode.wordswithfriendssolver,Subscription,prosub,,US,KS,66701,USD,-0.37,6.383800,DKK,-2.36,prosub,,4994183596643847628,Yes,15,SUBSCRIPTIONS,,
GPA.3325-4502-1796-17345..13,"Apr 22, 2026",3:47:08 PM PDT,,Charge,,Pro Subscription (WF Solver),com.deepinkcode.wordfeudsolver,Subscription,prosub,,NL,,3089 PZ,EUR,1.98,7.472900,DKK,14.80,prosubmonth,,4994183596643847628,Yes,,,,
GPA.3325-4502-1796-17345..13,"Apr 22, 2026",3:47:08 PM PDT,,Google fee,,Pro Subscription (WF Solver),com.deepinkcode.wordfeudsolver,Subscription,prosub,,NL,,3089 PZ,EUR,-0.30,7.472900,DKK,-2.25,prosubmonth,,4994183596643847628,Yes,15,SUBSCRIPTIONS,,
GPA.3305-5694-8929-73237..1,"Apr 22, 2026",4:25:06 PM PDT,,Charge,,Pro Subscription (Words With Friends Solver),com.deepinkcode.wordswithfriendssolver,Subscription,prosub,,US,LA,71458,USD,2.49,6.382200,DKK,15.89,prosub,,4994183596643847628,Yes,,,,
GPA.3305-5694-8929-73237..1,"Apr 22, 2026",4:25:06 PM PDT,,Google fee,,Pro Subscription (Words With Friends Solver),com.deepinkcode.wordswithfriendssolver,Subscription,prosub,,US,LA,71458,USD,-0.37,6.382200,DKK,-2.36,prosub,,4994183596643847628,Yes,15,SUBSCRIPTIONS,,
GPA.3342-4054-2135-25539..8,"Apr 22, 2026",4:28:26 PM PDT,,Charge,,Pro Subscription (WF Solver),com.deepinkcode.wordfeudsolver,Subscription,prosub,,NL,,6464ED,EUR,1.98,7.472800,DKK,14.80,prosubmonth,,4994183596643847628,Yes,,,,
GPA.3342-4054-2135-25539..8,"Apr 22, 2026",4:28:26 PM PDT,,Google fee,,Pro Subscription (WF Solver),com.deepinkcode.wordfeudsolver,Subscription,prosub,,NL,,6464ED,EUR,-0.30,7.472800,DKK,-2.25,prosubmonth,,4994183596643847628,Yes,15,SUBSCRIPTIONS,,
GPA.3386-3940-0624-02162..4,"Apr 22, 2026",4:44:40 PM PDT,,Charge,,Pro Subscription (Words With Friends Solver),com.deepinkcode.wordswithfriendssolver,Subscription,prosub,,US,VA,23462,USD,2.49,6.382200,DKK,15.89,prosub,,4994183596643847628,Yes,,,,
GPA.3386-3940-0624-02162..4,"Apr 22, 2026",4:44:40 PM PDT,,Google fee,,Pro Subscription (Words With Friends Solver),com.deepinkcode.wordswithfriendssolver,Subscription,prosub,,US,VA,23462,USD,-0.37,6.382200,DKK,-2.36,prosub,,4994183596643847628,Yes,15,SUBSCRIPTIONS,,
GPA.3381-8794-7425-61422..0,"Apr 22, 2026",9:43:50 PM PDT,,Charge,,Pro Subscription (Words With Friends Solver),com.deepinkcode.wordswithfriendssolver,Subscription,prosub,,US,FL,32455,USD,2.49,6.389800,DKK,15.91,prosub,,4994183596643847628,Yes,,,,
GPA.3381-8794-7425-61422..0,"Apr 22, 2026",9:43:50 PM PDT,,Google fee,,Pro Subscription (Words With Friends Solver),com.deepinkcode.wordswithfriendssolver,Subscription,prosub,,US,FL,32455,USD,-0.37,6.389800,DKK,-2.36,prosub,,4994183596643847628,Yes,15,SUBSCRIPTIONS,,
GPA.3372-1729-2672-23824..3,"Apr 22, 2026",10:12:30 PM PDT,,Charge,,Pro Subscription (Words With Friends Solver),com.deepinkcode.wordswithfriendssolver,Subscription,prosub,,US,GA,31415,USD,2.49,6.389600,DKK,15.91,prosub,,4994183596643847628,Yes,,,,
GPA.3372-1729-2672-23824..3,"Apr 22, 2026",10:12:30 PM PDT,,Google fee,,Pro Subscription (Words With Friends Solver),com.deepinkcode.wordswithfriendssolver,Subscription,prosub,,US,GA,31415,USD,-0.37,6.389600,DKK,-2.36,prosub,,4994183596643847628,Yes,15,SUBSCRIPTIONS,,
GPA.3321-5994-3249-78665,"Apr 22, 2026",11:33:50 PM PDT,,Charge,,Pro Subscription (WF Solver),com.deepinkcode.wordfeudsolver,Subscription,prosub,r0s,NL,,3362JS,EUR,1.98,7.473100,DKK,14.80,prosubmonth,,4994183596643847628,Yes,,,,In-app
GPA.3321-5994-3249-78665,"Apr 22, 2026",11:33:50 PM PDT,,Google fee,,Pro Subscription (WF Solver),com.deepinkcode.wordfeudsolver,Subscription,prosub,r0s,NL,,3362JS,EUR,-0.30,7.473100,DKK,-2.25,prosubmonth,,4994183596643847628,Yes,15,SUBSCRIPTIONS,,In-app
GPA.3353-0298-6306-48618..5,"Apr 22, 2026",11:59:56 PM PDT,,Charge,,Pro Subscription (WF Solver),com.deepinkcode.wordfeudsolver,Subscription,prosub,,SE,,124 64,SEK,22.40,0.691260,DKK,15.48,prosubmonth,,4994183596643847628,Yes,,,,
GPA.3353-0298-6306-48618..5,"Apr 22, 2026",11:59:56 PM PDT,,Google fee,,Pro Subscription (WF Solver),com.deepinkcode.wordfeudsolver,Subscription,prosub,,SE,,124 64,SEK,-3.36,0.691260,DKK,-2.32,prosubmonth,,4994183596643847628,Yes,15,SUBSCRIPTIONS,,
GPA.3369-3761-2526-33437..0,"Apr 23, 2026",1:36:48 AM PDT,,Charge,,Pro Subscription (Words With Friends Solver),com.deepinkcode.wordswithfriendssolver,Subscription,prosub,,GB,,CM7 1DT,GBP,1.74,8.615600,DKK,14.99,prosub,,4994183596643847628,Yes,,,,
GPA.3369-3761-2526-33437..0,"Apr 23, 2026",1:36:48 AM PDT,,Google fee,,Pro Subscription (Words With Friends Solver),com.deepinkcode.wordswithfriendssolver,Subscription,prosub,,GB,,CM7 1DT,GBP,-0.26,8.615600,DKK,-2.24,prosub,,4994183596643847628,Yes,15,SUBSCRIPTIONS,,
GPA.3312-9033-8428-61833,"Apr 23, 2026",2:26:18 AM PDT,,Charge,,Pro Subscription (WF Solver),com.deepinkcode.wordfeudsolver,Subscription,prosub,FP5,SE,,162 54,SEK,22.40,0.693020,DKK,15.52,prosubmonth,,4994183596643847628,Yes,,,,In-app
GPA.3312-9033-8428-61833,"Apr 23, 2026",2:26:18 AM PDT,,Google fee,,Pro Subscription (WF Solver),com.deepinkcode.wordfeudsolver,Subscription,prosub,FP5,SE,,162 54,SEK,-3.36,0.693020,DKK,-2.32,prosubmonth,,4994183596643847628,Yes,15,SUBSCRIPTIONS,,In-app
GPA.3372-6585-4907-00306,"Apr 23, 2026",2:36:02 AM PDT,,Charge,,Pro Subscription (WF Solver),com.deepinkcode.wordfeudsolver,Subscription,prosub,e2s,SE,,86234,SEK,22.40,0.693020,DKK,15.52,prosubmonth,,4994183596643847628,Yes,,,,In-app
GPA.3372-6585-4907-00306,"Apr 23, 2026",2:36:02 AM PDT,,Google fee,,Pro Subscription (WF Solver),com.deepinkcode.wordfeudsolver,Subscription,prosub,e2s,SE,,86234,SEK,-3.36,0.693020,DKK,-2.32,prosubmonth,,4994183596643847628,Yes,15,SUBSCRIPTIONS,,In-app
GPA.3332-5228-4772-98654..3,"Apr 23, 2026",2:45:07 AM PDT,,Charge,,Pro Subscription (Words With Friends Solver),com.deepinkcode.wordswithfriendssolver,Subscription,prosub,,US,NY,14741,USD,2.49,6.386000,DKK,15.90,prosub,,4994183596643847628,Yes,,,,
GPA.3332-5228-4772-98654..3,"Apr 23, 2026",2:45:07 AM PDT,,Google fee,,Pro Subscription (Words With Friends Solver),com.deepinkcode.wordswithfriendssolver,Subscription,prosub,,US,NY,14741,USD,-0.37,6.386000,DKK,-2.36,prosub,,4994183596643847628,Yes,15,SUBSCRIPTIONS,,
GPA.3368-8608-2752-30114..8,"Apr 23, 2026",2:51:54 AM PDT,,Charge,,Pro Subscription (WF Solver),com.deepinkcode.wordfeudsolver,Subscription,prosub,,NL,,5348 GC,EUR,1.98,7.473400,DKK,14.80,prosubmonth,,4994183596643847628,Yes,,,,
GPA.3368-8608-2752-30114..8,"Apr 23, 2026",2:51:54 AM PDT,,Google fee,,Pro Subscription (WF Solver),com.deepinkcode.wordfeudsolver,Subscription,prosub,,NL,,5348 GC,EUR,-0.30,7.473400,DKK,-2.24,prosubmonth,,4994183596643847628,Yes,15,SUBSCRIPTIONS,,
GPA.3311-6609-7970-06146..2,"Apr 23, 2026",3:07:24 AM PDT,,Charge,,Pro Subscription (WF Solver),com.deepinkcode.wordfeudsolver,Subscription,prosub,,SE,,43442,SEK,22.40,0.692790,DKK,15.52,prosubmonth,,4994183596643847628,Yes,,,,
GPA.3311-6609-7970-06146..2,"Apr 23, 2026",3:07:24 AM PDT,,Google fee,,Pro Subscription (WF Solver),com.deepinkcode.wordfeudsolver,Subscription,prosub,,SE,,43442,SEK,-3.36,0.692790,DKK,-2.33,prosubmonth,,4994183596643847628,Yes,15,SUBSCRIPTIONS,,
GPA.3381-1274-6762-39233..14,"Apr 23, 2026",3:07:51 AM PDT,,Charge,,Pro Subscription (WF Solver),com.deepinkcode.wordfeudsolver,Subscription,prosub,,NL,,5044 PM,EUR,1.98,7.473200,DKK,14.80,prosubmonth,,4994183596643847628,Yes,,,,
GPA.3381-1274-6762-39233..14,"Apr 23, 2026",3:07:51 AM PDT,,Google fee,,Pro Subscription (WF Solver),com.deepinkcode.wordfeudsolver,Subscription,prosub,,NL,,5044 PM,EUR,-0.30,7.473200,DKK,-2.25,prosubmonth,,4994183596643847628,Yes,15,SUBSCRIPTIONS,,
GPA.3317-9669-8991-59536..5,"Apr 23, 2026",5:08:09 AM PDT,,Charge,,Pro Subscription (WF Solver),com.deepinkcode.wordfeudsolver,Subscription,prosub,,SE,,61994,SEK,22.40,0.691830,DKK,15.50,prosubmonth,,4994183596643847628,Yes,,,,
GPA.3317-9669-8991-59536..5,"Apr 23, 2026",5:08:09 AM PDT,,Google fee,,Pro Subscription (WF Solver),com.deepinkcode.wordfeudsolver,Subscription,prosub,,SE,,61994,SEK,-3.36,0.691830,DKK,-2.33,prosubmonth,,4994183596643847628,Yes,15,SUBSCRIPTIONS,,
GPA.3387-5755-2979-05308,"Apr 23, 2026",5:26:44 AM PDT,,Charge,,Pro Subscription (WF Solver),com.deepinkcode.wordfeudsolver,Subscription,prosub,a52xq,DK,,2880,DKK,15.20,1.000000,DKK,15.20,prosubmonth,,4994183596643847628,Yes,,,,In-app
GPA.3387-5755-2979-05308,"Apr 23, 2026",5:26:44 AM PDT,,Google fee,,Pro Subscription (WF Solver),com.deepinkcode.wordfeudsolver,Subscription,prosub,a52xq,DK,,2880,DKK,-2.28,1.000000,DKK,-2.28,prosubmonth,,4994183596643847628,Yes,15,SUBSCRIPTIONS,,In-app
GPA.3332-5643-6316-61506..3,"Apr 23, 2026",5:34:19 AM PDT,,Charge,,Pro Subscription (WF Solver),com.deepinkcode.wordfeudsolver,Subscription,prosub,,NL,,1211HA,EUR,1.98,7.472800,DKK,14.80,prosubmonth,,4994183596643847628,Yes,,,,
GPA.3332-5643-6316-61506..3,"Apr 23, 2026",5:34:19 AM PDT,,Google fee,,Pro Subscription (WF Solver),com.deepinkcode.wordfeudsolver,Subscription,prosub,,NL,,1211HA,EUR,-0.30,7.472800,DKK,-2.25,prosubmonth,,4994183596643847628,Yes,15,SUBSCRIPTIONS,,
GPA.3308-8378-8751-59300..9,"Apr 23, 2026",6:16:18 AM PDT,,Charge,,Pro Subscription (Words With Friends Solver),com.deepinkcode.wordswithfriendssolver,Subscription,prosub,,US,CT,06359,USD,1.99,6.392000,DKK,12.72,prosub,,4994183596643847628,Yes,,,,
GPA.3308-8378-8751-59300..9,"Apr 23, 2026",6:16:18 AM PDT,,Google fee,,Pro Subscription (Words With Friends Solver),com.deepinkcode.wordswithfriendssolver,Subscription,prosub,,US,CT,06359,USD,-0.30,6.392000,DKK,-1.92,prosub,,4994183596643847628,Yes,15,SUBSCRIPTIONS,,
GPA.3309-5341-6671-84441..15,"Apr 23, 2026",8:06:56 AM PDT,,Charge,,Pro Subscription (WF Solver),com.deepinkcode.wordfeudsolver,Subscription,prosub,,NL,,3161jg,EUR,1.98,7.473100,DKK,14.80,prosubmonth,,4994183596643847628,Yes,,,,
GPA.3309-5341-6671-84441..15,"Apr 23, 2026",8:06:56 AM PDT,,Google fee,,Pro Subscription (WF Solver),com.deepinkcode.wordfeudsolver,Subscription,prosub,,NL,,3161jg,EUR,-0.30,7.473100,DKK,-2.25,prosubmonth,,4994183596643847628,Yes,15,SUBSCRIPTIONS,,
GPA.3320-7284-9952-82675..1,"Apr 23, 2026",8:27:19 AM PDT,,Charge,,Pro Subscription (WF Solver),com.deepinkcode.wordfeudsolver,Subscription,prosub,,DK,,2765,DKK,15.20,1.000000,DKK,15.20,prosubmonth,,4994183596643847628,Yes,,,,
GPA.3320-7284-9952-82675..1,"Apr 23, 2026",8:27:19 AM PDT,,Google fee,,Pro Subscription (WF Solver),com.deepinkcode.wordfeudsolver,Subscription,prosub,,DK,,2765,DKK,-2.28,1.000000,DKK,-2.28,prosubmonth,,4994183596643847628,Yes,15,SUBSCRIPTIONS,,
GPA.3321-8995-7926-61811,"Apr 23, 2026",8:47:51 AM PDT,,Charge,,Pro Subscription (WF Solver),com.deepinkcode.wordfeudsolver,Subscription,prosub,OP611FL1,BE,,2880,EUR,1.98,7.473100,DKK,14.80,prosubmonth,,4994183596643847628,Yes,,,,In-app
GPA.3321-8995-7926-61811,"Apr 23, 2026",8:47:51 AM PDT,,Google fee,,Pro Subscription (WF Solver),com.deepinkcode.wordfeudsolver,Subscription,prosub,OP611FL1,BE,,2880,EUR,-0.30,7.473100,DKK,-2.25,prosubmonth,,4994183596643847628,Yes,15,SUBSCRIPTIONS,,In-app
GPA.3305-3084-5912-17007..1,"Apr 23, 2026",9:33:14 AM PDT,,Charge,,Pro Subscription (WF Solver),com.deepinkcode.wordfeudsolver,Subscription,prosub,,SE,,68395,SEK,22.40,0.692930,DKK,15.52,prosubmonth,,4994183596643847628,Yes,,,,
GPA.3305-3084-5912-17007..1,"Apr 23, 2026",9:33:14 AM PDT,,Google fee,,Pro Subscription (WF Solver),com.deepinkcode.wordfeudsolver,Subscription,prosub,,SE,,68395,SEK,-3.36,0.692930,DKK,-2.33,prosubmonth,,4994183596643847628,Yes,15,SUBSCRIPTIONS,,
GPA.3313-6026-4742-03553..8,"Apr 23, 2026",11:19:20 AM PDT,,Charge,,Pro Subscription (WF Solver),com.deepinkcode.wordfeudsolver,Subscription,prosub,,NL,,2992hs,EUR,1.98,7.473300,DKK,14.80,prosubmonth,,4994183596643847628,Yes,,,,
GPA.3313-6026-4742-03553..8,"Apr 23, 2026",11:19:20 AM PDT,,Google fee,,Pro Subscription (WF Solver),com.deepinkcode.wordfeudsolver,Subscription,prosub,,NL,,2992hs,EUR,-0.30,7.473300,DKK,-2.24,prosubmonth,,4994183596643847628,Yes,15,SUBSCRIPTIONS,,
GPA.3304-5302-3714-45808..13,"Apr 23, 2026",11:23:33 AM PDT,,Charge,,Pro Subscription (WF Solver),com.deepinkcode.wordfeudsolver,Subscription,prosub,,BE,,8310,EUR,1.98,7.473300,DKK,14.80,prosubmonth,,4994183596643847628,Yes,,,,
GPA.3304-5302-3714-45808..13,"Apr 23, 2026",11:23:33 AM PDT,,Google fee,,Pro Subscription (WF Solver),com.deepinkcode.wordfeudsolver,Subscription,prosub,,BE,,8310,EUR,-0.30,7.473300,DKK,-2.24,prosubmonth,,4994183596643847628,Yes,15,SUBSCRIPTIONS,,
GPA.3300-5076-3825-59911..3,"Apr 23, 2026",12:13:37 PM PDT,,Charge,,Pro Subscription (WF Solver),com.deepinkcode.wordfeudsolver,Subscription,prosub,,NL,,6287 CK,EUR,1.98,7.472900,DKK,14.80,prosubmonth,,4994183596643847628,Yes,,,,
GPA.3300-5076-3825-59911..3,"Apr 23, 2026",12:13:37 PM PDT,,Google fee,,Pro Subscription (WF Solver),com.deepinkcode.wordfeudsolver,Subscription,prosub,,NL,,6287 CK,EUR,-0.30,7.472900,DKK,-2.25,prosubmonth,,4994183596643847628,Yes,15,SUBSCRIPTIONS,,
GPA.3322-8898-2604-92881..9,"Apr 23, 2026",12:59:16 PM PDT,,Charge,,Pro Subscription (Words With Friends Solver),com.deepinkcode.wordswithfriendssolver,Subscription,prosub,,US,NJ,08028,USD,1.99,6.390800,DKK,12.72,prosub,,4994183596643847628,Yes,,,,
GPA.3322-8898-2604-92881..9,"Apr 23, 2026",12:59:16 PM PDT,,Google fee,,Pro Subscription (Words With Friends Solver),com.deepinkcode.wordswithfriendssolver,Subscription,prosub,,US,NJ,08028,USD,-0.30,6.390800,DKK,-1.92,prosub,,4994183596643847628,Yes,15,SUBSCRIPTIONS,,
GPA.3336-3023-4336-24961..4,"Apr 23, 2026",1:15:49 PM PDT,,Charge,,Pro Subscription (WF Solver),com.deepinkcode.wordfeudsolver,Subscription,prosub,,NL,,3734 EE,EUR,1.98,7.472900,DKK,14.80,prosubmonth,,4994183596643847628,Yes,,,,
GPA.3336-3023-4336-24961..4,"Apr 23, 2026",1:15:49 PM PDT,,Google fee,,Pro Subscription (WF Solver),com.deepinkcode.wordfeudsolver,Subscription,prosub,,NL,,3734 EE,EUR,-0.30,7.472900,DKK,-2.25,prosubmonth,,4994183596643847628,Yes,15,SUBSCRIPTIONS,,
GPA.3337-5293-8349-97139,"Apr 23, 2026",1:25:10 PM PDT,,Charge,,Pro Subscription (Words With Friends Solver),com.deepinkcode.wordswithfriendssolver,Subscription,prosub,dm3q,GB,,LN6 9HA,GBP,1.74,8.614100,DKK,14.99,prosub,,4994183596643847628,Yes,,,,In-app
GPA.3337-5293-8349-97139,"Apr 23, 2026",1:25:10 PM PDT,,Google fee,,Pro Subscription (Words With Friends Solver),com.deepinkcode.wordswithfriendssolver,Subscription,prosub,dm3q,GB,,LN6 9HA,GBP,-0.26,8.614100,DKK,-2.24,prosub,,4994183596643847628,Yes,15,SUBSCRIPTIONS,,In-app
GPA.3398-0408-4726-18198..4,"Apr 23, 2026",2:08:27 PM PDT,,Charge,,Pro Subscription (WF Solver),com.deepinkcode.wordfeudsolver,Subscription,prosub,,SE,,72467,SEK,22.40,0.691130,DKK,15.48,prosubmonth,,4994183596643847628,Yes,,,,
GPA.3398-0408-4726-18198..4,"Apr 23, 2026",2:08:27 PM PDT,,Google fee,,Pro Subscription (WF Solver),com.deepinkcode.wordfeudsolver,Subscription,prosub,,SE,,72467,SEK,-3.36,0.691130,DKK,-2.32,prosubmonth,,4994183596643847628,Yes,15,SUBSCRIPTIONS,,
GPA.3332-0409-8238-03876..9,"Apr 23, 2026",2:17:37 PM PDT,,Charge,,Pro Subscription (Scrabble GO Cheat),com.deepinkcode.scrabblegocheat,Subscription,prosub,,US,GA,30260,USD,1.99,6.395500,DKK,12.73,prosubmonth,,4994183596643847628,Yes,,,,
GPA.3332-0409-8238-03876..9,"Apr 23, 2026",2:17:37 PM PDT,,Google fee,,Pro Subscription (Scrabble GO Cheat),com.deepinkcode.scrabblegocheat,Subscription,prosub,,US,GA,30260,USD,-0.30,6.395500,DKK,-1.92,prosubmonth,,4994183596643847628,Yes,15,SUBSCRIPTIONS,,
GPA.3368-9401-0658-25764..1,"Apr 23, 2026",2:25:52 PM PDT,,Charge,,Pro Subscription (Words With Friends Solver),com.deepinkcode.wordswithfriendssolver,Subscription,prosub,,GB,,RM11 1PY,GBP,1.74,8.612900,DKK,14.99,prosub,,4994183596643847628,Yes,,,,
GPA.3368-9401-0658-25764..1,"Apr 23, 2026",2:25:52 PM PDT,,Google fee,,Pro Subscription (Words With Friends Solver),com.deepinkcode.wordswithfriendssolver,Subscription,prosub,,GB,,RM11 1PY,GBP,-0.26,8.612900,DKK,-2.24,prosub,,4994183596643847628,Yes,15,SUBSCRIPTIONS,,
GPA.3349-1927-1629-13101,"Apr 23, 2026",2:29:23 PM PDT,,Charge,,Pro Subscription (Words With Friends Solver),com.deepinkcode.wordswithfriendssolver,Subscription,prosub,a71xq,US,WI,53589,USD,2.49,6.395500,DKK,15.92,prosub,,4994183596643847628,Yes,,,,In-app
GPA.3349-1927-1629-13101,"Apr 23, 2026",2:29:23 PM PDT,,Google fee,,Pro Subscription (Words With Friends Solver),com.deepinkcode.wordswithfriendssolver,Subscription,prosub,a71xq,US,WI,53589,USD,-0.37,6.395500,DKK,-2.37,prosub,,4994183596643847628,Yes,15,SUBSCRIPTIONS,,In-app
GPA.3398-9829-3292-76168..3,"Apr 23, 2026",3:35:43 PM PDT,,Charge,,Pro Subscription (WF Solver),com.deepinkcode.wordfeudsolver,Subscription,prosub,,SE,,38430,SEK,22.40,0.690080,DKK,15.46,prosubmonth,,4994183596643847628,Yes,,,,
GPA.3398-9829-3292-76168..3,"Apr 23, 2026",3:35:43 PM PDT,,Google fee,,Pro Subscription (WF Solver),com.deepinkcode.wordfeudsolver,Subscription,prosub,,SE,,38430,SEK,-3.36,0.690080,DKK,-2.32,prosubmonth,,4994183596643847628,Yes,15,SUBSCRIPTIONS,,
GPA.3373-1810-0883-59528..0,"Apr 23, 2026",4:03:56 PM PDT,,Charge,,Pro Subscription (Words With Friends Solver),com.deepinkcode.wordswithfriendssolver,Subscription,prosub,,CA,QC,H7M 5Z4,CAD,3.19,4.669000,DKK,14.89,prosub,,4994183596643847628,Yes,,,,
GPA.3373-1810-0883-59528..0,"Apr 23, 2026",4:03:56 PM PDT,,Google fee,,Pro Subscription (Words With Friends Solver),com.deepinkcode.wordswithfriendssolver,Subscription,prosub,,CA,QC,H7M 5Z4,CAD,-0.48,4.669000,DKK,-2.24,prosub,,4994183596643847628,Yes,15,SUBSCRIPTIONS,,
GPA.3332-8077-7181-31023..0,"Apr 23, 2026",7:23:28 PM PDT,,Charge,,Pro Subscription (Words With Friends Solver),com.deepinkcode.wordswithfriendssolver,Subscription,prosub,,US,MD,21740,USD,2.49,6.395600,DKK,15.93,prosub,,4994183596643847628,Yes,,,,
GPA.3332-8077-7181-31023..0,"Apr 23, 2026",7:23:28 PM PDT,,Google fee,,Pro Subscription (Words With Friends Solver),com.deepinkcode.wordswithfriendssolver,Subscription,prosub,,US,MD,21740,USD,-0.37,6.395600,DKK,-2.37,prosub,,4994183596643847628,Yes,15,SUBSCRIPTIONS,,
GPA.3397-7782-6338-25148..5,"Apr 23, 2026",11:07:22 PM PDT,,Charge,,Pro Subscription (WF Solver),com.deepinkcode.wordfeudsolver,Subscription,prosub,,SE,,19596,SEK,22.40,0.690430,DKK,15.47,prosubmonth,,4994183596643847628,Yes,,,,
GPA.3397-7782-6338-25148..5,"Apr 23, 2026",11:07:22 PM PDT,,Google fee,,Pro Subscription (WF Solver),com.deepinkcode.wordfeudsolver,Subscription,prosub,,SE,,19596,SEK,-3.36,0.690430,DKK,-2.32,prosubmonth,,4994183596643847628,Yes,15,SUBSCRIPTIONS,,
GPA.3380-0524-6028-90032..0,"Apr 24, 2026",1:12:28 AM PDT,,Charge,,Pro Subscription (WF Solver),com.deepinkcode.wordfeudsolver,Subscription,prosub,,DK,,8600,DKK,15.20,1.000000,DKK,15.20,prosubmonth,,4994183596643847628,Yes,,,,
GPA.3380-0524-6028-90032..0,"Apr 24, 2026",1:12:28 AM PDT,,Google fee,,Pro Subscription (WF Solver),com.deepinkcode.wordfeudsolver,Subscription,prosub,,DK,,8600,DKK,-2.28,1.000000,DKK,-2.28,prosubmonth,,4994183596643847628,Yes,15,SUBSCRIPTIONS,,
GPA.3345-7839-6421-64745..16,"Apr 24, 2026",3:12:55 AM PDT,,Charge,,Pro Subscription (WF Solver),com.deepinkcode.wordfeudsolver,Subscription,prosub,,DK,,5800,DKK,15.20,1.000000,DKK,15.20,prosubmonth,,4994183596643847628,Yes,,,,
GPA.3345-7839-6421-64745..16,"Apr 24, 2026",3:12:55 AM PDT,,Google fee,,Pro Subscription (WF Solver),com.deepinkcode.wordfeudsolver,Subscription,prosub,,DK,,5800,DKK,-2.28,1.000000,DKK,-2.28,prosubmonth,,4994183596643847628,Yes,15,SUBSCRIPTIONS,,
GPA.3350-0404-6274-23976..7,"Apr 24, 2026",5:15:08 AM PDT,,Charge,,Pro Subscription (WF Solver),com.deepinkcode.wordfeudsolver,Subscription,prosub,,SE,,93154,SEK,22.40,0.689860,DKK,15.45,prosubmonth,,4994183596643847628,Yes,,,,
GPA.3350-0404-6274-23976..7,"Apr 24, 2026",5:15:08 AM PDT,,Google fee,,Pro Subscription (WF Solver),com.deepinkcode.wordfeudsolver,Subscription,prosub,,SE,,93154,SEK,-3.36,0.689860,DKK,-2.32,prosubmonth,,4994183596643847628,Yes,15,SUBSCRIPTIONS,,
GPA.3353-6239-8037-34469..10,"Apr 24, 2026",6:08:13 AM PDT,,Charge,,Pro Subscription (WF Solver),com.deepinkcode.wordfeudsolver,Subscription,prosub,,SE,,31333,SEK,23.20,0.690830,DKK,16.03,prosubmonth,,4994183596643847628,Yes,,,,
GPA.3353-6239-8037-34469..10,"Apr 24, 2026",6:08:13 AM PDT,,Google fee,,Pro Subscription (WF Solver),com.deepinkcode.wordfeudsolver,Subscription,prosub,,SE,,31333,SEK,-3.48,0.690830,DKK,-2.41,prosubmonth,,4994183596643847628,Yes,15,SUBSCRIPTIONS,,
GPA.3317-3306-0417-01623,"Apr 24, 2026",6:33:25 AM PDT,,Charge,,Pro Subscription (Words With Friends Solver),com.deepinkcode.wordswithfriendssolver,Subscription,prosub,m3q,AU,VIC,3093,AUD,3.63,4.557700,DKK,16.54,prosub,,4994183596643847628,Yes,,,,In-app
GPA.3317-3306-0417-01623,"Apr 24, 2026",6:33:25 AM PDT,,Google fee,,Pro Subscription (Words With Friends Solver),com.deepinkcode.wordswithfriendssolver,Subscription,prosub,m3q,AU,VIC,3093,AUD,-0.54,4.557700,DKK,-2.46,prosub,,4994183596643847628,Yes,15,SUBSCRIPTIONS,,In-app
GPA.3351-6034-2242-34366..14,"Apr 24, 2026",6:36:19 AM PDT,,Charge,,Pro Subscription (WF Solver),com.deepinkcode.wordfeudsolver,Subscription,prosub,,SE,,87030,SEK,23.20,0.690830,DKK,16.03,prosubmonth,,4994183596643847628,Yes,,,,
GPA.3351-6034-2242-34366..14,"Apr 24, 2026",6:36:19 AM PDT,,Google fee,,Pro Subscription (WF Solver),com.deepinkcode.wordfeudsolver,Subscription,prosub,,SE,,87030,SEK,-3.48,0.690830,DKK,-2.41,prosubmonth,,4994183596643847628,Yes,15,SUBSCRIPTIONS,,
GPA.3340-4629-1559-06467,"Apr 24, 2026",6:51:36 AM PDT,,Charge,,Pro Subscription (WF Solver),com.deepinkcode.wordfeudsolver,Subscription,prosub,e1s,SE,,72241,SEK,22.40,0.690830,DKK,15.47,prosubmonth,,4994183596643847628,Yes,,,,In-app
GPA.3340-4629-1559-06467,"Apr 24, 2026",6:51:36 AM PDT,,Google fee,,Pro Subscription (WF Solver),com.deepinkcode.wordfeudsolver,Subscription,prosub,e1s,SE,,72241,SEK,-3.36,0.690830,DKK,-2.32,prosubmonth,,4994183596643847628,Yes,15,SUBSCRIPTIONS,,In-app
GPA.3359-2801-2380-86132..13,"Apr 24, 2026",7:18:32 AM PDT,,Charge,,Pro Subscription (WF Solver),com.deepinkcode.wordfeudsolver,Subscription,prosub,,NL,,1111 CE,EUR,1.98,7.472900,DKK,14.80,prosubmonth,,4994183596643847628,Yes,,,,
GPA.3359-2801-2380-86132..13,"Apr 24, 2026",7:18:32 AM PDT,,Google fee,,Pro Subscription (WF Solver),com.deepinkcode.wordfeudsolver,Subscription,prosub,,NL,,1111 CE,EUR,-0.30,7.472900,DKK,-2.25,prosubmonth,,4994183596643847628,Yes,15,SUBSCRIPTIONS,,
GPA.3357-9304-7871-95609,"Apr 24, 2026",7:43:01 AM PDT,,Charge,,Pro Subscription (WF Solver),com.deepinkcode.wordfeudsolver,Subscription,prosub,a54x,NL,,2202 KC,EUR,1.98,7.472900,DKK,14.80,prosubmonth,,4994183596643847628,Yes,,,,In-app
GPA.3357-9304-7871-95609,"Apr 24, 2026",7:43:01 AM PDT,,Google fee,,Pro Subscription (WF Solver),com.deepinkcode.wordfeudsolver,Subscription,prosub,a54x,NL,,2202 KC,EUR,-0.30,7.472900,DKK,-2.25,prosubmonth,,4994183596643847628,Yes,15,SUBSCRIPTIONS,,In-app
GPA.3388-5565-9823-54797..13,"Apr 24, 2026",7:43:33 AM PDT,,Charge,,Pro Subscription (WF Solver),com.deepinkcode.wordfeudsolver,Subscription,prosub,,SE,,71231,SEK,23.20,0.690180,DKK,16.01,prosubmonth,,4994183596643847628,Yes,,,,
GPA.3388-5565-9823-54797..13,"Apr 24, 2026",7:43:33 AM PDT,,Google fee,,Pro Subscription (WF Solver),com.deepinkcode.wordfeudsolver,Subscription,prosub,,SE,,71231,SEK,-3.48,0.690180,DKK,-2.40,prosubmonth,,4994183596643847628,Yes,15,SUBSCRIPTIONS,,
GPA.3322-6402-4489-25001..5,"Apr 24, 2026",7:45:14 AM PDT,,Charge,,Pro Subscription (WF Solver),com.deepinkcode.wordfeudsolver,Subscription,prosub,,SE,,842 33,SEK,22.40,0.690180,DKK,15.46,prosubmonth,,4994183596643847628,Yes,,,,
GPA.3322-6402-4489-25001..5,"Apr 24, 2026",7:45:14 AM PDT,,Google fee,,Pro Subscription (WF Solver),com.deepinkcode.wordfeudsolver,Subscription,prosub,,SE,,842 33,SEK,-3.36,0.690180,DKK,-2.32,prosubmonth,,4994183596643847628,Yes,15,SUBSCRIPTIONS,,
GPA.3392-0590-1149-06167..5,"Apr 24, 2026",8:01:19 AM PDT,,Charge,,Pro Subscription (Words With Friends Solver),com.deepinkcode.wordswithfriendssolver,Subscription,prosub,,US,IN,46254,USD,2.49,6.382600,DKK,15.89,prosub,,4994183596643847628,Yes,,,,
GPA.3392-0590-1149-06167..5,"Apr 24, 2026",8:01:19 AM PDT,,Google fee,,Pro Subscription (Words With Friends Solver),com.deepinkcode.wordswithfriendssolver,Subscription,prosub,,US,IN,46254,USD,-0.37,6.382600,DKK,-2.36,prosub,,4994183596643847628,Yes,15,SUBSCRIPTIONS,,
GPA.3372-3296-7039-73109..3,"Apr 24, 2026",9:24:46 AM PDT,,Charge,,Pro Subscription (WF Solver),com.deepinkcode.wordfeudsolver,Subscription,prosub,,NL,,5627GS,EUR,1.98,7.472600,DKK,14.80,prosubmonth,,4994183596643847628,Yes,,,,
GPA.3372-3296-7039-73109..3,"Apr 24, 2026",9:24:46 AM PDT,,Google fee,,Pro Subscription (WF Solver),com.deepinkcode.wordfeudsolver,Subscription,prosub,,NL,,5627GS,EUR,-0.30,7.472600,DKK,-2.25,prosubmonth,,4994183596643847628,Yes,15,SUBSCRIPTIONS,,
GPA.3365-6465-8042-29571,"Apr 24, 2026",9:52:14 AM PDT,,Charge,,Pro Subscription (WF Solver),com.deepinkcode.wordfeudsolver,Subscription,prosub,pa3q,NL,,1504AJ,EUR,1.98,7.472600,DKK,14.80,prosubmonth,,4994183596643847628,Yes,,,,In-app
GPA.3365-6465-8042-29571,"Apr 24, 2026",9:52:14 AM PDT,,Google fee,,Pro Subscription (WF Solver),com.deepinkcode.wordfeudsolver,Subscription,prosub,pa3q,NL,,1504AJ,EUR,-0.30,7.472600,DKK,-2.25,prosubmonth,,4994183596643847628,Yes,15,SUBSCRIPTIONS,,In-app
GPA.3349-6503-7442-10703..0,"Apr 24, 2026",9:52:48 AM PDT,,Charge,,Pro Subscription (WF Solver),com.deepinkcode.wordfeudsolver,Subscription,prosub,,GB,,EH16 6DH,GBP,1.74,8.619200,DKK,15.00,prosubmonth,,4994183596643847628,Yes,,,,
GPA.3349-6503-7442-10703..0,"Apr 24, 2026",9:52:48 AM PDT,,Google fee,,Pro Subscription (WF Solver),com.deepinkcode.wordfeudsolver,Subscription,prosub,,GB,,EH16 6DH,GBP,-0.26,8.619200,DKK,-2.24,prosubmonth,,4994183596643847628,Yes,15,SUBSCRIPTIONS,,
GPA.3308-7711-9506-83831..2,"Apr 24, 2026",10:12:33 AM PDT,,Charge,,Pro Subscription (WF Solver),com.deepinkcode.wordfeudsolver,Subscription,prosub,,NL,,8651ck,EUR,1.98,7.472700,DKK,14.80,prosubmonth,,4994183596643847628,Yes,,,,
GPA.3308-7711-9506-83831..2,"Apr 24, 2026",10:12:33 AM PDT,,Google fee,,Pro Subscription (WF Solver),com.deepinkcode.wordfeudsolver,Subscription,prosub,,NL,,8651ck,EUR,-0.30,7.472700,DKK,-2.25,prosubmonth,,4994183596643847628,Yes,15,SUBSCRIPTIONS,,
GPA.3374-8117-9668-31548..0,"Apr 24, 2026",10:16:41 AM PDT,,Charge,,Pro Subscription (WF Solver),com.deepinkcode.wordfeudsolver,Subscription,prosub,,NO,,3263,NOK,24.00,0.683230,DKK,16.40,prosubmonth,,4994183596643847628,Yes,,,,
GPA.3374-8117-9668-31548..0,"Apr 24, 2026",10:16:41 AM PDT,,Google fee,,Pro Subscription (WF Solver),com.deepinkcode.wordfeudsolver,Subscription,prosub,,NO,,3263,NOK,-3.60,0.683230,DKK,-2.46,prosubmonth,,4994183596643847628,Yes,15,SUBSCRIPTIONS,,
GPA.3389-4820-0279-93421,"Apr 24, 2026",10:35:53 AM PDT,,Charge refund,Full,Pro Subscription (Scrabble GO Cheat),com.deepinkcode.scrabblegocheat,Subscription,prosub,b0s,GB,,LN5 9RL,GBP,-1.74,8.592200,DKK,-14.95,prosubmonth,,4994183596643847628,Yes,,,,In-app
GPA.3389-4820-0279-93421,"Apr 24, 2026",10:35:53 AM PDT,,Google fee refund,Full,Pro Subscription (Scrabble GO Cheat),com.deepinkcode.scrabblegocheat,Subscription,prosub,b0s,GB,,LN5 9RL,GBP,0.26,8.592200,DKK,2.23,prosubmonth,,4994183596643847628,Yes,15,SUBSCRIPTIONS,,In-app
GPA.3326-4691-4857-45990..0,"Apr 24, 2026",11:23:17 AM PDT,,Charge,,Pro Subscription (Scrabble GO Cheat),com.deepinkcode.scrabblegocheat,Subscription,prosub,,FR,,83190,EUR,1.99,7.472700,DKK,14.87,prosubmonth,,4994183596643847628,Yes,,,,
GPA.3326-4691-4857-45990..0,"Apr 24, 2026",11:23:17 AM PDT,,Google fee,,Pro Subscription (Scrabble GO Cheat),com.deepinkcode.scrabblegocheat,Subscription,prosub,,FR,,83190,EUR,-0.30,7.472700,DKK,-2.24,prosubmonth,,4994183596643847628,Yes,15,SUBSCRIPTIONS,,
GPA.3383-3742-2971-84978..12,"Apr 24, 2026",11:25:47 AM PDT,,Charge,,Pro Subscription (Words With Friends Solver),com.deepinkcode.wordswithfriendssolver,Subscription,prosub,,US,VA,24073,USD,1.99,6.376000,DKK,12.69,prosub,,4994183596643847628,Yes,,,,
GPA.3383-3742-2971-84978..12,"Apr 24, 2026",11:25:47 AM PDT,,Google fee,,Pro Subscription (Words With Friends Solver),com.deepinkcode.wordswithfriendssolver,Subscription,prosub,,US,VA,24073,USD,-0.30,6.376000,DKK,-1.91,prosub,,4994183596643847628,Yes,15,SUBSCRIPTIONS,,
GPA.3358-8199-7111-05652,"Apr 24, 2026",11:28:09 AM PDT,,Charge,,Pro (WF Solver),com.deepinkcode.wordfeudsolver,One-time product,pro,r9q,BE,,1600,EUR,23.96,7.472700,DKK,179.05,legacy-base,,4994183596643847628,Yes,,,,In-app
GPA.3358-8199-7111-05652,"Apr 24, 2026",11:28:09 AM PDT,,Google fee,,Pro (WF Solver),com.deepinkcode.wordfeudsolver,One-time product,pro,r9q,BE,,1600,EUR,-3.59,7.472700,DKK,-26.83,legacy-base,,4994183596643847628,Yes,15,,,In-app
GPA.3368-9664-7933-53670..9,"Apr 24, 2026",11:43:41 AM PDT,,Charge,,Pro Subscription (WF Solver),com.deepinkcode.wordfeudsolver,Subscription,prosub,,NL,,6461VZ,EUR,1.98,7.472700,DKK,14.80,prosubmonth,,4994183596643847628,Yes,,,,
GPA.3368-9664-7933-53670..9,"Apr 24, 2026",11:43:41 AM PDT,,Google fee,,Pro Subscription (WF Solver),com.deepinkcode.wordfeudsolver,Subscription,prosub,,NL,,6461VZ,EUR,-0.30,7.472700,DKK,-2.25,prosubmonth,,4994183596643847628,Yes,15,SUBSCRIPTIONS,,
GPA.3346-7080-3876-00071..13,"Apr 24, 2026",11:45:10 AM PDT,,Charge,,Pro Subscription (WF Solver),com.deepinkcode.wordfeudsolver,Subscription,prosub,,NL,,5282NM,EUR,1.98,7.472700,DKK,14.80,prosubmonth,,4994183596643847628,Yes,,,,
GPA.3346-7080-3876-00071..13,"Apr 24, 2026",11:45:10 AM PDT,,Google fee,,Pro Subscription (WF Solver),com.deepinkcode.wordfeudsolver,Subscription,prosub,,NL,,5282NM,EUR,-0.30,7.472700,DKK,-2.25,prosubmonth,,4994183596643847628,Yes,15,SUBSCRIPTIONS,,
GPA.3380-1994-2641-73072..9,"Apr 24, 2026",12:04:11 PM PDT,,Charge,,Pro Subscription (WF Solver),com.deepinkcode.wordfeudsolver,Subscription,prosub,,SE,,43146,SEK,23.20,0.691160,DKK,16.03,prosubmonth,,4994183596643847628,Yes,,,,
GPA.3380-1994-2641-73072..9,"Apr 24, 2026",12:04:11 PM PDT,,Google fee,,Pro Subscription (WF Solver),com.deepinkcode.wordfeudsolver,Subscription,prosub,,SE,,43146,SEK,-3.48,0.691160,DKK,-2.40,prosubmonth,,4994183596643847628,Yes,15,SUBSCRIPTIONS,,
GPA.3377-3731-7704-10586..6,"Apr 24, 2026",12:13:39 PM PDT,,Charge,,Pro Subscription (WF Solver),com.deepinkcode.wordfeudsolver,Subscription,prosub,,SE,,61338,SEK,22.40,0.691160,DKK,15.48,prosubmonth,,4994183596643847628,Yes,,,,
GPA.3377-3731-7704-10586..6,"Apr 24, 2026",12:13:39 PM PDT,,Google fee,,Pro Subscription (WF Solver),com.deepinkcode.wordfeudsolver,Subscription,prosub,,SE,,61338,SEK,-3.36,0.691160,DKK,-2.32,prosubmonth,,4994183596643847628,Yes,15,SUBSCRIPTIONS,,
GPA.3323-8726-9900-79373..0,"Apr 24, 2026",12:56:19 PM PDT,,Charge,,Pro Subscription (WF Solver),com.deepinkcode.wordfeudsolver,Subscription,prosub,,NL,,6717AC,EUR,1.98,7.472600,DKK,14.80,prosubmonth,,4994183596643847628,Yes,,,,
GPA.3323-8726-9900-79373..0,"Apr 24, 2026",12:56:19 PM PDT,,Google fee,,Pro Subscription (WF Solver),com.deepinkcode.wordfeudsolver,Subscription,prosub,,NL,,6717AC,EUR,-0.30,7.472600,DKK,-2.25,prosubmonth,,4994183596643847628,Yes,15,SUBSCRIPTIONS,,
GPA.3323-9112-9849-64953,"Apr 24, 2026",1:07:03 PM PDT,,Charge,,Pro Subscription (WF Solver),com.deepinkcode.wordfeudsolver,Subscription,prosub,a35x,SE,,41513,SEK,22.40,0.691520,DKK,15.49,prosubmonth,,4994183596643847628,Yes,,,,In-app
GPA.3323-9112-9849-64953,"Apr 24, 2026",1:07:03 PM PDT,,Google fee,,Pro Subscription (WF Solver),com.deepinkcode.wordfeudsolver,Subscription,prosub,a35x,SE,,41513,SEK,-3.36,0.691520,DKK,-2.32,prosubmonth,,4994183596643847628,Yes,15,SUBSCRIPTIONS,,In-app
GPA.3338-9424-3080-29584..4,"Apr 24, 2026",1:18:04 PM PDT,,Charge,,Pro Subscription (WF Solver),com.deepinkcode.wordfeudsolver,Subscription,prosub,,DK,,8530,DKK,15.20,1.000000,DKK,15.20,prosubmonth,,4994183596643847628,Yes,,,,
GPA.3338-9424-3080-29584..4,"Apr 24, 2026",1:18:04 PM PDT,,Google fee,,Pro Subscription (WF Solver),com.deepinkcode.wordfeudsolver,Subscription,prosub,,DK,,8530,DKK,-2.28,1.000000,DKK,-2.28,prosubmonth,,4994183596643847628,Yes,15,SUBSCRIPTIONS,,
GPA.3335-2230-8237-36542..1,"Apr 24, 2026",2:38:52 PM PDT,,Charge,,Pro Subscription (WF Solver),com.deepinkcode.wordfeudsolver,Subscription,prosub,,SE,,331 72,SEK,22.40,0.691480,DKK,15.49,prosubmonth,,4994183596643847628,Yes,,,,
GPA.3335-2230-8237-36542..1,"Apr 24, 2026",2:38:52 PM PDT,,Google fee,,Pro Subscription (WF Solver),com.deepinkcode.wordfeudsolver,Subscription,prosub,,SE,,331 72,SEK,-3.36,0.691480,DKK,-2.32,prosubmonth,,4994183596643847628,Yes,15,SUBSCRIPTIONS,,
GPA.3383-7915-2989-03332,"Apr 24, 2026",3:18:03 PM PDT,,Charge,,Pro Subscription (WF Solver),com.deepinkcode.wordfeudsolver,Subscription,prosub,pa3q,NL,,4664BG,EUR,1.98,7.472700,DKK,14.80,prosubmonth,,4994183596643847628,Yes,,,,In-app
GPA.3383-7915-2989-03332,"Apr 24, 2026",3:18:03 PM PDT,,Google fee,,Pro Subscription (WF Solver),com.deepinkcode.wordfeudsolver,Subscription,prosub,pa3q,NL,,4664BG,EUR,-0.30,7.472700,DKK,-2.25,prosubmonth,,4994183596643847628,Yes,15,SUBSCRIPTIONS,,In-app
GPA.3308-0043-7842-73175..4,"Apr 24, 2026",3:46:09 PM PDT,,Charge,,Pro Subscription (WF Solver),com.deepinkcode.wordfeudsolver,Subscription,prosub,,DK,,3520,DKK,15.20,1.000000,DKK,15.20,prosubmonth,,4994183596643847628,Yes,,,,
GPA.3308-0043-7842-73175..4,"Apr 24, 2026",3:46:09 PM PDT,,Google fee,,Pro Subscription (WF Solver),com.deepinkcode.wordfeudsolver,Subscription,prosub,,DK,,3520,DKK,-2.28,1.000000,DKK,-2.28,prosubmonth,,4994183596643847628,Yes,15,SUBSCRIPTIONS,,
GPA.3358-2118-0503-27759,"Apr 24, 2026",4:23:09 PM PDT,,Charge,,Pro Subscription (WF Solver),com.deepinkcode.wordfeudsolver,Subscription,prosub,o1s,SE,,587 37,SEK,22.40,0.691370,DKK,15.49,prosubmonth,,4994183596643847628,Yes,,,,In-app
GPA.3358-2118-0503-27759,"Apr 24, 2026",4:23:09 PM PDT,,Google fee,,Pro Subscription (WF Solver),com.deepinkcode.wordfeudsolver,Subscription,prosub,o1s,SE,,587 37,SEK,-3.36,0.691370,DKK,-2.33,prosubmonth,,4994183596643847628,Yes,15,SUBSCRIPTIONS,,In-app
GPA.3346-6798-1157-67742..7,"Apr 24, 2026",4:25:44 PM PDT,,Charge,,Pro Subscription (Words With Friends Solver),com.deepinkcode.wordswithfriendssolver,Subscription,prosub,,AU,,4163,AUD,3.63,4.559200,DKK,16.55,prosub,,4994183596643847628,Yes,,,,
GPA.3346-6798-1157-67742..7,"Apr 24, 2026",4:25:44 PM PDT,,Google fee,,Pro Subscription (Words With Friends Solver),com.deepinkcode.wordswithfriendssolver,Subscription,prosub,,AU,,4163,AUD,-0.54,4.559200,DKK,-2.46,prosub,,4994183596643847628,Yes,15,SUBSCRIPTIONS,,
GPA.3387-1005-5102-95647..0,"Apr 24, 2026",4:31:57 PM PDT,,Charge,,Pro Subscription (WF Solver),com.deepinkcode.wordfeudsolver,Subscription,prosub,,SE,,78444,SEK,22.40,0.691370,DKK,15.49,prosubmonth,,4994183596643847628,Yes,,,,
GPA.3387-1005-5102-95647..0,"Apr 24, 2026",4:31:57 PM PDT,,Google fee,,Pro Subscription (WF Solver),com.deepinkcode.wordfeudsolver,Subscription,prosub,,SE,,78444,SEK,-3.36,0.691370,DKK,-2.33,prosubmonth,,4994183596643847628,Yes,15,SUBSCRIPTIONS,,
GPA.3326-9568-6533-67565..1,"Apr 24, 2026",4:58:24 PM PDT,,Charge,,Pro Subscription (WF Solver),com.deepinkcode.wordfeudsolver,Subscription,prosub,,NL,,7161 AN,EUR,1.98,7.472700,DKK,14.80,prosubmonth,,4994183596643847628,Yes,,,,
GPA.3326-9568-6533-67565..1,"Apr 24, 2026",4:58:24 PM PDT,,Google fee,,Pro Subscription (WF Solver),com.deepinkcode.wordfeudsolver,Subscription,prosub,,NL,,7161 AN,EUR,-0.30,7.472700,DKK,-2.25,prosubmonth,,4994183596643847628,Yes,15,SUBSCRIPTIONS,,
GPA.3387-0290-3352-42597..2,"Apr 24, 2026",5:19:47 PM PDT,,Charge,,Pro Subscription (Words With Friends Solver),com.deepinkcode.wordswithfriendssolver,Subscription,prosub,,US,SC,29720,USD,2.49,6.375000,DKK,15.87,prosub,,4994183596643847628,Yes,,,,
GPA.3387-0290-3352-42597..2,"Apr 24, 2026",5:19:47 PM PDT,,Google fee,,Pro Subscription (Words With Friends Solver),com.deepinkcode.wordswithfriendssolver,Subscription,prosub,,US,SC,29720,USD,-0.37,6.375000,DKK,-2.36,prosub,,4994183596643847628,Yes,15,SUBSCRIPTIONS,,
GPA.3353-1373-3048-28446..0,"Apr 24, 2026",5:22:58 PM PDT,,Charge,,Pro Subscription (WF Solver),com.deepinkcode.wordfeudsolver,Subscription,prosub,,NL,,5281EK,EUR,1.98,7.472700,DKK,14.80,prosubmonth,,4994183596643847628,Yes,,,,
GPA.3353-1373-3048-28446..0,"Apr 24, 2026",5:22:58 PM PDT,,Google fee,,Pro Subscription (WF Solver),com.deepinkcode.wordfeudsolver,Subscription,prosub,,NL,,5281EK,EUR,-0.30,7.472700,DKK,-2.25,prosubmonth,,4994183596643847628,Yes,15,SUBSCRIPTIONS,,
GPA.3332-0760-1882-87333..12,"Apr 24, 2026",6:06:18 PM PDT,,Charge,,Pro Subscription (Words With Friends Solver),com.deepinkcode.wordswithfriendssolver,Subscription,prosub,,US,WV,25311,USD,1.99,6.375000,DKK,12.69,prosub,,4994183596643847628,Yes,,,,
GPA.3332-0760-1882-87333..12,"Apr 24, 2026",6:06:18 PM PDT,,Google fee,,Pro Subscription (Words With Friends Solver),com.deepinkcode.wordswithfriendssolver,Subscription,prosub,,US,WV,25311,USD,-0.30,6.375000,DKK,-1.91,prosub,,4994183596643847628,Yes,15,SUBSCRIPTIONS,,
GPA.3338-6873-4119-65043,"Apr 24, 2026",6:21:49 PM PDT,,Charge refund,Full,Pro Subscription (Words With Friends Solver),com.deepinkcode.wordswithfriendssolver,Subscription,prosub,dm3q,US,TN,37122,USD,-2.49,6.362800,DKK,-15.84,prosub,,4994183596643847628,Yes,,,,In-app
GPA.3338-6873-4119-65043,"Apr 24, 2026",6:21:49 PM PDT,,Google fee refund,Full,Pro Subscription (Words With Friends Solver),com.deepinkcode.wordswithfriendssolver,Subscription,prosub,dm3q,US,TN,37122,USD,0.37,6.362800,DKK,2.35,prosub,,4994183596643847628,Yes,15,SUBSCRIPTIONS,,In-app
GPA.3336-1331-3246-73904..8,"Apr 24, 2026",6:44:19 PM PDT,,Charge,,Pro Subscription (WF Solver),com.deepinkcode.wordfeudsolver,Subscription,prosub,,NL,,4615 HC,EUR,1.98,7.472700,DKK,14.80,prosubmonth,,4994183596643847628,Yes,,,,
GPA.3336-1331-3246-73904..8,"Apr 24, 2026",6:44:19 PM PDT,,Google fee,,Pro Subscription (WF Solver),com.deepinkcode.wordfeudsolver,Subscription,prosub,,NL,,4615 HC,EUR,-0.30,7.472700,DKK,-2.25,prosubmonth,,4994183596643847628,Yes,15,SUBSCRIPTIONS,,
GPA.3309-3862-5182-33203..9,"Apr 24, 2026",7:42:56 PM PDT,,Charge,,Pro Subscription (WF Solver),com.deepinkcode.wordfeudsolver,Subscription,prosub,,SE,,137 71,SEK,23.20,0.691370,DKK,16.04,prosubmonth,,4994183596643847628,Yes,,,,
GPA.3309-3862-5182-33203..9,"Apr 24, 2026",7:42:56 PM PDT,,Google fee,,Pro Subscription (WF Solver),com.deepinkcode.wordfeudsolver,Subscription,prosub,,SE,,137 71,SEK,-3.48,0.691370,DKK,-2.41,prosubmonth,,4994183596643847628,Yes,15,SUBSCRIPTIONS,,
GPA.3366-9989-2431-21865..4,"Apr 24, 2026",9:50:57 PM PDT,,Charge,,Pro Subscription (Words With Friends Solver),com.deepinkcode.wordswithfriendssolver,Subscription,prosub,,US,NH,03276,USD,2.49,6.375000,DKK,15.87,prosub,,4994183596643847628,Yes,,,,
GPA.3366-9989-2431-21865..4,"Apr 24, 2026",9:50:57 PM PDT,,Google fee,,Pro Subscription (Words With Friends Solver),com.deepinkcode.wordswithfriendssolver,Subscription,prosub,,US,NH,03276,USD,-0.37,6.375000,DKK,-2.36,prosub,,4994183596643847628,Yes,15,SUBSCRIPTIONS,,
GPA.3303-4714-4617-61401..10,"Apr 24, 2026",11:26:43 PM PDT,,Charge,,Pro Subscription (WF Solver),com.deepinkcode.wordfeudsolver,Subscription,prosub,,DK,,2620,DKK,15.20,1.000000,DKK,15.20,prosubmonth,,4994183596643847628,Yes,,,,
GPA.3303-4714-4617-61401..10,"Apr 24, 2026",11:26:43 PM PDT,,Google fee,,Pro Subscription (WF Solver),com.deepinkcode.wordfeudsolver,Subscription,prosub,,DK,,2620,DKK,-2.28,1.000000,DKK,-2.28,prosubmonth,,4994183596643847628,Yes,15,SUBSCRIPTIONS,,
GPA.3325-3360-9074-01236..8,"Apr 25, 2026",1:25:11 AM PDT,,Charge,,Pro Subscription (WF Solver),com.deepinkcode.wordfeudsolver,Subscription,prosub,,DK,,2450,DKK,15.20,1.000000,DKK,15.20,prosubmonth,,4994183596643847628,Yes,,,,
GPA.3325-3360-9074-01236..8,"Apr 25, 2026",1:25:11 AM PDT,,Google fee,,Pro Subscription (WF Solver),com.deepinkcode.wordfeudsolver,Subscription,prosub,,DK,,2450,DKK,-2.28,1.000000,DKK,-2.28,prosubmonth,,4994183596643847628,Yes,15,SUBSCRIPTIONS,,
GPA.3333-2644-3145-64471..17,"Apr 25, 2026",3:55:42 AM PDT,,Charge,,Pro Subscription (WF Solver),com.deepinkcode.wordfeudsolver,Subscription,prosub,,SE,,681 40,SEK,23.20,0.691370,DKK,16.04,prosubmonth,,4994183596643847628,Yes,,,,
GPA.3333-2644-3145-64471..17,"Apr 25, 2026",3:55:42 AM PDT,,Google fee,,Pro Subscription (WF Solver),com.deepinkcode.wordfeudsolver,Subscription,prosub,,SE,,681 40,SEK,-3.48,0.691370,DKK,-2.41,prosubmonth,,4994183596643847628,Yes,15,SUBSCRIPTIONS,,
GPA.3375-4641-6582-42748,"Apr 25, 2026",4:17:17 AM PDT,,Charge,,Pro Subscription (Words With Friends Solver),com.deepinkcode.wordswithfriendssolver,Subscription,prosub,rango,US,MO,63136,USD,2.49,6.375000,DKK,15.87,prosub,,4994183596643847628,Yes,,,,In-app
GPA.3375-4641-6582-42748,"Apr 25, 2026",4:17:17 AM PDT,,Google fee,,Pro Subscription (Words With Friends Solver),com.deepinkcode.wordswithfriendssolver,Subscription,prosub,rango,US,MO,63136,USD,-0.37,6.375000,DKK,-2.36,prosub,,4994183596643847628,Yes,15,SUBSCRIPTIONS,,In-app
GPA.3338-2839-0952-22704..2,"Apr 25, 2026",4:59:21 AM PDT,,Charge,,Pro Subscription (Words With Friends Solver),com.deepinkcode.wordswithfriendssolver,Subscription,prosub,,AU,VIC,3048,AUD,3.63,4.559200,DKK,16.55,prosub,,4994183596643847628,Yes,,,,
GPA.3338-2839-0952-22704..2,"Apr 25, 2026",4:59:21 AM PDT,,Google fee,,Pro Subscription (Words With Friends Solver),com.deepinkcode.wordswithfriendssolver,Subscription,prosub,,AU,VIC,3048,AUD,-0.54,4.559200,DKK,-2.46,prosub,,4994183596643847628,Yes,15,SUBSCRIPTIONS,,
GPA.3309-9505-6424-33566..14,"Apr 25, 2026",5:06:13 AM PDT,,Charge,,Pro Subscription (WF Solver),com.deepinkcode.wordfeudsolver,Subscription,prosub,,SE,,43951,SEK,23.20,0.691370,DKK,16.04,prosubmonth,,4994183596643847628,Yes,,,,
GPA.3309-9505-6424-33566..14,"Apr 25, 2026",5:06:13 AM PDT,,Google fee,,Pro Subscription (WF Solver),com.deepinkcode.wordfeudsolver,Subscription,prosub,,SE,,43951,SEK,-3.48,0.691370,DKK,-2.41,prosubmonth,,4994183596643847628,Yes,15,SUBSCRIPTIONS,,
GPA.3320-8574-1781-40554..17,"Apr 25, 2026",5:30:41 AM PDT,,Charge,,Pro Subscription (WF Solver),com.deepinkcode.wordfeudsolver,Subscription,prosub,,NL,,1212 BT,EUR,1.98,7.472700,DKK,14.80,prosubmonth,,4994183596643847628,Yes,,,,
GPA.3320-8574-1781-40554..17,"Apr 25, 2026",5:30:41 AM PDT,,Google fee,,Pro Subscription (WF Solver),com.deepinkcode.wordfeudsolver,Subscription,prosub,,NL,,1212 BT,EUR,-0.30,7.472700,DKK,-2.25,prosubmonth,,4994183596643847628,Yes,15,SUBSCRIPTIONS,,
GPA.3394-8906-5594-39639..0,"Apr 25, 2026",6:29:46 AM PDT,,Charge,,Pro Subscription (Words With Friends Solver),com.deepinkcode.wordswithfriendssolver,Subscription,prosub,,US,NJ,07065,USD,2.49,6.375000,DKK,15.87,prosub,,4994183596643847628,Yes,,,,
GPA.3394-8906-5594-39639..0,"Apr 25, 2026",6:29:46 AM PDT,,Google fee,,Pro Subscription (Words With Friends Solver),com.deepinkcode.wordswithfriendssolver,Subscription,prosub,,US,NJ,07065,USD,-0.37,6.375000,DKK,-2.36,prosub,,4994183596643847628,Yes,15,SUBSCRIPTIONS,,
GPA.3339-9579-4426-41230,"Apr 25, 2026",6:33:32 AM PDT,,Charge,,Pro Subscription (WF Solver),com.deepinkcode.wordfeudsolver,Subscription,prosub,OP611FL1,NL,,6718 HC,EUR,1.98,7.472700,DKK,14.80,prosubmonth,,4994183596643847628,Yes,,,,In-app
GPA.3339-9579-4426-41230,"Apr 25, 2026",6:33:32 AM PDT,,Google fee,,Pro Subscription (WF Solver),com.deepinkcode.wordfeudsolver,Subscription,prosub,OP611FL1,NL,,6718 HC,EUR,-0.30,7.472700,DKK,-2.25,prosubmonth,,4994183596643847628,Yes,15,SUBSCRIPTIONS,,In-app
GPA.3393-7988-1943-52396..3,"Apr 25, 2026",7:00:57 AM PDT,,Charge,,Pro Subscription (WF Solver),com.deepinkcode.wordfeudsolver,Subscription,prosub,,DK,,8961,DKK,15.20,1.000000,DKK,15.20,prosubmonth,,4994183596643847628,Yes,,,,
GPA.3393-7988-1943-52396..3,"Apr 25, 2026",7:00:57 AM PDT,,Google fee,,Pro Subscription (WF Solver),com.deepinkcode.wordfeudsolver,Subscription,prosub,,DK,,8961,DKK,-2.28,1.000000,DKK,-2.28,prosubmonth,,4994183596643847628,Yes,15,SUBSCRIPTIONS,,
GPA.3367-9183-9111-00828,"Apr 25, 2026",8:04:03 AM PDT,,Charge,,Pro Subscription (Words With Friends Solver),com.deepinkcode.wordswithfriendssolver,Subscription,prosub,dm3q,US,TN,37122,USD,2.49,6.375000,DKK,15.87,prosub,,4994183596643847628,Yes,,,,In-app
GPA.3367-9183-9111-00828,"Apr 25, 2026",8:04:03 AM PDT,,Google fee,,Pro Subscription (Words With Friends Solver),com.deepinkcode.wordswithfriendssolver,Subscription,prosub,dm3q,US,TN,37122,USD,-0.37,6.375000,DKK,-2.36,prosub,,4994183596643847628,Yes,15,SUBSCRIPTIONS,,In-app
GPA.3385-7091-8994-62197..13,"Apr 25, 2026",8:15:39 AM PDT,,Charge,,Pro Subscription (WF Solver),com.deepinkcode.wordfeudsolver,Subscription,prosub,,NL,,2353 PE,EUR,1.98,7.472700,DKK,14.80,prosubmonth,,4994183596643847628,Yes,,,,
GPA.3385-7091-8994-62197..13,"Apr 25, 2026",8:15:39 AM PDT,,Google fee,,Pro Subscription (WF Solver),com.deepinkcode.wordfeudsolver,Subscription,prosub,,NL,,2353 PE,EUR,-0.30,7.472700,DKK,-2.25,prosubmonth,,4994183596643847628,Yes,15,SUBSCRIPTIONS,,
GPA.3340-7307-9482-17548..3,"Apr 25, 2026",8:20:47 AM PDT,,Charge,,Pro Subscription (WF Solver),com.deepinkcode.wordfeudsolver,Subscription,prosub,,NO,,1366,NOK,24.00,0.683790,DKK,16.41,prosubmonth,,4994183596643847628,Yes,,,,
GPA.3340-7307-9482-17548..3,"Apr 25, 2026",8:20:47 AM PDT,,Google fee,,Pro Subscription (WF Solver),com.deepinkcode.wordfeudsolver,Subscription,prosub,,NO,,1366,NOK,-3.60,0.683790,DKK,-2.46,prosubmonth,,4994183596643847628,Yes,15,SUBSCRIPTIONS,,
GPA.3331-9073-5757-29419..10,"Apr 25, 2026",9:03:21 AM PDT,,Charge,,Pro Subscription (WF Solver),com.deepinkcode.wordfeudsolver,Subscription,prosub,,SE,,56142,SEK,23.20,0.691370,DKK,16.04,prosubmonth,,4994183596643847628,Yes,,,,
GPA.3331-9073-5757-29419..10,"Apr 25, 2026",9:03:21 AM PDT,,Google fee,,Pro Subscription (WF Solver),com.deepinkcode.wordfeudsolver,Subscription,prosub,,SE,,56142,SEK,-3.48,0.691370,DKK,-2.41,prosubmonth,,4994183596643847628,Yes,15,SUBSCRIPTIONS,,
GPA.3392-1322-4855-72618..2,"Apr 25, 2026",9:37:50 AM PDT,,Charge,,Pro Subscription (Words With Friends Solver),com.deepinkcode.wordswithfriendssolver,Subscription,prosub,,US,WV,25514,USD,2.49,6.375000,DKK,15.87,prosub,,4994183596643847628,Yes,,,,
GPA.3392-1322-4855-72618..2,"Apr 25, 2026",9:37:50 AM PDT,,Google fee,,Pro Subscription (Words With Friends Solver),com.deepinkcode.wordswithfriendssolver,Subscription,prosub,,US,WV,25514,USD,-0.37,6.375000,DKK,-2.36,prosub,,4994183596643847628,Yes,15,SUBSCRIPTIONS,,
GPA.3324-4866-0194-69909..15,"Apr 25, 2026",9:40:12 AM PDT,,Charge,,Pro Subscription (WF Solver),com.deepinkcode.wordfeudsolver,Subscription,prosub,,NO,,5610,NOK,24.00,0.683790,DKK,16.41,prosubmonth,,4994183596643847628,Yes,,,,
GPA.3324-4866-0194-69909..15,"Apr 25, 2026",9:40:12 AM PDT,,Google fee,,Pro Subscription (WF Solver),com.deepinkcode.wordfeudsolver,Subscription,prosub,,NO,,5610,NOK,-3.60,0.683790,DKK,-2.46,prosubmonth,,4994183596643847628,Yes,15,SUBSCRIPTIONS,,
GPA.3334-4726-1773-78109..6,"Apr 25, 2026",9:50:33 AM PDT,,Charge,,Pro Subscription (WF Solver),com.deepinkcode.wordfeudsolver,Subscription,prosub,,NL,,2151ZJ,EUR,1.98,7.472700,DKK,14.80,prosubmonth,,4994183596643847628,Yes,,,,
GPA.3334-4726-1773-78109..6,"Apr 25, 2026",9:50:33 AM PDT,,Google fee,,Pro Subscription (WF Solver),com.deepinkcode.wordfeudsolver,Subscription,prosub,,NL,,2151ZJ,EUR,-0.30,7.472700,DKK,-2.25,prosubmonth,,4994183596643847628,Yes,15,SUBSCRIPTIONS,,
GPA.3375-4456-1487-45360..4,"Apr 25, 2026",9:56:07 AM PDT,,Charge,,Pro Subscription (WF Solver),com.deepinkcode.wordfeudsolver,Subscription,prosub,,NL,,5252BR,EUR,1.98,7.472700,DKK,14.80,prosubmonth,,4994183596643847628,Yes,,,,
GPA.3375-4456-1487-45360..4,"Apr 25, 2026",9:56:07 AM PDT,,Google fee,,Pro Subscription (WF Solver),com.deepinkcode.wordfeudsolver,Subscription,prosub,,NL,,5252BR,EUR,-0.30,7.472700,DKK,-2.25,prosubmonth,,4994183596643847628,Yes,15,SUBSCRIPTIONS,,
GPA.3391-0322-2019-11277..2,"Apr 25, 2026",10:04:27 AM PDT,,Charge,,Pro Subscription (WF Solver),com.deepinkcode.wordfeudsolver,Subscription,prosub,,US,CA,91602,USD,2.49,6.375000,DKK,15.87,prosubmonth,,4994183596643847628,Yes,,,,
GPA.3391-0322-2019-11277..2,"Apr 25, 2026",10:04:27 AM PDT,,Google fee,,Pro Subscription (WF Solver),com.deepinkcode.wordfeudsolver,Subscription,prosub,,US,CA,91602,USD,-0.37,6.375000,DKK,-2.36,prosubmonth,,4994183596643847628,Yes,15,SUBSCRIPTIONS,,
GPA.3377-6828-8770-00348..0,"Apr 25, 2026",10:14:17 AM PDT,,Charge,,Pro Subscription (WF Solver),com.deepinkcode.wordfeudsolver,Subscription,prosub,,NL,,1671 AK,EUR,1.98,7.472700,DKK,14.80,prosubmonth,,4994183596643847628,Yes,,,,
GPA.3377-6828-8770-00348..0,"Apr 25, 2026",10:14:17 AM PDT,,Google fee,,Pro Subscription (WF Solver),com.deepinkcode.wordfeudsolver,Subscription,prosub,,NL,,1671 AK,EUR,-0.30,7.472700,DKK,-2.25,prosubmonth,,4994183596643847628,Yes,15,SUBSCRIPTIONS,,
GPA.3377-9864-5827-92567..1,"Apr 25, 2026",11:04:31 AM PDT,,Charge,,Pro Subscription (WF Solver),com.deepinkcode.wordfeudsolver,Subscription,prosub,,DK,,3390,DKK,15.20,1.000000,DKK,15.20,prosubmonth,,4994183596643847628,Yes,,,,
GPA.3377-9864-5827-92567..1,"Apr 25, 2026",11:04:31 AM PDT,,Google fee,,Pro Subscription (WF Solver),com.deepinkcode.wordfeudsolver,Subscription,prosub,,DK,,3390,DKK,-2.28,1.000000,DKK,-2.28,prosubmonth,,4994183596643847628,Yes,15,SUBSCRIPTIONS,,
GPA.3381-3371-6823-51135..2,"Apr 25, 2026",11:12:25 AM PDT,,Charge,,Pro Subscription (WF Solver),com.deepinkcode.wordfeudsolver,Subscription,prosub,,NL,,5482ZN,EUR,1.98,7.472700,DKK,14.80,prosubmonth,,4994183596643847628,Yes,,,,
GPA.3381-3371-6823-51135..2,"Apr 25, 2026",11:12:25 AM PDT,,Google fee,,Pro Subscription (WF Solver),com.deepinkcode.wordfeudsolver,Subscription,prosub,,NL,,5482ZN,EUR,-0.30,7.472700,DKK,-2.25,prosubmonth,,4994183596643847628,Yes,15,SUBSCRIPTIONS,,
GPA.3311-0855-7547-71298..9,"Apr 25, 2026",11:55:05 AM PDT,,Charge,,Pro Subscription (WF Solver),com.deepinkcode.wordfeudsolver,Subscription,prosub,,NL,,4053 HX,EUR,1.98,7.472700,DKK,14.80,prosubmonth,,4994183596643847628,Yes,,,,
GPA.3311-0855-7547-71298..9,"Apr 25, 2026",11:55:05 AM PDT,,Google fee,,Pro Subscription (WF Solver),com.deepinkcode.wordfeudsolver,Subscription,prosub,,NL,,4053 HX,EUR,-0.30,7.472700,DKK,-2.25,prosubmonth,,4994183596643847628,Yes,15,SUBSCRIPTIONS,,
GPA.3350-9729-6993-22497..9,"Apr 25, 2026",12:08:22 PM PDT,,Charge,,Pro Subscription (WF Solver),com.deepinkcode.wordfeudsolver,Subscription,prosub,,NL,,6042HV,EUR,1.98,7.472700,DKK,14.80,prosubmonth,,4994183596643847628,Yes,,,,
GPA.3350-9729-6993-22497..9,"Apr 25, 2026",12:08:22 PM PDT,,Google fee,,Pro Subscription (WF Solver),com.deepinkcode.wordfeudsolver,Subscription,prosub,,NL,,6042HV,EUR,-0.30,7.472700,DKK,-2.25,prosubmonth,,4994183596643847628,Yes,15,SUBSCRIPTIONS,,
GPA.3303-0168-6589-99494..2,"Apr 25, 2026",12:13:45 PM PDT,,Charge,,Pro Subscription (WF Solver),com.deepinkcode.wordfeudsolver,Subscription,prosub,,SE,,89230,SEK,22.40,0.691370,DKK,15.49,prosubmonth,,4994183596643847628,Yes,,,,
GPA.3303-0168-6589-99494..2,"Apr 25, 2026",12:13:45 PM PDT,,Google fee,,Pro Subscription (WF Solver),com.deepinkcode.wordfeudsolver,Subscription,prosub,,SE,,89230,SEK,-3.36,0.691370,DKK,-2.33,prosubmonth,,4994183596643847628,Yes,15,SUBSCRIPTIONS,,
GPA.3372-1632-5275-69881..1,"Apr 25, 2026",1:58:59 PM PDT,,Charge,,Pro Subscription (WF Solver),com.deepinkcode.wordfeudsolver,Subscription,prosub,,SE,,702 83,SEK,22.40,0.691370,DKK,15.49,prosubmonth,,4994183596643847628,Yes,,,,
GPA.3372-1632-5275-69881..1,"Apr 25, 2026",1:58:59 PM PDT,,Google fee,,Pro Subscription (WF Solver),com.deepinkcode.wordfeudsolver,Subscription,prosub,,SE,,702 83,SEK,-3.36,0.691370,DKK,-2.33,prosubmonth,,4994183596643847628,Yes,15,SUBSCRIPTIONS,,
GPA.3303-2104-3950-02719..11,"Apr 25, 2026",2:04:53 PM PDT,,Charge,,Pro Subscription (Words With Friends Solver),com.deepinkcode.wordswithfriendssolver,Subscription,prosub,,US,WI,53405,USD,1.99,6.375000,DKK,12.69,prosub,,4994183596643847628,Yes,,,,
GPA.3303-2104-3950-02719..11,"Apr 25, 2026",2:04:53 PM PDT,,Google fee,,Pro Subscription (Words With Friends Solver),com.deepinkcode.wordswithfriendssolver,Subscription,prosub,,US,WI,53405,USD,-0.30,6.375000,DKK,-1.91,prosub,,4994183596643847628,Yes,15,SUBSCRIPTIONS,,
GPA.3366-6284-3844-14510..3,"Apr 25, 2026",3:24:43 PM PDT,,Charge,,Pro Subscription (WF Solver),com.deepinkcode.wordfeudsolver,Subscription,prosub,,NO,,3186,NOK,24.00,0.683790,DKK,16.41,prosubmonth,,4994183596643847628,Yes,,,,
GPA.3366-6284-3844-14510..3,"Apr 25, 2026",3:24:43 PM PDT,,Google fee,,Pro Subscription (WF Solver),com.deepinkcode.wordfeudsolver,Subscription,prosub,,NO,,3186,NOK,-3.60,0.683790,DKK,-2.46,prosubmonth,,4994183596643847628,Yes,15,SUBSCRIPTIONS,,
GPA.3352-0878-7221-77633,"Apr 25, 2026",5:57:26 PM PDT,,Charge,,Pro (Words With Friends Solver),com.deepinkcode.wordswithfriendssolver,One-time product,pro,m3q,US,GA,30066,USD,27.99,6.375000,DKK,178.43,legacy-base,,4994183596643847628,Yes,,,,In-app
GPA.3352-0878-7221-77633,"Apr 25, 2026",5:57:26 PM PDT,,Google fee,,Pro (Words With Friends Solver),com.deepinkcode.wordswithfriendssolver,One-time product,pro,m3q,US,GA,30066,USD,-4.20,6.375000,DKK,-26.77,legacy-base,,4994183596643847628,Yes,15,,,In-app
GPA.3355-3271-6306-33573..2,"Apr 25, 2026",6:17:18 PM PDT,,Charge,,Pro Subscription (Words With Friends Solver),com.deepinkcode.wordswithfriendssolver,Subscription,prosub,,US,NC,27948,USD,2.49,6.375000,DKK,15.87,prosub,,4994183596643847628,Yes,,,,
GPA.3355-3271-6306-33573..2,"Apr 25, 2026",6:17:18 PM PDT,,Google fee,,Pro Subscription (Words With Friends Solver),com.deepinkcode.wordswithfriendssolver,Subscription,prosub,,US,NC,27948,USD,-0.37,6.375000,DKK,-2.36,prosub,,4994183596643847628,Yes,15,SUBSCRIPTIONS,,
GPA.3325-5582-3592-52082..2,"Apr 25, 2026",6:41:04 PM PDT,,Charge,,Pro Subscription (Words With Friends Solver),com.deepinkcode.wordswithfriendssolver,Subscription,prosub,,CA,ON,L8P2A7,CAD,3.19,4.664100,DKK,14.88,prosub,,4994183596643847628,Yes,,,,
GPA.3325-5582-3592-52082..2,"Apr 25, 2026",6:41:04 PM PDT,,Google fee,,Pro Subscription (Words With Friends Solver),com.deepinkcode.wordswithfriendssolver,Subscription,prosub,,CA,ON,L8P2A7,CAD,-0.48,4.664100,DKK,-2.24,prosub,,4994183596643847628,Yes,15,SUBSCRIPTIONS,,
GPA.3382-0260-1464-58528..2,"Apr 25, 2026",8:14:56 PM PDT,,Charge,,Pro Subscription (WF Solver),com.deepinkcode.wordfeudsolver,Subscription,prosub,,NO,,6440,NOK,24.00,0.683790,DKK,16.41,prosubmonth,,4994183596643847628,Yes,,,,
GPA.3382-0260-1464-58528..2,"Apr 25, 2026",8:14:56 PM PDT,,Google fee,,Pro Subscription (WF Solver),com.deepinkcode.wordfeudsolver,Subscription,prosub,,NO,,6440,NOK,-3.60,0.683790,DKK,-2.46,prosubmonth,,4994183596643847628,Yes,15,SUBSCRIPTIONS,,
GPA.3369-1430-8907-28135..14,"Apr 25, 2026",8:56:41 PM PDT,,Charge,,Pro Subscription (WF Solver),com.deepinkcode.wordfeudsolver,Subscription,prosub,,SE,,63232,SEK,23.20,0.691370,DKK,16.04,prosubmonth,,4994183596643847628,Yes,,,,
GPA.3369-1430-8907-28135..14,"Apr 25, 2026",8:56:41 PM PDT,,Google fee,,Pro Subscription (WF Solver),com.deepinkcode.wordfeudsolver,Subscription,prosub,,SE,,63232,SEK,-3.48,0.691370,DKK,-2.41,prosubmonth,,4994183596643847628,Yes,15,SUBSCRIPTIONS,,
GPA.3324-6717-6826-50369..1,"Apr 25, 2026",9:33:57 PM PDT,,Charge,,Pro Subscription (Words With Friends Solver),com.deepinkcode.wordswithfriendssolver,Subscription,prosub,,US,CO,80014,USD,2.49,6.375000,DKK,15.87,prosub,,4994183596643847628,Yes,,,,
GPA.3324-6717-6826-50369..1,"Apr 25, 2026",9:33:57 PM PDT,,Google fee,,Pro Subscription (Words With Friends Solver),com.deepinkcode.wordswithfriendssolver,Subscription,prosub,,US,CO,80014,USD,-0.37,6.375000,DKK,-2.36,prosub,,4994183596643847628,Yes,15,SUBSCRIPTIONS,,
GPA.3351-7521-2018-57227..1,"Apr 26, 2026",12:11:38 AM PDT,,Charge,,Pro Subscription (Words With Friends Solver),com.deepinkcode.wordswithfriendssolver,Subscription,prosub,,US,AL,36609,USD,2.49,6.375000,DKK,15.87,prosub,,4994183596643847628,Yes,,,,
GPA.3351-7521-2018-57227..1,"Apr 26, 2026",12:11:38 AM PDT,,Google fee,,Pro Subscription (Words With Friends Solver),com.deepinkcode.wordswithfriendssolver,Subscription,prosub,,US,AL,36609,USD,-0.37,6.375000,DKK,-2.36,prosub,,4994183596643847628,Yes,15,SUBSCRIPTIONS,,
GPA.3306-6680-7682-25512..18,"Apr 26, 2026",12:34:18 AM PDT,,Charge,,Pro Subscription (WF Solver),com.deepinkcode.wordfeudsolver,Subscription,prosub,,SE,,514 70,SEK,23.20,0.691370,DKK,16.04,prosubmonth,,4994183596643847628,Yes,,,,
GPA.3306-6680-7682-25512..18,"Apr 26, 2026",12:34:18 AM PDT,,Google fee,,Pro Subscription (WF Solver),com.deepinkcode.wordfeudsolver,Subscription,prosub,,SE,,514 70,SEK,-3.48,0.691370,DKK,-2.41,prosubmonth,,4994183596643847628,Yes,15,SUBSCRIPTIONS,,
GPA.3325-9121-5826-85560..8,"Apr 26, 2026",12:42:32 AM PDT,,Charge,,Pro Subscription (WF Solver),com.deepinkcode.wordfeudsolver,Subscription,prosub,,SE,,65591,SEK,23.20,0.691370,DKK,16.04,prosubmonth,,4994183596643847628,Yes,,,,
GPA.3325-9121-5826-85560..8,"Apr 26, 2026",12:42:32 AM PDT,,Google fee,,Pro Subscription (WF Solver),com.deepinkcode.wordfeudsolver,Subscription,prosub,,SE,,65591,SEK,-3.48,0.691370,DKK,-2.41,prosubmonth,,4994183596643847628,Yes,15,SUBSCRIPTIONS,,
GPA.3340-8981-4613-02378..0,"Apr 26, 2026",1:00:29 AM PDT,,Charge,,Pro Subscription (WF Solver),com.deepinkcode.wordfeudsolver,Subscription,prosub,,NO,,1481,NOK,24.00,0.683790,DKK,16.41,prosubmonth,,4994183596643847628,Yes,,,,
GPA.3340-8981-4613-02378..0,"Apr 26, 2026",1:00:29 AM PDT,,Google fee,,Pro Subscription (WF Solver),com.deepinkcode.wordfeudsolver,Subscription,prosub,,NO,,1481,NOK,-3.60,0.683790,DKK,-2.46,prosubmonth,,4994183596643847628,Yes,15,SUBSCRIPTIONS,,
GPA.3316-2163-8269-54223,"Apr 26, 2026",1:48:08 AM PDT,,Charge,,Pro Subscription (WF Solver),com.deepinkcode.wordfeudsolver,Subscription,prosub,pa3q,DK,,4623,DKK,15.20,1.000000,DKK,15.20,prosubmonth,,4994183596643847628,Yes,,,,In-app
GPA.3316-2163-8269-54223,"Apr 26, 2026",1:48:08 AM PDT,,Google fee,,Pro Subscription (WF Solver),com.deepinkcode.wordfeudsolver,Subscription,prosub,pa3q,DK,,4623,DKK,-2.28,1.000000,DKK,-2.28,prosubmonth,,4994183596643847628,Yes,15,SUBSCRIPTIONS,,In-app
GPA.3370-4390-1980-37945,"Apr 26, 2026",2:20:56 AM PDT,,Charge,,Pro (WF Solver),com.deepinkcode.wordfeudsolver,One-time product,pro,m3q,NO,,7224,NOK,287.20,0.683790,DKK,196.38,legacy-base,,4994183596643847628,Yes,,,,In-app
GPA.3370-4390-1980-37945,"Apr 26, 2026",2:20:56 AM PDT,,Google fee,,Pro (WF Solver),com.deepinkcode.wordfeudsolver,One-time product,pro,m3q,NO,,7224,NOK,-43.08,0.683790,DKK,-29.45,legacy-base,,4994183596643847628,Yes,15,,,In-app
GPA.3318-1106-6605-92950..5,"Apr 26, 2026",2:39:43 AM PDT,,Charge,,Pro Subscription (WF Solver),com.deepinkcode.wordfeudsolver,Subscription,prosub,,SE,,283 34,SEK,22.40,0.691370,DKK,15.49,prosubmonth,,4994183596643847628,Yes,,,,
GPA.3318-1106-6605-92950..5,"Apr 26, 2026",2:39:43 AM PDT,,Google fee,,Pro Subscription (WF Solver),com.deepinkcode.wordfeudsolver,Subscription,prosub,,SE,,283 34,SEK,-3.36,0.691370,DKK,-2.33,prosubmonth,,4994183596643847628,Yes,15,SUBSCRIPTIONS,,
GPA.3340-8313-7397-09343..1,"Apr 26, 2026",2:43:15 AM PDT,,Charge,,Pro Subscription (WF Solver),com.deepinkcode.wordfeudsolver,Subscription,prosub,,NL,,4817MP,EUR,1.98,7.472700,DKK,14.80,prosubmonth,,4994183596643847628,Yes,,,,
GPA.3340-8313-7397-09343..1,"Apr 26, 2026",2:43:15 AM PDT,,Google fee,,Pro Subscription (WF Solver),com.deepinkcode.wordfeudsolver,Subscription,prosub,,NL,,4817MP,EUR,-0.30,7.472700,DKK,-2.25,prosubmonth,,4994183596643847628,Yes,15,SUBSCRIPTIONS,,
GPA.3357-7606-4150-70865..5,"Apr 26, 2026",2:56:18 AM PDT,,Charge,,Pro Subscription (WF Solver),com.deepinkcode.wordfeudsolver,Subscription,prosub,,SE,,19269,SEK,22.40,0.691370,DKK,15.49,prosubmonth,,4994183596643847628,Yes,,,,
GPA.3357-7606-4150-70865..5,"Apr 26, 2026",2:56:18 AM PDT,,Google fee,,Pro Subscription (WF Solver),com.deepinkcode.wordfeudsolver,Subscription,prosub,,SE,,19269,SEK,-3.36,0.691370,DKK,-2.33,prosubmonth,,4994183596643847628,Yes,15,SUBSCRIPTIONS,,
GPA.3374-1291-0158-01249..3,"Apr 26, 2026",3:48:12 AM PDT,,Charge,,Pro Subscription (WF Solver),com.deepinkcode.wordfeudsolver,Subscription,prosub,,NL,,3871 DA,EUR,1.98,7.472700,DKK,14.80,prosubmonth,,4994183596643847628,Yes,,,,
GPA.3374-1291-0158-01249..3,"Apr 26, 2026",3:48:12 AM PDT,,Google fee,,Pro Subscription (WF Solver),com.deepinkcode.wordfeudsolver,Subscription,prosub,,NL,,3871 DA,EUR,-0.30,7.472700,DKK,-2.25,prosubmonth,,4994183596643847628,Yes,15,SUBSCRIPTIONS,,
GPA.3367-7884-1257-87020..12,"Apr 26, 2026",4:03:04 AM PDT,,Charge,,Pro Subscription (WF Solver),com.deepinkcode.wordfeudsolver,Subscription,prosub,,SE,,69499,SEK,23.20,0.691370,DKK,16.04,prosubmonth,,4994183596643847628,Yes,,,,
GPA.3367-7884-1257-87020..12,"Apr 26, 2026",4:03:04 AM PDT,,Google fee,,Pro Subscription (WF Solver),com.deepinkcode.wordfeudsolver,Subscription,prosub,,SE,,69499,SEK,-3.48,0.691370,DKK,-2.41,prosubmonth,,4994183596643847628,Yes,15,SUBSCRIPTIONS,,
GPA.3304-5179-5410-55818..13,"Apr 26, 2026",4:38:48 AM PDT,,Charge,,Pro Subscription (WF Solver),com.deepinkcode.wordfeudsolver,Subscription,prosub,,NL,,3972 ZB,EUR,1.98,7.472700,DKK,14.80,prosubmonth,,4994183596643847628,Yes,,,,
GPA.3304-5179-5410-55818..13,"Apr 26, 2026",4:38:48 AM PDT,,Google fee,,Pro Subscription (WF Solver),com.deepinkcode.wordfeudsolver,Subscription,prosub,,NL,,3972 ZB,EUR,-0.30,7.472700,DKK,-2.25,prosubmonth,,4994183596643847628,Yes,15,SUBSCRIPTIONS,,
GPA.3388-0675-7684-07200..14,"Apr 26, 2026",5:04:55 AM PDT,,Charge,,Pro Subscription (WF Solver),com.deepinkcode.wordfeudsolver,Subscription,prosub,,NL,,1018MW,EUR,1.98,7.472700,DKK,14.80,prosubmonth,,4994183596643847628,Yes,,,,
GPA.3388-0675-7684-07200..14,"Apr 26, 2026",5:04:55 AM PDT,,Google fee,,Pro Subscription (WF Solver),com.deepinkcode.wordfeudsolver,Subscription,prosub,,NL,,1018MW,EUR,-0.30,7.472700,DKK,-2.25,prosubmonth,,4994183596643847628,Yes,15,SUBSCRIPTIONS,,
GPA.3387-5755-2979-05308,"Apr 26, 2026",5:36:45 AM PDT,,Charge refund,Full,Pro Subscription (WF Solver),com.deepinkcode.wordfeudsolver,Subscription,prosub,a52xq,DK,,2880,DKK,-15.20,1.000000,DKK,-15.20,prosubmonth,,4994183596643847628,Yes,,,,In-app
GPA.3387-5755-2979-05308,"Apr 26, 2026",5:36:45 AM PDT,,Google fee refund,Full,Pro Subscription (WF Solver),com.deepinkcode.wordfeudsolver,Subscription,prosub,a52xq,DK,,2880,DKK,2.28,1.000000,DKK,2.28,prosubmonth,,4994183596643847628,Yes,15,SUBSCRIPTIONS,,In-app
GPA.3397-1434-4919-38464,"Apr 26, 2026",5:51:37 AM PDT,,Charge,,Pro Subscription (Scrabble GO Cheat),com.deepinkcode.scrabblegocheat,Subscription,prosub,b0s,GB,,LN5 9RL,GBP,1.74,8.627000,DKK,15.01,prosubmonth,,4994183596643847628,Yes,,,,In-app
GPA.3397-1434-4919-38464,"Apr 26, 2026",5:51:37 AM PDT,,Google fee,,Pro Subscription (Scrabble GO Cheat),com.deepinkcode.scrabblegocheat,Subscription,prosub,b0s,GB,,LN5 9RL,GBP,-0.26,8.627000,DKK,-2.24,prosubmonth,,4994183596643847628,Yes,15,SUBSCRIPTIONS,,In-app
GPA.3331-5633-1463-31302,"Apr 26, 2026",6:36:45 AM PDT,,Charge,,Pro Subscription (WF Solver),com.deepinkcode.wordfeudsolver,Subscription,prosub,a56x,NL,,1234AB,EUR,1.98,7.472700,DKK,14.80,prosubmonth,,4994183596643847628,Yes,,,,In-app
GPA.3331-5633-1463-31302,"Apr 26, 2026",6:36:45 AM PDT,,Google fee,,Pro Subscription (WF Solver),com.deepinkcode.wordfeudsolver,Subscription,prosub,a56x,NL,,1234AB,EUR,-0.30,7.472700,DKK,-2.25,prosubmonth,,4994183596643847628,Yes,15,SUBSCRIPTIONS,,In-app
GPA.3339-0589-0077-79882..9,"Apr 26, 2026",7:28:13 AM PDT,,Charge,,Pro Subscription (WF Solver),com.deepinkcode.wordfeudsolver,Subscription,prosub,,NL,,2375 XK,EUR,1.98,7.472700,DKK,14.80,prosubmonth,,4994183596643847628,Yes,,,,
GPA.3339-0589-0077-79882..9,"Apr 26, 2026",7:28:13 AM PDT,,Google fee,,Pro Subscription (WF Solver),com.deepinkcode.wordfeudsolver,Subscription,prosub,,NL,,2375 XK,EUR,-0.30,7.472700,DKK,-2.25,prosubmonth,,4994183596643847628,Yes,15,SUBSCRIPTIONS,,
GPA.3339-4561-2315-65536..0,"Apr 26, 2026",8:08:46 AM PDT,,Charge,,Pro Subscription (Words With Friends Solver),com.deepinkcode.wordswithfriendssolver,Subscription,prosub,,US,FL,32726,USD,2.49,6.375000,DKK,15.87,prosub,,4994183596643847628,Yes,,,,
GPA.3339-4561-2315-65536..0,"Apr 26, 2026",8:08:46 AM PDT,,Google fee,,Pro Subscription (Words With Friends Solver),com.deepinkcode.wordswithfriendssolver,Subscription,prosub,,US,FL,32726,USD,-0.37,6.375000,DKK,-2.36,prosub,,4994183596643847628,Yes,15,SUBSCRIPTIONS,,
GPA.3327-5998-9053-78134,"Apr 26, 2026",8:11:55 AM PDT,,Charge,,Pro Subscription (WF Solver),com.deepinkcode.wordfeudsolver,Subscription,prosub,HNABR-M,NL,,1357CT,EUR,1.98,7.472700,DKK,14.80,prosubmonth,,4994183596643847628,Yes,,,,In-app
GPA.3327-5998-9053-78134,"Apr 26, 2026",8:11:55 AM PDT,,Google fee,,Pro Subscription (WF Solver),com.deepinkcode.wordfeudsolver,Subscription,prosub,HNABR-M,NL,,1357CT,EUR,-0.30,7.472700,DKK,-2.25,prosubmonth,,4994183596643847628,Yes,15,SUBSCRIPTIONS,,In-app
GPA.3369-3478-5715-82838..13,"Apr 26, 2026",8:24:07 AM PDT,,Charge,,Pro Subscription (WF Solver),com.deepinkcode.wordfeudsolver,Subscription,prosub,,SE,,34140,SEK,23.20,0.691370,DKK,16.04,prosubmonth,,4994183596643847628,Yes,,,,
GPA.3369-3478-5715-82838..13,"Apr 26, 2026",8:24:07 AM PDT,,Google fee,,Pro Subscription (WF Solver),com.deepinkcode.wordfeudsolver,Subscription,prosub,,SE,,34140,SEK,-3.48,0.691370,DKK,-2.41,prosubmonth,,4994183596643847628,Yes,15,SUBSCRIPTIONS,,
GPA.3349-7322-4481-72568..1,"Apr 26, 2026",9:52:14 AM PDT,,Charge,,Pro Subscription (WF Solver),com.deepinkcode.wordfeudsolver,Subscription,prosub,,DK,,7400,DKK,15.20,1.000000,DKK,15.20,prosubmonth,,4994183596643847628,Yes,,,,
GPA.3349-7322-4481-72568..1,"Apr 26, 2026",9:52:14 AM PDT,,Google fee,,Pro Subscription (WF Solver),com.deepinkcode.wordfeudsolver,Subscription,prosub,,DK,,7400,DKK,-2.28,1.000000,DKK,-2.28,prosubmonth,,4994183596643847628,Yes,15,SUBSCRIPTIONS,,
GPA.3353-4087-0637-75642,"Apr 26, 2026",11:27:26 AM PDT,,Charge,,Pro Subscription (Words With Friends Solver),com.deepinkcode.wordswithfriendssolver,Subscription,prosub,a54x,US,ID,83401,USD,2.49,6.375000,DKK,15.87,prosub,,4994183596643847628,Yes,,,,In-app
GPA.3353-4087-0637-75642,"Apr 26, 2026",11:27:26 AM PDT,,Google fee,,Pro Subscription (Words With Friends Solver),com.deepinkcode.wordswithfriendssolver,Subscription,prosub,a54x,US,ID,83401,USD,-0.37,6.375000,DKK,-2.36,prosub,,4994183596643847628,Yes,15,SUBSCRIPTIONS,,In-app
GPA.3319-1426-4093-79646,"Apr 26, 2026",11:38:28 AM PDT,,Charge,,Pro (Words With Friends Solver),com.deepinkcode.wordswithfriendssolver,One-time product,pro,pa3q,US,CT,06082,USD,27.99,6.375000,DKK,178.43,legacy-base,,4994183596643847628,Yes,,,,In-app
GPA.3319-1426-4093-79646,"Apr 26, 2026",11:38:28 AM PDT,,Google fee,,Pro (Words With Friends Solver),com.deepinkcode.wordswithfriendssolver,One-time product,pro,pa3q,US,CT,06082,USD,-4.20,6.375000,DKK,-26.77,legacy-base,,4994183596643847628,Yes,15,,,In-app
GPA.3337-6194-7374-72835..14,"Apr 26, 2026",11:56:15 AM PDT,,Charge,,Pro Subscription (WF Solver),com.deepinkcode.wordfeudsolver,Subscription,prosub,,GB,,HU55YZ,GBP,1.66,8.627000,DKK,14.32,prosubmonth,,4994183596643847628,Yes,,,,
GPA.3337-6194-7374-72835..14,"Apr 26, 2026",11:56:15 AM PDT,,Google fee,,Pro Subscription (WF Solver),com.deepinkcode.wordfeudsolver,Subscription,prosub,,GB,,HU55YZ,GBP,-0.25,8.627000,DKK,-2.16,prosubmonth,,4994183596643847628,Yes,15,SUBSCRIPTIONS,,
GPA.3385-3182-1783-41914,"Apr 26, 2026",12:01:18 PM PDT,,Charge,,Pro Subscription (WF Solver),com.deepinkcode.wordfeudsolver,Subscription,prosub,a52xq,DK,,2880,DKK,15.20,1.000000,DKK,15.20,prosubmonth,,4994183596643847628,Yes,,,,In-app
GPA.3385-3182-1783-41914,"Apr 26, 2026",12:01:18 PM PDT,,Google fee,,Pro Subscription (WF Solver),com.deepinkcode.wordfeudsolver,Subscription,prosub,a52xq,DK,,2880,DKK,-2.28,1.000000,DKK,-2.28,prosubmonth,,4994183596643847628,Yes,15,SUBSCRIPTIONS,,In-app
GPA.3319-0600-2192-05886,"Apr 26, 2026",12:03:03 PM PDT,,Charge,,Pro Subscription (WF Solver),com.deepinkcode.wordfeudsolver,Subscription,prosub,pa3q,NL,,3893 BZ,EUR,1.98,7.472700,DKK,14.80,prosubmonth,,4994183596643847628,Yes,,,,In-app
GPA.3319-0600-2192-05886,"Apr 26, 2026",12:03:03 PM PDT,,Google fee,,Pro Subscription (WF Solver),com.deepinkcode.wordfeudsolver,Subscription,prosub,pa3q,NL,,3893 BZ,EUR,-0.30,7.472700,DKK,-2.25,prosubmonth,,4994183596643847628,Yes,15,SUBSCRIPTIONS,,In-app
GPA.3344-1855-3993-22894,"Apr 26, 2026",1:05:56 PM PDT,,Charge,,Pro Subscription (Words With Friends Solver),com.deepinkcode.wordswithfriendssolver,Subscription,prosub,pa1q,GB,,SO23 7DW,GBP,1.74,8.607800,DKK,14.98,prosub,,4994183596643847628,Yes,,,,In-app
GPA.3344-1855-3993-22894,"Apr 26, 2026",1:05:56 PM PDT,,Google fee,,Pro Subscription (Words With Friends Solver),com.deepinkcode.wordswithfriendssolver,Subscription,prosub,pa1q,GB,,SO23 7DW,GBP,-0.26,8.607800,DKK,-2.24,prosub,,4994183596643847628,Yes,15,SUBSCRIPTIONS,,In-app
GPA.3355-6511-7766-68555..1,"Apr 26, 2026",1:08:20 PM PDT,,Charge,,Pro Subscription (Words With Friends Solver),com.deepinkcode.wordswithfriendssolver,Subscription,prosub,,US,NC,28023,USD,2.49,6.375000,DKK,15.87,prosub,,4994183596643847628,Yes,,,,
GPA.3355-6511-7766-68555..1,"Apr 26, 2026",1:08:20 PM PDT,,Google fee,,Pro Subscription (Words With Friends Solver),com.deepinkcode.wordswithfriendssolver,Subscription,prosub,,US,NC,28023,USD,-0.37,6.375000,DKK,-2.36,prosub,,4994183596643847628,Yes,15,SUBSCRIPTIONS,,
GPA.3390-3665-8091-28635,"Apr 26, 2026",1:54:07 PM PDT,,Charge,,Pro Subscription (WF Solver),com.deepinkcode.wordfeudsolver,Subscription,prosub,blazer,NL,,8256RT,EUR,1.98,7.470100,DKK,14.79,prosubmonth,,4994183596643847628,Yes,,,,In-app
GPA.3390-3665-8091-28635,"Apr 26, 2026",1:54:07 PM PDT,,Google fee,,Pro Subscription (WF Solver),com.deepinkcode.wordfeudsolver,Subscription,prosub,blazer,NL,,8256RT,EUR,-0.30,7.470100,DKK,-2.24,prosubmonth,,4994183596643847628,Yes,15,SUBSCRIPTIONS,,In-app
GPA.3313-0902-5793-03455,"Apr 26, 2026",2:04:31 PM PDT,,Charge,,Pro (WF Solver),com.deepinkcode.wordfeudsolver,One-time product,pro,OP594DL1,DK,,4000,DKK,180.00,1.000000,DKK,180.00,legacy-base,,4994183596643847628,Yes,,,,In-app
GPA.3313-0902-5793-03455,"Apr 26, 2026",2:04:31 PM PDT,,Google fee,,Pro (WF Solver),com.deepinkcode.wordfeudsolver,One-time product,pro,OP594DL1,DK,,4000,DKK,-27.00,1.000000,DKK,-27.00,legacy-base,,4994183596643847628,Yes,15,,,In-app
GPA.3388-4374-5778-71623..0,"Apr 26, 2026",2:04:37 PM PDT,,Charge,,Pro Subscription (Words With Friends Solver),com.deepinkcode.wordswithfriendssolver,Subscription,prosub,,US,MO,63090,USD,2.49,6.386300,DKK,15.90,prosub,,4994183596643847628,Yes,,,,
GPA.3388-4374-5778-71623..0,"Apr 26, 2026",2:04:37 PM PDT,,Google fee,,Pro Subscription (Words With Friends Solver),com.deepinkcode.wordswithfriendssolver,Subscription,prosub,,US,MO,63090,USD,-0.37,6.386300,DKK,-2.36,prosub,,4994183596643847628,Yes,15,SUBSCRIPTIONS,,
GPA.3322-8593-4056-78041..0,"Apr 26, 2026",2:39:59 PM PDT,,Charge,,Pro Subscription (WF Solver),com.deepinkcode.wordfeudsolver,Subscription,prosub,,DK,,2300,DKK,15.20,1.000000,DKK,15.20,prosubmonth,,4994183596643847628,Yes,,,,
GPA.3322-8593-4056-78041..0,"Apr 26, 2026",2:39:59 PM PDT,,Google fee,,Pro Subscription (WF Solver),com.deepinkcode.wordfeudsolver,Subscription,prosub,,DK,,2300,DKK,-2.28,1.000000,DKK,-2.28,prosubmonth,,4994183596643847628,Yes,15,SUBSCRIPTIONS,,
GPA.3361-8800-8394-13371..2,"Apr 26, 2026",3:26:41 PM PDT,,Charge,,Pro Subscription (WF Solver),com.deepinkcode.wordfeudsolver,Subscription,prosub,,BE,,2470,EUR,1.98,7.473200,DKK,14.80,prosubmonth,,4994183596643847628,Yes,,,,
GPA.3361-8800-8394-13371..2,"Apr 26, 2026",3:26:41 PM PDT,,Google fee,,Pro Subscription (WF Solver),com.deepinkcode.wordfeudsolver,Subscription,prosub,,BE,,2470,EUR,-0.30,7.473200,DKK,-2.25,prosubmonth,,4994183596643847628,Yes,15,SUBSCRIPTIONS,,
GPA.3371-9978-2526-42229..7,"Apr 26, 2026",3:39:14 PM PDT,,Charge,,Pro Subscription (WF Solver),com.deepinkcode.wordfeudsolver,Subscription,prosub,,SE,,640 33,SEK,22.40,0.689800,DKK,15.45,prosubmonth,,4994183596643847628,Yes,,,,
GPA.3371-9978-2526-42229..7,"Apr 26, 2026",3:39:14 PM PDT,,Google fee,,Pro Subscription (WF Solver),com.deepinkcode.wordfeudsolver,Subscription,prosub,,SE,,640 33,SEK,-3.36,0.689800,DKK,-2.32,prosubmonth,,4994183596643847628,Yes,15,SUBSCRIPTIONS,,
GPA.3344-7494-3122-08632,"Apr 26, 2026",3:40:06 PM PDT,,Charge,,Pro Subscription (Words With Friends Solver),com.deepinkcode.wordswithfriendssolver,Subscription,prosub,kansas,US,IA,52248,USD,2.49,6.388800,DKK,15.91,prosub,,4994183596643847628,Yes,,,,In-app
GPA.3344-7494-3122-08632,"Apr 26, 2026",3:40:06 PM PDT,,Google fee,,Pro Subscription (Words With Friends Solver),com.deepinkcode.wordswithfriendssolver,Subscription,prosub,kansas,US,IA,52248,USD,-0.37,6.388800,DKK,-2.36,prosub,,4994183596643847628,Yes,15,SUBSCRIPTIONS,,In-app
GPA.3361-3078-8468-27029,"Apr 26, 2026",4:29:07 PM PDT,,Charge,,Pro Subscription (WF Solver),com.deepinkcode.wordfeudsolver,Subscription,prosub,pa3q,NL,,8711 GV,EUR,1.98,7.472900,DKK,14.80,prosubmonth,,4994183596643847628,Yes,,,,In-app
GPA.3361-3078-8468-27029,"Apr 26, 2026",4:29:07 PM PDT,,Google fee,,Pro Subscription (WF Solver),com.deepinkcode.wordfeudsolver,Subscription,prosub,pa3q,NL,,8711 GV,EUR,-0.30,7.472900,DKK,-2.25,prosubmonth,,4994183596643847628,Yes,15,SUBSCRIPTIONS,,In-app
GPA.3309-9352-9251-38517..1,"Apr 26, 2026",9:24:42 PM PDT,,Charge,,Pro Subscription (WF Solver),com.deepinkcode.wordfeudsolver,Subscription,prosub,,SE,,34013,SEK,22.40,0.691650,DKK,15.49,prosubmonth,,4994183596643847628,Yes,,,,
GPA.3309-9352-9251-38517..1,"Apr 26, 2026",9:24:42 PM PDT,,Google fee,,Pro Subscription (WF Solver),com.deepinkcode.wordfeudsolver,Subscription,prosub,,SE,,34013,SEK,-3.36,0.691650,DKK,-2.32,prosubmonth,,4994183596643847628,Yes,15,SUBSCRIPTIONS,,
GPA.3324-5892-9448-08273..8,"Apr 26, 2026",10:43:23 PM PDT,,Charge,,Pro Subscription (WF Solver),com.deepinkcode.wordfeudsolver,Subscription,prosub,,DK,,4800,DKK,15.20,1.000000,DKK,15.20,prosubmonth,,4994183596643847628,Yes,,,,
GPA.3324-5892-9448-08273..8,"Apr 26, 2026",10:43:23 PM PDT,,Google fee,,Pro Subscription (WF Solver),com.deepinkcode.wordfeudsolver,Subscription,prosub,,DK,,4800,DKK,-2.28,1.000000,DKK,-2.28,prosubmonth,,4994183596643847628,Yes,15,SUBSCRIPTIONS,,
GPA.3346-1446-8125-49424..13,"Apr 26, 2026",11:00:38 PM PDT,,Charge,,Pro Subscription (WF Solver),com.deepinkcode.wordfeudsolver,Subscription,prosub,,SE,,511 71,SEK,23.20,0.691590,DKK,16.04,prosubmonth,,4994183596643847628,Yes,,,,
GPA.3346-1446-8125-49424..13,"Apr 26, 2026",11:00:38 PM PDT,,Google fee,,Pro Subscription (WF Solver),com.deepinkcode.wordfeudsolver,Subscription,prosub,,SE,,511 71,SEK,-3.48,0.691590,DKK,-2.40,prosubmonth,,4994183596643847628,Yes,15,SUBSCRIPTIONS,,
GPA.3342-4111-5211-23033,"Apr 26, 2026",11:23:56 PM PDT,,Charge,,Pro Subscription (Words With Friends Solver),com.deepinkcode.wordswithfriendssolver,Subscription,prosub,b7s,CA,SK,S7H 4T7,CAD,3.19,4.663600,DKK,14.88,prosub,,4994183596643847628,Yes,,,,In-app
GPA.3342-4111-5211-23033,"Apr 26, 2026",11:23:56 PM PDT,,Google fee,,Pro Subscription (Words With Friends Solver),com.deepinkcode.wordswithfriendssolver,Subscription,prosub,b7s,CA,SK,S7H 4T7,CAD,-0.48,4.663600,DKK,-2.24,prosub,,4994183596643847628,Yes,15,SUBSCRIPTIONS,,In-app
GPA.3328-8083-5835-94055..18,"Apr 26, 2026",11:49:32 PM PDT,,Charge,,Pro Subscription (WF Solver),com.deepinkcode.wordfeudsolver,Subscription,prosub,,NO,,1488,NOK,23.20,0.685420,DKK,15.90,prosubmonth,,4994183596643847628,Yes,,,,
GPA.3328-8083-5835-94055..18,"Apr 26, 2026",11:49:32 PM PDT,,Google fee,,Pro Subscription (WF Solver),com.deepinkcode.wordfeudsolver,Subscription,prosub,,NO,,1488,NOK,-3.48,0.685420,DKK,-2.38,prosubmonth,,4994183596643847628,Yes,15,SUBSCRIPTIONS,,
GPA.3345-3255-3939-43376,"Apr 26, 2026",11:57:46 PM PDT,,Charge,,Pro Subscription (Words With Friends Solver),com.deepinkcode.wordswithfriendssolver,Subscription,prosub,e1q,CA,NT,X0E0R7,CAD,3.19,4.663600,DKK,14.88,prosub,,4994183596643847628,Yes,,,,In-app
GPA.3345-3255-3939-43376,"Apr 26, 2026",11:57:46 PM PDT,,Google fee,,Pro Subscription (Words With Friends Solver),com.deepinkcode.wordswithfriendssolver,Subscription,prosub,e1q,CA,NT,X0E0R7,CAD,-0.48,4.663600,DKK,-2.24,prosub,,4994183596643847628,Yes,15,SUBSCRIPTIONS,,In-app
GPA.3312-1129-1077-44248..2,"Apr 27, 2026",12:53:47 AM PDT,,Charge,,Pro Subscription (WF Solver),com.deepinkcode.wordfeudsolver,Subscription,prosub,,DK,,9000,DKK,15.20,1.000000,DKK,15.20,prosubmonth,,4994183596643847628,Yes,,,,
GPA.3312-1129-1077-44248..2,"Apr 27, 2026",12:53:47 AM PDT,,Google fee,,Pro Subscription (WF Solver),com.deepinkcode.wordfeudsolver,Subscription,prosub,,DK,,9000,DKK,-2.28,1.000000,DKK,-2.28,prosubmonth,,4994183596643847628,Yes,15,SUBSCRIPTIONS,,
GPA.3361-4836-5573-17439..2,"Apr 27, 2026",1:28:36 AM PDT,,Charge,,Pro Subscription (WF Solver),com.deepinkcode.wordfeudsolver,Subscription,prosub,,NL,,7204JJ,EUR,1.98,7.473300,DKK,14.80,prosubmonth,,4994183596643847628,Yes,,,,
GPA.3361-4836-5573-17439..2,"Apr 27, 2026",1:28:36 AM PDT,,Google fee,,Pro Subscription (WF Solver),com.deepinkcode.wordfeudsolver,Subscription,prosub,,NL,,7204JJ,EUR,-0.30,7.473300,DKK,-2.24,prosubmonth,,4994183596643847628,Yes,15,SUBSCRIPTIONS,,
GPA.3339-6284-5327-71345,"Apr 27, 2026",1:52:44 AM PDT,,Charge,,Pro (Words With Friends Solver),com.deepinkcode.wordswithfriendssolver,One-time product,pro,a16x,US,MN,55057,USD,27.99,6.370600,DKK,178.31,legacy-base,,4994183596643847628,Yes,,,,In-app
GPA.3339-6284-5327-71345,"Apr 27, 2026",1:52:44 AM PDT,,Google fee,,Pro (Words With Friends Solver),com.deepinkcode.wordswithfriendssolver,One-time product,pro,a16x,US,MN,55057,USD,-4.20,6.370600,DKK,-26.76,legacy-base,,4994183596643847628,Yes,15,,,In-app
GPA.3380-3116-8597-88122..2,"Apr 27, 2026",1:57:58 AM PDT,,Charge,,Pro Subscription (Words With Friends Solver),com.deepinkcode.wordswithfriendssolver,Subscription,prosub,,GB,,AB42 5LN,GBP,1.74,8.623600,DKK,15.01,prosub,,4994183596643847628,Yes,,,,
GPA.3380-3116-8597-88122..2,"Apr 27, 2026",1:57:58 AM PDT,,Google fee,,Pro Subscription (Words With Friends Solver),com.deepinkcode.wordswithfriendssolver,Subscription,prosub,,GB,,AB42 5LN,GBP,-0.26,8.623600,DKK,-2.25,prosub,,4994183596643847628,Yes,15,SUBSCRIPTIONS,,
GPA.3357-1280-1554-19023,"Apr 27, 2026",1:59:29 AM PDT,,Charge,,Pro Subscription (WF Solver),com.deepinkcode.wordfeudsolver,Subscription,prosub,m3q,NL,,9933AD,EUR,1.98,7.473300,DKK,14.80,prosubmonth,,4994183596643847628,Yes,,,,In-app
GPA.3357-1280-1554-19023,"Apr 27, 2026",1:59:29 AM PDT,,Google fee,,Pro Subscription (WF Solver),com.deepinkcode.wordfeudsolver,Subscription,prosub,m3q,NL,,9933AD,EUR,-0.30,7.473300,DKK,-2.24,prosubmonth,,4994183596643847628,Yes,15,SUBSCRIPTIONS,,In-app
GPA.3397-0149-6218-98707..10,"Apr 27, 2026",2:43:54 AM PDT,,Charge,,Pro Subscription (Words With Friends Solver),com.deepinkcode.wordswithfriendssolver,Subscription,prosub,,AU,,4814,AUD,3.26,4.566500,DKK,14.89,prosub,,4994183596643847628,Yes,,,,
GPA.3397-0149-6218-98707..10,"Apr 27, 2026",2:43:54 AM PDT,,Google fee,,Pro Subscription (Words With Friends Solver),com.deepinkcode.wordswithfriendssolver,Subscription,prosub,,AU,,4814,AUD,-0.49,4.566500,DKK,-2.24,prosub,,4994183596643847628,Yes,15,SUBSCRIPTIONS,,
GPA.3338-0449-0796-74700..3,"Apr 27, 2026",2:52:43 AM PDT,,Charge,,Pro Subscription (WF Solver),com.deepinkcode.wordfeudsolver,Subscription,prosub,,DK,,2450,DKK,15.20,1.000000,DKK,15.20,prosubmonth,,4994183596643847628,Yes,,,,
GPA.3338-0449-0796-74700..3,"Apr 27, 2026",2:52:43 AM PDT,,Google fee,,Pro Subscription (WF Solver),com.deepinkcode.wordfeudsolver,Subscription,prosub,,DK,,2450,DKK,-2.28,1.000000,DKK,-2.28,prosubmonth,,4994183596643847628,Yes,15,SUBSCRIPTIONS,,
GPA.3352-4579-4177-30322..14,"Apr 27, 2026",3:53:34 AM PDT,,Charge,,Pro Subscription (WF Solver),com.deepinkcode.wordfeudsolver,Subscription,prosub,,NL,,6823NA,EUR,1.98,7.473200,DKK,14.80,prosubmonth,,4994183596643847628,Yes,,,,
GPA.3352-4579-4177-30322..14,"Apr 27, 2026",3:53:34 AM PDT,,Google fee,,Pro Subscription (WF Solver),com.deepinkcode.wordfeudsolver,Subscription,prosub,,NL,,6823NA,EUR,-0.30,7.473200,DKK,-2.25,prosubmonth,,4994183596643847628,Yes,15,SUBSCRIPTIONS,,
GPA.3300-9464-8194-41842,"Apr 27, 2026",4:08:57 AM PDT,,Charge,,Pro Subscription (WF Solver),com.deepinkcode.wordfeudsolver,Subscription,prosub,dm1q,NO,,5917,NOK,24.00,0.686800,DKK,16.48,prosubmonth,,4994183596643847628,Yes,,,,In-app
GPA.3300-9464-8194-41842,"Apr 27, 2026",4:08:57 AM PDT,,Google fee,,Pro Subscription (WF Solver),com.deepinkcode.wordfeudsolver,Subscription,prosub,dm1q,NO,,5917,NOK,-3.60,0.686800,DKK,-2.47,prosubmonth,,4994183596643847628,Yes,15,SUBSCRIPTIONS,,In-app
GPA.3350-9969-0028-81763..3,"Apr 27, 2026",4:35:30 AM PDT,,Charge,,Pro Subscription (WF Solver),com.deepinkcode.wordfeudsolver,Subscription,prosub,,NL,,2645LK,EUR,1.98,7.473000,DKK,14.80,prosubmonth,,4994183596643847628,Yes,,,,
GPA.3350-9969-0028-81763..3,"Apr 27, 2026",4:35:30 AM PDT,,Google fee,,Pro Subscription (WF Solver),com.deepinkcode.wordfeudsolver,Subscription,prosub,,NL,,2645LK,EUR,-0.30,7.473000,DKK,-2.25,prosubmonth,,4994183596643847628,Yes,15,SUBSCRIPTIONS,,
GPA.3345-6433-7154-34931..17,"Apr 27, 2026",5:01:59 AM PDT,,Charge,,Pro Subscription (WF Solver),com.deepinkcode.wordfeudsolver,Subscription,prosub,,SE,,89130,SEK,23.20,0.692220,DKK,16.06,prosubmonth,,4994183596643847628,Yes,,,,
GPA.3345-6433-7154-34931..17,"Apr 27, 2026",5:01:59 AM PDT,,Google fee,,Pro Subscription (WF Solver),com.deepinkcode.wordfeudsolver,Subscription,prosub,,SE,,89130,SEK,-3.48,0.692220,DKK,-2.41,prosubmonth,,4994183596643847628,Yes,15,SUBSCRIPTIONS,,
GPA.3347-2818-9828-36202..3,"Apr 27, 2026",6:36:15 AM PDT,,Charge,,Pro Subscription (WF Solver),com.deepinkcode.wordfeudsolver,Subscription,prosub,,SE,,83146,SEK,22.40,0.692510,DKK,15.51,prosubmonth,,4994183596643847628,Yes,,,,
GPA.3347-2818-9828-36202..3,"Apr 27, 2026",6:36:15 AM PDT,,Google fee,,Pro Subscription (WF Solver),com.deepinkcode.wordfeudsolver,Subscription,prosub,,SE,,83146,SEK,-3.36,0.692510,DKK,-2.32,prosubmonth,,4994183596643847628,Yes,15,SUBSCRIPTIONS,,
GPA.3308-5484-3371-34406..4,"Apr 27, 2026",7:33:38 AM PDT,,Charge,,Pro Subscription (Words With Friends Solver),com.deepinkcode.wordswithfriendssolver,Subscription,prosub,,US,FL,34292,USD,2.49,6.363100,DKK,15.84,prosub,,4994183596643847628,Yes,,,,
GPA.3308-5484-3371-34406..4,"Apr 27, 2026",7:33:38 AM PDT,,Google fee,,Pro Subscription (Words With Friends Solver),com.deepinkcode.wordswithfriendssolver,Subscription,prosub,,US,FL,34292,USD,-0.37,6.363100,DKK,-2.35,prosub,,4994183596643847628,Yes,15,SUBSCRIPTIONS,,
GPA.3349-8576-6113-09050..10,"Apr 27, 2026",7:52:30 AM PDT,,Charge,,Pro Subscription (WF Solver),com.deepinkcode.wordfeudsolver,Subscription,prosub,,NL,,1695HX,EUR,1.98,7.472400,DKK,14.80,prosubmonth,,4994183596643847628,Yes,,,,
GPA.3349-8576-6113-09050..10,"Apr 27, 2026",7:52:30 AM PDT,,Google fee,,Pro Subscription (WF Solver),com.deepinkcode.wordfeudsolver,Subscription,prosub,,NL,,1695HX,EUR,-0.30,7.472400,DKK,-2.25,prosubmonth,,4994183596643847628,Yes,15,SUBSCRIPTIONS,,
GPA.3379-4427-0841-39693..9,"Apr 27, 2026",7:57:26 AM PDT,,Charge,,Pro Subscription (WF Solver),com.deepinkcode.wordfeudsolver,Subscription,prosub,,SE,,458 30,SEK,23.20,0.692300,DKK,16.06,prosubmonth,,4994183596643847628,Yes,,,,
GPA.3379-4427-0841-39693..9,"Apr 27, 2026",7:57:26 AM PDT,,Google fee,,Pro Subscription (WF Solver),com.deepinkcode.wordfeudsolver,Subscription,prosub,,SE,,458 30,SEK,-3.48,0.692300,DKK,-2.41,prosubmonth,,4994183596643847628,Yes,15,SUBSCRIPTIONS,,
GPA.3377-5418-9286-74365..15,"Apr 27, 2026",8:03:36 AM PDT,,Charge,,Pro Subscription (WF Solver),com.deepinkcode.wordfeudsolver,Subscription,prosub,,SE,,96173,SEK,23.20,0.692140,DKK,16.06,prosubmonth,,4994183596643847628,Yes,,,,
GPA.3377-5418-9286-74365..15,"Apr 27, 2026",8:03:36 AM PDT,,Google fee,,Pro Subscription (WF Solver),com.deepinkcode.wordfeudsolver,Subscription,prosub,,SE,,96173,SEK,-3.48,0.692140,DKK,-2.41,prosubmonth,,4994183596643847628,Yes,15,SUBSCRIPTIONS,,
GPA.3304-9554-3910-66510,"Apr 27, 2026",9:02:22 AM PDT,,Charge,,Pro (WF Solver),com.deepinkcode.wordfeudsolver,One-time product,pro,r12s,NL,,1816LK,EUR,23.96,7.472400,DKK,179.04,legacy-base,,4994183596643847628,Yes,,,,In-app
GPA.3304-9554-3910-66510,"Apr 27, 2026",9:02:22 AM PDT,,Google fee,,Pro (WF Solver),com.deepinkcode.wordfeudsolver,One-time product,pro,r12s,NL,,1816LK,EUR,-3.59,7.472400,DKK,-26.83,legacy-base,,4994183596643847628,Yes,15,,,In-app
GPA.3330-6616-1009-75919..8,"Apr 27, 2026",9:09:15 AM PDT,,Charge,,Pro Subscription (WF Solver),com.deepinkcode.wordfeudsolver,Subscription,prosub,,DK,,3320,DKK,15.20,1.000000,DKK,15.20,prosubmonth,,4994183596643847628,Yes,,,,
GPA.3330-6616-1009-75919..8,"Apr 27, 2026",9:09:15 AM PDT,,Google fee,,Pro Subscription (WF Solver),com.deepinkcode.wordfeudsolver,Subscription,prosub,,DK,,3320,DKK,-2.28,1.000000,DKK,-2.28,prosubmonth,,4994183596643847628,Yes,15,SUBSCRIPTIONS,,
GPA.3370-1622-9338-48146..17,"Apr 27, 2026",9:14:10 AM PDT,,Charge,,Pro Subscription (WF Solver),com.deepinkcode.wordfeudsolver,Subscription,prosub,,NL,,6596 AB,EUR,1.98,7.472400,DKK,14.80,prosubmonth,,4994183596643847628,Yes,,,,
GPA.3370-1622-9338-48146..17,"Apr 27, 2026",9:14:10 AM PDT,,Google fee,,Pro Subscription (WF Solver),com.deepinkcode.wordfeudsolver,Subscription,prosub,,NL,,6596 AB,EUR,-0.30,7.472400,DKK,-2.25,prosubmonth,,4994183596643847628,Yes,15,SUBSCRIPTIONS,,
GPA.3333-1118-1949-75065,"Apr 27, 2026",9:30:05 AM PDT,,Charge,,Pro Subscription (WF Solver),com.deepinkcode.wordfeudsolver,Subscription,prosub,dm2q,SE,,66230,SEK,22.40,0.691630,DKK,15.49,prosubmonth,,4994183596643847628,Yes,,,,In-app
GPA.3333-1118-1949-75065,"Apr 27, 2026",9:30:05 AM PDT,,Google fee,,Pro Subscription (WF Solver),com.deepinkcode.wordfeudsolver,Subscription,prosub,dm2q,SE,,66230,SEK,-3.36,0.691630,DKK,-2.32,prosubmonth,,4994183596643847628,Yes,15,SUBSCRIPTIONS,,In-app
GPA.3303-2358-9713-05200,"Apr 27, 2026",9:41:40 AM PDT,,Charge,,Pro Subscription (WF Solver),com.deepinkcode.wordfeudsolver,Subscription,prosub,dm3q,NL,,2282BJ,EUR,1.98,7.472400,DKK,14.80,prosubmonth,,4994183596643847628,Yes,,,,In-app
GPA.3303-2358-9713-05200,"Apr 27, 2026",9:41:40 AM PDT,,Google fee,,Pro Subscription (WF Solver),com.deepinkcode.wordfeudsolver,Subscription,prosub,dm3q,NL,,2282BJ,EUR,-0.30,7.472400,DKK,-2.25,prosubmonth,,4994183596643847628,Yes,15,SUBSCRIPTIONS,,In-app
GPA.3395-0460-8913-41056..0,"Apr 27, 2026",10:03:46 AM PDT,,Charge,,Pro Subscription (WF Solver),com.deepinkcode.wordfeudsolver,Subscription,prosub,,NO,,6008,NOK,24.00,0.685980,DKK,16.46,prosubmonth,,4994183596643847628,Yes,,,,
GPA.3395-0460-8913-41056..0,"Apr 27, 2026",10:03:46 AM PDT,,Google fee,,Pro Subscription (WF Solver),com.deepinkcode.wordfeudsolver,Subscription,prosub,,NO,,6008,NOK,-3.60,0.685980,DKK,-2.47,prosubmonth,,4994183596643847628,Yes,15,SUBSCRIPTIONS,,
GPA.3339-1629-3851-59272..14,"Apr 27, 2026",11:29:10 AM PDT,,Charge,,Pro Subscription (WF Solver),com.deepinkcode.wordfeudsolver,Subscription,prosub,,SE,,21370,SEK,23.20,0.691040,DKK,16.03,prosubmonth,,4994183596643847628,Yes,,,,
GPA.3339-1629-3851-59272..14,"Apr 27, 2026",11:29:10 AM PDT,,Google fee,,Pro Subscription (WF Solver),com.deepinkcode.wordfeudsolver,Subscription,prosub,,SE,,21370,SEK,-3.48,0.691040,DKK,-2.40,prosubmonth,,4994183596643847628,Yes,15,SUBSCRIPTIONS,,
GPA.3311-2085-8687-75301..14,"Apr 27, 2026",11:33:06 AM PDT,,Charge,,Pro Subscription (WF Solver),com.deepinkcode.wordfeudsolver,Subscription,prosub,,NL,,6671GX,EUR,1.98,7.472300,DKK,14.80,prosubmonth,,4994183596643847628,Yes,,,,
GPA.3311-2085-8687-75301..14,"Apr 27, 2026",11:33:06 AM PDT,,Google fee,,Pro Subscription (WF Solver),com.deepinkcode.wordfeudsolver,Subscription,prosub,,NL,,6671GX,EUR,-0.30,7.472300,DKK,-2.25,prosubmonth,,4994183596643847628,Yes,15,SUBSCRIPTIONS,,
GPA.3313-8764-7468-66558..2,"Apr 27, 2026",11:35:39 AM PDT,,Charge,,Pro Subscription (WF Solver),com.deepinkcode.wordfeudsolver,Subscription,prosub,,FI,,20610,EUR,1.98,7.472300,DKK,14.80,prosubmonth,,4994183596643847628,Yes,,,,
GPA.3313-8764-7468-66558..2,"Apr 27, 2026",11:35:39 AM PDT,,Google fee,,Pro Subscription (WF Solver),com.deepinkcode.wordfeudsolver,Subscription,prosub,,FI,,20610,EUR,-0.30,7.472300,DKK,-2.25,prosubmonth,,4994183596643847628,Yes,15,SUBSCRIPTIONS,,
GPA.3301-6256-7101-24669..9,"Apr 27, 2026",12:27:30 PM PDT,,Charge,,Pro Subscription (WF Solver),com.deepinkcode.wordfeudsolver,Subscription,prosub,,NO,,4950,NOK,24.00,0.685920,DKK,16.46,prosubmonth,,4994183596643847628,Yes,,,,
GPA.3301-6256-7101-24669..9,"Apr 27, 2026",12:27:30 PM PDT,,Google fee,,Pro Subscription (WF Solver),com.deepinkcode.wordfeudsolver,Subscription,prosub,,NO,,4950,NOK,-3.60,0.685920,DKK,-2.47,prosubmonth,,4994183596643847628,Yes,15,SUBSCRIPTIONS,,
GPA.3384-4071-1283-37643,"Apr 27, 2026",12:28:33 PM PDT,,Charge,,Pro (WF Solver),com.deepinkcode.wordfeudsolver,One-time product,pro,p3s,SE,,43238,SEK,271.20,0.691150,DKK,187.44,legacy-base,,4994183596643847628,Yes,,,,In-app
GPA.3384-4071-1283-37643,"Apr 27, 2026",12:28:33 PM PDT,,Google fee,,Pro (WF Solver),com.deepinkcode.wordfeudsolver,One-time product,pro,p3s,SE,,43238,SEK,-40.68,0.691150,DKK,-28.12,legacy-base,,4994183596643847628,Yes,15,,,In-app
GPA.3316-1418-0757-50117..7,"Apr 27, 2026",12:45:12 PM PDT,,Charge,,Pro Subscription (WF Solver),com.deepinkcode.wordfeudsolver,Subscription,prosub,,NL,,7623 HH,EUR,1.98,7.472100,DKK,14.79,prosubmonth,,4994183596643847628,Yes,,,,
GPA.3316-1418-0757-50117..7,"Apr 27, 2026",12:45:12 PM PDT,,Google fee,,Pro Subscription (WF Solver),com.deepinkcode.wordfeudsolver,Subscription,prosub,,NL,,7623 HH,EUR,-0.30,7.472100,DKK,-2.24,prosubmonth,,4994183596643847628,Yes,15,SUBSCRIPTIONS,,
GPA.3385-1649-4395-95474..3,"Apr 27, 2026",1:13:10 PM PDT,,Charge,,Pro Subscription (WF Solver),com.deepinkcode.wordfeudsolver,Subscription,prosub,,SE,,653 50,SEK,22.40,0.691150,DKK,15.48,prosubmonth,,4994183596643847628,Yes,,,,
GPA.3385-1649-4395-95474..3,"Apr 27, 2026",1:13:10 PM PDT,,Google fee,,Pro Subscription (WF Solver),com.deepinkcode.wordfeudsolver,Subscription,prosub,,SE,,653 50,SEK,-3.36,0.691150,DKK,-2.32,prosubmonth,,4994183596643847628,Yes,15,SUBSCRIPTIONS,,
GPA.3333-8521-7214-86579..16,"Apr 27, 2026",2:06:17 PM PDT,,Charge,,Pro Subscription (WF Solver),com.deepinkcode.wordfeudsolver,Subscription,prosub,,DK,,7200,DKK,15.20,1.000000,DKK,15.20,prosubmonth,,4994183596643847628,Yes,,,,
GPA.3333-8521-7214-86579..16,"Apr 27, 2026",2:06:17 PM PDT,,Google fee,,Pro Subscription (WF Solver),com.deepinkcode.wordfeudsolver,Subscription,prosub,,DK,,7200,DKK,-2.28,1.000000,DKK,-2.28,prosubmonth,,4994183596643847628,Yes,15,SUBSCRIPTIONS,,
GPA.3374-4616-4873-70429,"Apr 27, 2026",2:16:46 PM PDT,,Charge,,Pro Subscription (Words With Friends Solver),com.deepinkcode.wordswithfriendssolver,Subscription,prosub,psq,US,DE,19702,USD,2.49,6.374400,DKK,15.87,prosub,,4994183596643847628,Yes,,,,In-app
GPA.3374-4616-4873-70429,"Apr 27, 2026",2:16:46 PM PDT,,Google fee,,Pro Subscription (Words With Friends Solver),com.deepinkcode.wordswithfriendssolver,Subscription,prosub,psq,US,DE,19702,USD,-0.37,6.374400,DKK,-2.36,prosub,,4994183596643847628,Yes,15,SUBSCRIPTIONS,,In-app
GPA.3338-4245-5296-30076..11,"Apr 27, 2026",3:32:59 PM PDT,,Charge,,Pro Subscription (Words With Friends Solver),com.deepinkcode.wordswithfriendssolver,Subscription,prosub,,US,LA,70737,USD,1.99,6.374100,DKK,12.68,prosub,,4994183596643847628,Yes,,,,
GPA.3338-4245-5296-30076..11,"Apr 27, 2026",3:32:59 PM PDT,,Google fee,,Pro Subscription (Words With Friends Solver),com.deepinkcode.wordswithfriendssolver,Subscription,prosub,,US,LA,70737,USD,-0.30,6.374100,DKK,-1.91,prosub,,4994183596643847628,Yes,15,SUBSCRIPTIONS,,
GPA.3356-1393-8629-83054..5,"Apr 27, 2026",3:56:07 PM PDT,,Charge,,Pro Subscription (Words With Friends Solver),com.deepinkcode.wordswithfriendssolver,Subscription,prosub,,GB,,Rg74de,GBP,1.74,8.630600,DKK,15.02,prosub,,4994183596643847628,Yes,,,,
GPA.3356-1393-8629-83054..5,"Apr 27, 2026",3:56:07 PM PDT,,Google fee,,Pro Subscription (Words With Friends Solver),com.deepinkcode.wordswithfriendssolver,Subscription,prosub,,GB,,Rg74de,GBP,-0.26,8.630600,DKK,-2.25,prosub,,4994183596643847628,Yes,15,SUBSCRIPTIONS,,
GPA.3338-1501-6082-51805..7,"Apr 27, 2026",4:14:40 PM PDT,,Charge,,Pro Subscription (WF Solver),com.deepinkcode.wordfeudsolver,Subscription,prosub,,SE,,18495,SEK,22.40,0.691560,DKK,15.49,prosubmonth,,4994183596643847628,Yes,,,,
GPA.3338-1501-6082-51805..7,"Apr 27, 2026",4:14:40 PM PDT,,Google fee,,Pro Subscription (WF Solver),com.deepinkcode.wordfeudsolver,Subscription,prosub,,SE,,18495,SEK,-3.36,0.691560,DKK,-2.32,prosubmonth,,4994183596643847628,Yes,15,SUBSCRIPTIONS,,
GPA.3301-2200-0916-09968..4,"Apr 27, 2026",5:41:51 PM PDT,,Charge,,Pro Subscription (Words With Friends Solver),com.deepinkcode.wordswithfriendssolver,Subscription,prosub,,US,IN,47130,USD,2.49,6.374400,DKK,15.87,prosub,,4994183596643847628,Yes,,,,
GPA.3301-2200-0916-09968..4,"Apr 27, 2026",5:41:51 PM PDT,,Google fee,,Pro Subscription (Words With Friends Solver),com.deepinkcode.wordswithfriendssolver,Subscription,prosub,,US,IN,47130,USD,-0.37,6.374400,DKK,-2.36,prosub,,4994183596643847628,Yes,15,SUBSCRIPTIONS,,
GPA.3315-3028-5008-88791..2,"Apr 27, 2026",6:21:26 PM PDT,,Charge,,Pro Subscription (Scrabble GO Cheat),com.deepinkcode.scrabblegocheat,Subscription,prosub,,GB,,YO8 8FD,GBP,1.74,8.628800,DKK,15.01,prosubmonth,,4994183596643847628,Yes,,,,
GPA.3315-3028-5008-88791..2,"Apr 27, 2026",6:21:26 PM PDT,,Google fee,,Pro Subscription (Scrabble GO Cheat),com.deepinkcode.scrabblegocheat,Subscription,prosub,,GB,,YO8 8FD,GBP,-0.26,8.628800,DKK,-2.24,prosubmonth,,4994183596643847628,Yes,15,SUBSCRIPTIONS,,
GPA.3331-1664-5902-32413,"Apr 27, 2026",7:22:39 PM PDT,,Charge,,Pro Subscription (Words With Friends Solver),com.deepinkcode.wordswithfriendssolver,Subscription,prosub,b7s,US,MI,48911,USD,2.49,6.378200,DKK,15.88,prosub,,4994183596643847628,Yes,,,,In-app
GPA.3331-1664-5902-32413,"Apr 27, 2026",7:22:39 PM PDT,,Google fee,,Pro Subscription (Words With Friends Solver),com.deepinkcode.wordswithfriendssolver,Subscription,prosub,b7s,US,MI,48911,USD,-0.37,6.378200,DKK,-2.36,prosub,,4994183596643847628,Yes,15,SUBSCRIPTIONS,,In-app
GPA.3397-7993-4134-54897..1,"Apr 27, 2026",8:51:14 PM PDT,,Charge,,Pro Subscription (Words With Friends Solver),com.deepinkcode.wordswithfriendssolver,Subscription,prosub,,US,TX,76009,USD,2.49,6.379600,DKK,15.89,prosub,,4994183596643847628,Yes,,,,
GPA.3397-7993-4134-54897..1,"Apr 27, 2026",8:51:14 PM PDT,,Google fee,,Pro Subscription (Words With Friends Solver),com.deepinkcode.wordswithfriendssolver,Subscription,prosub,,US,TX,76009,USD,-0.37,6.379600,DKK,-2.36,prosub,,4994183596643847628,Yes,15,SUBSCRIPTIONS,,
GPA.3371-5367-4478-18246..6,"Apr 27, 2026",9:21:03 PM PDT,,Charge,,Pro Subscription (Scrabble GO Cheat),com.deepinkcode.scrabblegocheat,Subscription,prosub,,CA,QC,J5W 4E7,CAD,3.19,4.679400,DKK,14.93,prosubmonth,,4994183596643847628,Yes,,,,
GPA.3371-5367-4478-18246..6,"Apr 27, 2026",9:21:03 PM PDT,,Google fee,,Pro Subscription (Scrabble GO Cheat),com.deepinkcode.scrabblegocheat,Subscription,prosub,,CA,QC,J5W 4E7,CAD,-0.48,4.679400,DKK,-2.25,prosubmonth,,4994183596643847628,Yes,15,SUBSCRIPTIONS,,
GPA.3339-4988-6153-80801..9,"Apr 27, 2026",9:39:41 PM PDT,,Charge,,Pro Subscription (WF Solver),com.deepinkcode.wordfeudsolver,Subscription,prosub,,SE,,444 41,SEK,23.20,0.690110,DKK,16.01,prosubmonth,,4994183596643847628,Yes,,,,
GPA.3339-4988-6153-80801..9,"Apr 27, 2026",9:39:41 PM PDT,,Google fee,,Pro Subscription (WF Solver),com.deepinkcode.wordfeudsolver,Subscription,prosub,,SE,,444 41,SEK,-3.48,0.690110,DKK,-2.40,prosubmonth,,4994183596643847628,Yes,15,SUBSCRIPTIONS,,
GPA.3307-8835-6986-76846..10,"Apr 27, 2026",9:45:11 PM PDT,,Charge,,Pro Subscription (Words With Friends Solver),com.deepinkcode.wordswithfriendssolver,Subscription,prosub,,US,TX,78213,USD,1.99,6.382000,DKK,12.70,prosub,,4994183596643847628,Yes,,,,
GPA.3307-8835-6986-76846..10,"Apr 27, 2026",9:45:11 PM PDT,,Google fee,,Pro Subscription (Words With Friends Solver),com.deepinkcode.wordswithfriendssolver,Subscription,prosub,,US,TX,78213,USD,-0.30,6.382000,DKK,-1.91,prosub,,4994183596643847628,Yes,15,SUBSCRIPTIONS,,
GPA.3383-4717-7800-05977..11,"Apr 27, 2026",10:47:45 PM PDT,,Charge,,Pro Subscription (WF Solver),com.deepinkcode.wordfeudsolver,Subscription,prosub,,DK,,2300,DKK,15.20,1.000000,DKK,15.20,prosubmonth,,4994183596643847628,Yes,,,,
GPA.3383-4717-7800-05977..11,"Apr 27, 2026",10:47:45 PM PDT,,Google fee,,Pro Subscription (WF Solver),com.deepinkcode.wordfeudsolver,Subscription,prosub,,DK,,2300,DKK,-2.28,1.000000,DKK,-2.28,prosubmonth,,4994183596643847628,Yes,15,SUBSCRIPTIONS,,
GPA.3320-7464-3297-58749..17,"Apr 27, 2026",11:37:54 PM PDT,,Charge,,Pro Subscription (WF Solver),com.deepinkcode.wordfeudsolver,Subscription,prosub,,DK,,8800,DKK,15.20,1.000000,DKK,15.20,prosubmonth,,4994183596643847628,Yes,,,,
GPA.3320-7464-3297-58749..17,"Apr 27, 2026",11:37:54 PM PDT,,Google fee,,Pro Subscription (WF Solver),com.deepinkcode.wordfeudsolver,Subscription,prosub,,DK,,8800,DKK,-2.28,1.000000,DKK,-2.28,prosubmonth,,4994183596643847628,Yes,15,SUBSCRIPTIONS,,
GPA.3360-0157-2375-04513..17,"Apr 27, 2026",11:43:34 PM PDT,,Charge,,Pro Subscription (WF Solver),com.deepinkcode.wordfeudsolver,Subscription,prosub,,BE,,3720,EUR,1.98,7.472300,DKK,14.80,prosubmonth,,4994183596643847628,Yes,,,,
GPA.3360-0157-2375-04513..17,"Apr 27, 2026",11:43:34 PM PDT,,Google fee,,Pro Subscription (WF Solver),com.deepinkcode.wordfeudsolver,Subscription,prosub,,BE,,3720,EUR,-0.30,7.472300,DKK,-2.25,prosubmonth,,4994183596643847628,Yes,15,SUBSCRIPTIONS,,
GPA.3319-7165-9143-85106,"Apr 27, 2026",11:57:23 PM PDT,,Charge,,Pro Subscription (WF Solver),com.deepinkcode.wordfeudsolver,Subscription,prosub,e3q,NO,,4730,NOK,24.00,0.685110,DKK,16.44,prosubmonth,,4994183596643847628,Yes,,,,In-app
GPA.3319-7165-9143-85106,"Apr 27, 2026",11:57:23 PM PDT,,Google fee,,Pro Subscription (WF Solver),com.deepinkcode.wordfeudsolver,Subscription,prosub,e3q,NO,,4730,NOK,-3.60,0.685110,DKK,-2.46,prosubmonth,,4994183596643847628,Yes,15,SUBSCRIPTIONS,,In-app
GPA.3316-4321-8276-42812..14,"Apr 28, 2026",12:21:10 AM PDT,,Charge,,Pro Subscription (WF Solver),com.deepinkcode.wordfeudsolver,Subscription,prosub,,NL,,7861 AB,EUR,1.98,7.472600,DKK,14.80,prosubmonth,,4994183596643847628,Yes,,,,
GPA.3316-4321-8276-42812..14,"Apr 28, 2026",12:21:10 AM PDT,,Google fee,,Pro Subscription (WF Solver),com.deepinkcode.wordfeudsolver,Subscription,prosub,,NL,,7861 AB,EUR,-0.30,7.472600,DKK,-2.25,prosubmonth,,4994183596643847628,Yes,15,SUBSCRIPTIONS,,
GPA.3374-2681-6352-82553..3,"Apr 28, 2026",12:27:54 AM PDT,,Charge,,Pro Subscription (WF Solver),com.deepinkcode.wordfeudsolver,Subscription,prosub,,NL,,5044 SC,EUR,1.98,7.472600,DKK,14.80,prosubmonth,,4994183596643847628,Yes,,,,
GPA.3374-2681-6352-82553..3,"Apr 28, 2026",12:27:54 AM PDT,,Google fee,,Pro Subscription (WF Solver),com.deepinkcode.wordfeudsolver,Subscription,prosub,,NL,,5044 SC,EUR,-0.30,7.472600,DKK,-2.25,prosubmonth,,4994183596643847628,Yes,15,SUBSCRIPTIONS,,
GPA.3335-1240-8433-05943..8,"Apr 28, 2026",12:30:35 AM PDT,,Charge,,Pro Subscription (WF Solver),com.deepinkcode.wordfeudsolver,Subscription,prosub,,SE,,17975,SEK,22.40,0.689980,DKK,15.46,prosubmonth,,4994183596643847628,Yes,,,,
GPA.3335-1240-8433-05943..8,"Apr 28, 2026",12:30:35 AM PDT,,Google fee,,Pro Subscription (WF Solver),com.deepinkcode.wordfeudsolver,Subscription,prosub,,SE,,17975,SEK,-3.36,0.689980,DKK,-2.32,prosubmonth,,4994183596643847628,Yes,15,SUBSCRIPTIONS,,
GPA.3396-1029-8912-67703..5,"Apr 28, 2026",12:35:08 AM PDT,,Charge,,Pro Subscription (WF Solver),com.deepinkcode.wordfeudsolver,Subscription,prosub,,SE,,26391,SEK,22.40,0.689980,DKK,15.46,prosubmonth,,4994183596643847628,Yes,,,,
GPA.3396-1029-8912-67703..5,"Apr 28, 2026",12:35:08 AM PDT,,Google fee,,Pro Subscription (WF Solver),com.deepinkcode.wordfeudsolver,Subscription,prosub,,SE,,26391,SEK,-3.36,0.689980,DKK,-2.32,prosubmonth,,4994183596643847628,Yes,15,SUBSCRIPTIONS,,
GPA.3384-1039-9269-75352..8,"Apr 28, 2026",12:42:53 AM PDT,,Charge,,Pro Subscription (WF Solver),com.deepinkcode.wordfeudsolver,Subscription,prosub,,DK,,9700,DKK,15.20,1.000000,DKK,15.20,prosubmonth,,4994183596643847628,Yes,,,,
GPA.3384-1039-9269-75352..8,"Apr 28, 2026",12:42:53 AM PDT,,Google fee,,Pro Subscription (WF Solver),com.deepinkcode.wordfeudsolver,Subscription,prosub,,DK,,9700,DKK,-2.28,1.000000,DKK,-2.28,prosubmonth,,4994183596643847628,Yes,15,SUBSCRIPTIONS,,
GPA.3366-4253-4070-52663,"Apr 28, 2026",1:50:50 AM PDT,,Charge,,Pro Subscription (WF Solver),com.deepinkcode.wordfeudsolver,Subscription,prosub,rubypro,SE,,76163,SEK,22.40,0.690260,DKK,15.46,prosubmonth,,4994183596643847628,Yes,,,,In-app
GPA.3366-4253-4070-52663,"Apr 28, 2026",1:50:50 AM PDT,,Google fee,,Pro Subscription (WF Solver),com.deepinkcode.wordfeudsolver,Subscription,prosub,rubypro,SE,,76163,SEK,-3.36,0.690260,DKK,-2.32,prosubmonth,,4994183596643847628,Yes,15,SUBSCRIPTIONS,,In-app
GPA.3302-8419-4999-30523..3,"Apr 28, 2026",2:01:14 AM PDT,,Charge,,Pro Subscription (Words With Friends Solver),com.deepinkcode.wordswithfriendssolver,Subscription,prosub,,AU,,2024,AUD,3.63,4.584200,DKK,16.64,prosub,,4994183596643847628,Yes,,,,
GPA.3302-8419-4999-30523..3,"Apr 28, 2026",2:01:14 AM PDT,,Google fee,,Pro Subscription (Words With Friends Solver),com.deepinkcode.wordswithfriendssolver,Subscription,prosub,,AU,,2024,AUD,-0.54,4.584200,DKK,-2.48,prosub,,4994183596643847628,Yes,15,SUBSCRIPTIONS,,
GPA.3319-0813-8213-30212..7,"Apr 28, 2026",2:19:33 AM PDT,,Charge,,Pro Subscription (Scrabble GO Cheat),com.deepinkcode.scrabblegocheat,Subscription,prosub,,GB,,NR3 4JP,GBP,1.74,8.628800,DKK,15.01,prosubmonth,,4994183596643847628,Yes,,,,
GPA.3319-0813-8213-30212..7,"Apr 28, 2026",2:19:33 AM PDT,,Google fee,,Pro Subscription (Scrabble GO Cheat),com.deepinkcode.scrabblegocheat,Subscription,prosub,,GB,,NR3 4JP,GBP,-0.26,8.628800,DKK,-2.24,prosubmonth,,4994183596643847628,Yes,15,SUBSCRIPTIONS,,
GPA.3365-8643-1924-21650..10,"Apr 28, 2026",2:33:36 AM PDT,,Charge,,Pro Subscription (WF Solver),com.deepinkcode.wordfeudsolver,Subscription,prosub,,SE,,73141,SEK,23.20,0.690100,DKK,16.01,prosubmonth,,4994183596643847628,Yes,,,,
GPA.3365-8643-1924-21650..10,"Apr 28, 2026",2:33:36 AM PDT,,Google fee,,Pro Subscription (WF Solver),com.deepinkcode.wordfeudsolver,Subscription,prosub,,SE,,73141,SEK,-3.48,0.690100,DKK,-2.40,prosubmonth,,4994183596643847628,Yes,15,SUBSCRIPTIONS,,
GPA.3307-9352-5401-47698..8,"Apr 28, 2026",2:50:15 AM PDT,,Charge,,Pro Subscription (WF Solver),com.deepinkcode.wordfeudsolver,Subscription,prosub,,NL,,2291nj,EUR,1.98,7.472700,DKK,14.80,prosubmonth,,4994183596643847628,Yes,,,,
GPA.3307-9352-5401-47698..8,"Apr 28, 2026",2:50:15 AM PDT,,Google fee,,Pro Subscription (WF Solver),com.deepinkcode.wordfeudsolver,Subscription,prosub,,NL,,2291nj,EUR,-0.30,7.472700,DKK,-2.25,prosubmonth,,4994183596643847628,Yes,15,SUBSCRIPTIONS,,
GPA.3386-0512-2555-48427..17,"Apr 28, 2026",2:56:06 AM PDT,,Charge,,Pro Subscription (WF Solver),com.deepinkcode.wordfeudsolver,Subscription,prosub,,SE,,89144,SEK,23.20,0.690100,DKK,16.01,prosubmonth,,4994183596643847628,Yes,,,,
GPA.3386-0512-2555-48427..17,"Apr 28, 2026",2:56:06 AM PDT,,Google fee,,Pro Subscription (WF Solver),com.deepinkcode.wordfeudsolver,Subscription,prosub,,SE,,89144,SEK,-3.48,0.690100,DKK,-2.40,prosubmonth,,4994183596643847628,Yes,15,SUBSCRIPTIONS,,
GPA.3339-0608-2385-65995..9,"Apr 28, 2026",3:13:06 AM PDT,,Charge,,Pro Subscription (WF Solver),com.deepinkcode.wordfeudsolver,Subscription,prosub,,NL,,4451 AS,EUR,1.98,7.472600,DKK,14.80,prosubmonth,,4994183596643847628,Yes,,,,
GPA.3339-0608-2385-65995..9,"Apr 28, 2026",3:13:06 AM PDT,,Google fee,,Pro Subscription (WF Solver),com.deepinkcode.wordfeudsolver,Subscription,prosub,,NL,,4451 AS,EUR,-0.30,7.472600,DKK,-2.25,prosubmonth,,4994183596643847628,Yes,15,SUBSCRIPTIONS,,
GPA.3391-3620-5876-08466..9,"Apr 28, 2026",3:13:39 AM PDT,,Charge,,Pro Subscription (WF Solver),com.deepinkcode.wordfeudsolver,Subscription,prosub,,SE,,76160,SEK,23.20,0.690110,DKK,16.01,prosubmonth,,4994183596643847628,Yes,,,,
GPA.3391-3620-5876-08466..9,"Apr 28, 2026",3:13:39 AM PDT,,Google fee,,Pro Subscription (WF Solver),com.deepinkcode.wordfeudsolver,Subscription,prosub,,SE,,76160,SEK,-3.48,0.690110,DKK,-2.40,prosubmonth,,4994183596643847628,Yes,15,SUBSCRIPTIONS,,
GPA.3387-9113-2302-63344..14,"Apr 28, 2026",3:50:25 AM PDT,,Charge,,Pro Subscription (WF Solver),com.deepinkcode.wordfeudsolver,Subscription,prosub,,NL,,9883 PR,EUR,1.98,7.472600,DKK,14.80,prosubmonth,,4994183596643847628,Yes,,,,
GPA.3387-9113-2302-63344..14,"Apr 28, 2026",3:50:25 AM PDT,,Google fee,,Pro Subscription (WF Solver),com.deepinkcode.wordfeudsolver,Subscription,prosub,,NL,,9883 PR,EUR,-0.30,7.472600,DKK,-2.25,prosubmonth,,4994183596643847628,Yes,15,SUBSCRIPTIONS,,
GPA.3337-7038-6560-21485..2,"Apr 28, 2026",3:56:13 AM PDT,,Charge,,Pro Subscription (WF Solver),com.deepinkcode.wordfeudsolver,Subscription,prosub,,NO,,4825,NOK,24.00,0.687060,DKK,16.49,prosubmonth,,4994183596643847628,Yes,,,,
GPA.3337-7038-6560-21485..2,"Apr 28, 2026",3:56:13 AM PDT,,Google fee,,Pro Subscription (WF Solver),com.deepinkcode.wordfeudsolver,Subscription,prosub,,NO,,4825,NOK,-3.60,0.687060,DKK,-2.47,prosubmonth,,4994183596643847628,Yes,15,SUBSCRIPTIONS,,
GPA.3329-2804-3691-39887..6,"Apr 28, 2026",4:29:52 AM PDT,,Charge,,Pro Subscription (WF Solver),com.deepinkcode.wordfeudsolver,Subscription,prosub,,NO,,2013,NOK,24.00,0.687660,DKK,16.50,prosubmonth,,4994183596643847628,Yes,,,,
GPA.3329-2804-3691-39887..6,"Apr 28, 2026",4:29:52 AM PDT,,Google fee,,Pro Subscription (WF Solver),com.deepinkcode.wordfeudsolver,Subscription,prosub,,NO,,2013,NOK,-3.60,0.687660,DKK,-2.47,prosubmonth,,4994183596643847628,Yes,15,SUBSCRIPTIONS,,
GPA.3365-5414-6919-25368..10,"Apr 28, 2026",4:30:22 AM PDT,,Charge,,Pro Subscription (WF Solver),com.deepinkcode.wordfeudsolver,Subscription,prosub,,DK,,2670,DKK,15.20,1.000000,DKK,15.20,prosubmonth,,4994183596643847628,Yes,,,,
GPA.3365-5414-6919-25368..10,"Apr 28, 2026",4:30:22 AM PDT,,Google fee,,Pro Subscription (WF Solver),com.deepinkcode.wordfeudsolver,Subscription,prosub,,DK,,2670,DKK,-2.28,1.000000,DKK,-2.28,prosubmonth,,4994183596643847628,Yes,15,SUBSCRIPTIONS,,
GPA.3388-5513-1505-61004..17,"Apr 28, 2026",4:34:26 AM PDT,,Charge,,Pro Subscription (WF Solver),com.deepinkcode.wordfeudsolver,Subscription,prosub,,NL,,2151 LA,EUR,1.98,7.472800,DKK,14.80,prosubmonth,,4994183596643847628,Yes,,,,
GPA.3388-5513-1505-61004..17,"Apr 28, 2026",4:34:26 AM PDT,,Google fee,,Pro Subscription (WF Solver),com.deepinkcode.wordfeudsolver,Subscription,prosub,,NL,,2151 LA,EUR,-0.30,7.472800,DKK,-2.25,prosubmonth,,4994183596643847628,Yes,15,SUBSCRIPTIONS,,
GPA.3372-3373-2319-76182..7,"Apr 28, 2026",5:04:19 AM PDT,,Charge,,Pro Subscription (WF Solver),com.deepinkcode.wordfeudsolver,Subscription,prosub,,NL,,7631 AR,EUR,1.98,7.472600,DKK,14.80,prosubmonth,,4994183596643847628,Yes,,,,
GPA.3372-3373-2319-76182..7,"Apr 28, 2026",5:04:19 AM PDT,,Google fee,,Pro Subscription (WF Solver),com.deepinkcode.wordfeudsolver,Subscription,prosub,,NL,,7631 AR,EUR,-0.30,7.472600,DKK,-2.25,prosubmonth,,4994183596643847628,Yes,15,SUBSCRIPTIONS,,
GPA.3300-3033-4907-96538..10,"Apr 28, 2026",5:08:16 AM PDT,,Charge,,Pro Subscription (WF Solver),com.deepinkcode.wordfeudsolver,Subscription,prosub,,NL,,2265 BS,EUR,1.98,7.472600,DKK,14.80,prosubmonth,,4994183596643847628,Yes,,,,
GPA.3300-3033-4907-96538..10,"Apr 28, 2026",5:08:16 AM PDT,,Google fee,,Pro Subscription (WF Solver),com.deepinkcode.wordfeudsolver,Subscription,prosub,,NL,,2265 BS,EUR,-0.30,7.472600,DKK,-2.25,prosubmonth,,4994183596643847628,Yes,15,SUBSCRIPTIONS,,
GPA.3365-6308-8752-26355..1,"Apr 28, 2026",5:08:57 AM PDT,,Charge,,Pro Subscription (Words With Friends Solver),com.deepinkcode.wordswithfriendssolver,Subscription,prosub,,US,MI,48224,USD,2.49,6.389100,DKK,15.91,prosub,,4994183596643847628,Yes,,,,
GPA.3365-6308-8752-26355..1,"Apr 28, 2026",5:08:57 AM PDT,,Google fee,,Pro Subscription (Words With Friends Solver),com.deepinkcode.wordswithfriendssolver,Subscription,prosub,,US,MI,48224,USD,-0.37,6.389100,DKK,-2.36,prosub,,4994183596643847628,Yes,15,SUBSCRIPTIONS,,
GPA.3368-9839-8837-54111..4,"Apr 28, 2026",5:51:28 AM PDT,,Charge,,Pro Subscription (WF Solver),com.deepinkcode.wordfeudsolver,Subscription,prosub,,NO,,1765,NOK,24.00,0.687150,DKK,16.49,prosubmonth,,4994183596643847628,Yes,,,,
GPA.3368-9839-8837-54111..4,"Apr 28, 2026",5:51:28 AM PDT,,Google fee,,Pro Subscription (WF Solver),com.deepinkcode.wordfeudsolver,Subscription,prosub,,NO,,1765,NOK,-3.60,0.687150,DKK,-2.47,prosubmonth,,4994183596643847628,Yes,15,SUBSCRIPTIONS,,
GPA.3360-5522-2475-80239..14,"Apr 28, 2026",6:05:57 AM PDT,,Charge,,Pro Subscription (WF Solver),com.deepinkcode.wordfeudsolver,Subscription,prosub,,NL,,7881XE,EUR,1.98,7.472200,DKK,14.79,prosubmonth,,4994183596643847628,Yes,,,,
GPA.3360-5522-2475-80239..14,"Apr 28, 2026",6:05:57 AM PDT,,Google fee,,Pro Subscription (WF Solver),com.deepinkcode.wordfeudsolver,Subscription,prosub,,NL,,7881XE,EUR,-0.30,7.472200,DKK,-2.24,prosubmonth,,4994183596643847628,Yes,15,SUBSCRIPTIONS,,
GPA.3362-2046-9107-22704..9,"Apr 28, 2026",6:06:26 AM PDT,,Charge,,Pro Subscription (WF Solver),com.deepinkcode.wordfeudsolver,Subscription,prosub,,DK,,6040,DKK,15.20,1.000000,DKK,15.20,prosubmonth,,4994183596643847628,Yes,,,,
GPA.3362-2046-9107-22704..9,"Apr 28, 2026",6:06:26 AM PDT,,Google fee,,Pro Subscription (WF Solver),com.deepinkcode.wordfeudsolver,Subscription,prosub,,DK,,6040,DKK,-2.28,1.000000,DKK,-2.28,prosubmonth,,4994183596643847628,Yes,15,SUBSCRIPTIONS,,
GPA.3375-4804-5658-58812,"Apr 28, 2026",6:17:49 AM PDT,,Charge,,Pro (WF Solver),com.deepinkcode.wordfeudsolver,One-time product,pro,e3q,NL,,8303 AS,EUR,23.96,7.472200,DKK,179.03,legacy-base,,4994183596643847628,Yes,,,,In-app
GPA.3375-4804-5658-58812,"Apr 28, 2026",6:17:49 AM PDT,,Google fee,,Pro (WF Solver),com.deepinkcode.wordfeudsolver,One-time product,pro,e3q,NL,,8303 AS,EUR,-3.59,7.472200,DKK,-26.82,legacy-base,,4994183596643847628,Yes,15,,,In-app
GPA.3331-3381-1953-61617,"Apr 28, 2026",6:19:56 AM PDT,,Charge,,Pro Subscription (WF Solver),com.deepinkcode.wordfeudsolver,Subscription,prosub,m2s,SE,,66431,SEK,22.40,0.688430,DKK,15.42,prosubmonth,,4994183596643847628,Yes,,,,In-app
GPA.3331-3381-1953-61617,"Apr 28, 2026",6:19:56 AM PDT,,Google fee,,Pro Subscription (WF Solver),com.deepinkcode.wordfeudsolver,Subscription,prosub,m2s,SE,,66431,SEK,-3.36,0.688430,DKK,-2.31,prosubmonth,,4994183596643847628,Yes,15,SUBSCRIPTIONS,,In-app
GPA.3385-0955-3957-96211..16,"Apr 28, 2026",6:32:16 AM PDT,,Charge,,Pro Subscription (WF Solver),com.deepinkcode.wordfeudsolver,Subscription,prosub,,NL,,5211 XK,EUR,1.98,7.472200,DKK,14.79,prosubmonth,,4994183596643847628,Yes,,,,
GPA.3385-0955-3957-96211..16,"Apr 28, 2026",6:32:16 AM PDT,,Google fee,,Pro Subscription (WF Solver),com.deepinkcode.wordfeudsolver,Subscription,prosub,,NL,,5211 XK,EUR,-0.30,7.472200,DKK,-2.24,prosubmonth,,4994183596643847628,Yes,15,SUBSCRIPTIONS,,
GPA.3344-8760-9029-49367..9,"Apr 28, 2026",7:36:20 AM PDT,,Charge,,Pro Subscription (WF Solver),com.deepinkcode.wordfeudsolver,Subscription,prosub,,NL,,7326RC,EUR,1.98,7.472500,DKK,14.80,prosubmonth,,4994183596643847628,Yes,,,,
GPA.3344-8760-9029-49367..9,"Apr 28, 2026",7:36:20 AM PDT,,Google fee,,Pro Subscription (WF Solver),com.deepinkcode.wordfeudsolver,Subscription,prosub,,NL,,7326RC,EUR,-0.30,7.472500,DKK,-2.25,prosubmonth,,4994183596643847628,Yes,15,SUBSCRIPTIONS,,
GPA.3344-5115-5480-74390..5,"Apr 28, 2026",7:59:30 AM PDT,,Charge,,Pro Subscription (Words With Friends Solver),com.deepinkcode.wordswithfriendssolver,Subscription,prosub,,US,LA,70754,USD,2.49,6.388600,DKK,15.91,prosub,,4994183596643847628,Yes,,,,
GPA.3344-5115-5480-74390..5,"Apr 28, 2026",7:59:30 AM PDT,,Google fee,,Pro Subscription (Words With Friends Solver),com.deepinkcode.wordswithfriendssolver,Subscription,prosub,,US,LA,70754,USD,-0.37,6.388600,DKK,-2.36,prosub,,4994183596643847628,Yes,15,SUBSCRIPTIONS,,
GPA.3354-5362-5099-09018..9,"Apr 28, 2026",8:03:23 AM PDT,,Charge,,Pro Subscription (WF Solver),com.deepinkcode.wordfeudsolver,Subscription,prosub,,SE,,42166,SEK,23.20,0.689030,DKK,15.99,prosubmonth,,4994183596643847628,Yes,,,,
GPA.3354-5362-5099-09018..9,"Apr 28, 2026",8:03:23 AM PDT,,Google fee,,Pro Subscription (WF Solver),com.deepinkcode.wordfeudsolver,Subscription,prosub,,SE,,42166,SEK,-3.48,0.689030,DKK,-2.40,prosubmonth,,4994183596643847628,Yes,15,SUBSCRIPTIONS,,
GPA.3395-6999-7179-54061..3,"Apr 28, 2026",8:12:08 AM PDT,,Charge,,Pro Subscription (WF Solver),com.deepinkcode.wordfeudsolver,Subscription,prosub,,SE,,81531,SEK,22.40,0.689030,DKK,15.43,prosubmonth,,4994183596643847628,Yes,,,,
GPA.3395-6999-7179-54061..3,"Apr 28, 2026",8:12:08 AM PDT,,Google fee,,Pro Subscription (WF Solver),com.deepinkcode.wordfeudsolver,Subscription,prosub,,SE,,81531,SEK,-3.36,0.689030,DKK,-2.31,prosubmonth,,4994183596643847628,Yes,15,SUBSCRIPTIONS,,
GPA.3323-3527-7996-61316..11,"Apr 28, 2026",8:13:37 AM PDT,,Charge,,Pro Subscription (WF Solver),com.deepinkcode.wordfeudsolver,Subscription,prosub,,DK,,4681,DKK,15.20,1.000000,DKK,15.20,prosubmonth,,4994183596643847628,Yes,,,,
GPA.3323-3527-7996-61316..11,"Apr 28, 2026",8:13:37 AM PDT,,Google fee,,Pro Subscription (WF Solver),com.deepinkcode.wordfeudsolver,Subscription,prosub,,DK,,4681,DKK,-2.28,1.000000,DKK,-2.28,prosubmonth,,4994183596643847628,Yes,15,SUBSCRIPTIONS,,
GPA.3390-3944-8985-71206..12,"Apr 28, 2026",8:15:30 AM PDT,,Charge,,Pro Subscription (Words With Friends Solver),com.deepinkcode.wordswithfriendssolver,Subscription,prosub,,US,MI,48192,USD,1.99,6.389200,DKK,12.71,prosub,,4994183596643847628,Yes,,,,
GPA.3390-3944-8985-71206..12,"Apr 28, 2026",8:15:30 AM PDT,,Google fee,,Pro Subscription (Words With Friends Solver),com.deepinkcode.wordswithfriendssolver,Subscription,prosub,,US,MI,48192,USD,-0.30,6.389200,DKK,-1.92,prosub,,4994183596643847628,Yes,15,SUBSCRIPTIONS,,
GPA.3353-5764-5433-16635..2,"Apr 28, 2026",8:29:33 AM PDT,,Charge,,Pro Subscription (WF Solver),com.deepinkcode.wordfeudsolver,Subscription,prosub,,SE,,681 91,SEK,22.40,0.689030,DKK,15.43,prosubmonth,,4994183596643847628,Yes,,,,
GPA.3353-5764-5433-16635..2,"Apr 28, 2026",8:29:33 AM PDT,,Google fee,,Pro Subscription (WF Solver),com.deepinkcode.wordfeudsolver,Subscription,prosub,,SE,,681 91,SEK,-3.36,0.689030,DKK,-2.31,prosubmonth,,4994183596643847628,Yes,15,SUBSCRIPTIONS,,
GPA.3350-0307-3537-86204..14,"Apr 28, 2026",8:41:25 AM PDT,,Charge,,Pro Subscription (WF Solver),com.deepinkcode.wordfeudsolver,Subscription,prosub,,NL,,3262RD,EUR,1.98,7.472300,DKK,14.80,prosubmonth,,4994183596643847628,Yes,,,,
GPA.3350-0307-3537-86204..14,"Apr 28, 2026",8:41:25 AM PDT,,Google fee,,Pro Subscription (WF Solver),com.deepinkcode.wordfeudsolver,Subscription,prosub,,NL,,3262RD,EUR,-0.30,7.472300,DKK,-2.25,prosubmonth,,4994183596643847628,Yes,15,SUBSCRIPTIONS,,
GPA.3317-1342-1765-39724..2,"Apr 28, 2026",9:05:07 AM PDT,,Charge,,Pro Subscription (WF Solver),com.deepinkcode.wordfeudsolver,Subscription,prosub,,SE,,59075,SEK,22.40,0.687950,DKK,15.41,prosubmonth,,4994183596643847628,Yes,,,,
GPA.3317-1342-1765-39724..2,"Apr 28, 2026",9:05:07 AM PDT,,Google fee,,Pro Subscription (WF Solver),com.deepinkcode.wordfeudsolver,Subscription,prosub,,SE,,59075,SEK,-3.36,0.687950,DKK,-2.31,prosubmonth,,4994183596643847628,Yes,15,SUBSCRIPTIONS,,
GPA.3388-0014-6778-10461..15,"Apr 28, 2026",9:09:05 AM PDT,,Charge,,Pro Subscription (WF Solver),com.deepinkcode.wordfeudsolver,Subscription,prosub,,NL,,4112NA,EUR,1.98,7.472800,DKK,14.80,prosubmonth,,4994183596643847628,Yes,,,,
GPA.3388-0014-6778-10461..15,"Apr 28, 2026",9:09:05 AM PDT,,Google fee,,Pro Subscription (WF Solver),com.deepinkcode.wordfeudsolver,Subscription,prosub,,NL,,4112NA,EUR,-0.30,7.472800,DKK,-2.25,prosubmonth,,4994183596643847628,Yes,15,SUBSCRIPTIONS,,
GPA.3391-8202-0804-30624..14,"Apr 28, 2026",9:49:30 AM PDT,,Charge,,Pro Subscription (WF Solver),com.deepinkcode.wordfeudsolver,Subscription,prosub,,NL,,3122KH,EUR,1.98,7.472800,DKK,14.80,prosubmonth,,4994183596643847628,Yes,,,,
GPA.3391-8202-0804-30624..14,"Apr 28, 2026",9:49:30 AM PDT,,Google fee,,Pro Subscription (WF Solver),com.deepinkcode.wordfeudsolver,Subscription,prosub,,NL,,3122KH,EUR,-0.30,7.472800,DKK,-2.25,prosubmonth,,4994183596643847628,Yes,15,SUBSCRIPTIONS,,
GPA.3311-7264-5539-40468..7,"Apr 28, 2026",10:04:11 AM PDT,,Charge,,Pro Subscription (WF Solver),com.deepinkcode.wordfeudsolver,Subscription,prosub,,NL,,3892 CS,EUR,1.98,7.472300,DKK,14.80,prosubmonth,,4994183596643847628,Yes,,,,
GPA.3311-7264-5539-40468..7,"Apr 28, 2026",10:04:11 AM PDT,,Google fee,,Pro Subscription (WF Solver),com.deepinkcode.wordfeudsolver,Subscription,prosub,,NL,,3892 CS,EUR,-0.30,7.472300,DKK,-2.25,prosubmonth,,4994183596643847628,Yes,15,SUBSCRIPTIONS,,
GPA.3340-5296-8323-21069..15,"Apr 28, 2026",10:23:47 AM PDT,,Charge,,Pro Subscription (WF Solver),com.deepinkcode.wordfeudsolver,Subscription,prosub,,NO,,1675,NOK,24.00,0.684800,DKK,16.44,prosubmonth,,4994183596643847628,Yes,,,,
GPA.3340-5296-8323-21069..15,"Apr 28, 2026",10:23:47 AM PDT,,Google fee,,Pro Subscription (WF Solver),com.deepinkcode.wordfeudsolver,Subscription,prosub,,NO,,1675,NOK,-3.60,0.684800,DKK,-2.47,prosubmonth,,4994183596643847628,Yes,15,SUBSCRIPTIONS,,
GPA.3375-5428-8350-83852..4,"Apr 28, 2026",10:38:38 AM PDT,,Charge,,Pro Subscription (Words With Friends Solver),com.deepinkcode.wordswithfriendssolver,Subscription,prosub,,US,MI,48221,USD,2.49,6.379100,DKK,15.88,prosub,,4994183596643847628,Yes,,,,
GPA.3375-5428-8350-83852..4,"Apr 28, 2026",10:38:38 AM PDT,,Google fee,,Pro Subscription (Words With Friends Solver),com.deepinkcode.wordswithfriendssolver,Subscription,prosub,,US,MI,48221,USD,-0.37,6.379100,DKK,-2.36,prosub,,4994183596643847628,Yes,15,SUBSCRIPTIONS,,
GPA.3339-4505-6499-35531..4,"Apr 28, 2026",10:51:44 AM PDT,,Charge,,Pro Subscription (WF Solver),com.deepinkcode.wordfeudsolver,Subscription,prosub,,SE,,47192,SEK,22.40,0.688450,DKK,15.42,prosubmonth,,4994183596643847628,Yes,,,,
GPA.3339-4505-6499-35531..4,"Apr 28, 2026",10:51:44 AM PDT,,Google fee,,Pro Subscription (WF Solver),com.deepinkcode.wordfeudsolver,Subscription,prosub,,SE,,47192,SEK,-3.36,0.688450,DKK,-2.31,prosubmonth,,4994183596643847628,Yes,15,SUBSCRIPTIONS,,
GPA.3345-8643-0816-69450..7,"Apr 28, 2026",11:09:15 AM PDT,,Charge,,Pro Subscription (Words With Friends Solver),com.deepinkcode.wordswithfriendssolver,Subscription,prosub,,GB,,DT49HL,GBP,1.74,8.623200,DKK,15.00,prosub,,4994183596643847628,Yes,,,,
GPA.3345-8643-0816-69450..7,"Apr 28, 2026",11:09:15 AM PDT,,Google fee,,Pro Subscription (Words With Friends Solver),com.deepinkcode.wordswithfriendssolver,Subscription,prosub,,GB,,DT49HL,GBP,-0.26,8.623200,DKK,-2.24,prosub,,4994183596643847628,Yes,15,SUBSCRIPTIONS,,
GPA.3358-9286-4908-31310..5,"Apr 28, 2026",11:13:12 AM PDT,,Charge,,Pro Subscription (WF Solver),com.deepinkcode.wordfeudsolver,Subscription,prosub,,NL,,9288 BW,EUR,1.98,7.472500,DKK,14.80,prosubmonth,,4994183596643847628,Yes,,,,
GPA.3358-9286-4908-31310..5,"Apr 28, 2026",11:13:12 AM PDT,,Google fee,,Pro Subscription (WF Solver),com.deepinkcode.wordfeudsolver,Subscription,prosub,,NL,,9288 BW,EUR,-0.30,7.472500,DKK,-2.25,prosubmonth,,4994183596643847628,Yes,15,SUBSCRIPTIONS,,
GPA.3352-2652-0872-31260..2,"Apr 28, 2026",11:31:51 AM PDT,,Charge,,Pro Subscription (WF Solver),com.deepinkcode.wordfeudsolver,Subscription,prosub,,DK,,2770,DKK,15.20,1.000000,DKK,15.20,prosubmonth,,4994183596643847628,Yes,,,,
GPA.3352-2652-0872-31260..2,"Apr 28, 2026",11:31:51 AM PDT,,Google fee,,Pro Subscription (WF Solver),com.deepinkcode.wordfeudsolver,Subscription,prosub,,DK,,2770,DKK,-2.28,1.000000,DKK,-2.28,prosubmonth,,4994183596643847628,Yes,15,SUBSCRIPTIONS,,
GPA.3325-5310-5549-06512..11,"Apr 28, 2026",12:10:40 PM PDT,,Charge,,Pro Subscription (Words With Friends Solver),com.deepinkcode.wordswithfriendssolver,Subscription,prosub,,US,MN,55423,USD,1.99,6.378200,DKK,12.69,prosub,,4994183596643847628,Yes,,,,
GPA.3325-5310-5549-06512..11,"Apr 28, 2026",12:10:40 PM PDT,,Google fee,,Pro Subscription (Words With Friends Solver),com.deepinkcode.wordswithfriendssolver,Subscription,prosub,,US,MN,55423,USD,-0.30,6.378200,DKK,-1.91,prosub,,4994183596643847628,Yes,15,SUBSCRIPTIONS,,
GPA.3387-2766-3927-05277,"Apr 28, 2026",12:11:04 PM PDT,,Charge,,Pro (WF Solver),com.deepinkcode.wordfeudsolver,One-time product,pro,a56x,NL,,6852JW,EUR,23.96,7.472500,DKK,179.04,legacy-base,,4994183596643847628,Yes,,,,In-app
GPA.3387-2766-3927-05277,"Apr 28, 2026",12:11:04 PM PDT,,Google fee,,Pro (WF Solver),com.deepinkcode.wordfeudsolver,One-time product,pro,a56x,NL,,6852JW,EUR,-3.59,7.472500,DKK,-26.83,legacy-base,,4994183596643847628,Yes,15,,,In-app
GPA.3337-4408-5475-37532..7,"Apr 28, 2026",12:14:23 PM PDT,,Charge,,Pro Subscription (Scrabble GO Cheat),com.deepinkcode.scrabblegocheat,Subscription,prosub,,US,TN,37604,USD,2.49,6.378200,DKK,15.88,prosubmonth,,4994183596643847628,Yes,,,,
GPA.3337-4408-5475-37532..7,"Apr 28, 2026",12:14:23 PM PDT,,Google fee,,Pro Subscription (Scrabble GO Cheat),com.deepinkcode.scrabblegocheat,Subscription,prosub,,US,TN,37604,USD,-0.37,6.378200,DKK,-2.36,prosubmonth,,4994183596643847628,Yes,15,SUBSCRIPTIONS,,
GPA.3397-6479-4182-29791..0,"Apr 28, 2026",12:18:14 PM PDT,,Charge,,Pro Subscription (Words With Friends Solver),com.deepinkcode.wordswithfriendssolver,Subscription,prosub,,CA,QC,H7M 5Z4,CAD,3.19,4.663900,DKK,14.88,prosub,,4994183596643847628,Yes,,,,
GPA.3397-6479-4182-29791..0,"Apr 28, 2026",12:18:14 PM PDT,,Google fee,,Pro Subscription (Words With Friends Solver),com.deepinkcode.wordswithfriendssolver,Subscription,prosub,,CA,QC,H7M 5Z4,CAD,-0.48,4.663900,DKK,-2.24,prosub,,4994183596643847628,Yes,15,SUBSCRIPTIONS,,
GPA.3315-2453-0220-16870..5,"Apr 28, 2026",12:22:56 PM PDT,,Charge,,Pro Subscription (WF Solver),com.deepinkcode.wordfeudsolver,Subscription,prosub,,SE,,96131,SEK,22.40,0.688040,DKK,15.41,prosubmonth,,4994183596643847628,Yes,,,,
GPA.3315-2453-0220-16870..5,"Apr 28, 2026",12:22:56 PM PDT,,Google fee,,Pro Subscription (WF Solver),com.deepinkcode.wordfeudsolver,Subscription,prosub,,SE,,96131,SEK,-3.36,0.688040,DKK,-2.31,prosubmonth,,4994183596643847628,Yes,15,SUBSCRIPTIONS,,
GPA.3316-3891-4196-53387,"Apr 28, 2026",12:23:45 PM PDT,,Charge,,Pro Subscription (WF Solver),com.deepinkcode.wordfeudsolver,Subscription,prosub,r8s,NL,,7552 ZP,EUR,1.98,7.472500,DKK,14.80,prosubmonth,,4994183596643847628,Yes,,,,In-app
GPA.3316-3891-4196-53387,"Apr 28, 2026",12:23:45 PM PDT,,Google fee,,Pro Subscription (WF Solver),com.deepinkcode.wordfeudsolver,Subscription,prosub,r8s,NL,,7552 ZP,EUR,-0.30,7.472500,DKK,-2.25,prosubmonth,,4994183596643847628,Yes,15,SUBSCRIPTIONS,,In-app
GPA.3368-1155-0562-84423..8,"Apr 28, 2026",12:24:09 PM PDT,,Charge,,Pro Subscription (WF Solver),com.deepinkcode.wordfeudsolver,Subscription,prosub,,NL,,5171 WJ,EUR,1.98,7.472500,DKK,14.80,prosubmonth,,4994183596643847628,Yes,,,,
GPA.3368-1155-0562-84423..8,"Apr 28, 2026",12:24:09 PM PDT,,Google fee,,Pro Subscription (WF Solver),com.deepinkcode.wordfeudsolver,Subscription,prosub,,NL,,5171 WJ,EUR,-0.30,7.472500,DKK,-2.25,prosubmonth,,4994183596643847628,Yes,15,SUBSCRIPTIONS,,
GPA.3358-8932-8035-61337..11,"Apr 28, 2026",12:39:47 PM PDT,,Charge,,Pro Subscription (WF Solver),com.deepinkcode.wordfeudsolver,Subscription,prosub,,SE,,41482,SEK,23.20,0.688040,DKK,15.96,prosubmonth,,4994183596643847628,Yes,,,,
GPA.3358-8932-8035-61337..11,"Apr 28, 2026",12:39:47 PM PDT,,Google fee,,Pro Subscription (WF Solver),com.deepinkcode.wordfeudsolver,Subscription,prosub,,SE,,41482,SEK,-3.48,0.688040,DKK,-2.39,prosubmonth,,4994183596643847628,Yes,15,SUBSCRIPTIONS,,
GPA.3315-4789-9259-28224..8,"Apr 28, 2026",12:56:39 PM PDT,,Charge,,Pro Subscription (Words With Friends Solver),com.deepinkcode.wordswithfriendssolver,Subscription,prosub,,US,CA,92376,USD,2.49,6.378200,DKK,15.88,prosub,,4994183596643847628,Yes,,,,
GPA.3315-4789-9259-28224..8,"Apr 28, 2026",12:56:39 PM PDT,,Google fee,,Pro Subscription (Words With Friends Solver),com.deepinkcode.wordswithfriendssolver,Subscription,prosub,,US,CA,92376,USD,-0.37,6.378200,DKK,-2.36,prosub,,4994183596643847628,Yes,15,SUBSCRIPTIONS,,
GPA.3312-0599-9315-57570..5,"Apr 28, 2026",12:56:42 PM PDT,,Charge,,Pro Subscription (WF Solver),com.deepinkcode.wordfeudsolver,Subscription,prosub,,NL,,1403 KC,EUR,1.98,7.472500,DKK,14.80,prosubmonth,,4994183596643847628,Yes,,,,
GPA.3312-0599-9315-57570..5,"Apr 28, 2026",12:56:42 PM PDT,,Google fee,,Pro Subscription (WF Solver),com.deepinkcode.wordfeudsolver,Subscription,prosub,,NL,,1403 KC,EUR,-0.30,7.472500,DKK,-2.25,prosubmonth,,4994183596643847628,Yes,15,SUBSCRIPTIONS,,
GPA.3379-6030-1040-10855..5,"Apr 28, 2026",1:12:44 PM PDT,,Charge,,Pro Subscription (Words With Friends Solver),com.deepinkcode.wordswithfriendssolver,Subscription,prosub,,US,NJ,07480,USD,2.49,6.379200,DKK,15.88,prosub,,4994183596643847628,Yes,,,,
GPA.3379-6030-1040-10855..5,"Apr 28, 2026",1:12:44 PM PDT,,Google fee,,Pro Subscription (Words With Friends Solver),com.deepinkcode.wordswithfriendssolver,Subscription,prosub,,US,NJ,07480,USD,-0.37,6.379200,DKK,-2.36,prosub,,4994183596643847628,Yes,15,SUBSCRIPTIONS,,
GPA.3353-4611-5512-84260..3,"Apr 28, 2026",1:32:41 PM PDT,,Charge,,Pro Subscription (WF Solver),com.deepinkcode.wordfeudsolver,Subscription,prosub,,SE,,87033,SEK,22.40,0.688330,DKK,15.42,prosubmonth,,4994183596643847628,Yes,,,,
GPA.3353-4611-5512-84260..3,"Apr 28, 2026",1:32:41 PM PDT,,Google fee,,Pro Subscription (WF Solver),com.deepinkcode.wordfeudsolver,Subscription,prosub,,SE,,87033,SEK,-3.36,0.688330,DKK,-2.31,prosubmonth,,4994183596643847628,Yes,15,SUBSCRIPTIONS,,
GPA.3377-4720-1776-43133..12,"Apr 28, 2026",1:42:25 PM PDT,,Charge,,Pro Subscription (WF Solver),com.deepinkcode.wordfeudsolver,Subscription,prosub,,NL,,6191HX,EUR,1.98,7.472400,DKK,14.80,prosubmonth,,4994183596643847628,Yes,,,,
GPA.3377-4720-1776-43133..12,"Apr 28, 2026",1:42:25 PM PDT,,Google fee,,Pro Subscription (WF Solver),com.deepinkcode.wordfeudsolver,Subscription,prosub,,NL,,6191HX,EUR,-0.30,7.472400,DKK,-2.25,prosubmonth,,4994183596643847628,Yes,15,SUBSCRIPTIONS,,
GPA.3325-6437-6428-11667..0,"Apr 28, 2026",1:44:06 PM PDT,,Charge,,Pro Subscription (Words With Friends Solver),com.deepinkcode.wordswithfriendssolver,Subscription,prosub,,US,TX,75150,USD,2.49,6.379200,DKK,15.88,prosub,,4994183596643847628,Yes,,,,
GPA.3325-6437-6428-11667..0,"Apr 28, 2026",1:44:06 PM PDT,,Google fee,,Pro Subscription (Words With Friends Solver),com.deepinkcode.wordswithfriendssolver,Subscription,prosub,,US,TX,75150,USD,-0.37,6.379200,DKK,-2.36,prosub,,4994183596643847628,Yes,15,SUBSCRIPTIONS,,
GPA.3305-7542-8886-39196..3,"Apr 28, 2026",1:54:15 PM PDT,,Charge,,Pro Subscription (Words With Friends Solver),com.deepinkcode.wordswithfriendssolver,Subscription,prosub,,US,FL,33065,USD,2.49,6.379200,DKK,15.88,prosub,,4994183596643847628,Yes,,,,
GPA.3305-7542-8886-39196..3,"Apr 28, 2026",1:54:15 PM PDT,,Google fee,,Pro Subscription (Words With Friends Solver),com.deepinkcode.wordswithfriendssolver,Subscription,prosub,,US,FL,33065,USD,-0.37,6.379200,DKK,-2.36,prosub,,4994183596643847628,Yes,15,SUBSCRIPTIONS,,
GPA.3344-1946-9586-39659..9,"Apr 28, 2026",2:19:17 PM PDT,,Charge,,Pro Subscription (WF Solver),com.deepinkcode.wordfeudsolver,Subscription,prosub,,NL,,3825GL,EUR,1.98,7.472700,DKK,14.80,prosubmonth,,4994183596643847628,Yes,,,,
GPA.3344-1946-9586-39659..9,"Apr 28, 2026",2:19:17 PM PDT,,Google fee,,Pro Subscription (WF Solver),com.deepinkcode.wordfeudsolver,Subscription,prosub,,NL,,3825GL,EUR,-0.30,7.472700,DKK,-2.25,prosubmonth,,4994183596643847628,Yes,15,SUBSCRIPTIONS,,
GPA.3362-2220-4458-19812..5,"Apr 28, 2026",2:27:00 PM PDT,,Charge,,Pro Subscription (WF Solver),com.deepinkcode.wordfeudsolver,Subscription,prosub,,DK,,9270,DKK,15.20,1.000000,DKK,15.20,prosubmonth,,4994183596643847628,Yes,,,,
GPA.3362-2220-4458-19812..5,"Apr 28, 2026",2:27:00 PM PDT,,Google fee,,Pro Subscription (WF Solver),com.deepinkcode.wordfeudsolver,Subscription,prosub,,DK,,9270,DKK,-2.28,1.000000,DKK,-2.28,prosubmonth,,4994183596643847628,Yes,15,SUBSCRIPTIONS,,
GPA.3311-9973-9462-89250..8,"Apr 28, 2026",2:27:37 PM PDT,,Charge,,Pro Subscription (Words With Friends Solver),com.deepinkcode.wordswithfriendssolver,Subscription,prosub,,AU,VIC,3138,AUD,3.63,4.581800,DKK,16.63,prosub,,4994183596643847628,Yes,,,,
GPA.3311-9973-9462-89250..8,"Apr 28, 2026",2:27:37 PM PDT,,Google fee,,Pro Subscription (Words With Friends Solver),com.deepinkcode.wordswithfriendssolver,Subscription,prosub,,AU,VIC,3138,AUD,-0.54,4.581800,DKK,-2.47,prosub,,4994183596643847628,Yes,15,SUBSCRIPTIONS,,
GPA.3344-2870-3073-15979..1,"Apr 28, 2026",2:41:54 PM PDT,,Charge,,Pro Subscription (WF Solver),com.deepinkcode.wordfeudsolver,Subscription,prosub,,DK,,2650,DKK,15.20,1.000000,DKK,15.20,prosubmonth,,4994183596643847628,Yes,,,,
GPA.3344-2870-3073-15979..1,"Apr 28, 2026",2:41:54 PM PDT,,Google fee,,Pro Subscription (WF Solver),com.deepinkcode.wordfeudsolver,Subscription,prosub,,DK,,2650,DKK,-2.28,1.000000,DKK,-2.28,prosubmonth,,4994183596643847628,Yes,15,SUBSCRIPTIONS,,
GPA.3332-4514-0307-19015..2,"Apr 28, 2026",2:45:34 PM PDT,,Charge,,Pro Subscription (Words With Friends Solver),com.deepinkcode.wordswithfriendssolver,Subscription,prosub,,US,OH,44146,USD,2.49,6.380900,DKK,15.89,prosub,,4994183596643847628,Yes,,,,
GPA.3332-4514-0307-19015..2,"Apr 28, 2026",2:45:34 PM PDT,,Google fee,,Pro Subscription (Words With Friends Solver),com.deepinkcode.wordswithfriendssolver,Subscription,prosub,,US,OH,44146,USD,-0.37,6.380900,DKK,-2.36,prosub,,4994183596643847628,Yes,15,SUBSCRIPTIONS,,
GPA.3331-0807-2345-17292,"Apr 28, 2026",2:46:44 PM PDT,,Charge,,Pro Subscription (WF Solver),com.deepinkcode.wordfeudsolver,Subscription,prosub,dm3q,NO,,3040,NOK,24.00,0.684720,DKK,16.43,prosubmonth,,4994183596643847628,Yes,,,,In-app
GPA.3331-0807-2345-17292,"Apr 28, 2026",2:46:44 PM PDT,,Google fee,,Pro Subscription (WF Solver),com.deepinkcode.wordfeudsolver,Subscription,prosub,dm3q,NO,,3040,NOK,-3.60,0.684720,DKK,-2.46,prosubmonth,,4994183596643847628,Yes,15,SUBSCRIPTIONS,,In-app
GPA.3303-3717-5866-88596..2,"Apr 28, 2026",2:51:14 PM PDT,,Charge,,Pro Subscription (Words With Friends Solver),com.deepinkcode.wordswithfriendssolver,Subscription,prosub,,US,NE,68901,USD,2.49,6.380900,DKK,15.89,prosub,,4994183596643847628,Yes,,,,
GPA.3303-3717-5866-88596..2,"Apr 28, 2026",2:51:14 PM PDT,,Google fee,,Pro Subscription (Words With Friends Solver),com.deepinkcode.wordswithfriendssolver,Subscription,prosub,,US,NE,68901,USD,-0.37,6.380900,DKK,-2.36,prosub,,4994183596643847628,Yes,15,SUBSCRIPTIONS,,
GPA.3359-4130-9561-82652..14,"Apr 28, 2026",2:53:44 PM PDT,,Charge,,Pro Subscription (WF Solver),com.deepinkcode.wordfeudsolver,Subscription,prosub,,DK,,6650,DKK,15.20,1.000000,DKK,15.20,prosubmonth,,4994183596643847628,Yes,,,,
GPA.3359-4130-9561-82652..14,"Apr 28, 2026",2:53:44 PM PDT,,Google fee,,Pro Subscription (WF Solver),com.deepinkcode.wordfeudsolver,Subscription,prosub,,DK,,6650,DKK,-2.28,1.000000,DKK,-2.28,prosubmonth,,4994183596643847628,Yes,15,SUBSCRIPTIONS,,
GPA.3357-4760-6075-77798..0,"Apr 28, 2026",2:54:39 PM PDT,,Charge,,Pro Subscription (WF Solver),com.deepinkcode.wordfeudsolver,Subscription,prosub,,US,TX,77082,USD,2.49,6.380900,DKK,15.89,prosubmonth,,4994183596643847628,Yes,,,,
GPA.3357-4760-6075-77798..0,"Apr 28, 2026",2:54:39 PM PDT,,Google fee,,Pro Subscription (WF Solver),com.deepinkcode.wordfeudsolver,Subscription,prosub,,US,TX,77082,USD,-0.37,6.380900,DKK,-2.36,prosubmonth,,4994183596643847628,Yes,15,SUBSCRIPTIONS,,
GPA.3371-7563-1332-13221..3,"Apr 28, 2026",3:19:56 PM PDT,,Charge,,Pro Subscription (WF Solver),com.deepinkcode.wordfeudsolver,Subscription,prosub,,SE,,142 61,SEK,22.40,0.688650,DKK,15.43,prosubmonth,,4994183596643847628,Yes,,,,
GPA.3371-7563-1332-13221..3,"Apr 28, 2026",3:19:56 PM PDT,,Google fee,,Pro Subscription (WF Solver),com.deepinkcode.wordfeudsolver,Subscription,prosub,,SE,,142 61,SEK,-3.36,0.688650,DKK,-2.32,prosubmonth,,4994183596643847628,Yes,15,SUBSCRIPTIONS,,
GPA.3390-5423-1254-18859..2,"Apr 28, 2026",3:31:03 PM PDT,,Charge,,Pro Subscription (WF Solver),com.deepinkcode.wordfeudsolver,Subscription,prosub,,NO,,8624,NOK,24.00,0.681680,DKK,16.36,prosubmonth,,4994183596643847628,Yes,,,,
GPA.3390-5423-1254-18859..2,"Apr 28, 2026",3:31:03 PM PDT,,Google fee,,Pro Subscription (WF Solver),com.deepinkcode.wordfeudsolver,Subscription,prosub,,NO,,8624,NOK,-3.60,0.681680,DKK,-2.45,prosubmonth,,4994183596643847628,Yes,15,SUBSCRIPTIONS,,
GPA.3370-6080-5399-11592..6,"Apr 28, 2026",4:23:53 PM PDT,,Charge,,Pro Subscription (Scrabble GO Cheat),com.deepinkcode.scrabblegocheat,Subscription,prosub,,US,MO,64012,USD,2.49,6.378400,DKK,15.88,prosubmonth,,4994183596643847628,Yes,,,,
GPA.3370-6080-5399-11592..6,"Apr 28, 2026",4:23:53 PM PDT,,Google fee,,Pro Subscription (Scrabble GO Cheat),com.deepinkcode.scrabblegocheat,Subscription,prosub,,US,MO,64012,USD,-0.37,6.378400,DKK,-2.36,prosubmonth,,4994183596643847628,Yes,15,SUBSCRIPTIONS,,
GPA.3355-0391-2450-78521,"Apr 28, 2026",5:10:43 PM PDT,,Charge,,Pro Subscription (Words With Friends Solver),com.deepinkcode.wordswithfriendssolver,Subscription,prosub,m3q,US,CA,93534,USD,2.49,6.379000,DKK,15.88,prosub,,4994183596643847628,Yes,,,,In-app
GPA.3355-0391-2450-78521,"Apr 28, 2026",5:10:43 PM PDT,,Google fee,,Pro Subscription (Words With Friends Solver),com.deepinkcode.wordswithfriendssolver,Subscription,prosub,m3q,US,CA,93534,USD,-0.37,6.379000,DKK,-2.36,prosub,,4994183596643847628,Yes,15,SUBSCRIPTIONS,,In-app
GPA.3355-3281-9103-12202,"Apr 28, 2026",5:21:08 PM PDT,,Charge,,Pro (Words With Friends Solver),com.deepinkcode.wordswithfriendssolver,One-time product,pro,dm3q,US,CA,91709,USD,27.99,6.379000,DKK,178.55,legacy-base,,4994183596643847628,Yes,,,,In-app
GPA.3355-3281-9103-12202,"Apr 28, 2026",5:21:08 PM PDT,,Google fee,,Pro (Words With Friends Solver),com.deepinkcode.wordswithfriendssolver,One-time product,pro,dm3q,US,CA,91709,USD,-4.20,6.379000,DKK,-26.79,legacy-base,,4994183596643847628,Yes,15,,,In-app
GPA.3338-8836-8533-76399..0,"Apr 28, 2026",9:03:38 PM PDT,,Charge,,Pro Subscription (WF Solver),com.deepinkcode.wordfeudsolver,Subscription,prosub,,NL,,1678HW,EUR,1.98,7.473400,DKK,14.80,prosubmonth,,4994183596643847628,Yes,,,,
GPA.3338-8836-8533-76399..0,"Apr 28, 2026",9:03:38 PM PDT,,Google fee,,Pro Subscription (WF Solver),com.deepinkcode.wordfeudsolver,Subscription,prosub,,NL,,1678HW,EUR,-0.30,7.473400,DKK,-2.24,prosubmonth,,4994183596643847628,Yes,15,SUBSCRIPTIONS,,
GPA.3340-5666-1991-69468,"Apr 28, 2026",11:44:25 PM PDT,,Charge,,Pro Subscription (WF Solver),com.deepinkcode.wordfeudsolver,Subscription,prosub,frankel,GB,,NR8 6FT,GBP,1.74,8.627700,DKK,15.01,prosubmonth,,4994183596643847628,Yes,,,,In-app
GPA.3340-5666-1991-69468,"Apr 28, 2026",11:44:25 PM PDT,,Google fee,,Pro Subscription (WF Solver),com.deepinkcode.wordfeudsolver,Subscription,prosub,frankel,GB,,NR8 6FT,GBP,-0.26,8.627700,DKK,-2.24,prosubmonth,,4994183596643847628,Yes,15,SUBSCRIPTIONS,,In-app
GPA.3390-6833-4819-74410..7,"Apr 29, 2026",12:03:58 AM PDT,,Charge,,Pro Subscription (WF Solver),com.deepinkcode.wordfeudsolver,Subscription,prosub,,NL,,1185SW,EUR,1.98,7.473800,DKK,14.80,prosubmonth,,4994183596643847628,Yes,,,,
GPA.3390-6833-4819-74410..7,"Apr 29, 2026",12:03:58 AM PDT,,Google fee,,Pro Subscription (WF Solver),com.deepinkcode.wordfeudsolver,Subscription,prosub,,NL,,1185SW,EUR,-0.30,7.473800,DKK,-2.24,prosubmonth,,4994183596643847628,Yes,15,SUBSCRIPTIONS,,
GPA.3364-8874-7169-37935..0,"Apr 29, 2026",6:00:44 AM PDT,,Charge,,Pro Subscription (WF Solver),com.deepinkcode.wordfeudsolver,Subscription,prosub,,NL,,6717RA,EUR,1.98,7.474300,DKK,14.80,prosubmonth,,4994183596643847628,Yes,,,,
GPA.3364-8874-7169-37935..0,"Apr 29, 2026",6:00:44 AM PDT,,Google fee,,Pro Subscription (WF Solver),com.deepinkcode.wordfeudsolver,Subscription,prosub,,NL,,6717RA,EUR,-0.30,7.474300,DKK,-2.24,prosubmonth,,4994183596643847628,Yes,15,SUBSCRIPTIONS,,
GPA.3397-1434-4919-38464,"Apr 29, 2026",6:01:38 AM PDT,,Charge refund,Full,Pro Subscription (Scrabble GO Cheat),com.deepinkcode.scrabblegocheat,Subscription,prosub,b0s,GB,,LN5 9RL,GBP,-1.74,8.627000,DKK,-15.01,prosubmonth,,4994183596643847628,Yes,,,,In-app
GPA.3397-1434-4919-38464,"Apr 29, 2026",6:01:38 AM PDT,,Google fee refund,Full,Pro Subscription (Scrabble GO Cheat),com.deepinkcode.scrabblegocheat,Subscription,prosub,b0s,GB,,LN5 9RL,GBP,0.26,8.627000,DKK,2.24,prosubmonth,,4994183596643847628,Yes,15,SUBSCRIPTIONS,,In-app
GPA.3360-9274-0292-90892,"Apr 29, 2026",6:55:08 AM PDT,,Charge,,Pro Subscription (WF Solver),com.deepinkcode.wordfeudsolver,Subscription,prosub,a56x,NL,,4306 EG,EUR,1.98,7.474300,DKK,14.80,prosubmonth,,4994183596643847628,Yes,,,,In-app
GPA.3360-9274-0292-90892,"Apr 29, 2026",6:55:08 AM PDT,,Google fee,,Pro Subscription (WF Solver),com.deepinkcode.wordfeudsolver,Subscription,prosub,a56x,NL,,4306 EG,EUR,-0.30,7.474300,DKK,-2.24,prosubmonth,,4994183596643847628,Yes,15,SUBSCRIPTIONS,,In-app
GPA.3390-7522-8910-96653..11,"Apr 29, 2026",7:36:27 AM PDT,,Charge,,Pro Subscription (WF Solver),com.deepinkcode.wordfeudsolver,Subscription,prosub,,NL,,8194LH,EUR,1.98,7.474100,DKK,14.80,prosubmonth,,4994183596643847628,Yes,,,,
GPA.3390-7522-8910-96653..11,"Apr 29, 2026",7:36:27 AM PDT,,Google fee,,Pro Subscription (WF Solver),com.deepinkcode.wordfeudsolver,Subscription,prosub,,NL,,8194LH,EUR,-0.30,7.474100,DKK,-2.24,prosubmonth,,4994183596643847628,Yes,15,SUBSCRIPTIONS,,
GPA.3304-9020-4975-82635..1,"Apr 29, 2026",8:21:36 AM PDT,,Charge,,Pro Subscription (Words With Friends Solver),com.deepinkcode.wordswithfriendssolver,Subscription,prosub,,US,NY,14210,USD,2.49,6.396200,DKK,15.93,prosub,,4994183596643847628,Yes,,,,
GPA.3304-9020-4975-82635..1,"Apr 29, 2026",8:21:36 AM PDT,,Google fee,,Pro Subscription (Words With Friends Solver),com.deepinkcode.wordswithfriendssolver,Subscription,prosub,,US,NY,14210,USD,-0.37,6.396200,DKK,-2.37,prosub,,4994183596643847628,Yes,15,SUBSCRIPTIONS,,
GPA.3338-0825-4055-24391..0,"Apr 29, 2026",8:40:30 AM PDT,,Charge,,Pro Subscription (WF Solver),com.deepinkcode.wordfeudsolver,Subscription,prosub,,SE,,98133,SEK,22.40,0.687320,DKK,15.40,prosubmonth,,4994183596643847628,Yes,,,,
GPA.3338-0825-4055-24391..0,"Apr 29, 2026",8:40:30 AM PDT,,Google fee,,Pro Subscription (WF Solver),com.deepinkcode.wordfeudsolver,Subscription,prosub,,SE,,98133,SEK,-3.36,0.687320,DKK,-2.31,prosubmonth,,4994183596643847628,Yes,15,SUBSCRIPTIONS,,
GPA.3325-1371-3057-62036..0,"Apr 29, 2026",9:50:03 AM PDT,,Charge,,Pro Subscription (WF Solver),com.deepinkcode.wordfeudsolver,Subscription,prosub,,NL,,1111AA,EUR,1.98,7.474300,DKK,14.80,prosubmonth,,4994183596643847628,Yes,,,,
GPA.3325-1371-3057-62036..0,"Apr 29, 2026",9:50:03 AM PDT,,Google fee,,Pro Subscription (WF Solver),com.deepinkcode.wordfeudsolver,Subscription,prosub,,NL,,1111AA,EUR,-0.30,7.474300,DKK,-2.24,prosubmonth,,4994183596643847628,Yes,15,SUBSCRIPTIONS,,
GPA.3313-3963-4207-87441,"Apr 29, 2026",10:42:43 AM PDT,,Charge,,Pro Subscription (WF Solver),com.deepinkcode.wordfeudsolver,Subscription,prosub,pa3q,DK,,6300,DKK,15.20,1.000000,DKK,15.20,prosubmonth,,4994183596643847628,Yes,,,,In-app
GPA.3313-3963-4207-87441,"Apr 29, 2026",10:42:43 AM PDT,,Google fee,,Pro Subscription (WF Solver),com.deepinkcode.wordfeudsolver,Subscription,prosub,pa3q,DK,,6300,DKK,-2.28,1.000000,DKK,-2.28,prosubmonth,,4994183596643847628,Yes,15,SUBSCRIPTIONS,,In-app
GPA.3312-4659-9571-64952,"Apr 29, 2026",11:56:46 AM PDT,,Charge,,Pro Subscription (WF Solver),com.deepinkcode.wordfeudsolver,Subscription,prosub,r11s,NL,,7741WE,EUR,1.98,7.474100,DKK,14.80,prosubmonth,,4994183596643847628,Yes,,,,In-app
GPA.3312-4659-9571-64952,"Apr 29, 2026",11:56:46 AM PDT,,Google fee,,Pro Subscription (WF Solver),com.deepinkcode.wordfeudsolver,Subscription,prosub,r11s,NL,,7741WE,EUR,-0.30,7.474100,DKK,-2.24,prosubmonth,,4994183596643847628,Yes,15,SUBSCRIPTIONS,,In-app
GPA.3304-1028-0013-34579,"Apr 29, 2026",1:00:25 PM PDT,,Charge,,Pro Subscription (WF Solver),com.deepinkcode.wordfeudsolver,Subscription,prosub,garnet,SE,,124 58,SEK,22.40,0.687060,DKK,15.39,prosubmonth,,4994183596643847628,Yes,,,,In-app
GPA.3304-1028-0013-34579,"Apr 29, 2026",1:00:25 PM PDT,,Google fee,,Pro Subscription (WF Solver),com.deepinkcode.wordfeudsolver,Subscription,prosub,garnet,SE,,124 58,SEK,-3.36,0.687060,DKK,-2.31,prosubmonth,,4994183596643847628,Yes,15,SUBSCRIPTIONS,,In-app
GPA.3341-1506-6694-66100..4,"Apr 29, 2026",1:12:02 PM PDT,,Charge,,Pro Subscription (Words With Friends Solver),com.deepinkcode.wordswithfriendssolver,Subscription,prosub,,US,SC,29403,USD,2.49,6.402200,DKK,15.94,prosub,,4994183596643847628,Yes,,,,
GPA.3341-1506-6694-66100..4,"Apr 29, 2026",1:12:02 PM PDT,,Google fee,,Pro Subscription (Words With Friends Solver),com.deepinkcode.wordswithfriendssolver,Subscription,prosub,,US,SC,29403,USD,-0.37,6.402200,DKK,-2.37,prosub,,4994183596643847628,Yes,15,SUBSCRIPTIONS,,
GPA.3370-8180-4029-99430,"Apr 29, 2026",1:51:46 PM PDT,,Charge,,Pro Subscription (WF Solver),com.deepinkcode.wordfeudsolver,Subscription,prosub,y2s,SE,,26357,SEK,22.40,0.687060,DKK,15.39,prosubmonth,,4994183596643847628,Yes,,,,In-app
GPA.3370-8180-4029-99430,"Apr 29, 2026",1:51:46 PM PDT,,Google fee,,Pro Subscription (WF Solver),com.deepinkcode.wordfeudsolver,Subscription,prosub,y2s,SE,,26357,SEK,-3.36,0.687060,DKK,-2.31,prosubmonth,,4994183596643847628,Yes,15,SUBSCRIPTIONS,,In-app
GPA.3387-0978-2910-06425..0,"Apr 29, 2026",6:32:30 PM PDT,,Charge,,Pro Subscription (Scrabble GO Cheat),com.deepinkcode.scrabblegocheat,Subscription,prosub,,US,CA,92544,USD,2.49,6.395100,DKK,15.92,prosubmonth,,4994183596643847628,Yes,,,,
GPA.3387-0978-2910-06425..0,"Apr 29, 2026",6:32:30 PM PDT,,Google fee,,Pro Subscription (Scrabble GO Cheat),com.deepinkcode.scrabblegocheat,Subscription,prosub,,US,CA,92544,USD,-0.37,6.395100,DKK,-2.37,prosubmonth,,4994183596643847628,Yes,15,SUBSCRIPTIONS,,
GPA.3342-4111-5211-23033,"Apr 29, 2026",11:33:57 PM PDT,,Charge refund,Full,Pro Subscription (Words With Friends Solver),com.deepinkcode.wordswithfriendssolver,Subscription,prosub,b7s,CA,SK,S7H 4T7,CAD,-3.19,4.663600,DKK,-14.88,prosub,,4994183596643847628,Yes,,,,In-app
GPA.3342-4111-5211-23033,"Apr 29, 2026",11:33:57 PM PDT,,Google fee refund,Full,Pro Subscription (Words With Friends Solver),com.deepinkcode.wordswithfriendssolver,Subscription,prosub,b7s,CA,SK,S7H 4T7,CAD,0.48,4.663600,DKK,2.24,prosub,,4994183596643847628,Yes,15,SUBSCRIPTIONS,,In-app
GPA.3396-5960-4345-27368..16,"Apr 30, 2026",12:33:22 AM PDT,,Charge,,Pro Subscription (WF Solver),com.deepinkcode.wordfeudsolver,Subscription,prosub,,DK,,4230,DKK,15.20,1.000000,DKK,15.20,prosubmonth,,4994183596643847628,Yes,,,,
GPA.3396-5960-4345-27368..16,"Apr 30, 2026",12:33:22 AM PDT,,Google fee,,Pro Subscription (WF Solver),com.deepinkcode.wordfeudsolver,Subscription,prosub,,DK,,4230,DKK,-2.28,1.000000,DKK,-2.28,prosubmonth,,4994183596643847628,Yes,15,SUBSCRIPTIONS,,
GPA.3358-3023-8192-70586..0,"Apr 30, 2026",12:52:28 AM PDT,,Charge,,Pro Subscription (Scrabble GO Cheat),com.deepinkcode.scrabblegocheat,Subscription,prosub,,GB,,,GBP,1.74,8.625200,DKK,15.01,prosubmonth,,4994183596643847628,Yes,,,,
GPA.3358-3023-8192-70586..0,"Apr 30, 2026",12:52:28 AM PDT,,Google fee,,Pro Subscription (Scrabble GO Cheat),com.deepinkcode.scrabblegocheat,Subscription,prosub,,GB,,,GBP,-0.26,8.625200,DKK,-2.24,prosubmonth,,4994183596643847628,Yes,15,SUBSCRIPTIONS,,
GPA.3331-0073-7078-86136..0,"Apr 30, 2026",2:10:04 AM PDT,,Charge,,Pro Subscription (WF Solver),com.deepinkcode.wordfeudsolver,Subscription,prosub,,NL,,3812VK,EUR,1.98,7.472700,DKK,14.80,prosubmonth,,4994183596643847628,Yes,,,,
GPA.3331-0073-7078-86136..0,"Apr 30, 2026",2:10:04 AM PDT,,Google fee,,Pro Subscription (WF Solver),com.deepinkcode.wordfeudsolver,Subscription,prosub,,NL,,3812VK,EUR,-0.30,7.472700,DKK,-2.25,prosubmonth,,4994183596643847628,Yes,15,SUBSCRIPTIONS,,
GPA.3393-5576-1792-07630,"Apr 30, 2026",2:38:48 AM PDT,,Charge,,Pro Subscription (WF Solver),com.deepinkcode.wordfeudsolver,Subscription,prosub,a56x,NL,,3205 AT,EUR,1.98,7.472700,DKK,14.80,prosubmonth,,4994183596643847628,Yes,,,,In-app
GPA.3393-5576-1792-07630,"Apr 30, 2026",2:38:48 AM PDT,,Google fee,,Pro Subscription (WF Solver),com.deepinkcode.wordfeudsolver,Subscription,prosub,a56x,NL,,3205 AT,EUR,-0.30,7.472700,DKK,-2.25,prosubmonth,,4994183596643847628,Yes,15,SUBSCRIPTIONS,,In-app
GPA.3354-6069-9653-89031..0,"Apr 30, 2026",2:54:44 AM PDT,,Charge,,Pro Subscription (Words With Friends Solver),com.deepinkcode.wordswithfriendssolver,Subscription,prosub,,FR,,93110,EUR,1.99,7.472700,DKK,14.87,prosub,,4994183596643847628,Yes,,,,
GPA.3354-6069-9653-89031..0,"Apr 30, 2026",2:54:44 AM PDT,,Google fee,,Pro Subscription (Words With Friends Solver),com.deepinkcode.wordswithfriendssolver,Subscription,prosub,,FR,,93110,EUR,-0.30,7.472700,DKK,-2.24,prosub,,4994183596643847628,Yes,15,SUBSCRIPTIONS,,
GPA.3342-4343-6753-29289,"Apr 30, 2026",3:39:51 AM PDT,,Charge,,Pro Subscription (Scrabble GO Cheat),com.deepinkcode.scrabblegocheat,Subscription,prosub,b0s,GB,,LN5 9RL,GBP,1.74,8.627000,DKK,15.01,prosubmonth,,4994183596643847628,Yes,,,,In-app
GPA.3342-4343-6753-29289,"Apr 30, 2026",3:39:51 AM PDT,,Google fee,,Pro Subscription (Scrabble GO Cheat),com.deepinkcode.scrabblegocheat,Subscription,prosub,b0s,GB,,LN5 9RL,GBP,-0.26,8.627000,DKK,-2.24,prosubmonth,,4994183596643847628,Yes,15,SUBSCRIPTIONS,,In-app
GPA.3342-1123-4734-33440,"Apr 30, 2026",7:40:38 AM PDT,,Charge,,Pro Subscription (Words With Friends Solver),com.deepinkcode.wordswithfriendssolver,Subscription,prosub,b7s,CA,SK,S7H 4T7,CAD,3.19,4.675000,DKK,14.91,prosub,,4994183596643847628,Yes,,,,In-app
GPA.3342-1123-4734-33440,"Apr 30, 2026",7:40:38 AM PDT,,Google fee,,Pro Subscription (Words With Friends Solver),com.deepinkcode.wordswithfriendssolver,Subscription,prosub,b7s,CA,SK,S7H 4T7,CAD,-0.48,4.675000,DKK,-2.24,prosub,,4994183596643847628,Yes,15,SUBSCRIPTIONS,,In-app
GPA.3379-1529-2018-95752..0,"Apr 30, 2026",7:45:52 AM PDT,,Charge,,Pro Subscription (WF Solver),com.deepinkcode.wordfeudsolver,Subscription,prosub,,NL,,1625MC,EUR,1.98,7.472200,DKK,14.79,prosubmonth,,4994183596643847628,Yes,,,,
GPA.3379-1529-2018-95752..0,"Apr 30, 2026",7:45:52 AM PDT,,Google fee,,Pro Subscription (WF Solver),com.deepinkcode.wordfeudsolver,Subscription,prosub,,NL,,1625MC,EUR,-0.30,7.472200,DKK,-2.24,prosubmonth,,4994183596643847628,Yes,15,SUBSCRIPTIONS,,
GPA.3304-9554-3910-66510,"Apr 30, 2026",9:12:23 AM PDT,,Charge refund,Full,Pro (WF Solver),com.deepinkcode.wordfeudsolver,One-time product,pro,r12s,NL,,1816LK,EUR,-23.96,7.472400,DKK,-179.04,legacy-base,,4994183596643847628,Yes,,,,In-app
GPA.3304-9554-3910-66510,"Apr 30, 2026",9:12:23 AM PDT,,Google fee refund,Full,Pro (WF Solver),com.deepinkcode.wordfeudsolver,One-time product,pro,r12s,NL,,1816LK,EUR,3.59,7.472400,DKK,26.83,legacy-base,,4994183596643847628,Yes,15,,,In-app
GPA.3375-0701-8965-08141..7,"Apr 30, 2026",9:37:59 AM PDT,,Charge,,Pro Subscription (WF Solver),com.deepinkcode.wordfeudsolver,Subscription,prosub,,NL,,3362 GG,EUR,1.98,7.473100,DKK,14.80,prosubmonth,,4994183596643847628,Yes,,,,
GPA.3375-0701-8965-08141..7,"Apr 30, 2026",9:37:59 AM PDT,,Google fee,,Pro Subscription (WF Solver),com.deepinkcode.wordfeudsolver,Subscription,prosub,,NL,,3362 GG,EUR,-0.30,7.473100,DKK,-2.25,prosubmonth,,4994183596643847628,Yes,15,SUBSCRIPTIONS,,
GPA.3319-7239-7219-70700..0,"Apr 30, 2026",11:04:48 AM PDT,,Charge,,Pro Subscription (Scrabble GO Cheat),com.deepinkcode.scrabblegocheat,Subscription,prosub,,GB,,SK16 4JS,GBP,1.74,8.654700,DKK,15.06,prosubmonth,,4994183596643847628,Yes,,,,
GPA.3319-7239-7219-70700..0,"Apr 30, 2026",11:04:48 AM PDT,,Google fee,,Pro Subscription (Scrabble GO Cheat),com.deepinkcode.scrabblegocheat,Subscription,prosub,,GB,,SK16 4JS,GBP,-0.26,8.654700,DKK,-2.25,prosubmonth,,4994183596643847628,Yes,15,SUBSCRIPTIONS,,
GPA.3374-3630-1387-82723..16,"Apr 30, 2026",12:26:28 PM PDT,,Charge,,Pro Subscription (WF Solver),com.deepinkcode.wordfeudsolver,Subscription,prosub,,DK,,8600,DKK,15.20,1.000000,DKK,15.20,prosubmonth,,4994183596643847628,Yes,,,,
GPA.3374-3630-1387-82723..16,"Apr 30, 2026",12:26:28 PM PDT,,Google fee,,Pro Subscription (WF Solver),com.deepinkcode.wordfeudsolver,Subscription,prosub,,DK,,8600,DKK,-2.28,1.000000,DKK,-2.28,prosubmonth,,4994183596643847628,Yes,15,SUBSCRIPTIONS,,
GPA.3342-1427-6682-88279,"Apr 30, 2026",2:53:49 PM PDT,,Charge,,Pro Subscription (WF Solver),com.deepinkcode.wordfeudsolver,Subscription,prosub,obsidian,SE,,142 30,SEK,22.40,0.689900,DKK,15.45,prosubmonth,,4994183596643847628,Yes,,,,In-app
GPA.3342-1427-6682-88279,"Apr 30, 2026",2:53:49 PM PDT,,Google fee,,Pro Subscription (WF Solver),com.deepinkcode.wordfeudsolver,Subscription,prosub,obsidian,SE,,142 30,SEK,-3.36,0.689900,DKK,-2.31,prosubmonth,,4994183596643847628,Yes,15,SUBSCRIPTIONS,,In-app
GPA.3350-3949-9483-41601,"Apr 30, 2026",3:00:48 PM PDT,,Charge,,Pro Subscription (WF Solver),com.deepinkcode.wordfeudsolver,Subscription,prosub,fogorow,NL,,5037 MR,EUR,1.98,7.472700,DKK,14.80,prosubmonth,,4994183596643847628,Yes,,,,In-app
GPA.3350-3949-9483-41601,"Apr 30, 2026",3:00:48 PM PDT,,Google fee,,Pro Subscription (WF Solver),com.deepinkcode.wordfeudsolver,Subscription,prosub,fogorow,NL,,5037 MR,EUR,-0.30,7.472700,DKK,-2.25,prosubmonth,,4994183596643847628,Yes,15,SUBSCRIPTIONS,,In-app
GPA.3321-0471-7735-60421..0,"Apr 30, 2026",4:27:39 PM PDT,,Charge,,Pro Subscription (WF Solver),com.deepinkcode.wordfeudsolver,Subscription,prosub,,SE,,731 40,SEK,22.40,0.689640,DKK,15.45,prosubmonth,,4994183596643847628,Yes,,,,
GPA.3321-0471-7735-60421..0,"Apr 30, 2026",4:27:39 PM PDT,,Google fee,,Pro Subscription (WF Solver),com.deepinkcode.wordfeudsolver,Subscription,prosub,,SE,,731 40,SEK,-3.36,0.689640,DKK,-2.32,prosubmonth,,4994183596643847628,Yes,15,SUBSCRIPTIONS,,
GPA.3305-6079-3577-38237..8,"Apr 30, 2026",5:12:31 PM PDT,,Charge,,Pro Subscription (WF Solver),com.deepinkcode.wordfeudsolver,Subscription,prosub,,GB,,DH78NB,GBP,1.74,8.665700,DKK,15.08,prosubmonth,,4994183596643847628,Yes,,,,
GPA.3305-6079-3577-38237..8,"Apr 30, 2026",5:12:31 PM PDT,,Google fee,,Pro Subscription (WF Solver),com.deepinkcode.wordfeudsolver,Subscription,prosub,,GB,,DH78NB,GBP,-0.26,8.665700,DKK,-2.25,prosubmonth,,4994183596643847628,Yes,15,SUBSCRIPTIONS,,
GPA.3371-2546-1171-05038..0,"Apr 30, 2026",8:06:33 PM PDT,,Charge,,Pro Subscription (Words With Friends Solver),com.deepinkcode.wordswithfriendssolver,Subscription,prosub,,US,OR,97504,USD,2.49,6.370200,DKK,15.86,prosub,,4994183596643847628,Yes,,,,
GPA.3371-2546-1171-05038..0,"Apr 30, 2026",8:06:33 PM PDT,,Google fee,,Pro Subscription (Words With Friends Solver),com.deepinkcode.wordswithfriendssolver,Subscription,prosub,,US,OR,97504,USD,-0.37,6.370200,DKK,-2.36,prosub,,4994183596643847628,Yes,15,SUBSCRIPTIONS,,
GPA.3360-5033-1196-46516..0,"Apr 30, 2026",8:43:23 PM PDT,,Charge,,Pro Subscription (WF Solver),com.deepinkcode.wordfeudsolver,Subscription,prosub,,SE,,417 03,SEK,22.40,0.689600,DKK,15.45,prosubmonth,,4994183596643847628,Yes,,,,
GPA.3360-5033-1196-46516..0,"Apr 30, 2026",8:43:23 PM PDT,,Google fee,,Pro Subscription (WF Solver),com.deepinkcode.wordfeudsolver,Subscription,prosub,,SE,,417 03,SEK,-3.36,0.689600,DKK,-2.32,prosubmonth,,4994183596643847628,Yes,15,SUBSCRIPTIONS,,
GPA.3338-3745-2376-82491..0,"Apr 30, 2026",9:00:02 PM PDT,,Charge,,Pro Subscription (WF Solver),com.deepinkcode.wordfeudsolver,Subscription,prosub,,NL,,2625VH,EUR,1.98,7.472600,DKK,14.80,prosubmonth,,4994183596643847628,Yes,,,,
GPA.3338-3745-2376-82491..0,"Apr 30, 2026",9:00:02 PM PDT,,Google fee,,Pro Subscription (WF Solver),com.deepinkcode.wordfeudsolver,Subscription,prosub,,NL,,2625VH,EUR,-0.30,7.472600,DKK,-2.25,prosubmonth,,4994183596643847628,Yes,15,SUBSCRIPTIONS,,
GPA.3323-8627-3537-47718..4,"Apr 30, 2026",9:16:31 PM PDT,,Charge,,Pro Subscription (Words With Friends Solver),com.deepinkcode.wordswithfriendssolver,Subscription,prosub,,US,OH,43110,USD,2.49,6.368600,DKK,15.86,prosub,,4994183596643847628,Yes,,,,
GPA.3323-8627-3537-47718..4,"Apr 30, 2026",9:16:31 PM PDT,,Google fee,,Pro Subscription (Words With Friends Solver),com.deepinkcode.wordswithfriendssolver,Subscription,prosub,,US,OH,43110,USD,-0.37,6.368600,DKK,-2.36,prosub,,4994183596643847628,Yes,15,SUBSCRIPTIONS,,
GPA.3344-0248-8196-92578..11,"Apr 30, 2026",11:51:01 PM PDT,,Charge,,Pro Subscription (WF Solver),com.deepinkcode.wordfeudsolver,Subscription,prosub,,SE,,23179,SEK,23.20,0.689340,DKK,15.99,prosubmonth,,4994183596643847628,Yes,,,,
GPA.3344-0248-8196-92578..11,"Apr 30, 2026",11:51:01 PM PDT,,Google fee,,Pro Subscription (WF Solver),com.deepinkcode.wordfeudsolver,Subscription,prosub,,SE,,23179,SEK,-3.48,0.689340,DKK,-2.40,prosubmonth,,4994183596643847628,Yes,15,SUBSCRIPTIONS,,
