Description,Transaction Date,Transaction Time,Tax Type,Transaction Type,Refund Type,Product Title,Package ID,Product Type,Sku Id,Hardware,Buyer Country,Buyer State,Buyer Postal Code,Buyer Currency,Amount (Buyer Currency),Currency Conversion Rate,Merchant Currency,Amount (Merchant Currency),Base Plan or Purchase Option ID,Offer ID,Group ID,First USD 1M Eligible,Service Fee %,Fee Description,Promotion ID,Sales Channel
GPA.3390-6259-6655-09123..4,"Mar 1, 2026",12:15:28 AM PST,,Charge,,Pro Subscription (WF Solver),com.deepinkcode.wordfeudsolver,Subscription,prosub,,NL,,2981 BJ,EUR,1.98,7.471600,DKK,14.79,prosubmonth,,4994183596643847628,Yes,,,,
GPA.3390-6259-6655-09123..4,"Mar 1, 2026",12:15:28 AM PST,,Google fee,,Pro Subscription (WF Solver),com.deepinkcode.wordfeudsolver,Subscription,prosub,,NL,,2981 BJ,EUR,-0.30,7.471600,DKK,-2.24,prosubmonth,,4994183596643847628,Yes,15,SUBSCRIPTIONS,,
GPA.3393-3496-3819-02224..3,"Mar 1, 2026",1:15:45 AM PST,,Charge,,Pro Subscription (WF Solver),com.deepinkcode.wordfeudsolver,Subscription,prosub,,AU,TAS,7005,AUD,3.63,4.501900,DKK,16.34,prosubmonth,,4994183596643847628,Yes,,,,
GPA.3393-3496-3819-02224..3,"Mar 1, 2026",1:15:45 AM PST,,Google fee,,Pro Subscription (WF Solver),com.deepinkcode.wordfeudsolver,Subscription,prosub,,AU,TAS,7005,AUD,-0.54,4.501900,DKK,-2.43,prosubmonth,,4994183596643847628,Yes,15,SUBSCRIPTIONS,,
GPA.3365-8643-1924-21650..8,"Mar 1, 2026",1:46:19 AM PST,,Charge,,Pro Subscription (WF Solver),com.deepinkcode.wordfeudsolver,Subscription,prosub,,SE,,73141,SEK,23.20,0.700540,DKK,16.25,prosubmonth,,4994183596643847628,Yes,,,,
GPA.3365-8643-1924-21650..8,"Mar 1, 2026",1:46:19 AM PST,,Google fee,,Pro Subscription (WF Solver),com.deepinkcode.wordfeudsolver,Subscription,prosub,,SE,,73141,SEK,-3.48,0.700540,DKK,-2.44,prosubmonth,,4994183596643847628,Yes,15,SUBSCRIPTIONS,,
GPA.3394-2196-0843-78056..3,"Mar 1, 2026",1:54:16 AM PST,,Charge,,Pro Subscription (WF Solver),com.deepinkcode.wordfeudsolver,Subscription,prosub,,DK,,8581,DKK,15.20,1.000000,DKK,15.20,prosubmonth,,4994183596643847628,Yes,,,,
GPA.3394-2196-0843-78056..3,"Mar 1, 2026",1:54:16 AM PST,,Google fee,,Pro Subscription (WF Solver),com.deepinkcode.wordfeudsolver,Subscription,prosub,,DK,,8581,DKK,-2.28,1.000000,DKK,-2.28,prosubmonth,,4994183596643847628,Yes,15,SUBSCRIPTIONS,,
GPA.3356-2695-6624-19900,"Mar 1, 2026",4:35:32 AM PST,,Charge,,Pro Subscription (WF Solver),com.deepinkcode.wordfeudsolver,Subscription,prosub,Pacman,DK,,9800,DKK,15.20,1.000000,DKK,15.20,prosubmonth,,4994183596643847628,Yes,,,,In-app
GPA.3356-2695-6624-19900,"Mar 1, 2026",4:35:32 AM PST,,Google fee,,Pro Subscription (WF Solver),com.deepinkcode.wordfeudsolver,Subscription,prosub,Pacman,DK,,9800,DKK,-2.28,1.000000,DKK,-2.28,prosubmonth,,4994183596643847628,Yes,15,SUBSCRIPTIONS,,In-app
GPA.3390-6833-4819-74410..5,"Mar 1, 2026",4:55:25 AM PST,,Charge,,Pro Subscription (WF Solver),com.deepinkcode.wordfeudsolver,Subscription,prosub,,NL,,1185SW,EUR,1.98,7.471600,DKK,14.79,prosubmonth,,4994183596643847628,Yes,,,,
GPA.3390-6833-4819-74410..5,"Mar 1, 2026",4:55:25 AM PST,,Google fee,,Pro Subscription (WF Solver),com.deepinkcode.wordfeudsolver,Subscription,prosub,,NL,,1185SW,EUR,-0.30,7.471600,DKK,-2.24,prosubmonth,,4994183596643847628,Yes,15,SUBSCRIPTIONS,,
GPA.3372-3373-2319-76182..5,"Mar 1, 2026",5:42:22 AM PST,,Charge,,Pro Subscription (WF Solver),com.deepinkcode.wordfeudsolver,Subscription,prosub,,NL,,7631 AR,EUR,1.98,7.471600,DKK,14.79,prosubmonth,,4994183596643847628,Yes,,,,
GPA.3372-3373-2319-76182..5,"Mar 1, 2026",5:42:22 AM PST,,Google fee,,Pro Subscription (WF Solver),com.deepinkcode.wordfeudsolver,Subscription,prosub,,NL,,7631 AR,EUR,-0.30,7.471600,DKK,-2.24,prosubmonth,,4994183596643847628,Yes,15,SUBSCRIPTIONS,,
GPA.3344-5657-3205-32780..1,"Mar 1, 2026",5:51:57 AM PST,,Charge,,Pro Subscription (Words With Friends Solver),com.deepinkcode.wordswithfriendssolver,Subscription,prosub,,GB,,TR36FP,GBP,1.74,8.527300,DKK,14.84,prosub,,4994183596643847628,Yes,,,,
GPA.3344-5657-3205-32780..1,"Mar 1, 2026",5:51:57 AM PST,,Google fee,,Pro Subscription (Words With Friends Solver),com.deepinkcode.wordswithfriendssolver,Subscription,prosub,,GB,,TR36FP,GBP,-0.26,8.527300,DKK,-2.22,prosub,,4994183596643847628,Yes,15,SUBSCRIPTIONS,,
GPA.3386-1242-3552-42937,"Mar 1, 2026",7:13:31 AM PST,,Charge,,Pro Subscription (WF Solver),com.deepinkcode.wordfeudsolver,Subscription,prosub,a25x,SE,,97236,SEK,22.40,0.700540,DKK,15.69,prosubmonth,,4994183596643847628,Yes,,,,In-app
GPA.3386-1242-3552-42937,"Mar 1, 2026",7:13:31 AM PST,,Google fee,,Pro Subscription (WF Solver),com.deepinkcode.wordfeudsolver,Subscription,prosub,a25x,SE,,97236,SEK,-3.36,0.700540,DKK,-2.35,prosubmonth,,4994183596643847628,Yes,15,SUBSCRIPTIONS,,In-app
GPA.3386-4334-2081-09759..14,"Mar 1, 2026",9:49:57 AM PST,,Charge,,Pro Subscription (WF Solver),com.deepinkcode.wordfeudsolver,Subscription,prosub,,DK,,4690,DKK,15.20,1.000000,DKK,15.20,prosubmonth,,4994183596643847628,Yes,,,,
GPA.3386-4334-2081-09759..14,"Mar 1, 2026",9:49:57 AM PST,,Google fee,,Pro Subscription (WF Solver),com.deepinkcode.wordfeudsolver,Subscription,prosub,,DK,,4690,DKK,-2.28,1.000000,DKK,-2.28,prosubmonth,,4994183596643847628,Yes,15,SUBSCRIPTIONS,,
GPA.3332-7292-4297-80596..10,"Mar 1, 2026",10:28:46 AM PST,,Charge,,Pro Subscription (WF Solver),com.deepinkcode.wordfeudsolver,Subscription,prosub,,NO,,0572,NOK,24.00,0.664910,DKK,15.96,prosubmonth,,4994183596643847628,Yes,,,,
GPA.3332-7292-4297-80596..10,"Mar 1, 2026",10:28:46 AM PST,,Google fee,,Pro Subscription (WF Solver),com.deepinkcode.wordfeudsolver,Subscription,prosub,,NO,,0572,NOK,-3.60,0.664910,DKK,-2.40,prosubmonth,,4994183596643847628,Yes,15,SUBSCRIPTIONS,,
GPA.3340-4937-2120-53828..2,"Mar 1, 2026",10:29:00 AM PST,,Charge,,Pro Subscription (WF Solver),com.deepinkcode.wordfeudsolver,Subscription,prosub,,SE,,92132,SEK,22.40,0.700540,DKK,15.69,prosubmonth,,4994183596643847628,Yes,,,,
GPA.3340-4937-2120-53828..2,"Mar 1, 2026",10:29:00 AM PST,,Google fee,,Pro Subscription (WF Solver),com.deepinkcode.wordfeudsolver,Subscription,prosub,,SE,,92132,SEK,-3.36,0.700540,DKK,-2.35,prosubmonth,,4994183596643847628,Yes,15,SUBSCRIPTIONS,,
GPA.3305-3413-3566-08745..1,"Mar 1, 2026",10:43:00 AM PST,,Charge,,Pro Subscription (WF Solver),com.deepinkcode.wordfeudsolver,Subscription,prosub,,SE,,52336,SEK,22.40,0.700540,DKK,15.69,prosubmonth,,4994183596643847628,Yes,,,,
GPA.3305-3413-3566-08745..1,"Mar 1, 2026",10:43:00 AM PST,,Google fee,,Pro Subscription (WF Solver),com.deepinkcode.wordfeudsolver,Subscription,prosub,,SE,,52336,SEK,-3.36,0.700540,DKK,-2.35,prosubmonth,,4994183596643847628,Yes,15,SUBSCRIPTIONS,,
GPA.3387-8720-3306-21873..2,"Mar 1, 2026",10:43:32 AM PST,,Charge,,Pro Subscription (WF Solver),com.deepinkcode.wordfeudsolver,Subscription,prosub,,NL,,9903TA,EUR,1.98,7.471600,DKK,14.79,prosubmonth,,4994183596643847628,Yes,,,,
GPA.3387-8720-3306-21873..2,"Mar 1, 2026",10:43:32 AM PST,,Google fee,,Pro Subscription (WF Solver),com.deepinkcode.wordfeudsolver,Subscription,prosub,,NL,,9903TA,EUR,-0.30,7.471600,DKK,-2.24,prosubmonth,,4994183596643847628,Yes,15,SUBSCRIPTIONS,,
GPA.3341-8336-4605-59050,"Mar 1, 2026",11:21:54 AM PST,,Charge,,Pro Subscription (WF Solver),com.deepinkcode.wordfeudsolver,Subscription,prosub,o1s,SE,,444 61,SEK,22.40,0.700540,DKK,15.69,prosubmonth,,4994183596643847628,Yes,,,,In-app
GPA.3341-8336-4605-59050,"Mar 1, 2026",11:21:54 AM PST,,Google fee,,Pro Subscription (WF Solver),com.deepinkcode.wordfeudsolver,Subscription,prosub,o1s,SE,,444 61,SEK,-3.36,0.700540,DKK,-2.35,prosubmonth,,4994183596643847628,Yes,15,SUBSCRIPTIONS,,In-app
GPA.3371-9865-1757-11872..1,"Mar 1, 2026",11:50:59 AM PST,,Charge,,Pro Subscription (WF Solver),com.deepinkcode.wordfeudsolver,Subscription,prosub,,NO,,2010,NOK,24.00,0.664910,DKK,15.96,prosubmonth,,4994183596643847628,Yes,,,,
GPA.3371-9865-1757-11872..1,"Mar 1, 2026",11:50:59 AM PST,,Google fee,,Pro Subscription (WF Solver),com.deepinkcode.wordfeudsolver,Subscription,prosub,,NO,,2010,NOK,-3.60,0.664910,DKK,-2.40,prosubmonth,,4994183596643847628,Yes,15,SUBSCRIPTIONS,,
GPA.3329-0184-6816-97050..5,"Mar 1, 2026",11:54:49 AM PST,,Charge,,Pro Subscription (WF Solver),com.deepinkcode.wordfeudsolver,Subscription,prosub,,DK,,9700,DKK,15.20,1.000000,DKK,15.20,prosubmonth,,4994183596643847628,Yes,,,,
GPA.3329-0184-6816-97050..5,"Mar 1, 2026",11:54:49 AM PST,,Google fee,,Pro Subscription (WF Solver),com.deepinkcode.wordfeudsolver,Subscription,prosub,,DK,,9700,DKK,-2.28,1.000000,DKK,-2.28,prosubmonth,,4994183596643847628,Yes,15,SUBSCRIPTIONS,,
GPA.3347-2141-5861-66133..0,"Mar 1, 2026",12:09:31 PM PST,,Charge,,Pro Subscription (WF Solver),com.deepinkcode.wordfeudsolver,Subscription,prosub,,DK,,3400,DKK,15.20,1.000000,DKK,15.20,prosubmonth,,4994183596643847628,Yes,,,,
GPA.3347-2141-5861-66133..0,"Mar 1, 2026",12:09:31 PM PST,,Google fee,,Pro Subscription (WF Solver),com.deepinkcode.wordfeudsolver,Subscription,prosub,,DK,,3400,DKK,-2.28,1.000000,DKK,-2.28,prosubmonth,,4994183596643847628,Yes,15,SUBSCRIPTIONS,,
GPA.3373-9679-9276-74265,"Mar 1, 2026",12:14:38 PM PST,,Charge,,Pro Subscription (Words With Friends Solver),com.deepinkcode.wordswithfriendssolver,Subscription,prosub,r8q,US,MS,39211,USD,2.49,6.325100,DKK,15.75,prosub,,4994183596643847628,Yes,,,,In-app
GPA.3373-9679-9276-74265,"Mar 1, 2026",12:14:38 PM PST,,Google fee,,Pro Subscription (Words With Friends Solver),com.deepinkcode.wordswithfriendssolver,Subscription,prosub,r8q,US,MS,39211,USD,-0.37,6.325100,DKK,-2.34,prosub,,4994183596643847628,Yes,15,SUBSCRIPTIONS,,In-app
GPA.3332-4514-0307-19015..0,"Mar 1, 2026",1:45:52 PM PST,,Charge,,Pro Subscription (Words With Friends Solver),com.deepinkcode.wordswithfriendssolver,Subscription,prosub,,US,OH,44146,USD,2.49,6.325100,DKK,15.75,prosub,,4994183596643847628,Yes,,,,
GPA.3332-4514-0307-19015..0,"Mar 1, 2026",1:45:52 PM PST,,Google fee,,Pro Subscription (Words With Friends Solver),com.deepinkcode.wordswithfriendssolver,Subscription,prosub,,US,OH,44146,USD,-0.37,6.325100,DKK,-2.34,prosub,,4994183596643847628,Yes,15,SUBSCRIPTIONS,,
GPA.3379-8204-5136-19063,"Mar 1, 2026",2:28:20 PM PST,,Charge,,Pro Subscription (Words With Friends Solver),com.deepinkcode.wordswithfriendssolver,Subscription,prosub,dm3q,US,AR,71964,USD,2.49,6.348000,DKK,15.81,prosub,,4994183596643847628,Yes,,,,In-app
GPA.3379-8204-5136-19063,"Mar 1, 2026",2:28:20 PM PST,,Google fee,,Pro Subscription (Words With Friends Solver),com.deepinkcode.wordswithfriendssolver,Subscription,prosub,dm3q,US,AR,71964,USD,-0.37,6.348000,DKK,-2.35,prosub,,4994183596643847628,Yes,15,SUBSCRIPTIONS,,In-app
GPA.3356-4453-1988-91463..6,"Mar 1, 2026",4:18:17 PM PST,,Charge,,Pro Subscription (Words With Friends Solver),com.deepinkcode.wordswithfriendssolver,Subscription,prosub,,AU,QLD,4814,AUD,3.26,4.480800,DKK,14.61,prosub,,4994183596643847628,Yes,,,,
GPA.3356-4453-1988-91463..6,"Mar 1, 2026",4:18:17 PM PST,,Google fee,,Pro Subscription (Words With Friends Solver),com.deepinkcode.wordswithfriendssolver,Subscription,prosub,,AU,QLD,4814,AUD,-0.49,4.480800,DKK,-2.20,prosub,,4994183596643847628,Yes,15,SUBSCRIPTIONS,,
GPA.3302-3530-1513-58923..5,"Mar 1, 2026",8:54:06 PM PST,,Charge,,Pro Subscription (Words With Friends Solver),com.deepinkcode.wordswithfriendssolver,Subscription,prosub,,US,GA,30680,USD,1.99,6.336500,DKK,12.61,prosub,,4994183596643847628,Yes,,,,
GPA.3302-3530-1513-58923..5,"Mar 1, 2026",8:54:06 PM PST,,Google fee,,Pro Subscription (Words With Friends Solver),com.deepinkcode.wordswithfriendssolver,Subscription,prosub,,US,GA,30680,USD,-0.30,6.336500,DKK,-1.90,prosub,,4994183596643847628,Yes,15,SUBSCRIPTIONS,,
GPA.3386-5518-0520-36735..1,"Mar 1, 2026",9:01:13 PM PST,,Charge,,Pro Subscription (Words With Friends Solver),com.deepinkcode.wordswithfriendssolver,Subscription,prosub,,US,CA,92553,USD,2.49,6.336600,DKK,15.78,prosub,,4994183596643847628,Yes,,,,
GPA.3386-5518-0520-36735..1,"Mar 1, 2026",9:01:13 PM PST,,Google fee,,Pro Subscription (Words With Friends Solver),com.deepinkcode.wordswithfriendssolver,Subscription,prosub,,US,CA,92553,USD,-0.37,6.336600,DKK,-2.34,prosub,,4994183596643847628,Yes,15,SUBSCRIPTIONS,,
GPA.3340-2269-5052-73481..7,"Mar 1, 2026",10:02:00 PM PST,,Charge,,Pro Subscription (WF Solver),com.deepinkcode.wordfeudsolver,Subscription,prosub,,NL,,7943LT,EUR,1.98,7.471000,DKK,14.79,prosubmonth,,4994183596643847628,Yes,,,,
GPA.3340-2269-5052-73481..7,"Mar 1, 2026",10:02:00 PM PST,,Google fee,,Pro Subscription (WF Solver),com.deepinkcode.wordfeudsolver,Subscription,prosub,,NL,,7943LT,EUR,-0.30,7.471000,DKK,-2.24,prosubmonth,,4994183596643847628,Yes,15,SUBSCRIPTIONS,,
GPA.3382-1768-2961-59059..5,"Mar 1, 2026",11:39:35 PM PST,,Charge,,Pro Subscription (WF Solver),com.deepinkcode.wordfeudsolver,Subscription,prosub,,SE,,11224,SEK,22.40,0.699030,DKK,15.66,prosubmonth,,4994183596643847628,Yes,,,,
GPA.3382-1768-2961-59059..5,"Mar 1, 2026",11:39:35 PM PST,,Google fee,,Pro Subscription (WF Solver),com.deepinkcode.wordfeudsolver,Subscription,prosub,,SE,,11224,SEK,-3.36,0.699030,DKK,-2.35,prosubmonth,,4994183596643847628,Yes,15,SUBSCRIPTIONS,,
GPA.3323-6350-3775-50742..7,"Mar 1, 2026",11:44:13 PM PST,,Charge,,Pro Subscription (Words With Friends Solver),com.deepinkcode.wordswithfriendssolver,Subscription,prosub,,US,IL,60162,USD,1.99,6.351600,DKK,12.64,prosub,,4994183596643847628,Yes,,,,
GPA.3323-6350-3775-50742..7,"Mar 1, 2026",11:44:13 PM PST,,Google fee,,Pro Subscription (Words With Friends Solver),com.deepinkcode.wordswithfriendssolver,Subscription,prosub,,US,IL,60162,USD,-0.30,6.351600,DKK,-1.91,prosub,,4994183596643847628,Yes,15,SUBSCRIPTIONS,,
GPA.3328-7262-4712-31723..4,"Mar 2, 2026",1:29:44 AM PST,,Charge,,Pro Subscription (WF Solver),com.deepinkcode.wordfeudsolver,Subscription,prosub,,DK,,9575,DKK,15.20,1.000000,DKK,15.20,prosubmonth,,4994183596643847628,Yes,,,,
GPA.3328-7262-4712-31723..4,"Mar 2, 2026",1:29:44 AM PST,,Google fee,,Pro Subscription (WF Solver),com.deepinkcode.wordfeudsolver,Subscription,prosub,,DK,,9575,DKK,-2.28,1.000000,DKK,-2.28,prosubmonth,,4994183596643847628,Yes,15,SUBSCRIPTIONS,,
GPA.3332-9141-8175-23912..11,"Mar 2, 2026",2:17:30 AM PST,,Charge,,Pro Subscription (WF Solver),com.deepinkcode.wordfeudsolver,Subscription,prosub,,NO,,6522,NOK,24.00,0.669140,DKK,16.06,prosubmonth,,4994183596643847628,Yes,,,,
GPA.3332-9141-8175-23912..11,"Mar 2, 2026",2:17:30 AM PST,,Google fee,,Pro Subscription (WF Solver),com.deepinkcode.wordfeudsolver,Subscription,prosub,,NO,,6522,NOK,-3.60,0.669140,DKK,-2.41,prosubmonth,,4994183596643847628,Yes,15,SUBSCRIPTIONS,,
GPA.3303-4464-5027-88433..11,"Mar 2, 2026",2:25:30 AM PST,,Charge,,Pro Subscription (WF Solver),com.deepinkcode.wordfeudsolver,Subscription,prosub,,NO,,1263,NOK,24.00,0.669140,DKK,16.06,prosubmonth,,4994183596643847628,Yes,,,,
GPA.3303-4464-5027-88433..11,"Mar 2, 2026",2:25:30 AM PST,,Google fee,,Pro Subscription (WF Solver),com.deepinkcode.wordfeudsolver,Subscription,prosub,,NO,,1263,NOK,-3.60,0.669140,DKK,-2.41,prosubmonth,,4994183596643847628,Yes,15,SUBSCRIPTIONS,,
GPA.3323-1947-8537-55387..0,"Mar 2, 2026",4:17:13 AM PST,,Charge,,Pro Subscription (WF Solver),com.deepinkcode.wordfeudsolver,Subscription,prosub,,BE,,3500,EUR,1.98,7.471400,DKK,14.79,prosubmonth,,4994183596643847628,Yes,,,,
GPA.3323-1947-8537-55387..0,"Mar 2, 2026",4:17:13 AM PST,,Google fee,,Pro Subscription (WF Solver),com.deepinkcode.wordfeudsolver,Subscription,prosub,,BE,,3500,EUR,-0.30,7.471400,DKK,-2.24,prosubmonth,,4994183596643847628,Yes,15,SUBSCRIPTIONS,,
GPA.3390-7498-1026-89267..6,"Mar 2, 2026",4:17:15 AM PST,,Charge,,Pro Subscription (WF Solver),com.deepinkcode.wordfeudsolver,Subscription,prosub,,SE,,53334,SEK,22.40,0.698740,DKK,15.65,prosubmonth,,4994183596643847628,Yes,,,,
GPA.3390-7498-1026-89267..6,"Mar 2, 2026",4:17:15 AM PST,,Google fee,,Pro Subscription (WF Solver),com.deepinkcode.wordfeudsolver,Subscription,prosub,,SE,,53334,SEK,-3.36,0.698740,DKK,-2.35,prosubmonth,,4994183596643847628,Yes,15,SUBSCRIPTIONS,,
GPA.3395-2611-2788-08081..0,"Mar 2, 2026",5:18:57 AM PST,,Charge,,Pro Subscription (Words With Friends Solver),com.deepinkcode.wordswithfriendssolver,Subscription,prosub,,US,FL,34221,USD,2.49,6.368800,DKK,15.86,prosub,,4994183596643847628,Yes,,,,
GPA.3395-2611-2788-08081..0,"Mar 2, 2026",5:18:57 AM PST,,Google fee,,Pro Subscription (Words With Friends Solver),com.deepinkcode.wordswithfriendssolver,Subscription,prosub,,US,FL,34221,USD,-0.37,6.368800,DKK,-2.36,prosub,,4994183596643847628,Yes,15,SUBSCRIPTIONS,,
GPA.3393-1239-9571-13272,"Mar 2, 2026",5:35:29 AM PST,,Charge,,Pro Subscription (Words With Friends Solver),com.deepinkcode.wordswithfriendssolver,Subscription,prosub,e1s,GB,,NG18 4AT,GBP,1.74,8.540200,DKK,14.86,prosub,,4994183596643847628,Yes,,,,In-app
GPA.3393-1239-9571-13272,"Mar 2, 2026",5:35:29 AM PST,,Google fee,,Pro Subscription (Words With Friends Solver),com.deepinkcode.wordswithfriendssolver,Subscription,prosub,e1s,GB,,NG18 4AT,GBP,-0.26,8.540200,DKK,-2.22,prosub,,4994183596643847628,Yes,15,SUBSCRIPTIONS,,In-app
GPA.3304-5188-7923-53449..15,"Mar 2, 2026",5:40:51 AM PST,,Charge,,Pro Subscription (WF Solver),com.deepinkcode.wordfeudsolver,Subscription,prosub,,NO,,9512,NOK,23.20,0.668440,DKK,15.51,prosubmonth,,4994183596643847628,Yes,,,,
GPA.3304-5188-7923-53449..15,"Mar 2, 2026",5:40:51 AM PST,,Google fee,,Pro Subscription (WF Solver),com.deepinkcode.wordfeudsolver,Subscription,prosub,,NO,,9512,NOK,-3.48,0.668440,DKK,-2.33,prosubmonth,,4994183596643847628,Yes,15,SUBSCRIPTIONS,,
GPA.3365-5500-6128-81563..11,"Mar 2, 2026",6:04:03 AM PST,,Charge,,Pro Subscription (WF Solver),com.deepinkcode.wordfeudsolver,Subscription,prosub,,DK,,5610,DKK,15.20,1.000000,DKK,15.20,prosubmonth,,4994183596643847628,Yes,,,,
GPA.3365-5500-6128-81563..11,"Mar 2, 2026",6:04:03 AM PST,,Google fee,,Pro Subscription (WF Solver),com.deepinkcode.wordfeudsolver,Subscription,prosub,,DK,,5610,DKK,-2.28,1.000000,DKK,-2.28,prosubmonth,,4994183596643847628,Yes,15,SUBSCRIPTIONS,,
GPA.3360-5433-8692-55893..10,"Mar 2, 2026",6:48:36 AM PST,,Charge,,Pro Subscription (WF Solver),com.deepinkcode.wordfeudsolver,Subscription,prosub,,SE,,25375,SEK,23.20,0.697900,DKK,16.19,prosubmonth,,4994183596643847628,Yes,,,,
GPA.3360-5433-8692-55893..10,"Mar 2, 2026",6:48:36 AM PST,,Google fee,,Pro Subscription (WF Solver),com.deepinkcode.wordfeudsolver,Subscription,prosub,,SE,,25375,SEK,-3.48,0.697900,DKK,-2.43,prosubmonth,,4994183596643847628,Yes,15,SUBSCRIPTIONS,,
GPA.3373-3309-3272-91192..15,"Mar 2, 2026",7:14:33 AM PST,,Charge,,Pro Subscription (WF Solver),com.deepinkcode.wordfeudsolver,Subscription,prosub,,SE,,71693,SEK,23.20,0.698360,DKK,16.20,prosubmonth,,4994183596643847628,Yes,,,,
GPA.3373-3309-3272-91192..15,"Mar 2, 2026",7:14:33 AM PST,,Google fee,,Pro Subscription (WF Solver),com.deepinkcode.wordfeudsolver,Subscription,prosub,,SE,,71693,SEK,-3.48,0.698360,DKK,-2.43,prosubmonth,,4994183596643847628,Yes,15,SUBSCRIPTIONS,,
GPA.3304-3882-7706-69656..4,"Mar 2, 2026",7:22:21 AM PST,,Charge,,Pro Subscription (Words With Friends Solver),com.deepinkcode.wordswithfriendssolver,Subscription,prosub,,GB,,EX5 3NE,GBP,1.74,8.544800,DKK,14.87,prosub,,4994183596643847628,Yes,,,,
GPA.3304-3882-7706-69656..4,"Mar 2, 2026",7:22:21 AM PST,,Google fee,,Pro Subscription (Words With Friends Solver),com.deepinkcode.wordswithfriendssolver,Subscription,prosub,,GB,,EX5 3NE,GBP,-0.26,8.544800,DKK,-2.22,prosub,,4994183596643847628,Yes,15,SUBSCRIPTIONS,,
GPA.3363-7040-4804-52009..14,"Mar 2, 2026",8:12:34 AM PST,,Charge,,Pro Subscription (WF Solver),com.deepinkcode.wordfeudsolver,Subscription,prosub,,SE,,746 33,SEK,23.20,0.698050,DKK,16.19,prosubmonth,,4994183596643847628,Yes,,,,
GPA.3363-7040-4804-52009..14,"Mar 2, 2026",8:12:34 AM PST,,Google fee,,Pro Subscription (WF Solver),com.deepinkcode.wordfeudsolver,Subscription,prosub,,SE,,746 33,SEK,-3.48,0.698050,DKK,-2.42,prosubmonth,,4994183596643847628,Yes,15,SUBSCRIPTIONS,,
GPA.3305-0846-7731-55646..12,"Mar 2, 2026",8:51:00 AM PST,,Charge,,Pro Subscription (WF Solver),com.deepinkcode.wordfeudsolver,Subscription,prosub,,NO,,4352,NOK,24.00,0.666360,DKK,15.99,prosubmonth,,4994183596643847628,Yes,,,,
GPA.3305-0846-7731-55646..12,"Mar 2, 2026",8:51:00 AM PST,,Google fee,,Pro Subscription (WF Solver),com.deepinkcode.wordfeudsolver,Subscription,prosub,,NO,,4352,NOK,-3.60,0.666360,DKK,-2.40,prosubmonth,,4994183596643847628,Yes,15,SUBSCRIPTIONS,,
GPA.3345-9191-1914-27226..3,"Mar 2, 2026",9:26:59 AM PST,,Charge,,Pro Subscription (WF Solver),com.deepinkcode.wordfeudsolver,Subscription,prosub,,NL,,9231 AG,EUR,1.98,7.471200,DKK,14.79,prosubmonth,,4994183596643847628,Yes,,,,
GPA.3345-9191-1914-27226..3,"Mar 2, 2026",9:26:59 AM PST,,Google fee,,Pro Subscription (WF Solver),com.deepinkcode.wordfeudsolver,Subscription,prosub,,NL,,9231 AG,EUR,-0.30,7.471200,DKK,-2.24,prosubmonth,,4994183596643847628,Yes,15,SUBSCRIPTIONS,,
GPA.3354-0848-1599-35189,"Mar 2, 2026",10:22:28 AM PST,,Charge,,Pro Subscription (Words With Friends Solver),com.deepinkcode.wordswithfriendssolver,Subscription,prosub,kansas,US,IN,46124,USD,2.49,6.391100,DKK,15.91,prosub,,4994183596643847628,Yes,,,,In-app
GPA.3354-0848-1599-35189,"Mar 2, 2026",10:22:28 AM PST,,Google fee,,Pro Subscription (Words With Friends Solver),com.deepinkcode.wordswithfriendssolver,Subscription,prosub,kansas,US,IN,46124,USD,-0.37,6.391100,DKK,-2.36,prosub,,4994183596643847628,Yes,15,SUBSCRIPTIONS,,In-app
GPA.3351-8906-9222-58554,"Mar 2, 2026",11:39:36 AM PST,,Charge,,Pro (WF Solver),com.deepinkcode.wordfeudsolver,One-time product,pro,shiba,DK,,6100,DKK,180.00,1.000000,DKK,180.00,legacy-base,,4994183596643847628,Yes,,,,In-app
GPA.3351-8906-9222-58554,"Mar 2, 2026",11:39:36 AM PST,,Google fee,,Pro (WF Solver),com.deepinkcode.wordfeudsolver,One-time product,pro,shiba,DK,,6100,DKK,-27.00,1.000000,DKK,-27.00,legacy-base,,4994183596643847628,Yes,15,,,In-app
GPA.3393-9280-1875-34630..0,"Mar 2, 2026",11:47:54 AM PST,,Charge,,Pro Subscription (Words With Friends Solver),com.deepinkcode.wordswithfriendssolver,Subscription,prosub,,US,SC,29607,USD,2.49,6.382000,DKK,15.89,prosub,,4994183596643847628,Yes,,,,
GPA.3393-9280-1875-34630..0,"Mar 2, 2026",11:47:54 AM PST,,Google fee,,Pro Subscription (Words With Friends Solver),com.deepinkcode.wordswithfriendssolver,Subscription,prosub,,US,SC,29607,USD,-0.37,6.382000,DKK,-2.36,prosub,,4994183596643847628,Yes,15,SUBSCRIPTIONS,,
GPA.3311-8442-6194-22013..1,"Mar 2, 2026",12:33:05 PM PST,,Charge,,Pro Subscription (WF Solver),com.deepinkcode.wordfeudsolver,Subscription,prosub,,SE,,43367,SEK,22.40,0.698210,DKK,15.64,prosubmonth,,4994183596643847628,Yes,,,,
GPA.3311-8442-6194-22013..1,"Mar 2, 2026",12:33:05 PM PST,,Google fee,,Pro Subscription (WF Solver),com.deepinkcode.wordfeudsolver,Subscription,prosub,,SE,,43367,SEK,-3.36,0.698210,DKK,-2.35,prosubmonth,,4994183596643847628,Yes,15,SUBSCRIPTIONS,,
GPA.3359-6268-8313-79969..6,"Mar 2, 2026",12:56:28 PM PST,,Charge,,Pro Subscription (Words With Friends Solver),com.deepinkcode.wordswithfriendssolver,Subscription,prosub,,CA,ON,P6B 2W8,CAD,3.19,4.663500,DKK,14.88,prosub,,4994183596643847628,Yes,,,,
GPA.3359-6268-8313-79969..6,"Mar 2, 2026",12:56:28 PM PST,,Google fee,,Pro Subscription (Words With Friends Solver),com.deepinkcode.wordswithfriendssolver,Subscription,prosub,,CA,ON,P6B 2W8,CAD,-0.48,4.663500,DKK,-2.24,prosub,,4994183596643847628,Yes,15,SUBSCRIPTIONS,,
GPA.3397-1661-9105-77842..14,"Mar 2, 2026",1:09:10 PM PST,,Charge,,Pro Subscription (WF Solver),com.deepinkcode.wordfeudsolver,Subscription,prosub,,NL,,2311 RA,EUR,1.98,7.470600,DKK,14.79,prosubmonth,,4994183596643847628,Yes,,,,
GPA.3397-1661-9105-77842..14,"Mar 2, 2026",1:09:10 PM PST,,Google fee,,Pro Subscription (WF Solver),com.deepinkcode.wordfeudsolver,Subscription,prosub,,NL,,2311 RA,EUR,-0.30,7.470600,DKK,-2.24,prosubmonth,,4994183596643847628,Yes,15,SUBSCRIPTIONS,,
GPA.3313-9224-3909-40510,"Mar 2, 2026",1:19:43 PM PST,,Charge,,Pro Subscription (WF Solver),com.deepinkcode.wordfeudsolver,Subscription,prosub,e1s,NL,,4811 HA,EUR,1.98,7.470600,DKK,14.79,prosubmonth,,4994183596643847628,Yes,,,,In-app
GPA.3313-9224-3909-40510,"Mar 2, 2026",1:19:43 PM PST,,Google fee,,Pro Subscription (WF Solver),com.deepinkcode.wordfeudsolver,Subscription,prosub,e1s,NL,,4811 HA,EUR,-0.30,7.470600,DKK,-2.24,prosubmonth,,4994183596643847628,Yes,15,SUBSCRIPTIONS,,In-app
GPA.3348-3711-8896-08292..6,"Mar 2, 2026",1:22:24 PM PST,,Charge,,Pro Subscription (WF Solver),com.deepinkcode.wordfeudsolver,Subscription,prosub,,DK,,2300,DKK,15.20,1.000000,DKK,15.20,prosubmonth,,4994183596643847628,Yes,,,,
GPA.3348-3711-8896-08292..6,"Mar 2, 2026",1:22:24 PM PST,,Google fee,,Pro Subscription (WF Solver),com.deepinkcode.wordfeudsolver,Subscription,prosub,,DK,,2300,DKK,-2.28,1.000000,DKK,-2.28,prosubmonth,,4994183596643847628,Yes,15,SUBSCRIPTIONS,,
GPA.3364-6780-7281-37454..7,"Mar 2, 2026",1:23:42 PM PST,,Charge,,Pro Subscription (WF Solver),com.deepinkcode.wordfeudsolver,Subscription,prosub,,NO,,2010,NOK,24.00,0.667000,DKK,16.01,prosubmonth,,4994183596643847628,Yes,,,,
GPA.3364-6780-7281-37454..7,"Mar 2, 2026",1:23:42 PM PST,,Google fee,,Pro Subscription (WF Solver),com.deepinkcode.wordfeudsolver,Subscription,prosub,,NO,,2010,NOK,-3.60,0.667000,DKK,-2.40,prosubmonth,,4994183596643847628,Yes,15,SUBSCRIPTIONS,,
GPA.3300-6356-1347-84843..3,"Mar 2, 2026",1:35:47 PM PST,,Charge,,Pro Subscription (WF Solver),com.deepinkcode.wordfeudsolver,Subscription,prosub,,SE,,66730,SEK,22.40,0.698340,DKK,15.64,prosubmonth,,4994183596643847628,Yes,,,,
GPA.3300-6356-1347-84843..3,"Mar 2, 2026",1:35:47 PM PST,,Google fee,,Pro Subscription (WF Solver),com.deepinkcode.wordfeudsolver,Subscription,prosub,,SE,,66730,SEK,-3.36,0.698340,DKK,-2.34,prosubmonth,,4994183596643847628,Yes,15,SUBSCRIPTIONS,,
GPA.3340-3634-9826-21667..6,"Mar 2, 2026",1:38:56 PM PST,,Charge,,Pro Subscription (WF Solver),com.deepinkcode.wordfeudsolver,Subscription,prosub,,SE,,645 44,SEK,22.40,0.698340,DKK,15.64,prosubmonth,,4994183596643847628,Yes,,,,
GPA.3340-3634-9826-21667..6,"Mar 2, 2026",1:38:56 PM PST,,Google fee,,Pro Subscription (WF Solver),com.deepinkcode.wordfeudsolver,Subscription,prosub,,SE,,645 44,SEK,-3.36,0.698340,DKK,-2.34,prosubmonth,,4994183596643847628,Yes,15,SUBSCRIPTIONS,,
GPA.3374-1373-9382-88094..0,"Mar 2, 2026",2:05:10 PM PST,,Charge,,Pro Subscription (Scrabble GO Cheat),com.deepinkcode.scrabblegocheat,Subscription,prosub,,GB,,,GBP,1.74,8.565000,DKK,14.90,prosubmonth,,4994183596643847628,Yes,,,,
GPA.3374-1373-9382-88094..0,"Mar 2, 2026",2:05:10 PM PST,,Google fee,,Pro Subscription (Scrabble GO Cheat),com.deepinkcode.scrabblegocheat,Subscription,prosub,,GB,,,GBP,-0.26,8.565000,DKK,-2.22,prosubmonth,,4994183596643847628,Yes,15,SUBSCRIPTIONS,,
GPA.3313-7030-2202-09599..2,"Mar 2, 2026",3:00:05 PM PST,,Charge,,Pro Subscription (WF Solver),com.deepinkcode.wordfeudsolver,Subscription,prosub,,NL,,1057ZS,EUR,1.98,7.470000,DKK,14.79,prosubmonth,,4994183596643847628,Yes,,,,
GPA.3313-7030-2202-09599..2,"Mar 2, 2026",3:00:05 PM PST,,Google fee,,Pro Subscription (WF Solver),com.deepinkcode.wordfeudsolver,Subscription,prosub,,NL,,1057ZS,EUR,-0.30,7.470000,DKK,-2.24,prosubmonth,,4994183596643847628,Yes,15,SUBSCRIPTIONS,,
GPA.3343-3711-7458-38168..14,"Mar 2, 2026",3:27:03 PM PST,,Charge,,Pro Subscription (WF Solver),com.deepinkcode.wordfeudsolver,Subscription,prosub,,FI,,22820,EUR,1.98,7.470000,DKK,14.79,prosubmonth,,4994183596643847628,Yes,,,,
GPA.3343-3711-7458-38168..14,"Mar 2, 2026",3:27:03 PM PST,,Google fee,,Pro Subscription (WF Solver),com.deepinkcode.wordfeudsolver,Subscription,prosub,,FI,,22820,EUR,-0.30,7.470000,DKK,-2.24,prosubmonth,,4994183596643847628,Yes,15,SUBSCRIPTIONS,,
GPA.3370-8887-0607-56048,"Mar 2, 2026",4:33:52 PM PST,,Charge,,Pro (Words With Friends Solver),com.deepinkcode.wordswithfriendssolver,One-time product,pro,pa1q,US,CO,80123,USD,27.99,6.390400,DKK,178.87,legacy-base,,4994183596643847628,Yes,,,,In-app
GPA.3370-8887-0607-56048,"Mar 2, 2026",4:33:52 PM PST,,Google fee,,Pro (Words With Friends Solver),com.deepinkcode.wordswithfriendssolver,One-time product,pro,pa1q,US,CO,80123,USD,-4.20,6.390400,DKK,-26.84,legacy-base,,4994183596643847628,Yes,15,,,In-app
GPA.3352-0447-0656-93328..2,"Mar 2, 2026",6:56:55 PM PST,,Charge,,Pro Subscription (Words With Friends Solver),com.deepinkcode.wordswithfriendssolver,Subscription,prosub,,US,NC,27530,USD,2.49,6.388800,DKK,15.91,prosub,,4994183596643847628,Yes,,,,
GPA.3352-0447-0656-93328..2,"Mar 2, 2026",6:56:55 PM PST,,Google fee,,Pro Subscription (Words With Friends Solver),com.deepinkcode.wordswithfriendssolver,Subscription,prosub,,US,NC,27530,USD,-0.37,6.388800,DKK,-2.36,prosub,,4994183596643847628,Yes,15,SUBSCRIPTIONS,,
GPA.3319-1655-8064-59701,"Mar 2, 2026",7:01:04 PM PST,,Charge,,Pro (Scrabble GO Cheat),com.deepinkcode.scrabblegocheat,One-time product,pro,p3q,US,OR,97601,USD,28.01,6.388200,DKK,178.93,legacy-base,,4994183596643847628,Yes,,,,In-app
GPA.3319-1655-8064-59701,"Mar 2, 2026",7:01:04 PM PST,,Google fee,,Pro (Scrabble GO Cheat),com.deepinkcode.scrabblegocheat,One-time product,pro,p3q,US,OR,97601,USD,-4.20,6.388200,DKK,-26.83,legacy-base,,4994183596643847628,Yes,15,,,In-app
GPA.3399-4326-7598-99603,"Mar 2, 2026",7:22:10 PM PST,,Charge,,Pro Subscription (Words With Friends Solver),com.deepinkcode.wordswithfriendssolver,Subscription,prosub,pa3q,US,CA,92223,USD,2.49,6.388200,DKK,15.91,prosub,,4994183596643847628,Yes,,,,In-app
GPA.3399-4326-7598-99603,"Mar 2, 2026",7:22:10 PM PST,,Google fee,,Pro Subscription (Words With Friends Solver),com.deepinkcode.wordswithfriendssolver,Subscription,prosub,pa3q,US,CA,92223,USD,-0.37,6.388200,DKK,-2.36,prosub,,4994183596643847628,Yes,15,SUBSCRIPTIONS,,In-app
GPA.3357-1670-9461-41264..6,"Mar 2, 2026",10:28:15 PM PST,,Charge,,Pro Subscription (WF Solver),com.deepinkcode.wordfeudsolver,Subscription,prosub,,NL,,2406TK,EUR,1.98,7.470700,DKK,14.79,prosubmonth,,4994183596643847628,Yes,,,,
GPA.3357-1670-9461-41264..6,"Mar 2, 2026",10:28:15 PM PST,,Google fee,,Pro Subscription (WF Solver),com.deepinkcode.wordfeudsolver,Subscription,prosub,,NL,,2406TK,EUR,-0.30,7.470700,DKK,-2.24,prosubmonth,,4994183596643847628,Yes,15,SUBSCRIPTIONS,,
GPA.3336-5543-7072-30829..7,"Mar 2, 2026",11:02:37 PM PST,,Charge,,Pro Subscription (WF Solver),com.deepinkcode.wordfeudsolver,Subscription,prosub,,SE,,42353,SEK,23.20,0.696880,DKK,16.17,prosubmonth,,4994183596643847628,Yes,,,,
GPA.3336-5543-7072-30829..7,"Mar 2, 2026",11:02:37 PM PST,,Google fee,,Pro Subscription (WF Solver),com.deepinkcode.wordfeudsolver,Subscription,prosub,,SE,,42353,SEK,-3.48,0.696880,DKK,-2.43,prosubmonth,,4994183596643847628,Yes,15,SUBSCRIPTIONS,,
GPA.3383-3887-9706-38968..8,"Mar 3, 2026",12:42:49 AM PST,,Charge,,Pro Subscription (WF Solver),com.deepinkcode.wordfeudsolver,Subscription,prosub,,DK,,2770,DKK,15.20,1.000000,DKK,15.20,prosubmonth,,4994183596643847628,Yes,,,,
GPA.3383-3887-9706-38968..8,"Mar 3, 2026",12:42:49 AM PST,,Google fee,,Pro Subscription (WF Solver),com.deepinkcode.wordfeudsolver,Subscription,prosub,,DK,,2770,DKK,-2.28,1.000000,DKK,-2.28,prosubmonth,,4994183596643847628,Yes,15,SUBSCRIPTIONS,,
GPA.3374-7854-8269-48508..4,"Mar 3, 2026",1:59:36 AM PST,,Charge,,Pro Subscription (Scrabble GO Cheat),com.deepinkcode.scrabblegocheat,Subscription,prosub,,US,MD,21244,USD,2.49,6.417100,DKK,15.98,prosubmonth,,4994183596643847628,Yes,,,,
GPA.3374-7854-8269-48508..4,"Mar 3, 2026",1:59:36 AM PST,,Google fee,,Pro Subscription (Scrabble GO Cheat),com.deepinkcode.scrabblegocheat,Subscription,prosub,,US,MD,21244,USD,-0.37,6.417100,DKK,-2.37,prosubmonth,,4994183596643847628,Yes,15,SUBSCRIPTIONS,,
GPA.3316-3831-2018-41875,"Mar 3, 2026",3:02:14 AM PST,,Charge,,Pro Subscription (WF Solver),com.deepinkcode.wordfeudsolver,Subscription,prosub,e2s,NL,,3312 AW,EUR,1.98,7.470300,DKK,14.79,prosubmonth,,4994183596643847628,Yes,,,,In-app
GPA.3316-3831-2018-41875,"Mar 3, 2026",3:02:14 AM PST,,Google fee,,Pro Subscription (WF Solver),com.deepinkcode.wordfeudsolver,Subscription,prosub,e2s,NL,,3312 AW,EUR,-0.30,7.470300,DKK,-2.24,prosubmonth,,4994183596643847628,Yes,15,SUBSCRIPTIONS,,In-app
GPA.3356-8598-7094-69185..7,"Mar 3, 2026",3:06:42 AM PST,,Charge,,Pro Subscription (WF Solver),com.deepinkcode.wordfeudsolver,Subscription,prosub,,NL,,5652 KD,EUR,1.98,7.470300,DKK,14.79,prosubmonth,,4994183596643847628,Yes,,,,
GPA.3356-8598-7094-69185..7,"Mar 3, 2026",3:06:42 AM PST,,Google fee,,Pro Subscription (WF Solver),com.deepinkcode.wordfeudsolver,Subscription,prosub,,NL,,5652 KD,EUR,-0.30,7.470300,DKK,-2.24,prosubmonth,,4994183596643847628,Yes,15,SUBSCRIPTIONS,,
GPA.3382-7815-6837-37155..15,"Mar 3, 2026",3:33:03 AM PST,,Charge,,Pro Subscription (WF Solver),com.deepinkcode.wordfeudsolver,Subscription,prosub,,DK,,7400,DKK,15.20,1.000000,DKK,15.20,prosubmonth,,4994183596643847628,Yes,,,,
GPA.3382-7815-6837-37155..15,"Mar 3, 2026",3:33:03 AM PST,,Google fee,,Pro Subscription (WF Solver),com.deepinkcode.wordfeudsolver,Subscription,prosub,,DK,,7400,DKK,-2.28,1.000000,DKK,-2.28,prosubmonth,,4994183596643847628,Yes,15,SUBSCRIPTIONS,,
GPA.3396-5111-5622-01427..6,"Mar 3, 2026",3:57:35 AM PST,,Charge,,Pro Subscription (WF Solver),com.deepinkcode.wordfeudsolver,Subscription,prosub,,SE,,14734,SEK,22.40,0.696360,DKK,15.60,prosubmonth,,4994183596643847628,Yes,,,,
GPA.3396-5111-5622-01427..6,"Mar 3, 2026",3:57:35 AM PST,,Google fee,,Pro Subscription (WF Solver),com.deepinkcode.wordfeudsolver,Subscription,prosub,,SE,,14734,SEK,-3.36,0.696360,DKK,-2.34,prosubmonth,,4994183596643847628,Yes,15,SUBSCRIPTIONS,,
GPA.3370-5173-7369-14916..15,"Mar 3, 2026",4:08:29 AM PST,,Charge,,Pro Subscription (WF Solver),com.deepinkcode.wordfeudsolver,Subscription,prosub,,BE,,2630,EUR,1.98,7.470200,DKK,14.79,prosubmonth,,4994183596643847628,Yes,,,,
GPA.3370-5173-7369-14916..15,"Mar 3, 2026",4:08:29 AM PST,,Google fee,,Pro Subscription (WF Solver),com.deepinkcode.wordfeudsolver,Subscription,prosub,,BE,,2630,EUR,-0.30,7.470200,DKK,-2.24,prosubmonth,,4994183596643847628,Yes,15,SUBSCRIPTIONS,,
GPA.3328-8083-5835-94055..16,"Mar 3, 2026",4:09:52 AM PST,,Charge,,Pro Subscription (WF Solver),com.deepinkcode.wordfeudsolver,Subscription,prosub,,NO,,1488,NOK,23.20,0.663350,DKK,15.39,prosubmonth,,4994183596643847628,Yes,,,,
GPA.3328-8083-5835-94055..16,"Mar 3, 2026",4:09:52 AM PST,,Google fee,,Pro Subscription (WF Solver),com.deepinkcode.wordfeudsolver,Subscription,prosub,,NO,,1488,NOK,-3.48,0.663350,DKK,-2.31,prosubmonth,,4994183596643847628,Yes,15,SUBSCRIPTIONS,,
GPA.3330-4958-5282-49125..15,"Mar 3, 2026",4:11:37 AM PST,,Charge,,Pro Subscription (WF Solver),com.deepinkcode.wordfeudsolver,Subscription,prosub,,NL,,3232 PB,EUR,1.98,7.470200,DKK,14.79,prosubmonth,,4994183596643847628,Yes,,,,
GPA.3330-4958-5282-49125..15,"Mar 3, 2026",4:11:37 AM PST,,Google fee,,Pro Subscription (WF Solver),com.deepinkcode.wordfeudsolver,Subscription,prosub,,NL,,3232 PB,EUR,-0.30,7.470200,DKK,-2.24,prosubmonth,,4994183596643847628,Yes,15,SUBSCRIPTIONS,,
GPA.3310-8381-0856-44768..8,"Mar 3, 2026",4:16:57 AM PST,,Charge,,Pro Subscription (WF Solver),com.deepinkcode.wordfeudsolver,Subscription,prosub,,DK,,2640,DKK,15.20,1.000000,DKK,15.20,prosubmonth,,4994183596643847628,Yes,,,,
GPA.3310-8381-0856-44768..8,"Mar 3, 2026",4:16:57 AM PST,,Google fee,,Pro Subscription (WF Solver),com.deepinkcode.wordfeudsolver,Subscription,prosub,,DK,,2640,DKK,-2.28,1.000000,DKK,-2.28,prosubmonth,,4994183596643847628,Yes,15,SUBSCRIPTIONS,,
GPA.3395-1831-0244-19452..3,"Mar 3, 2026",4:47:40 AM PST,,Charge,,Pro Subscription (WF Solver),com.deepinkcode.wordfeudsolver,Subscription,prosub,,NO,,3300,NOK,24.00,0.663350,DKK,15.92,prosubmonth,,4994183596643847628,Yes,,,,
GPA.3395-1831-0244-19452..3,"Mar 3, 2026",4:47:40 AM PST,,Google fee,,Pro Subscription (WF Solver),com.deepinkcode.wordfeudsolver,Subscription,prosub,,NO,,3300,NOK,-3.60,0.663350,DKK,-2.39,prosubmonth,,4994183596643847628,Yes,15,SUBSCRIPTIONS,,
GPA.3344-3923-2113-14477..0,"Mar 3, 2026",5:34:18 AM PST,,Charge,,Pro Subscription (WF Solver),com.deepinkcode.wordfeudsolver,Subscription,prosub,,SE,,392 33,SEK,22.40,0.695220,DKK,15.57,prosubmonth,,4994183596643847628,Yes,,,,
GPA.3344-3923-2113-14477..0,"Mar 3, 2026",5:34:18 AM PST,,Google fee,,Pro Subscription (WF Solver),com.deepinkcode.wordfeudsolver,Subscription,prosub,,SE,,392 33,SEK,-3.36,0.695220,DKK,-2.33,prosubmonth,,4994183596643847628,Yes,15,SUBSCRIPTIONS,,
GPA.3340-7234-2068-25961..3,"Mar 3, 2026",5:59:03 AM PST,,Charge,,Pro Subscription (WF Solver),com.deepinkcode.wordfeudsolver,Subscription,prosub,,NL,,8256PJ,EUR,1.98,7.470300,DKK,14.79,prosubmonth,,4994183596643847628,Yes,,,,
GPA.3340-7234-2068-25961..3,"Mar 3, 2026",5:59:03 AM PST,,Google fee,,Pro Subscription (WF Solver),com.deepinkcode.wordfeudsolver,Subscription,prosub,,NL,,8256PJ,EUR,-0.30,7.470300,DKK,-2.24,prosubmonth,,4994183596643847628,Yes,15,SUBSCRIPTIONS,,
GPA.3312-4250-6183-33553..2,"Mar 3, 2026",6:04:45 AM PST,,Charge,,Pro Subscription (WF Solver),com.deepinkcode.wordfeudsolver,Subscription,prosub,,SE,,975 96,SEK,22.40,0.696530,DKK,15.60,prosubmonth,,4994183596643847628,Yes,,,,
GPA.3312-4250-6183-33553..2,"Mar 3, 2026",6:04:45 AM PST,,Google fee,,Pro Subscription (WF Solver),com.deepinkcode.wordfeudsolver,Subscription,prosub,,SE,,975 96,SEK,-3.36,0.696530,DKK,-2.34,prosubmonth,,4994183596643847628,Yes,15,SUBSCRIPTIONS,,
GPA.3382-4037-2266-52534..12,"Mar 3, 2026",6:23:16 AM PST,,Charge,,Pro Subscription (Words With Friends Solver),com.deepinkcode.wordswithfriendssolver,Subscription,prosub,,US,CA,95361,USD,1.99,6.432400,DKK,12.80,prosub,,4994183596643847628,Yes,,,,
GPA.3382-4037-2266-52534..12,"Mar 3, 2026",6:23:16 AM PST,,Google fee,,Pro Subscription (Words With Friends Solver),com.deepinkcode.wordswithfriendssolver,Subscription,prosub,,US,CA,95361,USD,-0.30,6.432400,DKK,-1.93,prosub,,4994183596643847628,Yes,15,SUBSCRIPTIONS,,
GPA.3396-2412-6444-46450,"Mar 3, 2026",6:53:30 AM PST,,Charge,,Pro Subscription (WF Solver),com.deepinkcode.wordfeudsolver,Subscription,prosub,dm1q,NL,,7546AP,EUR,1.98,7.470500,DKK,14.79,prosubmonth,,4994183596643847628,Yes,,,,In-app
GPA.3396-2412-6444-46450,"Mar 3, 2026",6:53:30 AM PST,,Google fee,,Pro Subscription (WF Solver),com.deepinkcode.wordfeudsolver,Subscription,prosub,dm1q,NL,,7546AP,EUR,-0.30,7.470500,DKK,-2.24,prosubmonth,,4994183596643847628,Yes,15,SUBSCRIPTIONS,,In-app
GPA.3364-1905-8536-08909,"Mar 3, 2026",7:55:15 AM PST,,Charge,,Pro Subscription (Words With Friends Solver),com.deepinkcode.wordswithfriendssolver,Subscription,prosub,r11q,US,OK,73072,USD,2.49,6.442800,DKK,16.04,prosub,,4994183596643847628,Yes,,,,In-app
GPA.3364-1905-8536-08909,"Mar 3, 2026",7:55:15 AM PST,,Google fee,,Pro Subscription (Words With Friends Solver),com.deepinkcode.wordswithfriendssolver,Subscription,prosub,r11q,US,OK,73072,USD,-0.37,6.442800,DKK,-2.38,prosub,,4994183596643847628,Yes,15,SUBSCRIPTIONS,,In-app
GPA.3358-8905-5295-32789,"Mar 3, 2026",8:10:32 AM PST,,Charge,,Pro Subscription (WF Solver),com.deepinkcode.wordfeudsolver,Subscription,prosub,r0s,NL,,9435 TC,EUR,1.98,7.470300,DKK,14.79,prosubmonth,,4994183596643847628,Yes,,,,In-app
GPA.3358-8905-5295-32789,"Mar 3, 2026",8:10:32 AM PST,,Google fee,,Pro Subscription (WF Solver),com.deepinkcode.wordfeudsolver,Subscription,prosub,r0s,NL,,9435 TC,EUR,-0.30,7.470300,DKK,-2.24,prosubmonth,,4994183596643847628,Yes,15,SUBSCRIPTIONS,,In-app
GPA.3326-5818-1816-97961,"Mar 3, 2026",8:45:34 AM PST,,Charge refund,Full,Pro Subscription (WF Solver),com.deepinkcode.wordfeudsolver,Subscription,prosub,a17x,SE,,70225,SEK,-22.40,0.700540,DKK,-15.69,prosubmonth,,4994183596643847628,Yes,,,,In-app
GPA.3326-5818-1816-97961,"Mar 3, 2026",8:45:34 AM PST,,Google fee refund,Full,Pro Subscription (WF Solver),com.deepinkcode.wordfeudsolver,Subscription,prosub,a17x,SE,,70225,SEK,3.36,0.700540,DKK,2.35,prosubmonth,,4994183596643847628,Yes,15,SUBSCRIPTIONS,,In-app
GPA.3331-0929-0774-69306..11,"Mar 3, 2026",9:09:43 AM PST,,Charge,,Pro Subscription (WF Solver),com.deepinkcode.wordfeudsolver,Subscription,prosub,,NL,,5663RZ,EUR,1.98,7.472100,DKK,14.79,prosubmonth,,4994183596643847628,Yes,,,,
GPA.3331-0929-0774-69306..11,"Mar 3, 2026",9:09:43 AM PST,,Google fee,,Pro Subscription (WF Solver),com.deepinkcode.wordfeudsolver,Subscription,prosub,,NL,,5663RZ,EUR,-0.30,7.472100,DKK,-2.24,prosubmonth,,4994183596643847628,Yes,15,SUBSCRIPTIONS,,
GPA.3379-1239-2827-85488,"Mar 3, 2026",9:13:36 AM PST,,Charge,,Pro Subscription (WF Solver),com.deepinkcode.wordfeudsolver,Subscription,prosub,e3q,SE,,141 46,SEK,22.40,0.693740,DKK,15.54,prosubmonth,,4994183596643847628,Yes,,,,In-app
GPA.3379-1239-2827-85488,"Mar 3, 2026",9:13:36 AM PST,,Google fee,,Pro Subscription (WF Solver),com.deepinkcode.wordfeudsolver,Subscription,prosub,e3q,SE,,141 46,SEK,-3.36,0.693740,DKK,-2.33,prosubmonth,,4994183596643847628,Yes,15,SUBSCRIPTIONS,,In-app
GPA.3329-3035-3085-18103..11,"Mar 3, 2026",9:27:25 AM PST,,Charge,,Pro Subscription (WF Solver),com.deepinkcode.wordfeudsolver,Subscription,prosub,,DK,,2770,DKK,15.20,1.000000,DKK,15.20,prosubmonth,,4994183596643847628,Yes,,,,
GPA.3329-3035-3085-18103..11,"Mar 3, 2026",9:27:25 AM PST,,Google fee,,Pro Subscription (WF Solver),com.deepinkcode.wordfeudsolver,Subscription,prosub,,DK,,2770,DKK,-2.28,1.000000,DKK,-2.28,prosubmonth,,4994183596643847628,Yes,15,SUBSCRIPTIONS,,
GPA.3384-2699-5771-17116..13,"Mar 3, 2026",9:45:43 AM PST,,Charge,,Pro Subscription (WF Solver),com.deepinkcode.wordfeudsolver,Subscription,prosub,,NO,,7180,NOK,24.00,0.663670,DKK,15.93,prosubmonth,,4994183596643847628,Yes,,,,
GPA.3384-2699-5771-17116..13,"Mar 3, 2026",9:45:43 AM PST,,Google fee,,Pro Subscription (WF Solver),com.deepinkcode.wordfeudsolver,Subscription,prosub,,NO,,7180,NOK,-3.60,0.663670,DKK,-2.39,prosubmonth,,4994183596643847628,Yes,15,SUBSCRIPTIONS,,
GPA.3358-9697-3552-03288..0,"Mar 3, 2026",10:07:47 AM PST,,Charge,,Pro Subscription (Words With Friends Solver),com.deepinkcode.wordswithfriendssolver,Subscription,prosub,,US,CT,06450,USD,2.49,6.443200,DKK,16.04,prosub,,4994183596643847628,Yes,,,,
GPA.3358-9697-3552-03288..0,"Mar 3, 2026",10:07:47 AM PST,,Google fee,,Pro Subscription (Words With Friends Solver),com.deepinkcode.wordswithfriendssolver,Subscription,prosub,,US,CT,06450,USD,-0.37,6.443200,DKK,-2.38,prosub,,4994183596643847628,Yes,15,SUBSCRIPTIONS,,
GPA.3364-2649-0110-61029..1,"Mar 3, 2026",10:27:18 AM PST,,Charge,,Pro Subscription (WF Solver),com.deepinkcode.wordfeudsolver,Subscription,prosub,,DK,,6261,DKK,15.20,1.000000,DKK,15.20,prosubmonth,,4994183596643847628,Yes,,,,
GPA.3364-2649-0110-61029..1,"Mar 3, 2026",10:27:18 AM PST,,Google fee,,Pro Subscription (WF Solver),com.deepinkcode.wordfeudsolver,Subscription,prosub,,DK,,6261,DKK,-2.28,1.000000,DKK,-2.28,prosubmonth,,4994183596643847628,Yes,15,SUBSCRIPTIONS,,
GPA.3377-4249-8437-48865,"Mar 3, 2026",11:03:43 AM PST,,Charge,,Pro Subscription (WF Solver),com.deepinkcode.wordfeudsolver,Subscription,prosub,r0s,DK,,8520,DKK,15.20,1.000000,DKK,15.20,prosubmonth,,4994183596643847628,Yes,,,,In-app
GPA.3377-4249-8437-48865,"Mar 3, 2026",11:03:43 AM PST,,Google fee,,Pro Subscription (WF Solver),com.deepinkcode.wordfeudsolver,Subscription,prosub,r0s,DK,,8520,DKK,-2.28,1.000000,DKK,-2.28,prosubmonth,,4994183596643847628,Yes,15,SUBSCRIPTIONS,,In-app
GPA.3374-0135-6549-07605..10,"Mar 3, 2026",11:11:57 AM PST,,Charge,,Pro Subscription (WF Solver),com.deepinkcode.wordfeudsolver,Subscription,prosub,,NL,,3863EW,EUR,1.98,7.471800,DKK,14.79,prosubmonth,,4994183596643847628,Yes,,,,
GPA.3374-0135-6549-07605..10,"Mar 3, 2026",11:11:57 AM PST,,Google fee,,Pro Subscription (WF Solver),com.deepinkcode.wordfeudsolver,Subscription,prosub,,NL,,3863EW,EUR,-0.30,7.471800,DKK,-2.24,prosubmonth,,4994183596643847628,Yes,15,SUBSCRIPTIONS,,
GPA.3335-7645-7761-16556..5,"Mar 3, 2026",11:42:12 AM PST,,Charge,,Pro Subscription (WF Solver),com.deepinkcode.wordfeudsolver,Subscription,prosub,,SE,,52144,SEK,22.40,0.693580,DKK,15.54,prosubmonth,,4994183596643847628,Yes,,,,
GPA.3335-7645-7761-16556..5,"Mar 3, 2026",11:42:12 AM PST,,Google fee,,Pro Subscription (WF Solver),com.deepinkcode.wordfeudsolver,Subscription,prosub,,SE,,52144,SEK,-3.36,0.693580,DKK,-2.33,prosubmonth,,4994183596643847628,Yes,15,SUBSCRIPTIONS,,
GPA.3384-5258-9400-07499..4,"Mar 3, 2026",12:16:08 PM PST,,Charge,,Pro Subscription (WF Solver),com.deepinkcode.wordfeudsolver,Subscription,prosub,,NL,,9405hm,EUR,1.98,7.471700,DKK,14.79,prosubmonth,,4994183596643847628,Yes,,,,
GPA.3384-5258-9400-07499..4,"Mar 3, 2026",12:16:08 PM PST,,Google fee,,Pro Subscription (WF Solver),com.deepinkcode.wordfeudsolver,Subscription,prosub,,NL,,9405hm,EUR,-0.30,7.471700,DKK,-2.24,prosubmonth,,4994183596643847628,Yes,15,SUBSCRIPTIONS,,
GPA.3346-5312-4841-02467,"Mar 3, 2026",12:27:52 PM PST,,Charge,,Pro Subscription (WF Solver),com.deepinkcode.wordfeudsolver,Subscription,prosub,g0s,NL,,1034 RC,EUR,1.98,7.471700,DKK,14.79,prosubmonth,,4994183596643847628,Yes,,,,In-app
GPA.3346-5312-4841-02467,"Mar 3, 2026",12:27:52 PM PST,,Google fee,,Pro Subscription (WF Solver),com.deepinkcode.wordfeudsolver,Subscription,prosub,g0s,NL,,1034 RC,EUR,-0.30,7.471700,DKK,-2.24,prosubmonth,,4994183596643847628,Yes,15,SUBSCRIPTIONS,,In-app
GPA.3339-9477-5136-87876..1,"Mar 3, 2026",12:34:30 PM PST,,Charge,,Pro Subscription (WF Solver),com.deepinkcode.wordfeudsolver,Subscription,prosub,,SE,,17670,SEK,22.40,0.694000,DKK,15.55,prosubmonth,,4994183596643847628,Yes,,,,
GPA.3339-9477-5136-87876..1,"Mar 3, 2026",12:34:30 PM PST,,Google fee,,Pro Subscription (WF Solver),com.deepinkcode.wordfeudsolver,Subscription,prosub,,SE,,17670,SEK,-3.36,0.694000,DKK,-2.34,prosubmonth,,4994183596643847628,Yes,15,SUBSCRIPTIONS,,
GPA.3388-5930-7904-03881..1,"Mar 3, 2026",2:32:26 PM PST,,Charge,,Pro Subscription (WF Solver),com.deepinkcode.wordfeudsolver,Subscription,prosub,,NL,,3823 AL,EUR,1.98,7.471100,DKK,14.79,prosubmonth,,4994183596643847628,Yes,,,,
GPA.3388-5930-7904-03881..1,"Mar 3, 2026",2:32:26 PM PST,,Google fee,,Pro Subscription (WF Solver),com.deepinkcode.wordfeudsolver,Subscription,prosub,,NL,,3823 AL,EUR,-0.30,7.471100,DKK,-2.24,prosubmonth,,4994183596643847628,Yes,15,SUBSCRIPTIONS,,
GPA.3364-8703-3804-63256,"Mar 3, 2026",3:31:17 PM PST,,Charge,,Pro Subscription (Words With Friends Solver),com.deepinkcode.wordswithfriendssolver,Subscription,prosub,e1q,CA,NB,E2V 4K7,CAD,3.19,4.705600,DKK,15.01,prosub,,4994183596643847628,Yes,,,,In-app
GPA.3364-8703-3804-63256,"Mar 3, 2026",3:31:17 PM PST,,Google fee,,Pro Subscription (Words With Friends Solver),com.deepinkcode.wordswithfriendssolver,Subscription,prosub,e1q,CA,NB,E2V 4K7,CAD,-0.48,4.705600,DKK,-2.26,prosub,,4994183596643847628,Yes,15,SUBSCRIPTIONS,,In-app
GPA.3303-7264-5778-33107..5,"Mar 3, 2026",4:08:35 PM PST,,Charge,,Pro Subscription (Words With Friends Solver),com.deepinkcode.wordswithfriendssolver,Subscription,prosub,,US,MA,01913,USD,2.49,6.434000,DKK,16.02,prosub,,4994183596643847628,Yes,,,,
GPA.3303-7264-5778-33107..5,"Mar 3, 2026",4:08:35 PM PST,,Google fee,,Pro Subscription (Words With Friends Solver),com.deepinkcode.wordswithfriendssolver,Subscription,prosub,,US,MA,01913,USD,-0.37,6.434000,DKK,-2.38,prosub,,4994183596643847628,Yes,15,SUBSCRIPTIONS,,
GPA.3347-2680-6696-69191..1,"Mar 3, 2026",5:17:03 PM PST,,Charge,,Pro Subscription (Words With Friends Solver),com.deepinkcode.wordswithfriendssolver,Subscription,prosub,,CA,BC,V4A 9H5,CAD,3.19,4.705500,DKK,15.01,prosub,,4994183596643847628,Yes,,,,
GPA.3347-2680-6696-69191..1,"Mar 3, 2026",5:17:03 PM PST,,Google fee,,Pro Subscription (Words With Friends Solver),com.deepinkcode.wordswithfriendssolver,Subscription,prosub,,CA,BC,V4A 9H5,CAD,-0.48,4.705500,DKK,-2.26,prosub,,4994183596643847628,Yes,15,SUBSCRIPTIONS,,
GPA.3337-9687-0296-07061,"Mar 3, 2026",5:21:15 PM PST,,Charge,,Pro Subscription (Words With Friends Solver),com.deepinkcode.wordswithfriendssolver,Subscription,prosub,dm3q,US,NH,03275,USD,2.49,6.437400,DKK,16.03,prosub,,4994183596643847628,Yes,,,,In-app
GPA.3337-9687-0296-07061,"Mar 3, 2026",5:21:15 PM PST,,Google fee,,Pro Subscription (Words With Friends Solver),com.deepinkcode.wordswithfriendssolver,Subscription,prosub,dm3q,US,NH,03275,USD,-0.37,6.437400,DKK,-2.38,prosub,,4994183596643847628,Yes,15,SUBSCRIPTIONS,,In-app
GPA.3396-2895-5738-35611..3,"Mar 3, 2026",6:56:08 PM PST,,Charge,,Pro Subscription (Words With Friends Solver),com.deepinkcode.wordswithfriendssolver,Subscription,prosub,,US,TX,76002,USD,2.49,6.444100,DKK,16.05,prosub,,4994183596643847628,Yes,,,,
GPA.3396-2895-5738-35611..3,"Mar 3, 2026",6:56:08 PM PST,,Google fee,,Pro Subscription (Words With Friends Solver),com.deepinkcode.wordswithfriendssolver,Subscription,prosub,,US,TX,76002,USD,-0.37,6.444100,DKK,-2.38,prosub,,4994183596643847628,Yes,15,SUBSCRIPTIONS,,
GPA.3391-3066-3062-29588..1,"Mar 3, 2026",8:19:10 PM PST,,Charge,,Pro Subscription (WF Solver),com.deepinkcode.wordfeudsolver,Subscription,prosub,,SE,,59038,SEK,22.40,0.693840,DKK,15.54,prosubmonth,,4994183596643847628,Yes,,,,
GPA.3391-3066-3062-29588..1,"Mar 3, 2026",8:19:10 PM PST,,Google fee,,Pro Subscription (WF Solver),com.deepinkcode.wordfeudsolver,Subscription,prosub,,SE,,59038,SEK,-3.36,0.693840,DKK,-2.33,prosubmonth,,4994183596643847628,Yes,15,SUBSCRIPTIONS,,
GPA.3372-6518-3807-60042..0,"Mar 3, 2026",8:20:33 PM PST,,Charge,,Pro Subscription (WF Solver),com.deepinkcode.wordfeudsolver,Subscription,prosub,,US,TX,75115,USD,2.49,6.442000,DKK,16.04,prosubmonth,,4994183596643847628,Yes,,,,
GPA.3372-6518-3807-60042..0,"Mar 3, 2026",8:20:33 PM PST,,Google fee,,Pro Subscription (WF Solver),com.deepinkcode.wordfeudsolver,Subscription,prosub,,US,TX,75115,USD,-0.37,6.442000,DKK,-2.38,prosubmonth,,4994183596643847628,Yes,15,SUBSCRIPTIONS,,
GPA.3339-0608-2385-65995..7,"Mar 3, 2026",8:52:28 PM PST,,Charge,,Pro Subscription (WF Solver),com.deepinkcode.wordfeudsolver,Subscription,prosub,,NL,,4451 AS,EUR,1.98,7.471500,DKK,14.79,prosubmonth,,4994183596643847628,Yes,,,,
GPA.3339-0608-2385-65995..7,"Mar 3, 2026",8:52:28 PM PST,,Google fee,,Pro Subscription (WF Solver),com.deepinkcode.wordfeudsolver,Subscription,prosub,,NL,,4451 AS,EUR,-0.30,7.471500,DKK,-2.24,prosubmonth,,4994183596643847628,Yes,15,SUBSCRIPTIONS,,
GPA.3313-6735-6620-84718,"Mar 3, 2026",9:01:17 PM PST,,Charge,,Pro Subscription (WF Solver),com.deepinkcode.wordfeudsolver,Subscription,prosub,e3q,SE,,25351,SEK,22.40,0.693870,DKK,15.54,prosubmonth,,4994183596643847628,Yes,,,,In-app
GPA.3313-6735-6620-84718,"Mar 3, 2026",9:01:17 PM PST,,Google fee,,Pro Subscription (WF Solver),com.deepinkcode.wordfeudsolver,Subscription,prosub,e3q,SE,,25351,SEK,-3.36,0.693870,DKK,-2.33,prosubmonth,,4994183596643847628,Yes,15,SUBSCRIPTIONS,,In-app
GPA.3335-9801-3024-20108..7,"Mar 3, 2026",9:23:11 PM PST,,Charge,,Pro Subscription (WF Solver),com.deepinkcode.wordfeudsolver,Subscription,prosub,,SE,,74142,SEK,23.20,0.693870,DKK,16.10,prosubmonth,,4994183596643847628,Yes,,,,
GPA.3335-9801-3024-20108..7,"Mar 3, 2026",9:23:11 PM PST,,Google fee,,Pro Subscription (WF Solver),com.deepinkcode.wordfeudsolver,Subscription,prosub,,SE,,74142,SEK,-3.48,0.693870,DKK,-2.42,prosubmonth,,4994183596643847628,Yes,15,SUBSCRIPTIONS,,
GPA.3304-9329-3393-42078..9,"Mar 3, 2026",9:34:45 PM PST,,Charge,,Pro Subscription (Words With Friends Solver),com.deepinkcode.wordswithfriendssolver,Subscription,prosub,,GB,,M26 1AQ,GBP,1.66,8.585400,DKK,14.25,prosub,,4994183596643847628,Yes,,,,
GPA.3304-9329-3393-42078..9,"Mar 3, 2026",9:34:45 PM PST,,Google fee,,Pro Subscription (Words With Friends Solver),com.deepinkcode.wordswithfriendssolver,Subscription,prosub,,GB,,M26 1AQ,GBP,-0.25,8.585400,DKK,-2.14,prosub,,4994183596643847628,Yes,15,SUBSCRIPTIONS,,
GPA.3337-7038-6560-21485..0,"Mar 3, 2026",10:54:38 PM PST,,Charge,,Pro Subscription (WF Solver),com.deepinkcode.wordfeudsolver,Subscription,prosub,,NO,,4825,NOK,24.00,0.664620,DKK,15.95,prosubmonth,,4994183596643847628,Yes,,,,
GPA.3337-7038-6560-21485..0,"Mar 3, 2026",10:54:38 PM PST,,Google fee,,Pro Subscription (WF Solver),com.deepinkcode.wordfeudsolver,Subscription,prosub,,NO,,4825,NOK,-3.60,0.664620,DKK,-2.39,prosubmonth,,4994183596643847628,Yes,15,SUBSCRIPTIONS,,
GPA.3311-4152-4797-17224,"Mar 3, 2026",11:17:10 PM PST,,Charge,,Pro Subscription (WF Solver),com.deepinkcode.wordfeudsolver,Subscription,prosub,dm2q,SE,,434 96,SEK,22.40,0.693690,DKK,15.54,prosubmonth,,4994183596643847628,Yes,,,,In-app
GPA.3311-4152-4797-17224,"Mar 3, 2026",11:17:10 PM PST,,Google fee,,Pro Subscription (WF Solver),com.deepinkcode.wordfeudsolver,Subscription,prosub,dm2q,SE,,434 96,SEK,-3.36,0.693690,DKK,-2.33,prosubmonth,,4994183596643847628,Yes,15,SUBSCRIPTIONS,,In-app
GPA.3314-5425-6263-06984..9,"Mar 3, 2026",11:22:18 PM PST,,Charge,,Pro Subscription (WF Solver),com.deepinkcode.wordfeudsolver,Subscription,prosub,,RO,,820175,RON,9.91,1.466000,DKK,14.53,prosubmonth,,4994183596643847628,Yes,,,,
GPA.3314-5425-6263-06984..9,"Mar 3, 2026",11:22:18 PM PST,,Google fee,,Pro Subscription (WF Solver),com.deepinkcode.wordfeudsolver,Subscription,prosub,,RO,,820175,RON,-1.49,1.466000,DKK,-2.19,prosubmonth,,4994183596643847628,Yes,15,SUBSCRIPTIONS,,
GPA.3374-4687-8514-58719,"Mar 3, 2026",11:23:56 PM PST,,Charge,,Pro (WF Solver),com.deepinkcode.wordfeudsolver,One-time product,pro,e3q,NL,,2071 CG,EUR,23.96,7.471400,DKK,179.01,legacy-base,,4994183596643847628,Yes,,,,In-app
GPA.3374-4687-8514-58719,"Mar 3, 2026",11:23:56 PM PST,,Google fee,,Pro (WF Solver),com.deepinkcode.wordfeudsolver,One-time product,pro,e3q,NL,,2071 CG,EUR,-3.59,7.471400,DKK,-26.82,legacy-base,,4994183596643847628,Yes,15,,,In-app
GPA.3379-0352-5158-25972..2,"Mar 4, 2026",1:01:10 AM PST,,Charge,,Pro Subscription (WF Solver),com.deepinkcode.wordfeudsolver,Subscription,prosub,,SE,,24134,SEK,22.40,0.695030,DKK,15.57,prosubmonth,,4994183596643847628,Yes,,,,
GPA.3379-0352-5158-25972..2,"Mar 4, 2026",1:01:10 AM PST,,Google fee,,Pro Subscription (WF Solver),com.deepinkcode.wordfeudsolver,Subscription,prosub,,SE,,24134,SEK,-3.36,0.695030,DKK,-2.34,prosubmonth,,4994183596643847628,Yes,15,SUBSCRIPTIONS,,
GPA.3389-3790-5456-93866,"Mar 4, 2026",1:07:40 AM PST,,Charge,,Pro Subscription (WF Solver),com.deepinkcode.wordfeudsolver,Subscription,prosub,e1s,GB,,HG3 2TP,GBP,1.74,8.594100,DKK,14.95,prosubmonth,,4994183596643847628,Yes,,,,In-app
GPA.3389-3790-5456-93866,"Mar 4, 2026",1:07:40 AM PST,,Google fee,,Pro Subscription (WF Solver),com.deepinkcode.wordfeudsolver,Subscription,prosub,e1s,GB,,HG3 2TP,GBP,-0.26,8.594100,DKK,-2.23,prosubmonth,,4994183596643847628,Yes,15,SUBSCRIPTIONS,,In-app
GPA.3352-8069-1943-17812..13,"Mar 4, 2026",2:45:56 AM PST,,Charge,,Pro Subscription (WF Solver),com.deepinkcode.wordfeudsolver,Subscription,prosub,,NL,,5551VX,EUR,1.98,7.471600,DKK,14.79,prosubmonth,,4994183596643847628,Yes,,,,
GPA.3352-8069-1943-17812..13,"Mar 4, 2026",2:45:56 AM PST,,Google fee,,Pro Subscription (WF Solver),com.deepinkcode.wordfeudsolver,Subscription,prosub,,NL,,5551VX,EUR,-0.30,7.471600,DKK,-2.24,prosubmonth,,4994183596643847628,Yes,15,SUBSCRIPTIONS,,
GPA.3388-4040-9061-11814..2,"Mar 4, 2026",3:09:56 AM PST,,Charge,,Pro Subscription (WF Solver),com.deepinkcode.wordfeudsolver,Subscription,prosub,,SE,,713 33,SEK,22.40,0.697110,DKK,15.62,prosubmonth,,4994183596643847628,Yes,,,,
GPA.3388-4040-9061-11814..2,"Mar 4, 2026",3:09:56 AM PST,,Google fee,,Pro Subscription (WF Solver),com.deepinkcode.wordfeudsolver,Subscription,prosub,,SE,,713 33,SEK,-3.36,0.697110,DKK,-2.35,prosubmonth,,4994183596643847628,Yes,15,SUBSCRIPTIONS,,
GPA.3328-7525-0225-20940..12,"Mar 4, 2026",3:24:15 AM PST,,Charge,,Pro Subscription (WF Solver),com.deepinkcode.wordfeudsolver,Subscription,prosub,,NO,,2345,NOK,24.00,0.667470,DKK,16.02,prosubmonth,,4994183596643847628,Yes,,,,
GPA.3328-7525-0225-20940..12,"Mar 4, 2026",3:24:15 AM PST,,Google fee,,Pro Subscription (WF Solver),com.deepinkcode.wordfeudsolver,Subscription,prosub,,NO,,2345,NOK,-3.60,0.667470,DKK,-2.40,prosubmonth,,4994183596643847628,Yes,15,SUBSCRIPTIONS,,
GPA.3308-5562-3356-20165..2,"Mar 4, 2026",3:56:29 AM PST,,Charge,,Pro Subscription (WF Solver),com.deepinkcode.wordfeudsolver,Subscription,prosub,,NO,,3735,NOK,24.00,0.667470,DKK,16.02,prosubmonth,,4994183596643847628,Yes,,,,
GPA.3308-5562-3356-20165..2,"Mar 4, 2026",3:56:29 AM PST,,Google fee,,Pro Subscription (WF Solver),com.deepinkcode.wordfeudsolver,Subscription,prosub,,NO,,3735,NOK,-3.60,0.667470,DKK,-2.40,prosubmonth,,4994183596643847628,Yes,15,SUBSCRIPTIONS,,
GPA.3301-3583-1220-29948..11,"Mar 4, 2026",7:09:54 AM PST,,Charge,,Pro Subscription (WF Solver),com.deepinkcode.wordfeudsolver,Subscription,prosub,,NL,,3437NM,EUR,1.98,7.471900,DKK,14.79,prosubmonth,,4994183596643847628,Yes,,,,
GPA.3301-3583-1220-29948..11,"Mar 4, 2026",7:09:54 AM PST,,Google fee,,Pro Subscription (WF Solver),com.deepinkcode.wordfeudsolver,Subscription,prosub,,NL,,3437NM,EUR,-0.30,7.471900,DKK,-2.24,prosubmonth,,4994183596643847628,Yes,15,SUBSCRIPTIONS,,
GPA.3380-9574-4126-06868..3,"Mar 4, 2026",7:27:13 AM PST,,Charge,,Pro Subscription (WF Solver),com.deepinkcode.wordfeudsolver,Subscription,prosub,,DK,,5000,DKK,15.20,1.000000,DKK,15.20,prosubmonth,,4994183596643847628,Yes,,,,
GPA.3380-9574-4126-06868..3,"Mar 4, 2026",7:27:13 AM PST,,Google fee,,Pro Subscription (WF Solver),com.deepinkcode.wordfeudsolver,Subscription,prosub,,DK,,5000,DKK,-2.28,1.000000,DKK,-2.28,prosubmonth,,4994183596643847628,Yes,15,SUBSCRIPTIONS,,
GPA.3330-5943-3185-81053..11,"Mar 4, 2026",8:56:17 AM PST,,Charge,,Pro Subscription (WF Solver),com.deepinkcode.wordfeudsolver,Subscription,prosub,,US,MO,63112,USD,1.99,6.427400,DKK,12.79,prosubmonth,,4994183596643847628,Yes,,,,
GPA.3330-5943-3185-81053..11,"Mar 4, 2026",8:56:17 AM PST,,Google fee,,Pro Subscription (WF Solver),com.deepinkcode.wordfeudsolver,Subscription,prosub,,US,MO,63112,USD,-0.30,6.427400,DKK,-1.93,prosubmonth,,4994183596643847628,Yes,15,SUBSCRIPTIONS,,
GPA.3375-2343-7850-70980,"Mar 4, 2026",8:57:50 AM PST,,Charge,,Pro Subscription (Words With Friends Solver),com.deepinkcode.wordswithfriendssolver,Subscription,prosub,e2q,US,NC,28469,USD,2.49,6.427400,DKK,16.00,prosub,,4994183596643847628,Yes,,,,In-app
GPA.3375-2343-7850-70980,"Mar 4, 2026",8:57:50 AM PST,,Google fee,,Pro Subscription (Words With Friends Solver),com.deepinkcode.wordswithfriendssolver,Subscription,prosub,e2q,US,NC,28469,USD,-0.37,6.427400,DKK,-2.38,prosub,,4994183596643847628,Yes,15,SUBSCRIPTIONS,,In-app
GPA.3356-1486-9801-05160,"Mar 4, 2026",9:04:18 AM PST,,Charge,,Pro Subscription (Words With Friends Solver),com.deepinkcode.wordswithfriendssolver,Subscription,prosub,a71xq,US,WI,53589,USD,2.49,6.418600,DKK,15.98,prosub,,4994183596643847628,Yes,,,,In-app
GPA.3356-1486-9801-05160,"Mar 4, 2026",9:04:18 AM PST,,Google fee,,Pro Subscription (Words With Friends Solver),com.deepinkcode.wordswithfriendssolver,Subscription,prosub,a71xq,US,WI,53589,USD,-0.37,6.418600,DKK,-2.37,prosub,,4994183596643847628,Yes,15,SUBSCRIPTIONS,,In-app
GPA.3344-7794-5758-28839..2,"Mar 4, 2026",9:28:37 AM PST,,Charge,,Pro Subscription (WF Solver),com.deepinkcode.wordfeudsolver,Subscription,prosub,,SE,,41833,SEK,22.40,0.698290,DKK,15.64,prosubmonth,,4994183596643847628,Yes,,,,
GPA.3344-7794-5758-28839..2,"Mar 4, 2026",9:28:37 AM PST,,Google fee,,Pro Subscription (WF Solver),com.deepinkcode.wordfeudsolver,Subscription,prosub,,SE,,41833,SEK,-3.36,0.698290,DKK,-2.34,prosubmonth,,4994183596643847628,Yes,15,SUBSCRIPTIONS,,
GPA.3356-9638-0900-53841..12,"Mar 4, 2026",11:21:16 AM PST,,Charge,,Pro Subscription (WF Solver),com.deepinkcode.wordfeudsolver,Subscription,prosub,,US,CT,06385,USD,1.99,6.424700,DKK,12.79,prosubmonth,,4994183596643847628,Yes,,,,
GPA.3356-9638-0900-53841..12,"Mar 4, 2026",11:21:16 AM PST,,Google fee,,Pro Subscription (WF Solver),com.deepinkcode.wordfeudsolver,Subscription,prosub,,US,CT,06385,USD,-0.30,6.424700,DKK,-1.93,prosubmonth,,4994183596643847628,Yes,15,SUBSCRIPTIONS,,
GPA.3341-1506-6694-66100..2,"Mar 4, 2026",12:12:02 PM PST,,Charge,,Pro Subscription (Words With Friends Solver),com.deepinkcode.wordswithfriendssolver,Subscription,prosub,,US,SC,29403,USD,2.49,6.426400,DKK,16.00,prosub,,4994183596643847628,Yes,,,,
GPA.3341-1506-6694-66100..2,"Mar 4, 2026",12:12:02 PM PST,,Google fee,,Pro Subscription (Words With Friends Solver),com.deepinkcode.wordswithfriendssolver,Subscription,prosub,,US,SC,29403,USD,-0.37,6.426400,DKK,-2.38,prosub,,4994183596643847628,Yes,15,SUBSCRIPTIONS,,
GPA.3380-3172-2641-11630,"Mar 4, 2026",12:24:58 PM PST,,Charge,,Pro Subscription (Words With Friends Solver),com.deepinkcode.wordswithfriendssolver,Subscription,prosub,c1q,US,HI,96746,USD,2.49,6.426400,DKK,16.00,prosub,,4994183596643847628,Yes,,,,In-app
GPA.3380-3172-2641-11630,"Mar 4, 2026",12:24:58 PM PST,,Google fee,,Pro Subscription (Words With Friends Solver),com.deepinkcode.wordswithfriendssolver,Subscription,prosub,c1q,US,HI,96746,USD,-0.37,6.426400,DKK,-2.38,prosub,,4994183596643847628,Yes,15,SUBSCRIPTIONS,,In-app
GPA.3398-9258-5449-00266,"Mar 4, 2026",12:38:34 PM PST,,Charge,,Pro Subscription (Scrabble GO Cheat),com.deepinkcode.scrabblegocheat,Subscription,prosub,o1s,GB,,SO51 5SH,GBP,1.74,8.581100,DKK,14.93,prosubmonth,,4994183596643847628,Yes,,,,In-app
GPA.3398-9258-5449-00266,"Mar 4, 2026",12:38:34 PM PST,,Google fee,,Pro Subscription (Scrabble GO Cheat),com.deepinkcode.scrabblegocheat,Subscription,prosub,o1s,GB,,SO51 5SH,GBP,-0.26,8.581100,DKK,-2.23,prosubmonth,,4994183596643847628,Yes,15,SUBSCRIPTIONS,,In-app
GPA.3351-5053-8380-57219..0,"Mar 4, 2026",1:07:27 PM PST,,Charge,,Pro Subscription (WF Solver),com.deepinkcode.wordfeudsolver,Subscription,prosub,,NL,,8016 MZ,EUR,1.98,7.471300,DKK,14.79,prosubmonth,,4994183596643847628,Yes,,,,
GPA.3351-5053-8380-57219..0,"Mar 4, 2026",1:07:27 PM PST,,Google fee,,Pro Subscription (WF Solver),com.deepinkcode.wordfeudsolver,Subscription,prosub,,NL,,8016 MZ,EUR,-0.30,7.471300,DKK,-2.24,prosubmonth,,4994183596643847628,Yes,15,SUBSCRIPTIONS,,
GPA.3319-3064-1329-96888,"Mar 4, 2026",3:02:49 PM PST,,Charge,,Pro Subscription (Words With Friends Solver),com.deepinkcode.wordswithfriendssolver,Subscription,prosub,hiphi,US,VA,22315,USD,2.49,6.422800,DKK,15.99,prosub,,4994183596643847628,Yes,,,,In-app
GPA.3319-3064-1329-96888,"Mar 4, 2026",3:02:49 PM PST,,Google fee,,Pro Subscription (Words With Friends Solver),com.deepinkcode.wordswithfriendssolver,Subscription,prosub,hiphi,US,VA,22315,USD,-0.37,6.422800,DKK,-2.38,prosub,,4994183596643847628,Yes,15,SUBSCRIPTIONS,,In-app
GPA.3332-5228-4772-98654..2,"Mar 4, 2026",4:57:25 PM PST,,Charge,,Pro Subscription (Words With Friends Solver),com.deepinkcode.wordswithfriendssolver,Subscription,prosub,,US,NY,14741,USD,2.49,6.420100,DKK,15.99,prosub,,4994183596643847628,Yes,,,,
GPA.3332-5228-4772-98654..2,"Mar 4, 2026",4:57:25 PM PST,,Google fee,,Pro Subscription (Words With Friends Solver),com.deepinkcode.wordswithfriendssolver,Subscription,prosub,,US,NY,14741,USD,-0.37,6.420100,DKK,-2.38,prosub,,4994183596643847628,Yes,15,SUBSCRIPTIONS,,
GPA.3354-0217-9258-97750..10,"Mar 4, 2026",5:46:56 PM PST,,Charge,,Pro Subscription (WF Solver),com.deepinkcode.wordfeudsolver,Subscription,prosub,,US,DE,19701,USD,1.99,6.422100,DKK,12.78,prosubmonth,,4994183596643847628,Yes,,,,
GPA.3354-0217-9258-97750..10,"Mar 4, 2026",5:46:56 PM PST,,Google fee,,Pro Subscription (WF Solver),com.deepinkcode.wordfeudsolver,Subscription,prosub,,US,DE,19701,USD,-0.30,6.422100,DKK,-1.93,prosubmonth,,4994183596643847628,Yes,15,SUBSCRIPTIONS,,
GPA.3360-7004-1862-76019..11,"Mar 4, 2026",6:39:55 PM PST,,Charge,,Pro Subscription (Words With Friends Solver),com.deepinkcode.wordswithfriendssolver,Subscription,prosub,,US,FL,33066,USD,1.99,6.417200,DKK,12.77,prosub,,4994183596643847628,Yes,,,,
GPA.3360-7004-1862-76019..11,"Mar 4, 2026",6:39:55 PM PST,,Google fee,,Pro Subscription (Words With Friends Solver),com.deepinkcode.wordswithfriendssolver,Subscription,prosub,,US,FL,33066,USD,-0.30,6.417200,DKK,-1.93,prosub,,4994183596643847628,Yes,15,SUBSCRIPTIONS,,
GPA.3330-0763-5599-74481..5,"Mar 4, 2026",8:31:07 PM PST,,Charge,,Pro Subscription (WF Solver),com.deepinkcode.wordfeudsolver,Subscription,prosub,,DK,,9500,DKK,15.20,1.000000,DKK,15.20,prosubmonth,,4994183596643847628,Yes,,,,
GPA.3330-0763-5599-74481..5,"Mar 4, 2026",8:31:07 PM PST,,Google fee,,Pro Subscription (WF Solver),com.deepinkcode.wordfeudsolver,Subscription,prosub,,DK,,9500,DKK,-2.28,1.000000,DKK,-2.28,prosubmonth,,4994183596643847628,Yes,15,SUBSCRIPTIONS,,
GPA.3349-4497-3706-72273,"Mar 4, 2026",10:19:26 PM PST,,Charge,,Pro Subscription (WF Solver),com.deepinkcode.wordfeudsolver,Subscription,prosub,pa3q,NL,,2841TP,EUR,1.98,7.471300,DKK,14.79,prosubmonth,,4994183596643847628,Yes,,,,In-app
GPA.3349-4497-3706-72273,"Mar 4, 2026",10:19:26 PM PST,,Google fee,,Pro Subscription (WF Solver),com.deepinkcode.wordfeudsolver,Subscription,prosub,pa3q,NL,,2841TP,EUR,-0.30,7.471300,DKK,-2.24,prosubmonth,,4994183596643847628,Yes,15,SUBSCRIPTIONS,,In-app
GPA.3342-0740-6741-85961,"Mar 4, 2026",10:21:50 PM PST,,Charge,,Pro Subscription (WF Solver),com.deepinkcode.wordfeudsolver,Subscription,prosub,caiman,DK,,9210,DKK,15.20,1.000000,DKK,15.20,prosubmonth,,4994183596643847628,Yes,,,,In-app
GPA.3342-0740-6741-85961,"Mar 4, 2026",10:21:50 PM PST,,Google fee,,Pro Subscription (WF Solver),com.deepinkcode.wordfeudsolver,Subscription,prosub,caiman,DK,,9210,DKK,-2.28,1.000000,DKK,-2.28,prosubmonth,,4994183596643847628,Yes,15,SUBSCRIPTIONS,,In-app
GPA.3397-5697-8478-45042,"Mar 4, 2026",10:37:36 PM PST,,Charge,,Pro (WF Solver),com.deepinkcode.wordfeudsolver,One-time product,pro,pa1q,DK,,8800,DKK,180.00,1.000000,DKK,180.00,legacy-base,,4994183596643847628,Yes,,,,In-app
GPA.3397-5697-8478-45042,"Mar 4, 2026",10:37:36 PM PST,,Google fee,,Pro (WF Solver),com.deepinkcode.wordfeudsolver,One-time product,pro,pa1q,DK,,8800,DKK,-27.00,1.000000,DKK,-27.00,legacy-base,,4994183596643847628,Yes,15,,,In-app
GPA.3321-5433-2474-01277..6,"Mar 4, 2026",10:41:20 PM PST,,Charge,,Pro Subscription (WF Solver),com.deepinkcode.wordfeudsolver,Subscription,prosub,,NL,,5702 SR,EUR,1.98,7.471300,DKK,14.79,prosubmonth,,4994183596643847628,Yes,,,,
GPA.3321-5433-2474-01277..6,"Mar 4, 2026",10:41:20 PM PST,,Google fee,,Pro Subscription (WF Solver),com.deepinkcode.wordfeudsolver,Subscription,prosub,,NL,,5702 SR,EUR,-0.30,7.471300,DKK,-2.24,prosubmonth,,4994183596643847628,Yes,15,SUBSCRIPTIONS,,
GPA.3363-4002-0604-46397..1,"Mar 4, 2026",11:12:53 PM PST,,Charge,,Pro Subscription (WF Solver),com.deepinkcode.wordfeudsolver,Subscription,prosub,,US,TX,77520,USD,2.49,6.444600,DKK,16.05,prosubmonth,,4994183596643847628,Yes,,,,
GPA.3363-4002-0604-46397..1,"Mar 4, 2026",11:12:53 PM PST,,Google fee,,Pro Subscription (WF Solver),com.deepinkcode.wordfeudsolver,Subscription,prosub,,US,TX,77520,USD,-0.37,6.444600,DKK,-2.38,prosubmonth,,4994183596643847628,Yes,15,SUBSCRIPTIONS,,
GPA.3337-5844-5685-06238..6,"Mar 4, 2026",11:13:44 PM PST,,Charge,,Pro Subscription (WF Solver),com.deepinkcode.wordfeudsolver,Subscription,prosub,,SE,,171 73,SEK,22.40,0.699070,DKK,15.66,prosubmonth,,4994183596643847628,Yes,,,,
GPA.3337-5844-5685-06238..6,"Mar 4, 2026",11:13:44 PM PST,,Google fee,,Pro Subscription (WF Solver),com.deepinkcode.wordfeudsolver,Subscription,prosub,,SE,,171 73,SEK,-3.36,0.699070,DKK,-2.35,prosubmonth,,4994183596643847628,Yes,15,SUBSCRIPTIONS,,
GPA.3355-4311-7210-93177..0,"Mar 4, 2026",11:51:28 PM PST,,Charge,,Pro Subscription (WF Solver),com.deepinkcode.wordfeudsolver,Subscription,prosub,,DK,,5700,DKK,15.20,1.000000,DKK,15.20,prosubmonth,,4994183596643847628,Yes,,,,
GPA.3355-4311-7210-93177..0,"Mar 4, 2026",11:51:28 PM PST,,Google fee,,Pro Subscription (WF Solver),com.deepinkcode.wordfeudsolver,Subscription,prosub,,DK,,5700,DKK,-2.28,1.000000,DKK,-2.28,prosubmonth,,4994183596643847628,Yes,15,SUBSCRIPTIONS,,
GPA.3323-8433-0656-44607..1,"Mar 4, 2026",11:54:54 PM PST,,Charge,,Pro Subscription (WF Solver),com.deepinkcode.wordfeudsolver,Subscription,prosub,,SE,,70592,SEK,22.40,0.699070,DKK,15.66,prosubmonth,,4994183596643847628,Yes,,,,
GPA.3323-8433-0656-44607..1,"Mar 4, 2026",11:54:54 PM PST,,Google fee,,Pro Subscription (WF Solver),com.deepinkcode.wordfeudsolver,Subscription,prosub,,SE,,70592,SEK,-3.36,0.699070,DKK,-2.35,prosubmonth,,4994183596643847628,Yes,15,SUBSCRIPTIONS,,
GPA.3383-7237-8454-09808..6,"Mar 5, 2026",12:34:25 AM PST,,Charge,,Pro Subscription (WF Solver),com.deepinkcode.wordfeudsolver,Subscription,prosub,,DK,,8361,DKK,15.20,1.000000,DKK,15.20,prosubmonth,,4994183596643847628,Yes,,,,
GPA.3383-7237-8454-09808..6,"Mar 5, 2026",12:34:25 AM PST,,Google fee,,Pro Subscription (WF Solver),com.deepinkcode.wordfeudsolver,Subscription,prosub,,DK,,8361,DKK,-2.28,1.000000,DKK,-2.28,prosubmonth,,4994183596643847628,Yes,15,SUBSCRIPTIONS,,
GPA.3333-6315-2696-39747..9,"Mar 5, 2026",1:14:26 AM PST,,Charge,,Pro Subscription (WF Solver),com.deepinkcode.wordfeudsolver,Subscription,prosub,,NL,,5912 KJ,EUR,1.98,7.471700,DKK,14.79,prosubmonth,,4994183596643847628,Yes,,,,
GPA.3333-6315-2696-39747..9,"Mar 5, 2026",1:14:26 AM PST,,Google fee,,Pro Subscription (WF Solver),com.deepinkcode.wordfeudsolver,Subscription,prosub,,NL,,5912 KJ,EUR,-0.30,7.471700,DKK,-2.24,prosubmonth,,4994183596643847628,Yes,15,SUBSCRIPTIONS,,
GPA.3364-6526-8368-40220..12,"Mar 5, 2026",1:39:48 AM PST,,Charge,,Pro Subscription (WF Solver),com.deepinkcode.wordfeudsolver,Subscription,prosub,,DK,,4180,DKK,15.20,1.000000,DKK,15.20,prosubmonth,,4994183596643847628,Yes,,,,
GPA.3364-6526-8368-40220..12,"Mar 5, 2026",1:39:48 AM PST,,Google fee,,Pro Subscription (WF Solver),com.deepinkcode.wordfeudsolver,Subscription,prosub,,DK,,4180,DKK,-2.28,1.000000,DKK,-2.28,prosubmonth,,4994183596643847628,Yes,15,SUBSCRIPTIONS,,
GPA.3368-9400-6132-14881,"Mar 5, 2026",2:15:25 AM PST,,Charge,,Pro (WF Solver),com.deepinkcode.wordfeudsolver,One-time product,pro,pa3q,SE,,17230,SEK,271.20,0.698520,DKK,189.44,legacy-base,,4994183596643847628,Yes,,,,In-app
GPA.3368-9400-6132-14881,"Mar 5, 2026",2:15:25 AM PST,,Google fee,,Pro (WF Solver),com.deepinkcode.wordfeudsolver,One-time product,pro,pa3q,SE,,17230,SEK,-40.68,0.698520,DKK,-28.42,legacy-base,,4994183596643847628,Yes,15,,,In-app
GPA.3336-7042-9594-17722..0,"Mar 5, 2026",4:51:02 AM PST,,Charge,,Pro Subscription (WF Solver),com.deepinkcode.wordfeudsolver,Subscription,prosub,,NL,,1826JW,EUR,1.98,7.471200,DKK,14.79,prosubmonth,,4994183596643847628,Yes,,,,
GPA.3336-7042-9594-17722..0,"Mar 5, 2026",4:51:02 AM PST,,Google fee,,Pro Subscription (WF Solver),com.deepinkcode.wordfeudsolver,Subscription,prosub,,NL,,1826JW,EUR,-0.30,7.471200,DKK,-2.24,prosubmonth,,4994183596643847628,Yes,15,SUBSCRIPTIONS,,
GPA.3340-6680-4993-74868..4,"Mar 5, 2026",5:09:09 AM PST,,Charge,,Pro Subscription (Words With Friends Solver),com.deepinkcode.wordswithfriendssolver,Subscription,prosub,,US,FL,32712,USD,2.49,6.434700,DKK,16.02,prosub,,4994183596643847628,Yes,,,,
GPA.3340-6680-4993-74868..4,"Mar 5, 2026",5:09:09 AM PST,,Google fee,,Pro Subscription (Words With Friends Solver),com.deepinkcode.wordswithfriendssolver,Subscription,prosub,,US,FL,32712,USD,-0.37,6.434700,DKK,-2.38,prosub,,4994183596643847628,Yes,15,SUBSCRIPTIONS,,
GPA.3398-9687-5065-56472,"Mar 5, 2026",5:29:15 AM PST,,Charge,,Pro Subscription (WF Solver),com.deepinkcode.wordfeudsolver,Subscription,prosub,dm3q,NO,,5142,NOK,24.00,0.665760,DKK,15.98,prosubmonth,,4994183596643847628,Yes,,,,In-app
GPA.3398-9687-5065-56472,"Mar 5, 2026",5:29:15 AM PST,,Google fee,,Pro Subscription (WF Solver),com.deepinkcode.wordfeudsolver,Subscription,prosub,dm3q,NO,,5142,NOK,-3.60,0.665760,DKK,-2.40,prosubmonth,,4994183596643847628,Yes,15,SUBSCRIPTIONS,,In-app
GPA.3379-9951-4367-01461..0,"Mar 5, 2026",5:29:24 AM PST,,Charge,,Pro Subscription (WF Solver),com.deepinkcode.wordfeudsolver,Subscription,prosub,,US,WI,54304,USD,2.49,6.434700,DKK,16.02,prosubmonth,,4994183596643847628,Yes,,,,
GPA.3379-9951-4367-01461..0,"Mar 5, 2026",5:29:24 AM PST,,Google fee,,Pro Subscription (WF Solver),com.deepinkcode.wordfeudsolver,Subscription,prosub,,US,WI,54304,USD,-0.37,6.434700,DKK,-2.38,prosubmonth,,4994183596643847628,Yes,15,SUBSCRIPTIONS,,
GPA.3362-3905-4735-13436..0,"Mar 5, 2026",6:15:26 AM PST,,Charge,,Pro Subscription (WF Solver),com.deepinkcode.wordfeudsolver,Subscription,prosub,,DK,,5883,DKK,15.20,1.000000,DKK,15.20,prosubmonth,,4994183596643847628,Yes,,,,
GPA.3362-3905-4735-13436..0,"Mar 5, 2026",6:15:26 AM PST,,Google fee,,Pro Subscription (WF Solver),com.deepinkcode.wordfeudsolver,Subscription,prosub,,DK,,5883,DKK,-2.28,1.000000,DKK,-2.28,prosubmonth,,4994183596643847628,Yes,15,SUBSCRIPTIONS,,
GPA.3393-8723-7070-63041..9,"Mar 5, 2026",7:10:06 AM PST,,Charge,,Pro Subscription (WF Solver),com.deepinkcode.wordfeudsolver,Subscription,prosub,,SE,,16868,SEK,23.20,0.697600,DKK,16.18,prosubmonth,,4994183596643847628,Yes,,,,
GPA.3393-8723-7070-63041..9,"Mar 5, 2026",7:10:06 AM PST,,Google fee,,Pro Subscription (WF Solver),com.deepinkcode.wordfeudsolver,Subscription,prosub,,SE,,16868,SEK,-3.48,0.697600,DKK,-2.42,prosubmonth,,4994183596643847628,Yes,15,SUBSCRIPTIONS,,
GPA.3362-9897-9879-34912..3,"Mar 5, 2026",10:04:26 AM PST,,Charge,,Pro Subscription (Words With Friends Solver),com.deepinkcode.wordswithfriendssolver,Subscription,prosub,,US,FL,32257,USD,2.49,6.451600,DKK,16.06,prosub,,4994183596643847628,Yes,,,,
GPA.3362-9897-9879-34912..3,"Mar 5, 2026",10:04:26 AM PST,,Google fee,,Pro Subscription (Words With Friends Solver),com.deepinkcode.wordswithfriendssolver,Subscription,prosub,,US,FL,32257,USD,-0.37,6.451600,DKK,-2.39,prosub,,4994183596643847628,Yes,15,SUBSCRIPTIONS,,
GPA.3381-6800-9834-36627..3,"Mar 5, 2026",10:09:07 AM PST,,Charge,,Pro Subscription (WF Solver),com.deepinkcode.wordfeudsolver,Subscription,prosub,,NG,,,NGN,3618.60,0.004651,DKK,16.83,prosubmonth,,4994183596643847628,Yes,,,,
GPA.3381-6800-9834-36627..3,"Mar 5, 2026",10:09:07 AM PST,,Google fee,,Pro Subscription (WF Solver),com.deepinkcode.wordfeudsolver,Subscription,prosub,,NG,,,NGN,-542.79,0.004651,DKK,-2.52,prosubmonth,,4994183596643847628,Yes,15,SUBSCRIPTIONS,,
GPA.3383-9433-8469-65145..15,"Mar 5, 2026",10:21:53 AM PST,,Charge,,Pro Subscription (WF Solver),com.deepinkcode.wordfeudsolver,Subscription,prosub,,SE,,41266,SEK,23.20,0.698040,DKK,16.19,prosubmonth,,4994183596643847628,Yes,,,,
GPA.3383-9433-8469-65145..15,"Mar 5, 2026",10:21:53 AM PST,,Google fee,,Pro Subscription (WF Solver),com.deepinkcode.wordfeudsolver,Subscription,prosub,,SE,,41266,SEK,-3.48,0.698040,DKK,-2.42,prosubmonth,,4994183596643847628,Yes,15,SUBSCRIPTIONS,,
GPA.3320-3544-0965-39827..5,"Mar 5, 2026",10:55:30 AM PST,,Charge,,Pro Subscription (WF Solver),com.deepinkcode.wordfeudsolver,Subscription,prosub,,DK,,3140,DKK,15.20,1.000000,DKK,15.20,prosubmonth,,4994183596643847628,Yes,,,,
GPA.3320-3544-0965-39827..5,"Mar 5, 2026",10:55:30 AM PST,,Google fee,,Pro Subscription (WF Solver),com.deepinkcode.wordfeudsolver,Subscription,prosub,,DK,,3140,DKK,-2.28,1.000000,DKK,-2.28,prosubmonth,,4994183596643847628,Yes,15,SUBSCRIPTIONS,,
GPA.3326-1474-1830-97333..0,"Mar 5, 2026",11:22:46 AM PST,,Charge,,Pro Subscription (WF Solver),com.deepinkcode.wordfeudsolver,Subscription,prosub,,DK,,4160,DKK,15.20,1.000000,DKK,15.20,prosubmonth,,4994183596643847628,Yes,,,,
GPA.3326-1474-1830-97333..0,"Mar 5, 2026",11:22:46 AM PST,,Google fee,,Pro Subscription (WF Solver),com.deepinkcode.wordfeudsolver,Subscription,prosub,,DK,,4160,DKK,-2.28,1.000000,DKK,-2.28,prosubmonth,,4994183596643847628,Yes,15,SUBSCRIPTIONS,,
GPA.3397-8004-6422-67173..3,"Mar 5, 2026",12:16:57 PM PST,,Charge,,Pro Subscription (Scrabble GO Cheat),com.deepinkcode.scrabblegocheat,Subscription,prosub,,US,MN,55421,USD,2.49,6.448200,DKK,16.06,prosubmonth,,4994183596643847628,Yes,,,,
GPA.3397-8004-6422-67173..3,"Mar 5, 2026",12:16:57 PM PST,,Google fee,,Pro Subscription (Scrabble GO Cheat),com.deepinkcode.scrabblegocheat,Subscription,prosub,,US,MN,55421,USD,-0.37,6.448200,DKK,-2.39,prosubmonth,,4994183596643847628,Yes,15,SUBSCRIPTIONS,,
GPA.3364-7089-7358-42866..1,"Mar 5, 2026",2:07:59 PM PST,,Charge,,Pro Subscription (WF Solver),com.deepinkcode.wordfeudsolver,Subscription,prosub,,NL,,2033 DD,EUR,1.98,7.471200,DKK,14.79,prosubmonth,,4994183596643847628,Yes,,,,
GPA.3364-7089-7358-42866..1,"Mar 5, 2026",2:07:59 PM PST,,Google fee,,Pro Subscription (WF Solver),com.deepinkcode.wordfeudsolver,Subscription,prosub,,NL,,2033 DD,EUR,-0.30,7.471200,DKK,-2.24,prosubmonth,,4994183596643847628,Yes,15,SUBSCRIPTIONS,,
GPA.3373-2116-9579-01627..0,"Mar 5, 2026",6:36:12 PM PST,,Charge,,Pro Subscription (WF Solver),com.deepinkcode.wordfeudsolver,Subscription,prosub,,NO,,1523,NOK,24.00,0.665700,DKK,15.98,prosubmonth,,4994183596643847628,Yes,,,,
GPA.3373-2116-9579-01627..0,"Mar 5, 2026",6:36:12 PM PST,,Google fee,,Pro Subscription (WF Solver),com.deepinkcode.wordfeudsolver,Subscription,prosub,,NO,,1523,NOK,-3.60,0.665700,DKK,-2.40,prosubmonth,,4994183596643847628,Yes,15,SUBSCRIPTIONS,,
GPA.3306-3268-0671-98919..0,"Mar 5, 2026",8:14:08 PM PST,,Charge,,Pro Subscription (WF Solver),com.deepinkcode.wordfeudsolver,Subscription,prosub,,SE,,81470,SEK,22.40,0.697730,DKK,15.63,prosubmonth,,4994183596643847628,Yes,,,,
GPA.3306-3268-0671-98919..0,"Mar 5, 2026",8:14:08 PM PST,,Google fee,,Pro Subscription (WF Solver),com.deepinkcode.wordfeudsolver,Subscription,prosub,,SE,,81470,SEK,-3.36,0.697730,DKK,-2.35,prosubmonth,,4994183596643847628,Yes,15,SUBSCRIPTIONS,,
GPA.3375-9752-4240-80817,"Mar 5, 2026",10:07:22 PM PST,,Charge,,Pro Subscription (Words With Friends Solver),com.deepinkcode.wordswithfriendssolver,Subscription,prosub,a16x,US,MS,39452,USD,2.49,6.433200,DKK,16.02,prosub,,4994183596643847628,Yes,,,,In-app
GPA.3375-9752-4240-80817,"Mar 5, 2026",10:07:22 PM PST,,Google fee,,Pro Subscription (Words With Friends Solver),com.deepinkcode.wordswithfriendssolver,Subscription,prosub,a16x,US,MS,39452,USD,-0.37,6.433200,DKK,-2.38,prosub,,4994183596643847628,Yes,15,SUBSCRIPTIONS,,In-app
GPA.3336-4589-1314-98831..1,"Mar 5, 2026",11:26:46 PM PST,,Charge,,Pro Subscription (WF Solver),com.deepinkcode.wordfeudsolver,Subscription,prosub,,SE,,21125,SEK,22.40,0.697680,DKK,15.63,prosubmonth,,4994183596643847628,Yes,,,,
GPA.3336-4589-1314-98831..1,"Mar 5, 2026",11:26:46 PM PST,,Google fee,,Pro Subscription (WF Solver),com.deepinkcode.wordfeudsolver,Subscription,prosub,,SE,,21125,SEK,-3.36,0.697680,DKK,-2.35,prosubmonth,,4994183596643847628,Yes,15,SUBSCRIPTIONS,,
GPA.3394-3456-8767-34681..0,"Mar 5, 2026",11:38:28 PM PST,,Charge,,Pro Subscription (WF Solver),com.deepinkcode.wordfeudsolver,Subscription,prosub,,NL,,2411 Te,EUR,1.98,7.471000,DKK,14.79,prosubmonth,,4994183596643847628,Yes,,,,
GPA.3394-3456-8767-34681..0,"Mar 5, 2026",11:38:28 PM PST,,Google fee,,Pro Subscription (WF Solver),com.deepinkcode.wordfeudsolver,Subscription,prosub,,NL,,2411 Te,EUR,-0.30,7.471000,DKK,-2.24,prosubmonth,,4994183596643847628,Yes,15,SUBSCRIPTIONS,,
GPA.3310-3678-6981-30334..0,"Mar 6, 2026",3:10:30 AM PST,,Charge,,Pro Subscription (WF Solver),com.deepinkcode.wordfeudsolver,Subscription,prosub,,SE,,784 44,SEK,22.40,0.698260,DKK,15.64,prosubmonth,,4994183596643847628,Yes,,,,
GPA.3310-3678-6981-30334..0,"Mar 6, 2026",3:10:30 AM PST,,Google fee,,Pro Subscription (WF Solver),com.deepinkcode.wordfeudsolver,Subscription,prosub,,SE,,784 44,SEK,-3.36,0.698260,DKK,-2.35,prosubmonth,,4994183596643847628,Yes,15,SUBSCRIPTIONS,,
GPA.3327-3681-1720-39668..13,"Mar 6, 2026",4:35:25 AM PST,,Charge,,Pro Subscription (WF Solver),com.deepinkcode.wordfeudsolver,Subscription,prosub,,NL,,0621ER,EUR,1.98,7.470900,DKK,14.79,prosubmonth,,4994183596643847628,Yes,,,,
GPA.3327-3681-1720-39668..13,"Mar 6, 2026",4:35:25 AM PST,,Google fee,,Pro Subscription (WF Solver),com.deepinkcode.wordfeudsolver,Subscription,prosub,,NL,,0621ER,EUR,-0.30,7.470900,DKK,-2.24,prosubmonth,,4994183596643847628,Yes,15,SUBSCRIPTIONS,,
GPA.3372-9009-6173-92499,"Mar 6, 2026",5:17:05 AM PST,,Charge,,Pro Subscription (Words With Friends Solver),com.deepinkcode.wordswithfriendssolver,Subscription,prosub,e3q,US,MD,21817,USD,2.49,6.460200,DKK,16.09,prosub,,4994183596643847628,Yes,,,,In-app
GPA.3372-9009-6173-92499,"Mar 6, 2026",5:17:05 AM PST,,Google fee,,Pro Subscription (Words With Friends Solver),com.deepinkcode.wordswithfriendssolver,Subscription,prosub,e3q,US,MD,21817,USD,-0.37,6.460200,DKK,-2.39,prosub,,4994183596643847628,Yes,15,SUBSCRIPTIONS,,In-app
GPA.3329-7890-1102-76515..1,"Mar 6, 2026",7:12:52 AM PST,,Charge,,Pro Subscription (WF Solver),com.deepinkcode.wordfeudsolver,Subscription,prosub,,NL,,6991WV,EUR,1.98,7.471300,DKK,14.79,prosubmonth,,4994183596643847628,Yes,,,,
GPA.3329-7890-1102-76515..1,"Mar 6, 2026",7:12:52 AM PST,,Google fee,,Pro Subscription (WF Solver),com.deepinkcode.wordfeudsolver,Subscription,prosub,,NL,,6991WV,EUR,-0.30,7.471300,DKK,-2.24,prosubmonth,,4994183596643847628,Yes,15,SUBSCRIPTIONS,,
GPA.3325-8671-2672-09864..0,"Mar 6, 2026",7:14:47 AM PST,,Charge,,Pro Subscription (WF Solver),com.deepinkcode.wordfeudsolver,Subscription,prosub,,NL,,8303 AS,EUR,1.98,7.471300,DKK,14.79,prosubmonth,,4994183596643847628,Yes,,,,
GPA.3325-8671-2672-09864..0,"Mar 6, 2026",7:14:47 AM PST,,Google fee,,Pro Subscription (WF Solver),com.deepinkcode.wordfeudsolver,Subscription,prosub,,NL,,8303 AS,EUR,-0.30,7.471300,DKK,-2.24,prosubmonth,,4994183596643847628,Yes,15,SUBSCRIPTIONS,,
GPA.3379-1239-2827-85488,"Mar 6, 2026",9:23:37 AM PST,,Charge refund,Full,Pro Subscription (WF Solver),com.deepinkcode.wordfeudsolver,Subscription,prosub,e3q,SE,,141 46,SEK,-22.40,0.693740,DKK,-15.54,prosubmonth,,4994183596643847628,Yes,,,,In-app
GPA.3379-1239-2827-85488,"Mar 6, 2026",9:23:37 AM PST,,Google fee refund,Full,Pro Subscription (WF Solver),com.deepinkcode.wordfeudsolver,Subscription,prosub,e3q,SE,,141 46,SEK,3.36,0.693740,DKK,2.33,prosubmonth,,4994183596643847628,Yes,15,SUBSCRIPTIONS,,In-app
GPA.3348-9058-1636-78320..8,"Mar 6, 2026",10:29:01 AM PST,,Charge,,Pro Subscription (Words With Friends Solver),com.deepinkcode.wordswithfriendssolver,Subscription,prosub,,US,MI,48192,USD,1.99,6.437500,DKK,12.81,prosub,,4994183596643847628,Yes,,,,
GPA.3348-9058-1636-78320..8,"Mar 6, 2026",10:29:01 AM PST,,Google fee,,Pro Subscription (Words With Friends Solver),com.deepinkcode.wordswithfriendssolver,Subscription,prosub,,US,MI,48192,USD,-0.30,6.437500,DKK,-1.93,prosub,,4994183596643847628,Yes,15,SUBSCRIPTIONS,,
GPA.3329-9170-4859-68994..1,"Mar 6, 2026",11:02:58 AM PST,,Charge,,Pro Subscription (WF Solver),com.deepinkcode.wordfeudsolver,Subscription,prosub,,FR,,14420,EUR,1.99,7.470300,DKK,14.87,prosubmonth,,4994183596643847628,Yes,,,,
GPA.3329-9170-4859-68994..1,"Mar 6, 2026",11:02:58 AM PST,,Google fee,,Pro Subscription (WF Solver),com.deepinkcode.wordfeudsolver,Subscription,prosub,,FR,,14420,EUR,-0.30,7.470300,DKK,-2.25,prosubmonth,,4994183596643847628,Yes,15,SUBSCRIPTIONS,,
GPA.3331-5020-7544-34222,"Mar 6, 2026",11:15:38 AM PST,,Charge,,Pro (Scrabble GO Cheat),com.deepinkcode.scrabblegocheat,One-time product,pro,beyond1,GB,,BT61 8BB,GBP,17.73,8.624600,DKK,152.91,legacy-base,,4994183596643847628,Yes,,,,In-app
GPA.3331-5020-7544-34222,"Mar 6, 2026",11:15:38 AM PST,,Google fee,,Pro (Scrabble GO Cheat),com.deepinkcode.scrabblegocheat,One-time product,pro,beyond1,GB,,BT61 8BB,GBP,-2.66,8.624600,DKK,-22.94,legacy-base,,4994183596643847628,Yes,15,,,In-app
GPA.3362-5810-9107-40130..13,"Mar 6, 2026",11:46:56 AM PST,,Charge,,Pro Subscription (WF Solver),com.deepinkcode.wordfeudsolver,Subscription,prosub,,NL,,1503 JK,EUR,1.98,7.470300,DKK,14.79,prosubmonth,,4994183596643847628,Yes,,,,
GPA.3362-5810-9107-40130..13,"Mar 6, 2026",11:46:56 AM PST,,Google fee,,Pro Subscription (WF Solver),com.deepinkcode.wordfeudsolver,Subscription,prosub,,NL,,1503 JK,EUR,-0.30,7.470300,DKK,-2.24,prosubmonth,,4994183596643847628,Yes,15,SUBSCRIPTIONS,,
GPA.3396-4027-5380-36118,"Mar 6, 2026",11:49:18 AM PST,,Charge,,Pro Subscription (Words With Friends Solver),com.deepinkcode.wordswithfriendssolver,Subscription,prosub,pa3q,US,AZ,85501,USD,2.49,6.441200,DKK,16.04,prosub,,4994183596643847628,Yes,,,,In-app
GPA.3396-4027-5380-36118,"Mar 6, 2026",11:49:18 AM PST,,Google fee,,Pro Subscription (Words With Friends Solver),com.deepinkcode.wordswithfriendssolver,Subscription,prosub,pa3q,US,AZ,85501,USD,-0.37,6.441200,DKK,-2.38,prosub,,4994183596643847628,Yes,15,SUBSCRIPTIONS,,In-app
GPA.3341-1475-0733-86116..1,"Mar 6, 2026",11:53:53 AM PST,,Charge,,Pro Subscription (WF Solver),com.deepinkcode.wordfeudsolver,Subscription,prosub,,NL,,6581 EG,EUR,1.98,7.470300,DKK,14.79,prosubmonth,,4994183596643847628,Yes,,,,
GPA.3341-1475-0733-86116..1,"Mar 6, 2026",11:53:53 AM PST,,Google fee,,Pro Subscription (WF Solver),com.deepinkcode.wordfeudsolver,Subscription,prosub,,NL,,6581 EG,EUR,-0.30,7.470300,DKK,-2.24,prosubmonth,,4994183596643847628,Yes,15,SUBSCRIPTIONS,,
GPA.3379-0241-1719-19768..5,"Mar 6, 2026",12:32:46 PM PST,,Charge,,Pro Subscription (Scrabble GO Cheat),com.deepinkcode.scrabblegocheat,Subscription,prosub,,CA,YT,Y1A6N7,CAD,3.19,4.740600,DKK,15.12,prosubmonth,,4994183596643847628,Yes,,,,
GPA.3379-0241-1719-19768..5,"Mar 6, 2026",12:32:46 PM PST,,Google fee,,Pro Subscription (Scrabble GO Cheat),com.deepinkcode.scrabblegocheat,Subscription,prosub,,CA,YT,Y1A6N7,CAD,-0.48,4.740600,DKK,-2.28,prosubmonth,,4994183596643847628,Yes,15,SUBSCRIPTIONS,,
GPA.3380-9499-7488-81139..13,"Mar 6, 2026",12:33:02 PM PST,,Charge,,Pro Subscription (WF Solver),com.deepinkcode.wordfeudsolver,Subscription,prosub,,BE,,9940,EUR,1.98,7.471300,DKK,14.79,prosubmonth,,4994183596643847628,Yes,,,,
GPA.3380-9499-7488-81139..13,"Mar 6, 2026",12:33:02 PM PST,,Google fee,,Pro Subscription (WF Solver),com.deepinkcode.wordfeudsolver,Subscription,prosub,,BE,,9940,EUR,-0.30,7.471300,DKK,-2.24,prosubmonth,,4994183596643847628,Yes,15,SUBSCRIPTIONS,,
GPA.3331-9578-4487-79060,"Mar 6, 2026",1:22:39 PM PST,,Charge,,Pro Subscription (WF Solver),com.deepinkcode.wordfeudsolver,Subscription,prosub,cheetah,DK,,5884,DKK,15.20,1.000000,DKK,15.20,prosubmonth,,4994183596643847628,Yes,,,,In-app
GPA.3331-9578-4487-79060,"Mar 6, 2026",1:22:39 PM PST,,Google fee,,Pro Subscription (WF Solver),com.deepinkcode.wordfeudsolver,Subscription,prosub,cheetah,DK,,5884,DKK,-2.28,1.000000,DKK,-2.28,prosubmonth,,4994183596643847628,Yes,15,SUBSCRIPTIONS,,In-app
GPA.3396-2996-5159-39948..2,"Mar 6, 2026",2:17:50 PM PST,,Charge,,Pro Subscription (WF Solver),com.deepinkcode.wordfeudsolver,Subscription,prosub,,DK,,9900,DKK,15.20,1.000000,DKK,15.20,prosubmonth,,4994183596643847628,Yes,,,,
GPA.3396-2996-5159-39948..2,"Mar 6, 2026",2:17:50 PM PST,,Google fee,,Pro Subscription (WF Solver),com.deepinkcode.wordfeudsolver,Subscription,prosub,,DK,,9900,DKK,-2.28,1.000000,DKK,-2.28,prosubmonth,,4994183596643847628,Yes,15,SUBSCRIPTIONS,,
GPA.3349-7285-1551-73689..7,"Mar 6, 2026",3:00:27 PM PST,,Charge,,Pro Subscription (WF Solver),com.deepinkcode.wordfeudsolver,Subscription,prosub,,SE,,283 41,SEK,23.20,0.700660,DKK,16.26,prosubmonth,,4994183596643847628,Yes,,,,
GPA.3349-7285-1551-73689..7,"Mar 6, 2026",3:00:27 PM PST,,Google fee,,Pro Subscription (WF Solver),com.deepinkcode.wordfeudsolver,Subscription,prosub,,SE,,283 41,SEK,-3.48,0.700660,DKK,-2.44,prosubmonth,,4994183596643847628,Yes,15,SUBSCRIPTIONS,,
GPA.3366-6394-8507-18037,"Mar 6, 2026",5:14:50 PM PST,,Charge,,Pro Subscription (WF Solver),com.deepinkcode.wordfeudsolver,Subscription,prosub,e2s,NL,,6542MZ,EUR,1.98,7.471200,DKK,14.79,prosubmonth,,4994183596643847628,Yes,,,,In-app
GPA.3366-6394-8507-18037,"Mar 6, 2026",5:14:50 PM PST,,Google fee,,Pro Subscription (WF Solver),com.deepinkcode.wordfeudsolver,Subscription,prosub,e2s,NL,,6542MZ,EUR,-0.30,7.471200,DKK,-2.24,prosubmonth,,4994183596643847628,Yes,15,SUBSCRIPTIONS,,In-app
GPA.3321-6125-2427-86803..2,"Mar 6, 2026",5:24:41 PM PST,,Charge,,Pro Subscription (Words With Friends Solver),com.deepinkcode.wordswithfriendssolver,Subscription,prosub,,US,NC,27330,USD,2.49,6.430400,DKK,16.01,prosub,,4994183596643847628,Yes,,,,
GPA.3321-6125-2427-86803..2,"Mar 6, 2026",5:24:41 PM PST,,Google fee,,Pro Subscription (Words With Friends Solver),com.deepinkcode.wordswithfriendssolver,Subscription,prosub,,US,NC,27330,USD,-0.37,6.430400,DKK,-2.38,prosub,,4994183596643847628,Yes,15,SUBSCRIPTIONS,,
GPA.3314-7573-0375-76144..13,"Mar 6, 2026",7:39:06 PM PST,,Charge,,Pro Subscription (WF Solver),com.deepinkcode.wordfeudsolver,Subscription,prosub,,US,TX,75165,USD,1.99,6.430400,DKK,12.80,prosubmonth,,4994183596643847628,Yes,,,,
GPA.3314-7573-0375-76144..13,"Mar 6, 2026",7:39:06 PM PST,,Google fee,,Pro Subscription (WF Solver),com.deepinkcode.wordfeudsolver,Subscription,prosub,,US,TX,75165,USD,-0.30,6.430400,DKK,-1.93,prosubmonth,,4994183596643847628,Yes,15,SUBSCRIPTIONS,,
GPA.3367-4937-0420-68415,"Mar 6, 2026",7:48:19 PM PST,,Charge,,Pro Subscription (WF Solver),com.deepinkcode.wordfeudsolver,Subscription,prosub,pa3q,NO,,3760,NOK,24.00,0.671060,DKK,16.11,prosubmonth,,4994183596643847628,Yes,,,,In-app
GPA.3367-4937-0420-68415,"Mar 6, 2026",7:48:19 PM PST,,Google fee,,Pro Subscription (WF Solver),com.deepinkcode.wordfeudsolver,Subscription,prosub,pa3q,NO,,3760,NOK,-3.60,0.671060,DKK,-2.42,prosubmonth,,4994183596643847628,Yes,15,SUBSCRIPTIONS,,In-app
GPA.3326-6230-7440-73671..2,"Mar 6, 2026",8:24:38 PM PST,,Charge,,Pro Subscription (Scrabble GO Cheat),com.deepinkcode.scrabblegocheat,Subscription,prosub,,US,OR,97756,USD,2.49,6.430400,DKK,16.01,prosubmonth,,4994183596643847628,Yes,,,,
GPA.3326-6230-7440-73671..2,"Mar 6, 2026",8:24:38 PM PST,,Google fee,,Pro Subscription (Scrabble GO Cheat),com.deepinkcode.scrabblegocheat,Subscription,prosub,,US,OR,97756,USD,-0.37,6.430400,DKK,-2.38,prosubmonth,,4994183596643847628,Yes,15,SUBSCRIPTIONS,,
GPA.3379-0833-0535-59210..0,"Mar 6, 2026",8:33:11 PM PST,,Charge,,Pro Subscription (Words With Friends Solver),com.deepinkcode.wordswithfriendssolver,Subscription,prosub,,AU,,3041,AUD,3.63,4.520700,DKK,16.41,prosub,,4994183596643847628,Yes,,,,
GPA.3379-0833-0535-59210..0,"Mar 6, 2026",8:33:11 PM PST,,Google fee,,Pro Subscription (Words With Friends Solver),com.deepinkcode.wordswithfriendssolver,Subscription,prosub,,AU,,3041,AUD,-0.54,4.520700,DKK,-2.44,prosub,,4994183596643847628,Yes,15,SUBSCRIPTIONS,,
GPA.3315-2568-5133-10065..7,"Mar 6, 2026",8:37:43 PM PST,,Charge,,Pro Subscription (Words With Friends Solver),com.deepinkcode.wordswithfriendssolver,Subscription,prosub,,US,WA,98031,USD,1.99,6.430400,DKK,12.80,prosub,,4994183596643847628,Yes,,,,
GPA.3315-2568-5133-10065..7,"Mar 6, 2026",8:37:43 PM PST,,Google fee,,Pro Subscription (Words With Friends Solver),com.deepinkcode.wordswithfriendssolver,Subscription,prosub,,US,WA,98031,USD,-0.30,6.430400,DKK,-1.93,prosub,,4994183596643847628,Yes,15,SUBSCRIPTIONS,,
GPA.3353-3191-1740-44172..13,"Mar 6, 2026",11:13:41 PM PST,,Charge,,Pro Subscription (WF Solver),com.deepinkcode.wordfeudsolver,Subscription,prosub,,DK,,4571,DKK,15.20,1.000000,DKK,15.20,prosubmonth,,4994183596643847628,Yes,,,,
GPA.3353-3191-1740-44172..13,"Mar 6, 2026",11:13:41 PM PST,,Google fee,,Pro Subscription (WF Solver),com.deepinkcode.wordfeudsolver,Subscription,prosub,,DK,,4571,DKK,-2.28,1.000000,DKK,-2.28,prosubmonth,,4994183596643847628,Yes,15,SUBSCRIPTIONS,,
GPA.3341-0827-3386-14474..7,"Mar 6, 2026",11:51:14 PM PST,,Charge,,Pro Subscription (WF Solver),com.deepinkcode.wordfeudsolver,Subscription,prosub,,NL,,6971 XT,EUR,1.98,7.471200,DKK,14.79,prosubmonth,,4994183596643847628,Yes,,,,
GPA.3341-0827-3386-14474..7,"Mar 6, 2026",11:51:14 PM PST,,Google fee,,Pro Subscription (WF Solver),com.deepinkcode.wordfeudsolver,Subscription,prosub,,NL,,6971 XT,EUR,-0.30,7.471200,DKK,-2.24,prosubmonth,,4994183596643847628,Yes,15,SUBSCRIPTIONS,,
GPA.3318-3950-6748-37793,"Mar 7, 2026",12:24:04 AM PST,,Charge,,Pro Subscription (Words With Friends Solver),com.deepinkcode.wordswithfriendssolver,Subscription,prosub,a15x,US,FL,34606,USD,2.49,6.430400,DKK,16.01,prosub,,4994183596643847628,Yes,,,,In-app
GPA.3318-3950-6748-37793,"Mar 7, 2026",12:24:04 AM PST,,Google fee,,Pro Subscription (Words With Friends Solver),com.deepinkcode.wordswithfriendssolver,Subscription,prosub,a15x,US,FL,34606,USD,-0.37,6.430400,DKK,-2.38,prosub,,4994183596643847628,Yes,15,SUBSCRIPTIONS,,In-app
GPA.3311-1377-1830-68317,"Mar 7, 2026",12:58:07 AM PST,,Charge,,Pro Subscription (Scrabble GO Cheat),com.deepinkcode.scrabblegocheat,Subscription,prosub,pa1q,FR,,54610,EUR,1.99,7.471200,DKK,14.87,prosubmonth,,4994183596643847628,Yes,,,,In-app
GPA.3311-1377-1830-68317,"Mar 7, 2026",12:58:07 AM PST,,Google fee,,Pro Subscription (Scrabble GO Cheat),com.deepinkcode.scrabblegocheat,Subscription,prosub,pa1q,FR,,54610,EUR,-0.30,7.471200,DKK,-2.24,prosubmonth,,4994183596643847628,Yes,15,SUBSCRIPTIONS,,In-app
GPA.3319-2710-1130-93084..3,"Mar 7, 2026",1:13:08 AM PST,,Charge,,Pro Subscription (WF Solver),com.deepinkcode.wordfeudsolver,Subscription,prosub,,NL,,3065GE,EUR,1.98,7.471200,DKK,14.79,prosubmonth,,4994183596643847628,Yes,,,,
GPA.3319-2710-1130-93084..3,"Mar 7, 2026",1:13:08 AM PST,,Google fee,,Pro Subscription (WF Solver),com.deepinkcode.wordfeudsolver,Subscription,prosub,,NL,,3065GE,EUR,-0.30,7.471200,DKK,-2.24,prosubmonth,,4994183596643847628,Yes,15,SUBSCRIPTIONS,,
GPA.3338-5820-7917-21553..11,"Mar 7, 2026",1:47:23 AM PST,,Charge,,Pro Subscription (WF Solver),com.deepinkcode.wordfeudsolver,Subscription,prosub,,NL,,3141 HE,EUR,1.98,7.471200,DKK,14.79,prosubmonth,,4994183596643847628,Yes,,,,
GPA.3338-5820-7917-21553..11,"Mar 7, 2026",1:47:23 AM PST,,Google fee,,Pro Subscription (WF Solver),com.deepinkcode.wordfeudsolver,Subscription,prosub,,NL,,3141 HE,EUR,-0.30,7.471200,DKK,-2.24,prosubmonth,,4994183596643847628,Yes,15,SUBSCRIPTIONS,,
GPA.3382-7194-5979-69798..0,"Mar 7, 2026",1:48:04 AM PST,,Charge,,Pro Subscription (WF Solver),com.deepinkcode.wordfeudsolver,Subscription,prosub,,NL,,8022 RR,EUR,1.98,7.471200,DKK,14.79,prosubmonth,,4994183596643847628,Yes,,,,
GPA.3382-7194-5979-69798..0,"Mar 7, 2026",1:48:04 AM PST,,Google fee,,Pro Subscription (WF Solver),com.deepinkcode.wordfeudsolver,Subscription,prosub,,NL,,8022 RR,EUR,-0.30,7.471200,DKK,-2.24,prosubmonth,,4994183596643847628,Yes,15,SUBSCRIPTIONS,,
GPA.3322-5684-7542-44889,"Mar 7, 2026",1:56:06 AM PST,,Charge,,Pro Subscription (WF Solver),com.deepinkcode.wordfeudsolver,Subscription,prosub,rubypro,NL,,3771AP,EUR,1.98,7.471200,DKK,14.79,prosubmonth,,4994183596643847628,Yes,,,,In-app
GPA.3322-5684-7542-44889,"Mar 7, 2026",1:56:06 AM PST,,Google fee,,Pro Subscription (WF Solver),com.deepinkcode.wordfeudsolver,Subscription,prosub,rubypro,NL,,3771AP,EUR,-0.30,7.471200,DKK,-2.24,prosubmonth,,4994183596643847628,Yes,15,SUBSCRIPTIONS,,In-app
GPA.3344-6415-2417-47299,"Mar 7, 2026",1:57:45 AM PST,,Charge,,Pro Subscription (WF Solver),com.deepinkcode.wordfeudsolver,Subscription,prosub,r0s,NL,,1827MH,EUR,1.98,7.471200,DKK,14.79,prosubmonth,,4994183596643847628,Yes,,,,In-app
GPA.3344-6415-2417-47299,"Mar 7, 2026",1:57:45 AM PST,,Google fee,,Pro Subscription (WF Solver),com.deepinkcode.wordfeudsolver,Subscription,prosub,r0s,NL,,1827MH,EUR,-0.30,7.471200,DKK,-2.24,prosubmonth,,4994183596643847628,Yes,15,SUBSCRIPTIONS,,In-app
GPA.3327-7376-2148-51918,"Mar 7, 2026",2:11:25 AM PST,,Charge,,Pro Subscription (WF Solver),com.deepinkcode.wordfeudsolver,Subscription,prosub,a52q,NL,,1747EC,EUR,1.98,7.471200,DKK,14.79,prosubmonth,,4994183596643847628,Yes,,,,In-app
GPA.3327-7376-2148-51918,"Mar 7, 2026",2:11:25 AM PST,,Google fee,,Pro Subscription (WF Solver),com.deepinkcode.wordfeudsolver,Subscription,prosub,a52q,NL,,1747EC,EUR,-0.30,7.471200,DKK,-2.24,prosubmonth,,4994183596643847628,Yes,15,SUBSCRIPTIONS,,In-app
GPA.3387-0727-4322-49648..13,"Mar 7, 2026",3:00:29 AM PST,,Charge,,Pro Subscription (WF Solver),com.deepinkcode.wordfeudsolver,Subscription,prosub,,SE,,82434,SEK,23.20,0.700660,DKK,16.26,prosubmonth,,4994183596643847628,Yes,,,,
GPA.3387-0727-4322-49648..13,"Mar 7, 2026",3:00:29 AM PST,,Google fee,,Pro Subscription (WF Solver),com.deepinkcode.wordfeudsolver,Subscription,prosub,,SE,,82434,SEK,-3.48,0.700660,DKK,-2.44,prosubmonth,,4994183596643847628,Yes,15,SUBSCRIPTIONS,,
GPA.3332-2659-3001-21138..2,"Mar 7, 2026",3:04:05 AM PST,,Charge,,Pro Subscription (WF Solver),com.deepinkcode.wordfeudsolver,Subscription,prosub,,BE,,3010,EUR,1.98,7.471200,DKK,14.79,prosubmonth,,4994183596643847628,Yes,,,,
GPA.3332-2659-3001-21138..2,"Mar 7, 2026",3:04:05 AM PST,,Google fee,,Pro Subscription (WF Solver),com.deepinkcode.wordfeudsolver,Subscription,prosub,,BE,,3010,EUR,-0.30,7.471200,DKK,-2.24,prosubmonth,,4994183596643847628,Yes,15,SUBSCRIPTIONS,,
GPA.3356-5580-7139-27891..7,"Mar 7, 2026",3:09:27 AM PST,,Charge,,Pro Subscription (WF Solver),com.deepinkcode.wordfeudsolver,Subscription,prosub,,SE,,23238,SEK,23.20,0.700660,DKK,16.26,prosubmonth,,4994183596643847628,Yes,,,,
GPA.3356-5580-7139-27891..7,"Mar 7, 2026",3:09:27 AM PST,,Google fee,,Pro Subscription (WF Solver),com.deepinkcode.wordfeudsolver,Subscription,prosub,,SE,,23238,SEK,-3.48,0.700660,DKK,-2.44,prosubmonth,,4994183596643847628,Yes,15,SUBSCRIPTIONS,,
GPA.3351-5228-1630-87564..0,"Mar 7, 2026",3:32:30 AM PST,,Charge,,Pro Subscription (WF Solver),com.deepinkcode.wordfeudsolver,Subscription,prosub,,SE,,44534,SEK,22.40,0.700660,DKK,15.69,prosubmonth,,4994183596643847628,Yes,,,,
GPA.3351-5228-1630-87564..0,"Mar 7, 2026",3:32:30 AM PST,,Google fee,,Pro Subscription (WF Solver),com.deepinkcode.wordfeudsolver,Subscription,prosub,,SE,,44534,SEK,-3.36,0.700660,DKK,-2.35,prosubmonth,,4994183596643847628,Yes,15,SUBSCRIPTIONS,,
GPA.3333-0038-8944-95775,"Mar 7, 2026",3:52:54 AM PST,,Charge,,Pro Subscription (WF Solver),com.deepinkcode.wordfeudsolver,Subscription,prosub,e1s,FR,,20090,EUR,1.99,7.471200,DKK,14.87,prosubmonth,,4994183596643847628,Yes,,,,In-app
GPA.3333-0038-8944-95775,"Mar 7, 2026",3:52:54 AM PST,,Google fee,,Pro Subscription (WF Solver),com.deepinkcode.wordfeudsolver,Subscription,prosub,e1s,FR,,20090,EUR,-0.30,7.471200,DKK,-2.24,prosubmonth,,4994183596643847628,Yes,15,SUBSCRIPTIONS,,In-app
GPA.3351-8833-0787-93521,"Mar 7, 2026",3:59:51 AM PST,,Charge,,Pro Subscription (WF Solver),com.deepinkcode.wordfeudsolver,Subscription,prosub,dm1q,DK,,7500,DKK,15.20,1.000000,DKK,15.20,prosubmonth,,4994183596643847628,Yes,,,,In-app
GPA.3351-8833-0787-93521,"Mar 7, 2026",3:59:51 AM PST,,Google fee,,Pro Subscription (WF Solver),com.deepinkcode.wordfeudsolver,Subscription,prosub,dm1q,DK,,7500,DKK,-2.28,1.000000,DKK,-2.28,prosubmonth,,4994183596643847628,Yes,15,SUBSCRIPTIONS,,In-app
GPA.3330-8283-4799-09756..1,"Mar 7, 2026",4:00:08 AM PST,,Charge,,Pro Subscription (WF Solver),com.deepinkcode.wordfeudsolver,Subscription,prosub,,NL,,5751 EG,EUR,1.98,7.471200,DKK,14.79,prosubmonth,,4994183596643847628,Yes,,,,
GPA.3330-8283-4799-09756..1,"Mar 7, 2026",4:00:08 AM PST,,Google fee,,Pro Subscription (WF Solver),com.deepinkcode.wordfeudsolver,Subscription,prosub,,NL,,5751 EG,EUR,-0.30,7.471200,DKK,-2.24,prosubmonth,,4994183596643847628,Yes,15,SUBSCRIPTIONS,,
GPA.3395-0529-9226-74655..3,"Mar 7, 2026",4:33:41 AM PST,,Charge,,Pro Subscription (WF Solver),com.deepinkcode.wordfeudsolver,Subscription,prosub,,GB,,HA9 8DQ,GBP,1.74,8.625100,DKK,15.01,prosubmonth,,4994183596643847628,Yes,,,,
GPA.3395-0529-9226-74655..3,"Mar 7, 2026",4:33:41 AM PST,,Google fee,,Pro Subscription (WF Solver),com.deepinkcode.wordfeudsolver,Subscription,prosub,,GB,,HA9 8DQ,GBP,-0.26,8.625100,DKK,-2.24,prosubmonth,,4994183596643847628,Yes,15,SUBSCRIPTIONS,,
GPA.3353-0313-1386-47236..8,"Mar 7, 2026",5:18:47 AM PST,,Charge,,Pro Subscription (WF Solver),com.deepinkcode.wordfeudsolver,Subscription,prosub,,NL,,1507 SZ,EUR,1.98,7.471200,DKK,14.79,prosubmonth,,4994183596643847628,Yes,,,,
GPA.3353-0313-1386-47236..8,"Mar 7, 2026",5:18:47 AM PST,,Google fee,,Pro Subscription (WF Solver),com.deepinkcode.wordfeudsolver,Subscription,prosub,,NL,,1507 SZ,EUR,-0.30,7.471200,DKK,-2.24,prosubmonth,,4994183596643847628,Yes,15,SUBSCRIPTIONS,,
GPA.3313-2018-8448-40274..2,"Mar 7, 2026",5:59:47 AM PST,,Charge,,Pro Subscription (WF Solver),com.deepinkcode.wordfeudsolver,Subscription,prosub,,NL,,1187 EG,EUR,1.98,7.471200,DKK,14.79,prosubmonth,,4994183596643847628,Yes,,,,
GPA.3313-2018-8448-40274..2,"Mar 7, 2026",5:59:47 AM PST,,Google fee,,Pro Subscription (WF Solver),com.deepinkcode.wordfeudsolver,Subscription,prosub,,NL,,1187 EG,EUR,-0.30,7.471200,DKK,-2.24,prosubmonth,,4994183596643847628,Yes,15,SUBSCRIPTIONS,,
GPA.3362-7738-1994-69796,"Mar 7, 2026",6:23:35 AM PST,,Charge,,Pro Subscription (WF Solver),com.deepinkcode.wordfeudsolver,Subscription,prosub,m3q,NL,,5505 RJ,EUR,1.98,7.471200,DKK,14.79,prosubmonth,,4994183596643847628,Yes,,,,In-app
GPA.3362-7738-1994-69796,"Mar 7, 2026",6:23:35 AM PST,,Google fee,,Pro Subscription (WF Solver),com.deepinkcode.wordfeudsolver,Subscription,prosub,m3q,NL,,5505 RJ,EUR,-0.30,7.471200,DKK,-2.24,prosubmonth,,4994183596643847628,Yes,15,SUBSCRIPTIONS,,In-app
GPA.3391-6839-8883-94035..2,"Mar 7, 2026",6:51:21 AM PST,,Charge,,Pro Subscription (WF Solver),com.deepinkcode.wordfeudsolver,Subscription,prosub,,SE,,91193,SEK,22.40,0.700660,DKK,15.69,prosubmonth,,4994183596643847628,Yes,,,,
GPA.3391-6839-8883-94035..2,"Mar 7, 2026",6:51:21 AM PST,,Google fee,,Pro Subscription (WF Solver),com.deepinkcode.wordfeudsolver,Subscription,prosub,,SE,,91193,SEK,-3.36,0.700660,DKK,-2.35,prosubmonth,,4994183596643847628,Yes,15,SUBSCRIPTIONS,,
GPA.3308-0334-6371-81456,"Mar 7, 2026",6:55:47 AM PST,,Charge,,Pro Subscription (WF Solver),com.deepinkcode.wordfeudsolver,Subscription,prosub,pa3q,US,GA,30316,USD,2.49,6.430400,DKK,16.01,prosubmonth,,4994183596643847628,Yes,,,,In-app
GPA.3308-0334-6371-81456,"Mar 7, 2026",6:55:47 AM PST,,Google fee,,Pro Subscription (WF Solver),com.deepinkcode.wordfeudsolver,Subscription,prosub,pa3q,US,GA,30316,USD,-0.37,6.430400,DKK,-2.38,prosubmonth,,4994183596643847628,Yes,15,SUBSCRIPTIONS,,In-app
GPA.3360-5032-2166-15179..11,"Mar 7, 2026",7:43:10 AM PST,,Charge,,Pro Subscription (WF Solver),com.deepinkcode.wordfeudsolver,Subscription,prosub,,NL,,4617 NW,EUR,1.98,7.471200,DKK,14.79,prosubmonth,,4994183596643847628,Yes,,,,
GPA.3360-5032-2166-15179..11,"Mar 7, 2026",7:43:10 AM PST,,Google fee,,Pro Subscription (WF Solver),com.deepinkcode.wordfeudsolver,Subscription,prosub,,NL,,4617 NW,EUR,-0.30,7.471200,DKK,-2.24,prosubmonth,,4994183596643847628,Yes,15,SUBSCRIPTIONS,,
GPA.3326-5588-1560-17760,"Mar 7, 2026",8:11:58 AM PST,,Charge,,Pro Subscription (WF Solver),com.deepinkcode.wordfeudsolver,Subscription,prosub,dm1q,NL,,7531VR,EUR,1.98,7.471200,DKK,14.79,prosubmonth,,4994183596643847628,Yes,,,,In-app
GPA.3326-5588-1560-17760,"Mar 7, 2026",8:11:58 AM PST,,Google fee,,Pro Subscription (WF Solver),com.deepinkcode.wordfeudsolver,Subscription,prosub,dm1q,NL,,7531VR,EUR,-0.30,7.471200,DKK,-2.24,prosubmonth,,4994183596643847628,Yes,15,SUBSCRIPTIONS,,In-app
GPA.3345-2455-2601-26190..0,"Mar 7, 2026",8:48:03 AM PST,,Charge,,Pro Subscription (WF Solver),com.deepinkcode.wordfeudsolver,Subscription,prosub,,GB,,BT53 7RG,GBP,1.74,8.625100,DKK,15.01,prosubmonth,,4994183596643847628,Yes,,,,
GPA.3345-2455-2601-26190..0,"Mar 7, 2026",8:48:03 AM PST,,Google fee,,Pro Subscription (WF Solver),com.deepinkcode.wordfeudsolver,Subscription,prosub,,GB,,BT53 7RG,GBP,-0.26,8.625100,DKK,-2.24,prosubmonth,,4994183596643847628,Yes,15,SUBSCRIPTIONS,,
GPA.3317-9785-9390-44038..3,"Mar 7, 2026",10:02:47 AM PST,,Charge,,Pro Subscription (WF Solver),com.deepinkcode.wordfeudsolver,Subscription,prosub,,NL,,1562 TS,EUR,1.98,7.471200,DKK,14.79,prosubmonth,,4994183596643847628,Yes,,,,
GPA.3317-9785-9390-44038..3,"Mar 7, 2026",10:02:47 AM PST,,Google fee,,Pro Subscription (WF Solver),com.deepinkcode.wordfeudsolver,Subscription,prosub,,NL,,1562 TS,EUR,-0.30,7.471200,DKK,-2.24,prosubmonth,,4994183596643847628,Yes,15,SUBSCRIPTIONS,,
GPA.3396-6206-4400-58725..13,"Mar 7, 2026",10:17:04 AM PST,,Charge,,Pro Subscription (WF Solver),com.deepinkcode.wordfeudsolver,Subscription,prosub,,FR,,17137,EUR,1.99,7.471200,DKK,14.87,prosubmonth,,4994183596643847628,Yes,,,,
GPA.3396-6206-4400-58725..13,"Mar 7, 2026",10:17:04 AM PST,,Google fee,,Pro Subscription (WF Solver),com.deepinkcode.wordfeudsolver,Subscription,prosub,,FR,,17137,EUR,-0.30,7.471200,DKK,-2.24,prosubmonth,,4994183596643847628,Yes,15,SUBSCRIPTIONS,,
GPA.3394-6909-9631-96794..13,"Mar 7, 2026",10:43:53 AM PST,,Charge,,Pro Subscription (WF Solver),com.deepinkcode.wordfeudsolver,Subscription,prosub,,NO,,7045,NOK,24.00,0.671060,DKK,16.11,prosubmonth,,4994183596643847628,Yes,,,,
GPA.3394-6909-9631-96794..13,"Mar 7, 2026",10:43:53 AM PST,,Google fee,,Pro Subscription (WF Solver),com.deepinkcode.wordfeudsolver,Subscription,prosub,,NO,,7045,NOK,-3.60,0.671060,DKK,-2.42,prosubmonth,,4994183596643847628,Yes,15,SUBSCRIPTIONS,,
GPA.3349-1002-4480-54502..6,"Mar 7, 2026",11:14:07 AM PST,,Charge,,Pro Subscription (WF Solver),com.deepinkcode.wordfeudsolver,Subscription,prosub,,NO,,1792,NOK,24.00,0.671060,DKK,16.11,prosubmonth,,4994183596643847628,Yes,,,,
GPA.3349-1002-4480-54502..6,"Mar 7, 2026",11:14:07 AM PST,,Google fee,,Pro Subscription (WF Solver),com.deepinkcode.wordfeudsolver,Subscription,prosub,,NO,,1792,NOK,-3.60,0.671060,DKK,-2.42,prosubmonth,,4994183596643847628,Yes,15,SUBSCRIPTIONS,,
GPA.3378-9822-2837-35970..0,"Mar 7, 2026",11:38:43 AM PST,,Charge,,Pro Subscription (WF Solver),com.deepinkcode.wordfeudsolver,Subscription,prosub,,SE,,565 34,SEK,22.40,0.700660,DKK,15.69,prosubmonth,,4994183596643847628,Yes,,,,
GPA.3378-9822-2837-35970..0,"Mar 7, 2026",11:38:43 AM PST,,Google fee,,Pro Subscription (WF Solver),com.deepinkcode.wordfeudsolver,Subscription,prosub,,SE,,565 34,SEK,-3.36,0.700660,DKK,-2.35,prosubmonth,,4994183596643847628,Yes,15,SUBSCRIPTIONS,,
GPA.3355-2792-0662-10154..13,"Mar 7, 2026",12:49:51 PM PST,,Charge,,Pro Subscription (WF Solver),com.deepinkcode.wordfeudsolver,Subscription,prosub,,NL,,3741XW,EUR,1.98,7.471200,DKK,14.79,prosubmonth,,4994183596643847628,Yes,,,,
GPA.3355-2792-0662-10154..13,"Mar 7, 2026",12:49:51 PM PST,,Google fee,,Pro Subscription (WF Solver),com.deepinkcode.wordfeudsolver,Subscription,prosub,,NL,,3741XW,EUR,-0.30,7.471200,DKK,-2.24,prosubmonth,,4994183596643847628,Yes,15,SUBSCRIPTIONS,,
GPA.3370-9983-3938-92829..1,"Mar 7, 2026",1:55:48 PM PST,,Charge,,Pro Subscription (WF Solver),com.deepinkcode.wordfeudsolver,Subscription,prosub,,SE,,463 31,SEK,22.40,0.700660,DKK,15.69,prosubmonth,,4994183596643847628,Yes,,,,
GPA.3370-9983-3938-92829..1,"Mar 7, 2026",1:55:48 PM PST,,Google fee,,Pro Subscription (WF Solver),com.deepinkcode.wordfeudsolver,Subscription,prosub,,SE,,463 31,SEK,-3.36,0.700660,DKK,-2.35,prosubmonth,,4994183596643847628,Yes,15,SUBSCRIPTIONS,,
GPA.3302-0423-0041-46432,"Mar 7, 2026",3:16:19 PM PST,,Charge,,Pro (WF Solver),com.deepinkcode.wordfeudsolver,One-time product,pro,mustang,NL,,5631KG,EUR,23.96,7.471200,DKK,179.01,legacy-base,,4994183596643847628,Yes,,,,In-app
GPA.3302-0423-0041-46432,"Mar 7, 2026",3:16:19 PM PST,,Google fee,,Pro (WF Solver),com.deepinkcode.wordfeudsolver,One-time product,pro,mustang,NL,,5631KG,EUR,-3.59,7.471200,DKK,-26.82,legacy-base,,4994183596643847628,Yes,15,,,In-app
GPA.3314-1211-5442-80125,"Mar 7, 2026",7:13:27 PM PST,,Charge,,Pro Subscription (Words With Friends Solver),com.deepinkcode.wordswithfriendssolver,Subscription,prosub,r8q,CA,AB,T0K 1J0,CAD,3.19,4.739400,DKK,15.12,prosub,,4994183596643847628,Yes,,,,In-app
GPA.3314-1211-5442-80125,"Mar 7, 2026",7:13:27 PM PST,,Google fee,,Pro Subscription (Words With Friends Solver),com.deepinkcode.wordswithfriendssolver,Subscription,prosub,r8q,CA,AB,T0K 1J0,CAD,-0.48,4.739400,DKK,-2.27,prosub,,4994183596643847628,Yes,15,SUBSCRIPTIONS,,In-app
GPA.3336-1342-8647-55212,"Mar 7, 2026",9:25:04 PM PST,,Charge,,Pro Subscription (Words With Friends Solver),com.deepinkcode.wordswithfriendssolver,Subscription,prosub,frankel,US,FL,34667,USD,2.49,6.430400,DKK,16.01,prosub,,4994183596643847628,Yes,,,,In-app
GPA.3336-1342-8647-55212,"Mar 7, 2026",9:25:04 PM PST,,Google fee,,Pro Subscription (Words With Friends Solver),com.deepinkcode.wordswithfriendssolver,Subscription,prosub,frankel,US,FL,34667,USD,-0.37,6.430400,DKK,-2.38,prosub,,4994183596643847628,Yes,15,SUBSCRIPTIONS,,In-app
GPA.3329-9785-2223-81120..6,"Mar 7, 2026",9:32:31 PM PST,,Charge,,Pro Subscription (WF Solver),com.deepinkcode.wordfeudsolver,Subscription,prosub,,US,FL,33162,USD,2.49,6.430400,DKK,16.01,prosubmonth,,4994183596643847628,Yes,,,,
GPA.3329-9785-2223-81120..6,"Mar 7, 2026",9:32:31 PM PST,,Google fee,,Pro Subscription (WF Solver),com.deepinkcode.wordfeudsolver,Subscription,prosub,,US,FL,33162,USD,-0.37,6.430400,DKK,-2.38,prosubmonth,,4994183596643847628,Yes,15,SUBSCRIPTIONS,,
GPA.3336-2236-2477-10528..6,"Mar 7, 2026",9:50:10 PM PST,,Charge,,Pro Subscription (Words With Friends Solver),com.deepinkcode.wordswithfriendssolver,Subscription,prosub,,US,OK,73703,USD,1.99,6.430400,DKK,12.80,prosub,,4994183596643847628,Yes,,,,
GPA.3336-2236-2477-10528..6,"Mar 7, 2026",9:50:10 PM PST,,Google fee,,Pro Subscription (Words With Friends Solver),com.deepinkcode.wordswithfriendssolver,Subscription,prosub,,US,OK,73703,USD,-0.30,6.430400,DKK,-1.93,prosub,,4994183596643847628,Yes,15,SUBSCRIPTIONS,,
GPA.3315-8976-4762-80522..1,"Mar 7, 2026",10:19:22 PM PST,,Charge,,Pro Subscription (WF Solver),com.deepinkcode.wordfeudsolver,Subscription,prosub,,NO,,4436,NOK,24.00,0.671060,DKK,16.11,prosubmonth,,4994183596643847628,Yes,,,,
GPA.3315-8976-4762-80522..1,"Mar 7, 2026",10:19:22 PM PST,,Google fee,,Pro Subscription (WF Solver),com.deepinkcode.wordfeudsolver,Subscription,prosub,,NO,,4436,NOK,-3.60,0.671060,DKK,-2.42,prosubmonth,,4994183596643847628,Yes,15,SUBSCRIPTIONS,,
GPA.3326-7420-7668-46118..3,"Mar 8, 2026",12:01:14 AM PST,,Charge,,Pro Subscription (WF Solver),com.deepinkcode.wordfeudsolver,Subscription,prosub,,NL,,3029 AL,EUR,1.98,7.471200,DKK,14.79,prosubmonth,,4994183596643847628,Yes,,,,
GPA.3326-7420-7668-46118..3,"Mar 8, 2026",12:01:14 AM PST,,Google fee,,Pro Subscription (WF Solver),com.deepinkcode.wordfeudsolver,Subscription,prosub,,NL,,3029 AL,EUR,-0.30,7.471200,DKK,-2.24,prosubmonth,,4994183596643847628,Yes,15,SUBSCRIPTIONS,,
GPA.3387-9156-5418-23073..0,"Mar 8, 2026",12:39:53 AM PST,,Charge,,Pro Subscription (WF Solver),com.deepinkcode.wordfeudsolver,Subscription,prosub,,DK,,9330,DKK,15.20,1.000000,DKK,15.20,prosubmonth,,4994183596643847628,Yes,,,,
GPA.3387-9156-5418-23073..0,"Mar 8, 2026",12:39:53 AM PST,,Google fee,,Pro Subscription (WF Solver),com.deepinkcode.wordfeudsolver,Subscription,prosub,,DK,,9330,DKK,-2.28,1.000000,DKK,-2.28,prosubmonth,,4994183596643847628,Yes,15,SUBSCRIPTIONS,,
GPA.3306-3633-6793-32018..15,"Mar 8, 2026",12:50:32 AM PST,,Charge,,Pro Subscription (WF Solver),com.deepinkcode.wordfeudsolver,Subscription,prosub,,SE,,424 50,SEK,23.20,0.700660,DKK,16.26,prosubmonth,,4994183596643847628,Yes,,,,
GPA.3306-3633-6793-32018..15,"Mar 8, 2026",12:50:32 AM PST,,Google fee,,Pro Subscription (WF Solver),com.deepinkcode.wordfeudsolver,Subscription,prosub,,SE,,424 50,SEK,-3.48,0.700660,DKK,-2.44,prosubmonth,,4994183596643847628,Yes,15,SUBSCRIPTIONS,,
GPA.3362-0392-0409-67328..2,"Mar 8, 2026",1:08:09 AM PST,,Charge,,Pro Subscription (Words With Friends Solver),com.deepinkcode.wordswithfriendssolver,Subscription,prosub,,GB,,BT61 8JU,GBP,1.74,8.625100,DKK,15.01,prosub,,4994183596643847628,Yes,,,,
GPA.3362-0392-0409-67328..2,"Mar 8, 2026",1:08:09 AM PST,,Google fee,,Pro Subscription (Words With Friends Solver),com.deepinkcode.wordswithfriendssolver,Subscription,prosub,,GB,,BT61 8JU,GBP,-0.26,8.625100,DKK,-2.24,prosub,,4994183596643847628,Yes,15,SUBSCRIPTIONS,,
GPA.3395-6796-3353-36662..7,"Mar 8, 2026",3:30:01 AM PDT,,Charge,,Pro Subscription (WF Solver),com.deepinkcode.wordfeudsolver,Subscription,prosub,,NL,,2035XS,EUR,1.98,7.471200,DKK,14.79,prosubmonth,,4994183596643847628,Yes,,,,
GPA.3395-6796-3353-36662..7,"Mar 8, 2026",3:30:01 AM PDT,,Google fee,,Pro Subscription (WF Solver),com.deepinkcode.wordfeudsolver,Subscription,prosub,,NL,,2035XS,EUR,-0.30,7.471200,DKK,-2.24,prosubmonth,,4994183596643847628,Yes,15,SUBSCRIPTIONS,,
GPA.3327-8192-7052-82794..10,"Mar 8, 2026",3:39:37 AM PDT,,Charge,,Pro Subscription (WF Solver),com.deepinkcode.wordfeudsolver,Subscription,prosub,,SE,,771 41,SEK,23.20,0.700660,DKK,16.26,prosubmonth,,4994183596643847628,Yes,,,,
GPA.3327-8192-7052-82794..10,"Mar 8, 2026",3:39:37 AM PDT,,Google fee,,Pro Subscription (WF Solver),com.deepinkcode.wordfeudsolver,Subscription,prosub,,SE,,771 41,SEK,-3.48,0.700660,DKK,-2.44,prosubmonth,,4994183596643847628,Yes,15,SUBSCRIPTIONS,,
GPA.3380-0258-5744-92501..0,"Mar 8, 2026",3:43:49 AM PDT,,Charge,,Pro Subscription (WF Solver),com.deepinkcode.wordfeudsolver,Subscription,prosub,,NL,,5508MT,EUR,1.98,7.471200,DKK,14.79,prosubmonth,,4994183596643847628,Yes,,,,
GPA.3380-0258-5744-92501..0,"Mar 8, 2026",3:43:49 AM PDT,,Google fee,,Pro Subscription (WF Solver),com.deepinkcode.wordfeudsolver,Subscription,prosub,,NL,,5508MT,EUR,-0.30,7.471200,DKK,-2.24,prosubmonth,,4994183596643847628,Yes,15,SUBSCRIPTIONS,,
GPA.3373-3204-8772-17964..0,"Mar 8, 2026",4:19:35 AM PDT,,Charge,,Pro Subscription (WF Solver),com.deepinkcode.wordfeudsolver,Subscription,prosub,,SE,,97751,SEK,22.40,0.700660,DKK,15.69,prosubmonth,,4994183596643847628,Yes,,,,
GPA.3373-3204-8772-17964..0,"Mar 8, 2026",4:19:35 AM PDT,,Google fee,,Pro Subscription (WF Solver),com.deepinkcode.wordfeudsolver,Subscription,prosub,,SE,,97751,SEK,-3.36,0.700660,DKK,-2.35,prosubmonth,,4994183596643847628,Yes,15,SUBSCRIPTIONS,,
GPA.3360-3637-9271-97630..16,"Mar 8, 2026",5:19:54 AM PDT,,Charge,,Pro Subscription (WF Solver),com.deepinkcode.wordfeudsolver,Subscription,prosub,,NL,,1214 NB,EUR,1.98,7.471200,DKK,14.79,prosubmonth,,4994183596643847628,Yes,,,,
GPA.3360-3637-9271-97630..16,"Mar 8, 2026",5:19:54 AM PDT,,Google fee,,Pro Subscription (WF Solver),com.deepinkcode.wordfeudsolver,Subscription,prosub,,NL,,1214 NB,EUR,-0.30,7.471200,DKK,-2.24,prosubmonth,,4994183596643847628,Yes,15,SUBSCRIPTIONS,,
GPA.3300-7415-8687-06087..1,"Mar 8, 2026",5:32:58 AM PDT,,Charge,,Pro Subscription (WF Solver),com.deepinkcode.wordfeudsolver,Subscription,prosub,,DK,,7500,DKK,15.20,1.000000,DKK,15.20,prosubmonth,,4994183596643847628,Yes,,,,
GPA.3300-7415-8687-06087..1,"Mar 8, 2026",5:32:58 AM PDT,,Google fee,,Pro Subscription (WF Solver),com.deepinkcode.wordfeudsolver,Subscription,prosub,,DK,,7500,DKK,-2.28,1.000000,DKK,-2.28,prosubmonth,,4994183596643847628,Yes,15,SUBSCRIPTIONS,,
GPA.3383-3555-6869-89642..1,"Mar 8, 2026",6:14:29 AM PDT,,Charge,,Pro Subscription (WF Solver),com.deepinkcode.wordfeudsolver,Subscription,prosub,,NL,,9601 EW,EUR,1.98,7.471200,DKK,14.79,prosubmonth,,4994183596643847628,Yes,,,,
GPA.3383-3555-6869-89642..1,"Mar 8, 2026",6:14:29 AM PDT,,Google fee,,Pro Subscription (WF Solver),com.deepinkcode.wordfeudsolver,Subscription,prosub,,NL,,9601 EW,EUR,-0.30,7.471200,DKK,-2.24,prosubmonth,,4994183596643847628,Yes,15,SUBSCRIPTIONS,,
GPA.3353-7617-1719-95793..0,"Mar 8, 2026",6:16:08 AM PDT,,Charge,,Pro Subscription (WF Solver),com.deepinkcode.wordfeudsolver,Subscription,prosub,,NL,,7101 ZE,EUR,1.98,7.471200,DKK,14.79,prosubmonth,,4994183596643847628,Yes,,,,
GPA.3353-7617-1719-95793..0,"Mar 8, 2026",6:16:08 AM PDT,,Google fee,,Pro Subscription (WF Solver),com.deepinkcode.wordfeudsolver,Subscription,prosub,,NL,,7101 ZE,EUR,-0.30,7.471200,DKK,-2.24,prosubmonth,,4994183596643847628,Yes,15,SUBSCRIPTIONS,,
GPA.3329-9269-5933-11259..8,"Mar 8, 2026",6:19:04 AM PDT,,Charge,,Pro Subscription (WF Solver),com.deepinkcode.wordfeudsolver,Subscription,prosub,,DK,,4340,DKK,15.20,1.000000,DKK,15.20,prosubmonth,,4994183596643847628,Yes,,,,
GPA.3329-9269-5933-11259..8,"Mar 8, 2026",6:19:04 AM PDT,,Google fee,,Pro Subscription (WF Solver),com.deepinkcode.wordfeudsolver,Subscription,prosub,,DK,,4340,DKK,-2.28,1.000000,DKK,-2.28,prosubmonth,,4994183596643847628,Yes,15,SUBSCRIPTIONS,,
GPA.3369-0601-4004-58108,"Mar 8, 2026",6:25:39 AM PDT,,Charge,,Pro Subscription (WF Solver),com.deepinkcode.wordfeudsolver,Subscription,prosub,b6q,NO,,3160,NOK,24.00,0.671060,DKK,16.11,prosubmonth,,4994183596643847628,Yes,,,,In-app
GPA.3369-0601-4004-58108,"Mar 8, 2026",6:25:39 AM PDT,,Google fee,,Pro Subscription (WF Solver),com.deepinkcode.wordfeudsolver,Subscription,prosub,b6q,NO,,3160,NOK,-3.60,0.671060,DKK,-2.42,prosubmonth,,4994183596643847628,Yes,15,SUBSCRIPTIONS,,In-app
GPA.3386-7412-4120-44290,"Mar 8, 2026",7:07:33 AM PDT,,Charge,,Pro (WF Solver),com.deepinkcode.wordfeudsolver,One-time product,pro,XQ-ES54,NL,,8041 AX,EUR,23.96,7.471200,DKK,179.01,legacy-base,,4994183596643847628,Yes,,,,In-app
GPA.3386-7412-4120-44290,"Mar 8, 2026",7:07:33 AM PDT,,Google fee,,Pro (WF Solver),com.deepinkcode.wordfeudsolver,One-time product,pro,XQ-ES54,NL,,8041 AX,EUR,-3.59,7.471200,DKK,-26.82,legacy-base,,4994183596643847628,Yes,15,,,In-app
GPA.3396-1899-6653-70133..4,"Mar 8, 2026",7:23:14 AM PDT,,Charge,,Pro Subscription (WF Solver),com.deepinkcode.wordfeudsolver,Subscription,prosub,,DK,,8620,DKK,15.20,1.000000,DKK,15.20,prosubmonth,,4994183596643847628,Yes,,,,
GPA.3396-1899-6653-70133..4,"Mar 8, 2026",7:23:14 AM PDT,,Google fee,,Pro Subscription (WF Solver),com.deepinkcode.wordfeudsolver,Subscription,prosub,,DK,,8620,DKK,-2.28,1.000000,DKK,-2.28,prosubmonth,,4994183596643847628,Yes,15,SUBSCRIPTIONS,,
GPA.3321-5697-7762-96033..5,"Mar 8, 2026",7:33:09 AM PDT,,Charge,,Pro Subscription (WF Solver),com.deepinkcode.wordfeudsolver,Subscription,prosub,,SE,,117 59,SEK,22.40,0.700660,DKK,15.69,prosubmonth,,4994183596643847628,Yes,,,,
GPA.3321-5697-7762-96033..5,"Mar 8, 2026",7:33:09 AM PDT,,Google fee,,Pro Subscription (WF Solver),com.deepinkcode.wordfeudsolver,Subscription,prosub,,SE,,117 59,SEK,-3.36,0.700660,DKK,-2.35,prosubmonth,,4994183596643847628,Yes,15,SUBSCRIPTIONS,,
GPA.3309-4015-3500-03145..15,"Mar 8, 2026",9:26:50 AM PDT,,Charge,,Pro Subscription (WF Solver),com.deepinkcode.wordfeudsolver,Subscription,prosub,,SE,,91342,SEK,23.20,0.700660,DKK,16.26,prosubmonth,,4994183596643847628,Yes,,,,
GPA.3309-4015-3500-03145..15,"Mar 8, 2026",9:26:50 AM PDT,,Google fee,,Pro Subscription (WF Solver),com.deepinkcode.wordfeudsolver,Subscription,prosub,,SE,,91342,SEK,-3.48,0.700660,DKK,-2.44,prosubmonth,,4994183596643847628,Yes,15,SUBSCRIPTIONS,,
GPA.3301-3291-7381-39769..3,"Mar 8, 2026",11:14:27 AM PDT,,Charge,,Pro Subscription (WF Solver),com.deepinkcode.wordfeudsolver,Subscription,prosub,,DK,,7500,DKK,15.20,1.000000,DKK,15.20,prosubmonth,,4994183596643847628,Yes,,,,
GPA.3301-3291-7381-39769..3,"Mar 8, 2026",11:14:27 AM PDT,,Google fee,,Pro Subscription (WF Solver),com.deepinkcode.wordfeudsolver,Subscription,prosub,,DK,,7500,DKK,-2.28,1.000000,DKK,-2.28,prosubmonth,,4994183596643847628,Yes,15,SUBSCRIPTIONS,,
GPA.3386-6758-4839-99055..4,"Mar 8, 2026",11:35:20 AM PDT,,Charge,,Pro Subscription (WF Solver),com.deepinkcode.wordfeudsolver,Subscription,prosub,,SE,,15391,SEK,23.20,0.700660,DKK,16.26,prosubmonth,,4994183596643847628,Yes,,,,
GPA.3386-6758-4839-99055..4,"Mar 8, 2026",11:35:20 AM PDT,,Google fee,,Pro Subscription (WF Solver),com.deepinkcode.wordfeudsolver,Subscription,prosub,,SE,,15391,SEK,-3.48,0.700660,DKK,-2.44,prosubmonth,,4994183596643847628,Yes,15,SUBSCRIPTIONS,,
GPA.3326-0884-0005-23222,"Mar 8, 2026",11:40:22 AM PDT,,Charge,,Pro Subscription (WF Solver),com.deepinkcode.wordfeudsolver,Subscription,prosub,e2s,NL,,5066cl,EUR,1.98,7.471200,DKK,14.79,prosubmonth,,4994183596643847628,Yes,,,,In-app
GPA.3326-0884-0005-23222,"Mar 8, 2026",11:40:22 AM PDT,,Google fee,,Pro Subscription (WF Solver),com.deepinkcode.wordfeudsolver,Subscription,prosub,e2s,NL,,5066cl,EUR,-0.30,7.471200,DKK,-2.24,prosubmonth,,4994183596643847628,Yes,15,SUBSCRIPTIONS,,In-app
GPA.3368-6744-6969-93976..7,"Mar 8, 2026",12:10:54 PM PDT,,Charge,,Pro Subscription (Words With Friends Solver),com.deepinkcode.wordswithfriendssolver,Subscription,prosub,,US,CA,92345,USD,1.99,6.430400,DKK,12.80,prosub,,4994183596643847628,Yes,,,,
GPA.3368-6744-6969-93976..7,"Mar 8, 2026",12:10:54 PM PDT,,Google fee,,Pro Subscription (Words With Friends Solver),com.deepinkcode.wordswithfriendssolver,Subscription,prosub,,US,CA,92345,USD,-0.30,6.430400,DKK,-1.93,prosub,,4994183596643847628,Yes,15,SUBSCRIPTIONS,,
GPA.3385-2371-2998-26926..8,"Mar 8, 2026",12:20:10 PM PDT,,Charge,,Pro Subscription (WF Solver),com.deepinkcode.wordfeudsolver,Subscription,prosub,,DK,,4400,DKK,15.20,1.000000,DKK,15.20,prosubmonth,,4994183596643847628,Yes,,,,
GPA.3385-2371-2998-26926..8,"Mar 8, 2026",12:20:10 PM PDT,,Google fee,,Pro Subscription (WF Solver),com.deepinkcode.wordfeudsolver,Subscription,prosub,,DK,,4400,DKK,-2.28,1.000000,DKK,-2.28,prosubmonth,,4994183596643847628,Yes,15,SUBSCRIPTIONS,,
GPA.3339-4696-4102-29452,"Mar 8, 2026",12:39:05 PM PDT,,Charge,,Pro (Words With Friends Solver),com.deepinkcode.wordswithfriendssolver,One-time product,pro,a15x,US,NY,12878,USD,27.99,6.430400,DKK,179.99,legacy-base,,4994183596643847628,Yes,,,,In-app
GPA.3339-4696-4102-29452,"Mar 8, 2026",12:39:05 PM PDT,,Google fee,,Pro (Words With Friends Solver),com.deepinkcode.wordswithfriendssolver,One-time product,pro,a15x,US,NY,12878,USD,-4.20,6.430400,DKK,-27.01,legacy-base,,4994183596643847628,Yes,15,,,In-app
GPA.3387-8578-5052-33099..4,"Mar 8, 2026",12:48:57 PM PDT,,Charge,,Pro Subscription (WF Solver),com.deepinkcode.wordfeudsolver,Subscription,prosub,,SE,,68154,SEK,22.40,0.700660,DKK,15.69,prosubmonth,,4994183596643847628,Yes,,,,
GPA.3387-8578-5052-33099..4,"Mar 8, 2026",12:48:57 PM PDT,,Google fee,,Pro Subscription (WF Solver),com.deepinkcode.wordfeudsolver,Subscription,prosub,,SE,,68154,SEK,-3.36,0.700660,DKK,-2.35,prosubmonth,,4994183596643847628,Yes,15,SUBSCRIPTIONS,,
GPA.3311-1590-0931-36661..8,"Mar 8, 2026",12:53:00 PM PDT,,Charge,,Pro Subscription (WF Solver),com.deepinkcode.wordfeudsolver,Subscription,prosub,,SE,,22472,SEK,23.20,0.700660,DKK,16.26,prosubmonth,,4994183596643847628,Yes,,,,
GPA.3311-1590-0931-36661..8,"Mar 8, 2026",12:53:00 PM PDT,,Google fee,,Pro Subscription (WF Solver),com.deepinkcode.wordfeudsolver,Subscription,prosub,,SE,,22472,SEK,-3.48,0.700660,DKK,-2.44,prosubmonth,,4994183596643847628,Yes,15,SUBSCRIPTIONS,,
GPA.3308-4473-3736-98438..5,"Mar 8, 2026",1:24:45 PM PDT,,Charge,,Pro Subscription (WF Solver),com.deepinkcode.wordfeudsolver,Subscription,prosub,,NL,,3431EM,EUR,1.98,7.471200,DKK,14.79,prosubmonth,,4994183596643847628,Yes,,,,
GPA.3308-4473-3736-98438..5,"Mar 8, 2026",1:24:45 PM PDT,,Google fee,,Pro Subscription (WF Solver),com.deepinkcode.wordfeudsolver,Subscription,prosub,,NL,,3431EM,EUR,-0.30,7.471200,DKK,-2.24,prosubmonth,,4994183596643847628,Yes,15,SUBSCRIPTIONS,,
GPA.3323-3791-3528-54913..7,"Mar 8, 2026",1:44:07 PM PDT,,Charge,,Pro Subscription (Words With Friends Solver),com.deepinkcode.wordswithfriendssolver,Subscription,prosub,,US,CA,95675,USD,1.99,6.430400,DKK,12.80,prosub,,4994183596643847628,Yes,,,,
GPA.3323-3791-3528-54913..7,"Mar 8, 2026",1:44:07 PM PDT,,Google fee,,Pro Subscription (Words With Friends Solver),com.deepinkcode.wordswithfriendssolver,Subscription,prosub,,US,CA,95675,USD,-0.30,6.430400,DKK,-1.93,prosub,,4994183596643847628,Yes,15,SUBSCRIPTIONS,,
GPA.3374-0173-8226-99933..10,"Mar 8, 2026",3:06:24 PM PDT,,Charge,,Pro Subscription (Words With Friends Solver),com.deepinkcode.wordswithfriendssolver,Subscription,prosub,,US,WI,53228,USD,1.99,6.469000,DKK,12.87,prosub,,4994183596643847628,Yes,,,,
GPA.3374-0173-8226-99933..10,"Mar 8, 2026",3:06:24 PM PDT,,Google fee,,Pro Subscription (Words With Friends Solver),com.deepinkcode.wordswithfriendssolver,Subscription,prosub,,US,WI,53228,USD,-0.30,6.469000,DKK,-1.94,prosub,,4994183596643847628,Yes,15,SUBSCRIPTIONS,,
GPA.3382-6482-3554-20424..8,"Mar 8, 2026",5:38:54 PM PDT,,Charge,,Pro Subscription (WF Solver),com.deepinkcode.wordfeudsolver,Subscription,prosub,,US,PA,19073,USD,1.99,6.474800,DKK,12.88,prosubmonth,,4994183596643847628,Yes,,,,
GPA.3382-6482-3554-20424..8,"Mar 8, 2026",5:38:54 PM PDT,,Google fee,,Pro Subscription (WF Solver),com.deepinkcode.wordfeudsolver,Subscription,prosub,,US,PA,19073,USD,-0.30,6.474800,DKK,-1.94,prosubmonth,,4994183596643847628,Yes,15,SUBSCRIPTIONS,,
GPA.3387-3590-8978-70600..0,"Mar 8, 2026",6:03:42 PM PDT,,Charge,,Pro Subscription (WF Solver),com.deepinkcode.wordfeudsolver,Subscription,prosub,,NL,,4535 GZ,EUR,1.98,7.470300,DKK,14.79,prosubmonth,,4994183596643847628,Yes,,,,
GPA.3387-3590-8978-70600..0,"Mar 8, 2026",6:03:42 PM PDT,,Google fee,,Pro Subscription (WF Solver),com.deepinkcode.wordfeudsolver,Subscription,prosub,,NL,,4535 GZ,EUR,-0.30,7.470300,DKK,-2.24,prosubmonth,,4994183596643847628,Yes,15,SUBSCRIPTIONS,,
GPA.3326-9041-0977-11387..1,"Mar 8, 2026",6:13:41 PM PDT,,Charge,,Pro Subscription (WF Solver),com.deepinkcode.wordfeudsolver,Subscription,prosub,,SE,,82691,SEK,22.40,0.699180,DKK,15.66,prosubmonth,,4994183596643847628,Yes,,,,
GPA.3326-9041-0977-11387..1,"Mar 8, 2026",6:13:41 PM PDT,,Google fee,,Pro Subscription (WF Solver),com.deepinkcode.wordfeudsolver,Subscription,prosub,,SE,,82691,SEK,-3.36,0.699180,DKK,-2.35,prosubmonth,,4994183596643847628,Yes,15,SUBSCRIPTIONS,,
GPA.3333-6295-0869-72612..2,"Mar 8, 2026",6:21:39 PM PDT,,Charge,,Pro Subscription (WF Solver),com.deepinkcode.wordfeudsolver,Subscription,prosub,,IN,Kerala,680002,INR,203.39,0.070639,DKK,14.37,prosubmonth,,4994183596643847628,Yes,,,,
GPA.3333-6295-0869-72612..2,"Mar 8, 2026",6:21:39 PM PDT,,Google fee,,Pro Subscription (WF Solver),com.deepinkcode.wordfeudsolver,Subscription,prosub,,IN,Kerala,680002,INR,-30.51,0.070639,DKK,-2.16,prosubmonth,,4994183596643847628,Yes,15,SUBSCRIPTIONS,,
GPA.3304-9020-4975-82635..0,"Mar 8, 2026",7:07:39 PM PDT,,Charge,,Pro Subscription (Words With Friends Solver),com.deepinkcode.wordswithfriendssolver,Subscription,prosub,,US,NY,14210,USD,2.49,6.488800,DKK,16.16,prosub,,4994183596643847628,Yes,,,,
GPA.3304-9020-4975-82635..0,"Mar 8, 2026",7:07:39 PM PDT,,Google fee,,Pro Subscription (Words With Friends Solver),com.deepinkcode.wordswithfriendssolver,Subscription,prosub,,US,NY,14210,USD,-0.37,6.488800,DKK,-2.40,prosub,,4994183596643847628,Yes,15,SUBSCRIPTIONS,,
GPA.3319-7317-8883-19182..0,"Mar 8, 2026",10:09:05 PM PDT,,Charge,,Pro Subscription (WF Solver),com.deepinkcode.wordfeudsolver,Subscription,prosub,,US,SC,29445,USD,2.49,6.486600,DKK,16.15,prosubmonth,,4994183596643847628,Yes,,,,
GPA.3319-7317-8883-19182..0,"Mar 8, 2026",10:09:05 PM PDT,,Google fee,,Pro Subscription (WF Solver),com.deepinkcode.wordfeudsolver,Subscription,prosub,,US,SC,29445,USD,-0.37,6.486600,DKK,-2.40,prosubmonth,,4994183596643847628,Yes,15,SUBSCRIPTIONS,,
GPA.3367-0971-2121-17406..17,"Mar 8, 2026",10:27:37 PM PDT,,Charge,,Pro Subscription (WF Solver),com.deepinkcode.wordfeudsolver,Subscription,prosub,,SE,,937 31,SEK,23.20,0.698780,DKK,16.21,prosubmonth,,4994183596643847628,Yes,,,,
GPA.3367-0971-2121-17406..17,"Mar 8, 2026",10:27:37 PM PDT,,Google fee,,Pro Subscription (WF Solver),com.deepinkcode.wordfeudsolver,Subscription,prosub,,SE,,937 31,SEK,-3.48,0.698780,DKK,-2.43,prosubmonth,,4994183596643847628,Yes,15,SUBSCRIPTIONS,,
GPA.3318-9651-5353-09472,"Mar 8, 2026",11:00:41 PM PDT,,Charge,,Pro Subscription (WF Solver),com.deepinkcode.wordfeudsolver,Subscription,prosub,m3q,NL,,3951KD,EUR,1.98,7.470400,DKK,14.79,prosubmonth,,4994183596643847628,Yes,,,,In-app
GPA.3318-9651-5353-09472,"Mar 8, 2026",11:00:41 PM PDT,,Google fee,,Pro Subscription (WF Solver),com.deepinkcode.wordfeudsolver,Subscription,prosub,m3q,NL,,3951KD,EUR,-0.30,7.470400,DKK,-2.24,prosubmonth,,4994183596643847628,Yes,15,SUBSCRIPTIONS,,In-app
GPA.3388-1890-7761-84611..9,"Mar 8, 2026",11:21:00 PM PDT,,Charge,,Pro Subscription (WF Solver),com.deepinkcode.wordfeudsolver,Subscription,prosub,,NL,,2752 AB,EUR,1.98,7.470400,DKK,14.79,prosubmonth,,4994183596643847628,Yes,,,,
GPA.3388-1890-7761-84611..9,"Mar 8, 2026",11:21:00 PM PDT,,Google fee,,Pro Subscription (WF Solver),com.deepinkcode.wordfeudsolver,Subscription,prosub,,NL,,2752 AB,EUR,-0.30,7.470400,DKK,-2.24,prosubmonth,,4994183596643847628,Yes,15,SUBSCRIPTIONS,,
GPA.3356-4384-3115-45333..3,"Mar 8, 2026",11:25:41 PM PDT,,Charge,,Pro Subscription (Words With Friends Solver),com.deepinkcode.wordswithfriendssolver,Subscription,prosub,,AU,,5125,AUD,3.63,4.531000,DKK,16.45,prosub,,4994183596643847628,Yes,,,,
GPA.3356-4384-3115-45333..3,"Mar 8, 2026",11:25:41 PM PDT,,Google fee,,Pro Subscription (Words With Friends Solver),com.deepinkcode.wordswithfriendssolver,Subscription,prosub,,AU,,5125,AUD,-0.54,4.531000,DKK,-2.45,prosub,,4994183596643847628,Yes,15,SUBSCRIPTIONS,,
GPA.3330-9974-2005-74355,"Mar 8, 2026",11:49:42 PM PDT,,Charge,,Pro Subscription (WF Solver),com.deepinkcode.wordfeudsolver,Subscription,prosub,o1s,SE,,41876,SEK,22.40,0.698780,DKK,15.65,prosubmonth,,4994183596643847628,Yes,,,,In-app
GPA.3330-9974-2005-74355,"Mar 8, 2026",11:49:42 PM PDT,,Google fee,,Pro Subscription (WF Solver),com.deepinkcode.wordfeudsolver,Subscription,prosub,o1s,SE,,41876,SEK,-3.36,0.698780,DKK,-2.35,prosubmonth,,4994183596643847628,Yes,15,SUBSCRIPTIONS,,In-app
GPA.3392-1716-3083-54303,"Mar 9, 2026",1:04:48 AM PDT,,Charge,,Pro Subscription (WF Solver),com.deepinkcode.wordfeudsolver,Subscription,prosub,a56x,NL,,2612 XT,EUR,1.98,7.471000,DKK,14.79,prosubmonth,,4994183596643847628,Yes,,,,In-app
GPA.3392-1716-3083-54303,"Mar 9, 2026",1:04:48 AM PDT,,Google fee,,Pro Subscription (WF Solver),com.deepinkcode.wordfeudsolver,Subscription,prosub,a56x,NL,,2612 XT,EUR,-0.30,7.471000,DKK,-2.24,prosubmonth,,4994183596643847628,Yes,15,SUBSCRIPTIONS,,In-app
GPA.3372-4216-6879-33806..7,"Mar 9, 2026",2:03:15 AM PDT,,Charge,,Pro Subscription (WF Solver),com.deepinkcode.wordfeudsolver,Subscription,prosub,,DK,,6000,DKK,15.20,1.000000,DKK,15.20,prosubmonth,,4994183596643847628,Yes,,,,
GPA.3372-4216-6879-33806..7,"Mar 9, 2026",2:03:15 AM PDT,,Google fee,,Pro Subscription (WF Solver),com.deepinkcode.wordfeudsolver,Subscription,prosub,,DK,,6000,DKK,-2.28,1.000000,DKK,-2.28,prosubmonth,,4994183596643847628,Yes,15,SUBSCRIPTIONS,,
GPA.3344-0475-3328-49322..9,"Mar 9, 2026",2:09:00 AM PDT,,Charge,,Pro Subscription (WF Solver),com.deepinkcode.wordfeudsolver,Subscription,prosub,,NL,,3133VM,EUR,1.98,7.470600,DKK,14.79,prosubmonth,,4994183596643847628,Yes,,,,
GPA.3344-0475-3328-49322..9,"Mar 9, 2026",2:09:00 AM PDT,,Google fee,,Pro Subscription (WF Solver),com.deepinkcode.wordfeudsolver,Subscription,prosub,,NL,,3133VM,EUR,-0.30,7.470600,DKK,-2.24,prosubmonth,,4994183596643847628,Yes,15,SUBSCRIPTIONS,,
GPA.3337-1434-9578-34436..2,"Mar 9, 2026",2:58:03 AM PDT,,Charge,,Pro Subscription (WF Solver),com.deepinkcode.wordfeudsolver,Subscription,prosub,,NL,,2565 vs,EUR,1.98,7.470600,DKK,14.79,prosubmonth,,4994183596643847628,Yes,,,,
GPA.3337-1434-9578-34436..2,"Mar 9, 2026",2:58:03 AM PDT,,Google fee,,Pro Subscription (WF Solver),com.deepinkcode.wordfeudsolver,Subscription,prosub,,NL,,2565 vs,EUR,-0.30,7.470600,DKK,-2.24,prosubmonth,,4994183596643847628,Yes,15,SUBSCRIPTIONS,,
GPA.3383-7921-8120-22556..12,"Mar 9, 2026",3:44:43 AM PDT,,Charge,,Pro Subscription (WF Solver),com.deepinkcode.wordfeudsolver,Subscription,prosub,,NL,,3284BA,EUR,1.98,7.470800,DKK,14.79,prosubmonth,,4994183596643847628,Yes,,,,
GPA.3383-7921-8120-22556..12,"Mar 9, 2026",3:44:43 AM PDT,,Google fee,,Pro Subscription (WF Solver),com.deepinkcode.wordfeudsolver,Subscription,prosub,,NL,,3284BA,EUR,-0.30,7.470800,DKK,-2.24,prosubmonth,,4994183596643847628,Yes,15,SUBSCRIPTIONS,,
GPA.3370-8517-9415-43906..1,"Mar 9, 2026",4:53:52 AM PDT,,Charge,,Pro Subscription (WF Solver),com.deepinkcode.wordfeudsolver,Subscription,prosub,,SE,,461 98,SEK,22.40,0.699600,DKK,15.67,prosubmonth,,4994183596643847628,Yes,,,,
GPA.3370-8517-9415-43906..1,"Mar 9, 2026",4:53:52 AM PDT,,Google fee,,Pro Subscription (WF Solver),com.deepinkcode.wordfeudsolver,Subscription,prosub,,SE,,461 98,SEK,-3.36,0.699600,DKK,-2.35,prosubmonth,,4994183596643847628,Yes,15,SUBSCRIPTIONS,,
GPA.3372-9009-6173-92499,"Mar 9, 2026",6:27:06 AM PDT,,Charge refund,Full,Pro Subscription (Words With Friends Solver),com.deepinkcode.wordswithfriendssolver,Subscription,prosub,e3q,US,MD,21817,USD,-2.49,6.460200,DKK,-16.09,prosub,,4994183596643847628,Yes,,,,In-app
GPA.3372-9009-6173-92499,"Mar 9, 2026",6:27:06 AM PDT,,Google fee refund,Full,Pro Subscription (Words With Friends Solver),com.deepinkcode.wordswithfriendssolver,Subscription,prosub,e3q,US,MD,21817,USD,0.37,6.460200,DKK,2.39,prosub,,4994183596643847628,Yes,15,SUBSCRIPTIONS,,In-app
GPA.3303-6150-1207-55578..6,"Mar 9, 2026",8:45:16 AM PDT,,Charge,,Pro Subscription (WF Solver),com.deepinkcode.wordfeudsolver,Subscription,prosub,,NL,,4651 CB,EUR,1.98,7.470300,DKK,14.79,prosubmonth,,4994183596643847628,Yes,,,,
GPA.3303-6150-1207-55578..6,"Mar 9, 2026",8:45:16 AM PDT,,Google fee,,Pro Subscription (WF Solver),com.deepinkcode.wordfeudsolver,Subscription,prosub,,NL,,4651 CB,EUR,-0.30,7.470300,DKK,-2.24,prosubmonth,,4994183596643847628,Yes,15,SUBSCRIPTIONS,,
GPA.3373-1431-1357-81217..5,"Mar 9, 2026",9:43:49 AM PDT,,Charge,,Pro Subscription (Words With Friends Solver),com.deepinkcode.wordswithfriendssolver,Subscription,prosub,,US,NV,89166,USD,2.49,6.451600,DKK,16.06,prosub,,4994183596643847628,Yes,,,,
GPA.3373-1431-1357-81217..5,"Mar 9, 2026",9:43:49 AM PDT,,Google fee,,Pro Subscription (Words With Friends Solver),com.deepinkcode.wordswithfriendssolver,Subscription,prosub,,US,NV,89166,USD,-0.37,6.451600,DKK,-2.39,prosub,,4994183596643847628,Yes,15,SUBSCRIPTIONS,,
GPA.3326-2293-7753-92508..3,"Mar 9, 2026",9:58:50 AM PDT,,Charge,,Pro Subscription (Words With Friends Solver),com.deepinkcode.wordswithfriendssolver,Subscription,prosub,,US,NC,28787,USD,2.49,6.451600,DKK,16.06,prosub,,4994183596643847628,Yes,,,,
GPA.3326-2293-7753-92508..3,"Mar 9, 2026",9:58:50 AM PDT,,Google fee,,Pro Subscription (Words With Friends Solver),com.deepinkcode.wordswithfriendssolver,Subscription,prosub,,US,NC,28787,USD,-0.37,6.451600,DKK,-2.39,prosub,,4994183596643847628,Yes,15,SUBSCRIPTIONS,,
GPA.3373-0131-7326-14731..10,"Mar 9, 2026",11:59:31 AM PDT,,Charge,,Pro Subscription (WF Solver),com.deepinkcode.wordfeudsolver,Subscription,prosub,,SE,,71894,SEK,23.20,0.701590,DKK,16.28,prosubmonth,,4994183596643847628,Yes,,,,
GPA.3373-0131-7326-14731..10,"Mar 9, 2026",11:59:31 AM PDT,,Google fee,,Pro Subscription (WF Solver),com.deepinkcode.wordfeudsolver,Subscription,prosub,,SE,,71894,SEK,-3.48,0.701590,DKK,-2.44,prosubmonth,,4994183596643847628,Yes,15,SUBSCRIPTIONS,,
GPA.3351-4496-3644-86021..12,"Mar 9, 2026",12:04:49 PM PDT,,Charge,,Pro Subscription (WF Solver),com.deepinkcode.wordfeudsolver,Subscription,prosub,,NL,,3703XB,EUR,1.98,7.471300,DKK,14.79,prosubmonth,,4994183596643847628,Yes,,,,
GPA.3351-4496-3644-86021..12,"Mar 9, 2026",12:04:49 PM PDT,,Google fee,,Pro Subscription (WF Solver),com.deepinkcode.wordfeudsolver,Subscription,prosub,,NL,,3703XB,EUR,-0.30,7.471300,DKK,-2.24,prosubmonth,,4994183596643847628,Yes,15,SUBSCRIPTIONS,,
GPA.3354-3233-1715-83244..1,"Mar 9, 2026",12:21:36 PM PDT,,Charge,,Pro Subscription (Words With Friends Solver),com.deepinkcode.wordswithfriendssolver,Subscription,prosub,,FR,,63270,EUR,1.99,7.471300,DKK,14.87,prosub,,4994183596643847628,Yes,,,,
GPA.3354-3233-1715-83244..1,"Mar 9, 2026",12:21:36 PM PDT,,Google fee,,Pro Subscription (Words With Friends Solver),com.deepinkcode.wordswithfriendssolver,Subscription,prosub,,FR,,63270,EUR,-0.30,7.471300,DKK,-2.24,prosub,,4994183596643847628,Yes,15,SUBSCRIPTIONS,,
GPA.3335-5823-6165-82544..6,"Mar 9, 2026",12:39:15 PM PDT,,Charge,,Pro Subscription (WF Solver),com.deepinkcode.wordfeudsolver,Subscription,prosub,,SE,,11244,SEK,22.40,0.700640,DKK,15.69,prosubmonth,,4994183596643847628,Yes,,,,
GPA.3335-5823-6165-82544..6,"Mar 9, 2026",12:39:15 PM PDT,,Google fee,,Pro Subscription (WF Solver),com.deepinkcode.wordfeudsolver,Subscription,prosub,,SE,,11244,SEK,-3.36,0.700640,DKK,-2.35,prosubmonth,,4994183596643847628,Yes,15,SUBSCRIPTIONS,,
GPA.3306-9780-1102-90936..4,"Mar 9, 2026",1:17:05 PM PDT,,Charge,,Pro Subscription (WF Solver),com.deepinkcode.wordfeudsolver,Subscription,prosub,,NL,,7607 PL,EUR,1.98,7.470700,DKK,14.79,prosubmonth,,4994183596643847628,Yes,,,,
GPA.3306-9780-1102-90936..4,"Mar 9, 2026",1:17:05 PM PDT,,Google fee,,Pro Subscription (WF Solver),com.deepinkcode.wordfeudsolver,Subscription,prosub,,NL,,7607 PL,EUR,-0.30,7.470700,DKK,-2.24,prosubmonth,,4994183596643847628,Yes,15,SUBSCRIPTIONS,,
GPA.3369-3335-1240-59049..15,"Mar 9, 2026",1:18:26 PM PDT,,Charge,,Pro Subscription (WF Solver),com.deepinkcode.wordfeudsolver,Subscription,prosub,,NL,,5931HJ,EUR,1.98,7.470700,DKK,14.79,prosubmonth,,4994183596643847628,Yes,,,,
GPA.3369-3335-1240-59049..15,"Mar 9, 2026",1:18:26 PM PDT,,Google fee,,Pro Subscription (WF Solver),com.deepinkcode.wordfeudsolver,Subscription,prosub,,NL,,5931HJ,EUR,-0.30,7.470700,DKK,-2.24,prosubmonth,,4994183596643847628,Yes,15,SUBSCRIPTIONS,,
GPA.3359-9682-3875-27404..3,"Mar 9, 2026",1:40:00 PM PDT,,Charge,,Pro Subscription (Words With Friends Solver),com.deepinkcode.wordswithfriendssolver,Subscription,prosub,,US,GA,30263,USD,2.49,6.453200,DKK,16.07,prosub,,4994183596643847628,Yes,,,,
GPA.3359-9682-3875-27404..3,"Mar 9, 2026",1:40:00 PM PDT,,Google fee,,Pro Subscription (Words With Friends Solver),com.deepinkcode.wordswithfriendssolver,Subscription,prosub,,US,GA,30263,USD,-0.37,6.453200,DKK,-2.39,prosub,,4994183596643847628,Yes,15,SUBSCRIPTIONS,,
GPA.3363-7170-9976-40683..13,"Mar 9, 2026",2:06:11 PM PDT,,Charge,,Pro Subscription (WF Solver),com.deepinkcode.wordfeudsolver,Subscription,prosub,,SE,,682 33,SEK,23.20,0.701730,DKK,16.28,prosubmonth,,4994183596643847628,Yes,,,,
GPA.3363-7170-9976-40683..13,"Mar 9, 2026",2:06:11 PM PDT,,Google fee,,Pro Subscription (WF Solver),com.deepinkcode.wordfeudsolver,Subscription,prosub,,SE,,682 33,SEK,-3.48,0.701730,DKK,-2.44,prosubmonth,,4994183596643847628,Yes,15,SUBSCRIPTIONS,,
GPA.3355-5600-8390-85595..0,"Mar 9, 2026",2:53:31 PM PDT,,Charge,,Pro Subscription (WF Solver),com.deepinkcode.wordfeudsolver,Subscription,prosub,,SE,,63226,SEK,22.40,0.701730,DKK,15.72,prosubmonth,,4994183596643847628,Yes,,,,
GPA.3355-5600-8390-85595..0,"Mar 9, 2026",2:53:31 PM PDT,,Google fee,,Pro Subscription (WF Solver),com.deepinkcode.wordfeudsolver,Subscription,prosub,,SE,,63226,SEK,-3.36,0.701730,DKK,-2.36,prosubmonth,,4994183596643847628,Yes,15,SUBSCRIPTIONS,,
GPA.3315-9969-9551-08541..3,"Mar 9, 2026",2:55:20 PM PDT,,Charge,,Pro Subscription (WF Solver),com.deepinkcode.wordfeudsolver,Subscription,prosub,,NL,,1816 TD,EUR,1.98,7.470900,DKK,14.79,prosubmonth,,4994183596643847628,Yes,,,,
GPA.3315-9969-9551-08541..3,"Mar 9, 2026",2:55:20 PM PDT,,Google fee,,Pro Subscription (WF Solver),com.deepinkcode.wordfeudsolver,Subscription,prosub,,NL,,1816 TD,EUR,-0.30,7.470900,DKK,-2.24,prosubmonth,,4994183596643847628,Yes,15,SUBSCRIPTIONS,,
GPA.3352-0977-0603-57946..13,"Mar 9, 2026",3:11:35 PM PDT,,Charge,,Pro Subscription (WF Solver),com.deepinkcode.wordfeudsolver,Subscription,prosub,,GB,,PO19 6ER,GBP,1.66,8.631900,DKK,14.33,prosubmonth,,4994183596643847628,Yes,,,,
GPA.3352-0977-0603-57946..13,"Mar 9, 2026",3:11:35 PM PDT,,Google fee,,Pro Subscription (WF Solver),com.deepinkcode.wordfeudsolver,Subscription,prosub,,GB,,PO19 6ER,GBP,-0.25,8.631900,DKK,-2.16,prosubmonth,,4994183596643847628,Yes,15,SUBSCRIPTIONS,,
GPA.3392-0278-2445-34107,"Mar 9, 2026",3:12:06 PM PDT,,Charge,,Pro Subscription (Words With Friends Solver),com.deepinkcode.wordswithfriendssolver,Subscription,prosub,e3q,US,MD,21817,USD,2.49,6.421200,DKK,15.99,prosub,,4994183596643847628,Yes,,,,In-app
GPA.3392-0278-2445-34107,"Mar 9, 2026",3:12:06 PM PDT,,Google fee,,Pro Subscription (Words With Friends Solver),com.deepinkcode.wordswithfriendssolver,Subscription,prosub,e3q,US,MD,21817,USD,-0.37,6.421200,DKK,-2.38,prosub,,4994183596643847628,Yes,15,SUBSCRIPTIONS,,In-app
GPA.3323-7409-8666-69530..1,"Mar 9, 2026",3:15:53 PM PDT,,Charge,,Pro Subscription (WF Solver),com.deepinkcode.wordfeudsolver,Subscription,prosub,,CH,,8134,CHF,1.90,8.253000,DKK,15.68,prosubmonth,,4994183596643847628,Yes,,,,
GPA.3323-7409-8666-69530..1,"Mar 9, 2026",3:15:53 PM PDT,,Google fee,,Pro Subscription (WF Solver),com.deepinkcode.wordfeudsolver,Subscription,prosub,,CH,,8134,CHF,-0.28,8.253000,DKK,-2.31,prosubmonth,,4994183596643847628,Yes,15,SUBSCRIPTIONS,,
GPA.3304-0789-4947-60973,"Mar 9, 2026",4:08:04 PM PDT,,Charge,,Pro Subscription (WF Solver),com.deepinkcode.wordfeudsolver,Subscription,prosub,apollo,SE,,46234,SEK,22.40,0.702820,DKK,15.74,prosubmonth,,4994183596643847628,Yes,,,,In-app
GPA.3304-0789-4947-60973,"Mar 9, 2026",4:08:04 PM PDT,,Google fee,,Pro Subscription (WF Solver),com.deepinkcode.wordfeudsolver,Subscription,prosub,apollo,SE,,46234,SEK,-3.36,0.702820,DKK,-2.36,prosubmonth,,4994183596643847628,Yes,15,SUBSCRIPTIONS,,In-app
GPA.3360-5010-4788-58790..0,"Mar 9, 2026",4:16:22 PM PDT,,Charge,,Pro Subscription (Words With Friends Solver),com.deepinkcode.wordswithfriendssolver,Subscription,prosub,,US,WI,53511,USD,2.49,6.420400,DKK,15.99,prosub,,4994183596643847628,Yes,,,,
GPA.3360-5010-4788-58790..0,"Mar 9, 2026",4:16:22 PM PDT,,Google fee,,Pro Subscription (Words With Friends Solver),com.deepinkcode.wordswithfriendssolver,Subscription,prosub,,US,WI,53511,USD,-0.37,6.420400,DKK,-2.38,prosub,,4994183596643847628,Yes,15,SUBSCRIPTIONS,,
GPA.3310-6377-2595-15187..0,"Mar 9, 2026",4:38:46 PM PDT,,Charge,,Pro Subscription (Words With Friends Solver),com.deepinkcode.wordswithfriendssolver,Subscription,prosub,,US,NY,13206,USD,2.49,6.420400,DKK,15.99,prosub,,4994183596643847628,Yes,,,,
GPA.3310-6377-2595-15187..0,"Mar 9, 2026",4:38:46 PM PDT,,Google fee,,Pro Subscription (Words With Friends Solver),com.deepinkcode.wordswithfriendssolver,Subscription,prosub,,US,NY,13206,USD,-0.37,6.420400,DKK,-2.38,prosub,,4994183596643847628,Yes,15,SUBSCRIPTIONS,,
GPA.3397-1143-7680-69426,"Mar 9, 2026",8:51:19 PM PDT,,Charge,,Pro Subscription (Words With Friends Solver),com.deepinkcode.wordswithfriendssolver,Subscription,prosub,e1q,US,MI,48224,USD,2.49,6.428200,DKK,16.01,prosub,,4994183596643847628,Yes,,,,In-app
GPA.3397-1143-7680-69426,"Mar 9, 2026",8:51:19 PM PDT,,Google fee,,Pro Subscription (Words With Friends Solver),com.deepinkcode.wordswithfriendssolver,Subscription,prosub,e1q,US,MI,48224,USD,-0.37,6.428200,DKK,-2.38,prosub,,4994183596643847628,Yes,15,SUBSCRIPTIONS,,In-app
GPA.3353-0493-0465-20895,"Mar 9, 2026",9:47:34 PM PDT,,Charge,,Pro Subscription (WF Solver),com.deepinkcode.wordfeudsolver,Subscription,prosub,e1s,NL,,7423 XW,EUR,1.98,7.471200,DKK,14.79,prosubmonth,,4994183596643847628,Yes,,,,In-app
GPA.3353-0493-0465-20895,"Mar 9, 2026",9:47:34 PM PDT,,Google fee,,Pro Subscription (WF Solver),com.deepinkcode.wordfeudsolver,Subscription,prosub,e1s,NL,,7423 XW,EUR,-0.30,7.471200,DKK,-2.24,prosubmonth,,4994183596643847628,Yes,15,SUBSCRIPTIONS,,In-app
GPA.3362-0371-0045-56046..5,"Mar 9, 2026",10:39:49 PM PDT,,Charge,,Pro Subscription (WF Solver),com.deepinkcode.wordfeudsolver,Subscription,prosub,,SE,,217 43,SEK,22.40,0.702390,DKK,15.73,prosubmonth,,4994183596643847628,Yes,,,,
GPA.3362-0371-0045-56046..5,"Mar 9, 2026",10:39:49 PM PDT,,Google fee,,Pro Subscription (WF Solver),com.deepinkcode.wordfeudsolver,Subscription,prosub,,SE,,217 43,SEK,-3.36,0.702390,DKK,-2.36,prosubmonth,,4994183596643847628,Yes,15,SUBSCRIPTIONS,,
GPA.3302-3412-9201-49747..6,"Mar 9, 2026",10:52:56 PM PDT,,Charge,,Pro Subscription (WF Solver),com.deepinkcode.wordfeudsolver,Subscription,prosub,,SE,,12945,SEK,22.40,0.702390,DKK,15.73,prosubmonth,,4994183596643847628,Yes,,,,
GPA.3302-3412-9201-49747..6,"Mar 9, 2026",10:52:56 PM PDT,,Google fee,,Pro Subscription (WF Solver),com.deepinkcode.wordfeudsolver,Subscription,prosub,,SE,,12945,SEK,-3.36,0.702390,DKK,-2.36,prosubmonth,,4994183596643847628,Yes,15,SUBSCRIPTIONS,,
GPA.3389-5584-6135-74331,"Mar 9, 2026",11:04:54 PM PDT,,Charge,,Pro Subscription (WF Solver),com.deepinkcode.wordfeudsolver,Subscription,prosub,r12s,SE,,85630,SEK,22.40,0.702550,DKK,15.74,prosubmonth,,4994183596643847628,Yes,,,,In-app
GPA.3389-5584-6135-74331,"Mar 9, 2026",11:04:54 PM PDT,,Google fee,,Pro Subscription (WF Solver),com.deepinkcode.wordfeudsolver,Subscription,prosub,r12s,SE,,85630,SEK,-3.36,0.702550,DKK,-2.36,prosubmonth,,4994183596643847628,Yes,15,SUBSCRIPTIONS,,In-app
GPA.3392-6981-7863-59565..3,"Mar 9, 2026",11:21:28 PM PDT,,Charge,,Pro Subscription (WF Solver),com.deepinkcode.wordfeudsolver,Subscription,prosub,,NL,,1448WL,EUR,1.98,7.470600,DKK,14.79,prosubmonth,,4994183596643847628,Yes,,,,
GPA.3392-6981-7863-59565..3,"Mar 9, 2026",11:21:28 PM PDT,,Google fee,,Pro Subscription (WF Solver),com.deepinkcode.wordfeudsolver,Subscription,prosub,,NL,,1448WL,EUR,-0.30,7.470600,DKK,-2.24,prosubmonth,,4994183596643847628,Yes,15,SUBSCRIPTIONS,,
GPA.3303-2283-6351-05027,"Mar 9, 2026",11:55:00 PM PDT,,Charge,,Pro Subscription (WF Solver),com.deepinkcode.wordfeudsolver,Subscription,prosub,e3q,NL,,1052TD,EUR,1.98,7.470600,DKK,14.79,prosubmonth,,4994183596643847628,Yes,,,,In-app
GPA.3303-2283-6351-05027,"Mar 9, 2026",11:55:00 PM PDT,,Google fee,,Pro Subscription (WF Solver),com.deepinkcode.wordfeudsolver,Subscription,prosub,e3q,NL,,1052TD,EUR,-0.30,7.470600,DKK,-2.24,prosubmonth,,4994183596643847628,Yes,15,SUBSCRIPTIONS,,In-app
GPA.3316-7525-2642-01571..4,"Mar 10, 2026",2:14:55 AM PDT,,Charge,,Pro Subscription (Words With Friends Solver),com.deepinkcode.wordswithfriendssolver,Subscription,prosub,,NZ,,7055,NZD,3.90,3.804100,DKK,14.84,prosub,,4994183596643847628,Yes,,,,
GPA.3316-7525-2642-01571..4,"Mar 10, 2026",2:14:55 AM PDT,,Google fee,,Pro Subscription (Words With Friends Solver),com.deepinkcode.wordswithfriendssolver,Subscription,prosub,,NZ,,7055,NZD,-0.58,3.804100,DKK,-2.21,prosub,,4994183596643847628,Yes,15,SUBSCRIPTIONS,,
GPA.3321-1871-1437-64058..8,"Mar 10, 2026",2:36:50 AM PDT,,Charge,,Pro Subscription (WF Solver),com.deepinkcode.wordfeudsolver,Subscription,prosub,,SE,,60217,SEK,23.20,0.702370,DKK,16.29,prosubmonth,,4994183596643847628,Yes,,,,
GPA.3321-1871-1437-64058..8,"Mar 10, 2026",2:36:50 AM PDT,,Google fee,,Pro Subscription (WF Solver),com.deepinkcode.wordfeudsolver,Subscription,prosub,,SE,,60217,SEK,-3.48,0.702370,DKK,-2.44,prosubmonth,,4994183596643847628,Yes,15,SUBSCRIPTIONS,,
GPA.3344-6415-2417-47299,"Mar 10, 2026",3:07:47 AM PDT,,Charge refund,Full,Pro Subscription (WF Solver),com.deepinkcode.wordfeudsolver,Subscription,prosub,r0s,NL,,1827MH,EUR,-1.98,7.471200,DKK,-14.79,prosubmonth,,4994183596643847628,Yes,,,,In-app
GPA.3344-6415-2417-47299,"Mar 10, 2026",3:07:47 AM PDT,,Google fee refund,Full,Pro Subscription (WF Solver),com.deepinkcode.wordfeudsolver,Subscription,prosub,r0s,NL,,1827MH,EUR,0.30,7.471200,DKK,2.24,prosubmonth,,4994183596643847628,Yes,15,SUBSCRIPTIONS,,In-app
GPA.3346-2717-2864-33280..0,"Mar 10, 2026",4:03:26 AM PDT,,Charge,,Pro Subscription (WF Solver),com.deepinkcode.wordfeudsolver,Subscription,prosub,,SE,,782 34,SEK,22.40,0.702890,DKK,15.74,prosubmonth,,4994183596643847628,Yes,,,,
GPA.3346-2717-2864-33280..0,"Mar 10, 2026",4:03:26 AM PDT,,Google fee,,Pro Subscription (WF Solver),com.deepinkcode.wordfeudsolver,Subscription,prosub,,SE,,782 34,SEK,-3.36,0.702890,DKK,-2.36,prosubmonth,,4994183596643847628,Yes,15,SUBSCRIPTIONS,,
GPA.3324-7090-4203-65993..9,"Mar 10, 2026",4:13:20 AM PDT,,Charge,,Pro Subscription (WF Solver),com.deepinkcode.wordfeudsolver,Subscription,prosub,,NO,,1053,NOK,24.00,0.668010,DKK,16.03,prosubmonth,,4994183596643847628,Yes,,,,
GPA.3324-7090-4203-65993..9,"Mar 10, 2026",4:13:20 AM PDT,,Google fee,,Pro Subscription (WF Solver),com.deepinkcode.wordfeudsolver,Subscription,prosub,,NO,,1053,NOK,-3.60,0.668010,DKK,-2.40,prosubmonth,,4994183596643847628,Yes,15,SUBSCRIPTIONS,,
GPA.3374-3471-8487-02050..0,"Mar 10, 2026",4:13:21 AM PDT,,Charge,,Pro Subscription (Words With Friends Solver),com.deepinkcode.wordswithfriendssolver,Subscription,prosub,,US,MI,48310,USD,2.49,6.413600,DKK,15.97,prosub,,4994183596643847628,Yes,,,,
GPA.3374-3471-8487-02050..0,"Mar 10, 2026",4:13:21 AM PDT,,Google fee,,Pro Subscription (Words With Friends Solver),com.deepinkcode.wordswithfriendssolver,Subscription,prosub,,US,MI,48310,USD,-0.37,6.413600,DKK,-2.37,prosub,,4994183596643847628,Yes,15,SUBSCRIPTIONS,,
GPA.3301-9913-3723-92786,"Mar 10, 2026",4:39:52 AM PDT,,Charge,,Pro Subscription (WF Solver),com.deepinkcode.wordfeudsolver,Subscription,prosub,SNT_sprout,SE,,598 94,SEK,22.40,0.702890,DKK,15.74,prosubmonth,,4994183596643847628,Yes,,,,In-app
GPA.3301-9913-3723-92786,"Mar 10, 2026",4:39:52 AM PDT,,Google fee,,Pro Subscription (WF Solver),com.deepinkcode.wordfeudsolver,Subscription,prosub,SNT_sprout,SE,,598 94,SEK,-3.36,0.702890,DKK,-2.36,prosubmonth,,4994183596643847628,Yes,15,SUBSCRIPTIONS,,In-app
GPA.3377-0249-6480-63289..0,"Mar 10, 2026",5:11:01 AM PDT,,Charge,,Pro Subscription (Words With Friends Solver),com.deepinkcode.wordswithfriendssolver,Subscription,prosub,,GB,,WF10 5TB,GBP,1.74,8.633900,DKK,15.02,prosub,,4994183596643847628,Yes,,,,
GPA.3377-0249-6480-63289..0,"Mar 10, 2026",5:11:01 AM PDT,,Google fee,,Pro Subscription (Words With Friends Solver),com.deepinkcode.wordswithfriendssolver,Subscription,prosub,,GB,,WF10 5TB,GBP,-0.26,8.633900,DKK,-2.24,prosub,,4994183596643847628,Yes,15,SUBSCRIPTIONS,,
GPA.3335-6547-5379-25154,"Mar 10, 2026",5:16:54 AM PDT,,Charge,,Pro Subscription (WF Solver),com.deepinkcode.wordfeudsolver,Subscription,prosub,hiphi,NO,,2340,NOK,24.00,0.669140,DKK,16.06,prosubmonth,,4994183596643847628,Yes,,,,In-app
GPA.3335-6547-5379-25154,"Mar 10, 2026",5:16:54 AM PDT,,Google fee,,Pro Subscription (WF Solver),com.deepinkcode.wordfeudsolver,Subscription,prosub,hiphi,NO,,2340,NOK,-3.60,0.669140,DKK,-2.41,prosubmonth,,4994183596643847628,Yes,15,SUBSCRIPTIONS,,In-app
GPA.3349-0908-8870-74549..11,"Mar 10, 2026",6:34:47 AM PDT,,Charge,,Pro Subscription (WF Solver),com.deepinkcode.wordfeudsolver,Subscription,prosub,,SE,,66731,SEK,23.20,0.703850,DKK,16.33,prosubmonth,,4994183596643847628,Yes,,,,
GPA.3349-0908-8870-74549..11,"Mar 10, 2026",6:34:47 AM PDT,,Google fee,,Pro Subscription (WF Solver),com.deepinkcode.wordfeudsolver,Subscription,prosub,,SE,,66731,SEK,-3.48,0.703850,DKK,-2.45,prosubmonth,,4994183596643847628,Yes,15,SUBSCRIPTIONS,,
GPA.3378-7406-9523-14419..2,"Mar 10, 2026",7:20:16 AM PDT,,Charge,,Pro Subscription (Scrabble GO Cheat),com.deepinkcode.scrabblegocheat,Subscription,prosub,,US,MI,48088,USD,2.49,6.420500,DKK,15.99,prosubmonth,,4994183596643847628,Yes,,,,
GPA.3378-7406-9523-14419..2,"Mar 10, 2026",7:20:16 AM PDT,,Google fee,,Pro Subscription (Scrabble GO Cheat),com.deepinkcode.scrabblegocheat,Subscription,prosub,,US,MI,48088,USD,-0.37,6.420500,DKK,-2.38,prosubmonth,,4994183596643847628,Yes,15,SUBSCRIPTIONS,,
GPA.3307-5912-4618-51758..2,"Mar 10, 2026",7:33:29 AM PDT,,Charge,,Pro Subscription (WF Solver),com.deepinkcode.wordfeudsolver,Subscription,prosub,,NL,,3068 KA,EUR,1.98,7.471300,DKK,14.79,prosubmonth,,4994183596643847628,Yes,,,,
GPA.3307-5912-4618-51758..2,"Mar 10, 2026",7:33:29 AM PDT,,Google fee,,Pro Subscription (WF Solver),com.deepinkcode.wordfeudsolver,Subscription,prosub,,NL,,3068 KA,EUR,-0.30,7.471300,DKK,-2.24,prosubmonth,,4994183596643847628,Yes,15,SUBSCRIPTIONS,,
GPA.3367-9363-2678-60471..4,"Mar 10, 2026",8:00:16 AM PDT,,Charge,,Pro Subscription (WF Solver),com.deepinkcode.wordfeudsolver,Subscription,prosub,,US,TX,75075,USD,2.49,6.425000,DKK,16.00,prosubmonth,,4994183596643847628,Yes,,,,
GPA.3367-9363-2678-60471..4,"Mar 10, 2026",8:00:16 AM PDT,,Google fee,,Pro Subscription (WF Solver),com.deepinkcode.wordfeudsolver,Subscription,prosub,,US,TX,75075,USD,-0.37,6.425000,DKK,-2.38,prosubmonth,,4994183596643847628,Yes,15,SUBSCRIPTIONS,,
GPA.3369-5595-6836-11836..2,"Mar 10, 2026",8:00:21 AM PDT,,Charge,,Pro Subscription (Words With Friends Solver),com.deepinkcode.wordswithfriendssolver,Subscription,prosub,,US,UT,84042,USD,2.49,6.425000,DKK,16.00,prosub,,4994183596643847628,Yes,,,,
GPA.3369-5595-6836-11836..2,"Mar 10, 2026",8:00:21 AM PDT,,Google fee,,Pro Subscription (Words With Friends Solver),com.deepinkcode.wordswithfriendssolver,Subscription,prosub,,US,UT,84042,USD,-0.37,6.425000,DKK,-2.38,prosub,,4994183596643847628,Yes,15,SUBSCRIPTIONS,,
GPA.3348-2187-8953-25852..6,"Mar 10, 2026",8:43:52 AM PDT,,Charge,,Pro Subscription (Words With Friends Solver),com.deepinkcode.wordswithfriendssolver,Subscription,prosub,,US,LA,70364,USD,2.49,6.425000,DKK,16.00,prosub,,4994183596643847628,Yes,,,,
GPA.3348-2187-8953-25852..6,"Mar 10, 2026",8:43:52 AM PDT,,Google fee,,Pro Subscription (Words With Friends Solver),com.deepinkcode.wordswithfriendssolver,Subscription,prosub,,US,LA,70364,USD,-0.37,6.425000,DKK,-2.38,prosub,,4994183596643847628,Yes,15,SUBSCRIPTIONS,,
GPA.3367-4893-3084-96620..9,"Mar 10, 2026",9:27:40 AM PDT,,Charge,,Pro Subscription (WF Solver),com.deepinkcode.wordfeudsolver,Subscription,prosub,,SE,,702 11,SEK,23.20,0.703860,DKK,16.33,prosubmonth,,4994183596643847628,Yes,,,,
GPA.3367-4893-3084-96620..9,"Mar 10, 2026",9:27:40 AM PDT,,Google fee,,Pro Subscription (WF Solver),com.deepinkcode.wordfeudsolver,Subscription,prosub,,SE,,702 11,SEK,-3.48,0.703860,DKK,-2.45,prosubmonth,,4994183596643847628,Yes,15,SUBSCRIPTIONS,,
GPA.3307-8789-0265-49197..1,"Mar 10, 2026",9:42:17 AM PDT,,Charge,,Pro Subscription (WF Solver),com.deepinkcode.wordfeudsolver,Subscription,prosub,,SE,,96144,SEK,22.40,0.703860,DKK,15.77,prosubmonth,,4994183596643847628,Yes,,,,
GPA.3307-8789-0265-49197..1,"Mar 10, 2026",9:42:17 AM PDT,,Google fee,,Pro Subscription (WF Solver),com.deepinkcode.wordfeudsolver,Subscription,prosub,,SE,,96144,SEK,-3.36,0.703860,DKK,-2.37,prosubmonth,,4994183596643847628,Yes,15,SUBSCRIPTIONS,,
GPA.3336-1311-5258-89304,"Mar 10, 2026",10:45:15 AM PDT,,Charge,,Pro Subscription (WF Solver),com.deepinkcode.wordfeudsolver,Subscription,prosub,e3q,DK,,5672,DKK,15.20,1.000000,DKK,15.20,prosubmonth,,4994183596643847628,Yes,,,,In-app
GPA.3336-1311-5258-89304,"Mar 10, 2026",10:45:15 AM PDT,,Google fee,,Pro Subscription (WF Solver),com.deepinkcode.wordfeudsolver,Subscription,prosub,e3q,DK,,5672,DKK,-2.28,1.000000,DKK,-2.28,prosubmonth,,4994183596643847628,Yes,15,SUBSCRIPTIONS,,In-app
GPA.3399-2534-2006-75890..5,"Mar 10, 2026",11:18:06 AM PDT,,Charge,,Pro Subscription (WF Solver),com.deepinkcode.wordfeudsolver,Subscription,prosub,,SE,,123 32,SEK,22.40,0.701870,DKK,15.72,prosubmonth,,4994183596643847628,Yes,,,,
GPA.3399-2534-2006-75890..5,"Mar 10, 2026",11:18:06 AM PDT,,Google fee,,Pro Subscription (WF Solver),com.deepinkcode.wordfeudsolver,Subscription,prosub,,SE,,123 32,SEK,-3.36,0.701870,DKK,-2.36,prosubmonth,,4994183596643847628,Yes,15,SUBSCRIPTIONS,,
GPA.3348-3811-7615-87861..1,"Mar 10, 2026",11:35:20 AM PDT,,Charge,,Pro Subscription (WF Solver),com.deepinkcode.wordfeudsolver,Subscription,prosub,,DK,,4800,DKK,15.20,1.000000,DKK,15.20,prosubmonth,,4994183596643847628,Yes,,,,
GPA.3348-3811-7615-87861..1,"Mar 10, 2026",11:35:20 AM PDT,,Google fee,,Pro Subscription (WF Solver),com.deepinkcode.wordfeudsolver,Subscription,prosub,,DK,,4800,DKK,-2.28,1.000000,DKK,-2.28,prosubmonth,,4994183596643847628,Yes,15,SUBSCRIPTIONS,,
GPA.3342-0867-0114-33540..2,"Mar 10, 2026",12:41:24 PM PDT,,Charge,,Pro Subscription (Words With Friends Solver),com.deepinkcode.wordswithfriendssolver,Subscription,prosub,,US,WA,98023,USD,2.49,6.416300,DKK,15.98,prosub,,4994183596643847628,Yes,,,,
GPA.3342-0867-0114-33540..2,"Mar 10, 2026",12:41:24 PM PDT,,Google fee,,Pro Subscription (Words With Friends Solver),com.deepinkcode.wordswithfriendssolver,Subscription,prosub,,US,WA,98023,USD,-0.37,6.416300,DKK,-2.37,prosub,,4994183596643847628,Yes,15,SUBSCRIPTIONS,,
GPA.3310-8950-7167-33028..7,"Mar 10, 2026",12:56:34 PM PDT,,Charge,,Pro Subscription (WF Solver),com.deepinkcode.wordfeudsolver,Subscription,prosub,,NO,,2340,NOK,24.00,0.667240,DKK,16.01,prosubmonth,,4994183596643847628,Yes,,,,
GPA.3310-8950-7167-33028..7,"Mar 10, 2026",12:56:34 PM PDT,,Google fee,,Pro Subscription (WF Solver),com.deepinkcode.wordfeudsolver,Subscription,prosub,,NO,,2340,NOK,-3.60,0.667240,DKK,-2.40,prosubmonth,,4994183596643847628,Yes,15,SUBSCRIPTIONS,,
GPA.3381-5925-6371-90363,"Mar 10, 2026",2:21:27 PM PDT,,Charge,,Pro Subscription (Words With Friends Solver),com.deepinkcode.wordswithfriendssolver,Subscription,prosub,e1q,US,DE,19966,USD,2.49,6.433200,DKK,16.02,prosub,,4994183596643847628,Yes,,,,In-app
GPA.3381-5925-6371-90363,"Mar 10, 2026",2:21:27 PM PDT,,Google fee,,Pro Subscription (Words With Friends Solver),com.deepinkcode.wordswithfriendssolver,Subscription,prosub,e1q,US,DE,19966,USD,-0.37,6.433200,DKK,-2.38,prosub,,4994183596643847628,Yes,15,SUBSCRIPTIONS,,In-app
GPA.3367-8470-4483-26919..15,"Mar 10, 2026",2:36:36 PM PDT,,Charge,,Pro Subscription (WF Solver),com.deepinkcode.wordfeudsolver,Subscription,prosub,,NO,,3530,NOK,23.20,0.667840,DKK,15.49,prosubmonth,,4994183596643847628,Yes,,,,
GPA.3367-8470-4483-26919..15,"Mar 10, 2026",2:36:36 PM PDT,,Google fee,,Pro Subscription (WF Solver),com.deepinkcode.wordfeudsolver,Subscription,prosub,,NO,,3530,NOK,-3.48,0.667840,DKK,-2.32,prosubmonth,,4994183596643847628,Yes,15,SUBSCRIPTIONS,,
GPA.3350-6559-4940-55524..0,"Mar 10, 2026",2:57:46 PM PDT,,Charge,,Pro Subscription (WF Solver),com.deepinkcode.wordfeudsolver,Subscription,prosub,,DK,,6440,DKK,15.20,1.000000,DKK,15.20,prosubmonth,,4994183596643847628,Yes,,,,
GPA.3350-6559-4940-55524..0,"Mar 10, 2026",2:57:46 PM PDT,,Google fee,,Pro Subscription (WF Solver),com.deepinkcode.wordfeudsolver,Subscription,prosub,,DK,,6440,DKK,-2.28,1.000000,DKK,-2.28,prosubmonth,,4994183596643847628,Yes,15,SUBSCRIPTIONS,,
GPA.3353-9654-3437-17475..13,"Mar 10, 2026",3:04:36 PM PDT,,Charge,,Pro Subscription (WF Solver),com.deepinkcode.wordfeudsolver,Subscription,prosub,,BE,,3320,EUR,1.98,7.471000,DKK,14.79,prosubmonth,,4994183596643847628,Yes,,,,
GPA.3353-9654-3437-17475..13,"Mar 10, 2026",3:04:36 PM PDT,,Google fee,,Pro Subscription (WF Solver),com.deepinkcode.wordfeudsolver,Subscription,prosub,,BE,,3320,EUR,-0.30,7.471000,DKK,-2.24,prosubmonth,,4994183596643847628,Yes,15,SUBSCRIPTIONS,,
GPA.3301-5486-4852-82473..17,"Mar 10, 2026",3:25:35 PM PDT,,Charge,,Pro Subscription (WF Solver),com.deepinkcode.wordfeudsolver,Subscription,prosub,,DK,,3921,DKK,15.20,1.000000,DKK,15.20,prosubmonth,,4994183596643847628,Yes,,,,
GPA.3301-5486-4852-82473..17,"Mar 10, 2026",3:25:35 PM PDT,,Google fee,,Pro Subscription (WF Solver),com.deepinkcode.wordfeudsolver,Subscription,prosub,,DK,,3921,DKK,-2.28,1.000000,DKK,-2.28,prosubmonth,,4994183596643847628,Yes,15,SUBSCRIPTIONS,,
GPA.3341-7553-4567-59024..1,"Mar 10, 2026",5:19:43 PM PDT,,Charge,,Pro Subscription (WF Solver),com.deepinkcode.wordfeudsolver,Subscription,prosub,,NL,,6922Le,EUR,1.98,7.471600,DKK,14.79,prosubmonth,,4994183596643847628,Yes,,,,
GPA.3341-7553-4567-59024..1,"Mar 10, 2026",5:19:43 PM PDT,,Google fee,,Pro Subscription (WF Solver),com.deepinkcode.wordfeudsolver,Subscription,prosub,,NL,,6922Le,EUR,-0.30,7.471600,DKK,-2.24,prosubmonth,,4994183596643847628,Yes,15,SUBSCRIPTIONS,,
GPA.3368-7310-3357-51856..12,"Mar 10, 2026",5:45:59 PM PDT,,Charge,,Pro Subscription (WF Solver),com.deepinkcode.wordfeudsolver,Subscription,prosub,,DK,,6800,DKK,15.20,1.000000,DKK,15.20,prosubmonth,,4994183596643847628,Yes,,,,
GPA.3368-7310-3357-51856..12,"Mar 10, 2026",5:45:59 PM PDT,,Google fee,,Pro Subscription (WF Solver),com.deepinkcode.wordfeudsolver,Subscription,prosub,,DK,,6800,DKK,-2.28,1.000000,DKK,-2.28,prosubmonth,,4994183596643847628,Yes,15,SUBSCRIPTIONS,,
GPA.3345-4574-9366-11238..13,"Mar 10, 2026",6:02:48 PM PDT,,Charge,,Pro Subscription (WF Solver),com.deepinkcode.wordfeudsolver,Subscription,prosub,,DK,,4200,DKK,15.20,1.000000,DKK,15.20,prosubmonth,,4994183596643847628,Yes,,,,
GPA.3345-4574-9366-11238..13,"Mar 10, 2026",6:02:48 PM PDT,,Google fee,,Pro Subscription (WF Solver),com.deepinkcode.wordfeudsolver,Subscription,prosub,,DK,,4200,DKK,-2.28,1.000000,DKK,-2.28,prosubmonth,,4994183596643847628,Yes,15,SUBSCRIPTIONS,,
GPA.3398-2032-0518-84599..13,"Mar 10, 2026",7:05:32 PM PDT,,Charge,,Pro Subscription (WF Solver),com.deepinkcode.wordfeudsolver,Subscription,prosub,,DK,,8766,DKK,15.20,1.000000,DKK,15.20,prosubmonth,,4994183596643847628,Yes,,,,
GPA.3398-2032-0518-84599..13,"Mar 10, 2026",7:05:32 PM PDT,,Google fee,,Pro Subscription (WF Solver),com.deepinkcode.wordfeudsolver,Subscription,prosub,,DK,,8766,DKK,-2.28,1.000000,DKK,-2.28,prosubmonth,,4994183596643847628,Yes,15,SUBSCRIPTIONS,,
GPA.3369-9697-7387-77325..8,"Mar 10, 2026",9:52:43 PM PDT,,Charge,,Pro Subscription (WF Solver),com.deepinkcode.wordfeudsolver,Subscription,prosub,,NL,,1942AN,EUR,1.98,7.471700,DKK,14.79,prosubmonth,,4994183596643847628,Yes,,,,
GPA.3369-9697-7387-77325..8,"Mar 10, 2026",9:52:43 PM PDT,,Google fee,,Pro Subscription (WF Solver),com.deepinkcode.wordfeudsolver,Subscription,prosub,,NL,,1942AN,EUR,-0.30,7.471700,DKK,-2.24,prosubmonth,,4994183596643847628,Yes,15,SUBSCRIPTIONS,,
GPA.3359-8571-9948-14977..5,"Mar 11, 2026",12:24:26 AM PDT,,Charge,,Pro Subscription (WF Solver),com.deepinkcode.wordfeudsolver,Subscription,prosub,,NO,,5522,NOK,24.00,0.667610,DKK,16.02,prosubmonth,,4994183596643847628,Yes,,,,
GPA.3359-8571-9948-14977..5,"Mar 11, 2026",12:24:26 AM PDT,,Google fee,,Pro Subscription (WF Solver),com.deepinkcode.wordfeudsolver,Subscription,prosub,,NO,,5522,NOK,-3.60,0.667610,DKK,-2.40,prosubmonth,,4994183596643847628,Yes,15,SUBSCRIPTIONS,,
GPA.3336-2610-8299-77492..1,"Mar 11, 2026",12:30:12 AM PDT,,Charge,,Pro Subscription (WF Solver),com.deepinkcode.wordfeudsolver,Subscription,prosub,,NO,,2890,NOK,24.00,0.667610,DKK,16.02,prosubmonth,,4994183596643847628,Yes,,,,
GPA.3336-2610-8299-77492..1,"Mar 11, 2026",12:30:12 AM PDT,,Google fee,,Pro Subscription (WF Solver),com.deepinkcode.wordfeudsolver,Subscription,prosub,,NO,,2890,NOK,-3.60,0.667610,DKK,-2.40,prosubmonth,,4994183596643847628,Yes,15,SUBSCRIPTIONS,,
GPA.3380-6686-0797-14046..3,"Mar 11, 2026",12:51:08 AM PDT,,Charge,,Pro Subscription (WF Solver),com.deepinkcode.wordfeudsolver,Subscription,prosub,,SE,,453 35,SEK,22.40,0.702000,DKK,15.72,prosubmonth,,4994183596643847628,Yes,,,,
GPA.3380-6686-0797-14046..3,"Mar 11, 2026",12:51:08 AM PDT,,Google fee,,Pro Subscription (WF Solver),com.deepinkcode.wordfeudsolver,Subscription,prosub,,SE,,453 35,SEK,-3.36,0.702000,DKK,-2.35,prosubmonth,,4994183596643847628,Yes,15,SUBSCRIPTIONS,,
GPA.3318-5671-6254-44988..4,"Mar 11, 2026",2:06:00 AM PDT,,Charge,,Pro Subscription (WF Solver),com.deepinkcode.wordfeudsolver,Subscription,prosub,,US,CA,93433,USD,2.49,6.431200,DKK,16.01,prosubmonth,,4994183596643847628,Yes,,,,
GPA.3318-5671-6254-44988..4,"Mar 11, 2026",2:06:00 AM PDT,,Google fee,,Pro Subscription (WF Solver),com.deepinkcode.wordfeudsolver,Subscription,prosub,,US,CA,93433,USD,-0.37,6.431200,DKK,-2.38,prosubmonth,,4994183596643847628,Yes,15,SUBSCRIPTIONS,,
GPA.3375-2106-8042-56534..1,"Mar 11, 2026",2:21:37 AM PDT,,Charge,,Pro Subscription (WF Solver),com.deepinkcode.wordfeudsolver,Subscription,prosub,,NL,,7881LP,EUR,1.98,7.471600,DKK,14.79,prosubmonth,,4994183596643847628,Yes,,,,
GPA.3375-2106-8042-56534..1,"Mar 11, 2026",2:21:37 AM PDT,,Google fee,,Pro Subscription (WF Solver),com.deepinkcode.wordfeudsolver,Subscription,prosub,,NL,,7881LP,EUR,-0.30,7.471600,DKK,-2.24,prosubmonth,,4994183596643847628,Yes,15,SUBSCRIPTIONS,,
GPA.3385-6423-6918-51114..12,"Mar 11, 2026",2:45:10 AM PDT,,Charge,,Pro Subscription (WF Solver),com.deepinkcode.wordfeudsolver,Subscription,prosub,,SE,,771 41,SEK,23.20,0.701490,DKK,16.27,prosubmonth,,4994183596643847628,Yes,,,,
GPA.3385-6423-6918-51114..12,"Mar 11, 2026",2:45:10 AM PDT,,Google fee,,Pro Subscription (WF Solver),com.deepinkcode.wordfeudsolver,Subscription,prosub,,SE,,771 41,SEK,-3.48,0.701490,DKK,-2.44,prosubmonth,,4994183596643847628,Yes,15,SUBSCRIPTIONS,,
GPA.3354-8497-2996-10965,"Mar 11, 2026",2:59:42 AM PDT,,Charge,,Pro Subscription (WF Solver),com.deepinkcode.wordfeudsolver,Subscription,prosub,b5q,NL,,2382EC,EUR,1.98,7.471600,DKK,14.79,prosubmonth,,4994183596643847628,Yes,,,,In-app
GPA.3354-8497-2996-10965,"Mar 11, 2026",2:59:42 AM PDT,,Google fee,,Pro Subscription (WF Solver),com.deepinkcode.wordfeudsolver,Subscription,prosub,b5q,NL,,2382EC,EUR,-0.30,7.471600,DKK,-2.24,prosubmonth,,4994183596643847628,Yes,15,SUBSCRIPTIONS,,In-app
GPA.3377-8790-2471-12499..3,"Mar 11, 2026",3:00:42 AM PDT,,Charge,,Pro Subscription (WF Solver),com.deepinkcode.wordfeudsolver,Subscription,prosub,,NO,,7970,NOK,24.00,0.669530,DKK,16.07,prosubmonth,,4994183596643847628,Yes,,,,
GPA.3377-8790-2471-12499..3,"Mar 11, 2026",3:00:42 AM PDT,,Google fee,,Pro Subscription (WF Solver),com.deepinkcode.wordfeudsolver,Subscription,prosub,,NO,,7970,NOK,-3.60,0.669530,DKK,-2.41,prosubmonth,,4994183596643847628,Yes,15,SUBSCRIPTIONS,,
GPA.3321-5290-2445-87022..8,"Mar 11, 2026",3:08:09 AM PDT,,Charge,,Pro Subscription (WF Solver),com.deepinkcode.wordfeudsolver,Subscription,prosub,,SE,,36254,SEK,23.20,0.701120,DKK,16.27,prosubmonth,,4994183596643847628,Yes,,,,
GPA.3321-5290-2445-87022..8,"Mar 11, 2026",3:08:09 AM PDT,,Google fee,,Pro Subscription (WF Solver),com.deepinkcode.wordfeudsolver,Subscription,prosub,,SE,,36254,SEK,-3.48,0.701120,DKK,-2.44,prosubmonth,,4994183596643847628,Yes,15,SUBSCRIPTIONS,,
GPA.3343-4281-3740-91034..2,"Mar 11, 2026",4:20:12 AM PDT,,Charge,,Pro Subscription (WF Solver),com.deepinkcode.wordfeudsolver,Subscription,prosub,,DK,,8464,DKK,15.20,1.000000,DKK,15.20,prosubmonth,,4994183596643847628,Yes,,,,
GPA.3343-4281-3740-91034..2,"Mar 11, 2026",4:20:12 AM PDT,,Google fee,,Pro Subscription (WF Solver),com.deepinkcode.wordfeudsolver,Subscription,prosub,,DK,,8464,DKK,-2.28,1.000000,DKK,-2.28,prosubmonth,,4994183596643847628,Yes,15,SUBSCRIPTIONS,,
GPA.3392-2245-3709-13686..5,"Mar 11, 2026",5:14:02 AM PDT,,Charge,,Pro Subscription (WF Solver),com.deepinkcode.wordfeudsolver,Subscription,prosub,,SE,,633 55,SEK,22.40,0.701080,DKK,15.70,prosubmonth,,4994183596643847628,Yes,,,,
GPA.3392-2245-3709-13686..5,"Mar 11, 2026",5:14:02 AM PDT,,Google fee,,Pro Subscription (WF Solver),com.deepinkcode.wordfeudsolver,Subscription,prosub,,SE,,633 55,SEK,-3.36,0.701080,DKK,-2.35,prosubmonth,,4994183596643847628,Yes,15,SUBSCRIPTIONS,,
GPA.3328-6101-2562-92815,"Mar 11, 2026",5:47:40 AM PDT,,Charge,,Pro Subscription (WF Solver),com.deepinkcode.wordfeudsolver,Subscription,prosub,a16,NL,,7642 XW,EUR,1.98,7.471900,DKK,14.79,prosubmonth,,4994183596643847628,Yes,,,,Play store
GPA.3328-6101-2562-92815,"Mar 11, 2026",5:47:40 AM PDT,,Google fee,,Pro Subscription (WF Solver),com.deepinkcode.wordfeudsolver,Subscription,prosub,a16,NL,,7642 XW,EUR,-0.30,7.471900,DKK,-2.24,prosubmonth,,4994183596643847628,Yes,15,SUBSCRIPTIONS,,Play store
GPA.3305-0589-9720-33691..9,"Mar 11, 2026",7:57:05 AM PDT,,Charge,,Pro Subscription (WF Solver),com.deepinkcode.wordfeudsolver,Subscription,prosub,,NO,,4317,NOK,24.00,0.669040,DKK,16.06,prosubmonth,,4994183596643847628,Yes,,,,
GPA.3305-0589-9720-33691..9,"Mar 11, 2026",7:57:05 AM PDT,,Google fee,,Pro Subscription (WF Solver),com.deepinkcode.wordfeudsolver,Subscription,prosub,,NO,,4317,NOK,-3.60,0.669040,DKK,-2.41,prosubmonth,,4994183596643847628,Yes,15,SUBSCRIPTIONS,,
GPA.3309-3057-2969-18273..6,"Mar 11, 2026",8:16:06 AM PDT,,Charge,,Pro Subscription (WF Solver),com.deepinkcode.wordfeudsolver,Subscription,prosub,,SE,,371 62,SEK,22.40,0.702260,DKK,15.73,prosubmonth,,4994183596643847628,Yes,,,,
GPA.3309-3057-2969-18273..6,"Mar 11, 2026",8:16:06 AM PDT,,Google fee,,Pro Subscription (WF Solver),com.deepinkcode.wordfeudsolver,Subscription,prosub,,SE,,371 62,SEK,-3.36,0.702260,DKK,-2.36,prosubmonth,,4994183596643847628,Yes,15,SUBSCRIPTIONS,,
GPA.3366-8388-1843-80011..0,"Mar 11, 2026",8:16:33 AM PDT,,Charge,,Pro Subscription (WF Solver),com.deepinkcode.wordfeudsolver,Subscription,prosub,,DK,,4330,DKK,15.20,1.000000,DKK,15.20,prosubmonth,,4994183596643847628,Yes,,,,
GPA.3366-8388-1843-80011..0,"Mar 11, 2026",8:16:33 AM PDT,,Google fee,,Pro Subscription (WF Solver),com.deepinkcode.wordfeudsolver,Subscription,prosub,,DK,,4330,DKK,-2.28,1.000000,DKK,-2.28,prosubmonth,,4994183596643847628,Yes,15,SUBSCRIPTIONS,,
GPA.3399-4557-9764-20296,"Mar 11, 2026",9:31:34 AM PDT,,Charge,,Pro Subscription (WF Solver),com.deepinkcode.wordfeudsolver,Subscription,prosub,pa3q,DK,,2630,DKK,15.20,1.000000,DKK,15.20,prosubmonth,,4994183596643847628,Yes,,,,In-app
GPA.3399-4557-9764-20296,"Mar 11, 2026",9:31:34 AM PDT,,Google fee,,Pro Subscription (WF Solver),com.deepinkcode.wordfeudsolver,Subscription,prosub,pa3q,DK,,2630,DKK,-2.28,1.000000,DKK,-2.28,prosubmonth,,4994183596643847628,Yes,15,SUBSCRIPTIONS,,In-app
GPA.3361-6414-4444-07338..6,"Mar 11, 2026",10:11:20 AM PDT,,Charge,,Pro Subscription (WF Solver),com.deepinkcode.wordfeudsolver,Subscription,prosub,,NL,,2635 EH,EUR,1.98,7.471600,DKK,14.79,prosubmonth,,4994183596643847628,Yes,,,,
GPA.3361-6414-4444-07338..6,"Mar 11, 2026",10:11:20 AM PDT,,Google fee,,Pro Subscription (WF Solver),com.deepinkcode.wordfeudsolver,Subscription,prosub,,NL,,2635 EH,EUR,-0.30,7.471600,DKK,-2.24,prosubmonth,,4994183596643847628,Yes,15,SUBSCRIPTIONS,,
GPA.3388-8396-9302-42940..12,"Mar 11, 2026",10:22:01 AM PDT,,Charge,,Pro Subscription (WF Solver),com.deepinkcode.wordfeudsolver,Subscription,prosub,,NL,,4884AX,EUR,1.98,7.471600,DKK,14.79,prosubmonth,,4994183596643847628,Yes,,,,
GPA.3388-8396-9302-42940..12,"Mar 11, 2026",10:22:01 AM PDT,,Google fee,,Pro Subscription (WF Solver),com.deepinkcode.wordfeudsolver,Subscription,prosub,,NL,,4884AX,EUR,-0.30,7.471600,DKK,-2.24,prosubmonth,,4994183596643847628,Yes,15,SUBSCRIPTIONS,,
GPA.3367-0504-1072-29911..1,"Mar 11, 2026",10:39:16 AM PDT,,Charge,,Pro Subscription (WF Solver),com.deepinkcode.wordfeudsolver,Subscription,prosub,,GB,,HU3 6QT,GBP,1.74,8.654800,DKK,15.06,prosubmonth,,4994183596643847628,Yes,,,,
GPA.3367-0504-1072-29911..1,"Mar 11, 2026",10:39:16 AM PDT,,Google fee,,Pro Subscription (WF Solver),com.deepinkcode.wordfeudsolver,Subscription,prosub,,GB,,HU3 6QT,GBP,-0.26,8.654800,DKK,-2.25,prosubmonth,,4994183596643847628,Yes,15,SUBSCRIPTIONS,,
GPA.3311-9646-8592-92869..12,"Mar 11, 2026",11:17:43 AM PDT,,Charge,,Pro Subscription (WF Solver),com.deepinkcode.wordfeudsolver,Subscription,prosub,,DK,,6100,DKK,15.20,1.000000,DKK,15.20,prosubmonth,,4994183596643847628,Yes,,,,
GPA.3311-9646-8592-92869..12,"Mar 11, 2026",11:17:43 AM PDT,,Google fee,,Pro Subscription (WF Solver),com.deepinkcode.wordfeudsolver,Subscription,prosub,,DK,,6100,DKK,-2.28,1.000000,DKK,-2.28,prosubmonth,,4994183596643847628,Yes,15,SUBSCRIPTIONS,,
GPA.3311-5042-5152-17698,"Mar 11, 2026",11:29:05 AM PDT,,Charge,,Pro Subscription (WF Solver),com.deepinkcode.wordfeudsolver,Subscription,prosub,pa3q,SE,,53150,SEK,22.40,0.700150,DKK,15.68,prosubmonth,,4994183596643847628,Yes,,,,In-app
GPA.3311-5042-5152-17698,"Mar 11, 2026",11:29:05 AM PDT,,Google fee,,Pro Subscription (WF Solver),com.deepinkcode.wordfeudsolver,Subscription,prosub,pa3q,SE,,53150,SEK,-3.36,0.700150,DKK,-2.35,prosubmonth,,4994183596643847628,Yes,15,SUBSCRIPTIONS,,In-app
GPA.3372-3790-8397-70203..4,"Mar 11, 2026",11:58:15 AM PDT,,Charge,,Pro Subscription (WF Solver),com.deepinkcode.wordfeudsolver,Subscription,prosub,,NL,,5241 LH,EUR,1.98,7.471800,DKK,14.79,prosubmonth,,4994183596643847628,Yes,,,,
GPA.3372-3790-8397-70203..4,"Mar 11, 2026",11:58:15 AM PDT,,Google fee,,Pro Subscription (WF Solver),com.deepinkcode.wordfeudsolver,Subscription,prosub,,NL,,5241 LH,EUR,-0.30,7.471800,DKK,-2.24,prosubmonth,,4994183596643847628,Yes,15,SUBSCRIPTIONS,,
GPA.3330-8744-5913-77561,"Mar 11, 2026",12:16:02 PM PDT,,Charge,,Pro Subscription (Words With Friends Solver),com.deepinkcode.wordswithfriendssolver,Subscription,prosub,pa3q,GB,,SW16 1UT,GBP,1.74,8.658700,DKK,15.07,prosub,,4994183596643847628,Yes,,,,In-app
GPA.3330-8744-5913-77561,"Mar 11, 2026",12:16:02 PM PDT,,Google fee,,Pro Subscription (Words With Friends Solver),com.deepinkcode.wordswithfriendssolver,Subscription,prosub,pa3q,GB,,SW16 1UT,GBP,-0.26,8.658700,DKK,-2.26,prosub,,4994183596643847628,Yes,15,SUBSCRIPTIONS,,In-app
GPA.3360-7736-5717-89176..9,"Mar 11, 2026",12:23:50 PM PDT,,Charge,,Pro Subscription (WF Solver),com.deepinkcode.wordfeudsolver,Subscription,prosub,,NL,,2718 JT,EUR,1.98,7.471900,DKK,14.79,prosubmonth,,4994183596643847628,Yes,,,,
GPA.3360-7736-5717-89176..9,"Mar 11, 2026",12:23:50 PM PDT,,Google fee,,Pro Subscription (WF Solver),com.deepinkcode.wordfeudsolver,Subscription,prosub,,NL,,2718 JT,EUR,-0.30,7.471900,DKK,-2.24,prosubmonth,,4994183596643847628,Yes,15,SUBSCRIPTIONS,,
GPA.3333-9210-2099-85039..11,"Mar 11, 2026",12:26:48 PM PDT,,Charge,,Pro Subscription (WF Solver),com.deepinkcode.wordfeudsolver,Subscription,prosub,,NL,,6176 AJ,EUR,1.98,7.471900,DKK,14.79,prosubmonth,,4994183596643847628,Yes,,,,
GPA.3333-9210-2099-85039..11,"Mar 11, 2026",12:26:48 PM PDT,,Google fee,,Pro Subscription (WF Solver),com.deepinkcode.wordfeudsolver,Subscription,prosub,,NL,,6176 AJ,EUR,-0.30,7.471900,DKK,-2.24,prosubmonth,,4994183596643847628,Yes,15,SUBSCRIPTIONS,,
GPA.3361-1053-7762-07512..11,"Mar 11, 2026",1:15:28 PM PDT,,Charge,,Pro Subscription (WF Solver),com.deepinkcode.wordfeudsolver,Subscription,prosub,,NL,,7961NR,EUR,1.98,7.471900,DKK,14.79,prosubmonth,,4994183596643847628,Yes,,,,
GPA.3361-1053-7762-07512..11,"Mar 11, 2026",1:15:28 PM PDT,,Google fee,,Pro Subscription (WF Solver),com.deepinkcode.wordfeudsolver,Subscription,prosub,,NL,,7961NR,EUR,-0.30,7.471900,DKK,-2.24,prosubmonth,,4994183596643847628,Yes,15,SUBSCRIPTIONS,,
GPA.3374-8931-0472-28525..2,"Mar 11, 2026",1:16:00 PM PDT,,Charge,,Pro Subscription (WF Solver),com.deepinkcode.wordfeudsolver,Subscription,prosub,,NL,,9408JJ,EUR,1.98,7.471900,DKK,14.79,prosubmonth,,4994183596643847628,Yes,,,,
GPA.3374-8931-0472-28525..2,"Mar 11, 2026",1:16:00 PM PDT,,Google fee,,Pro Subscription (WF Solver),com.deepinkcode.wordfeudsolver,Subscription,prosub,,NL,,9408JJ,EUR,-0.30,7.471900,DKK,-2.24,prosubmonth,,4994183596643847628,Yes,15,SUBSCRIPTIONS,,
GPA.3391-3271-0593-97952,"Mar 11, 2026",1:24:30 PM PDT,,Charge,,Pro Subscription (WF Solver),com.deepinkcode.wordfeudsolver,Subscription,prosub,OP5D55L1,NL,,3331 EE,EUR,1.98,7.471900,DKK,14.79,prosubmonth,,4994183596643847628,Yes,,,,In-app
GPA.3391-3271-0593-97952,"Mar 11, 2026",1:24:30 PM PDT,,Google fee,,Pro Subscription (WF Solver),com.deepinkcode.wordfeudsolver,Subscription,prosub,OP5D55L1,NL,,3331 EE,EUR,-0.30,7.471900,DKK,-2.24,prosubmonth,,4994183596643847628,Yes,15,SUBSCRIPTIONS,,In-app
GPA.3364-5348-0414-07789..0,"Mar 11, 2026",1:44:20 PM PDT,,Charge,,Pro Subscription (Words With Friends Solver),com.deepinkcode.wordswithfriendssolver,Subscription,prosub,,US,TX,75088,USD,2.49,6.457200,DKK,16.08,prosub,,4994183596643847628,Yes,,,,
GPA.3364-5348-0414-07789..0,"Mar 11, 2026",1:44:20 PM PDT,,Google fee,,Pro Subscription (Words With Friends Solver),com.deepinkcode.wordswithfriendssolver,Subscription,prosub,,US,TX,75088,USD,-0.37,6.457200,DKK,-2.39,prosub,,4994183596643847628,Yes,15,SUBSCRIPTIONS,,
GPA.3300-9471-8356-99741..13,"Mar 11, 2026",1:52:55 PM PDT,,Charge,,Pro Subscription (WF Solver),com.deepinkcode.wordfeudsolver,Subscription,prosub,,SE,,16478,SEK,23.20,0.699860,DKK,16.24,prosubmonth,,4994183596643847628,Yes,,,,
GPA.3300-9471-8356-99741..13,"Mar 11, 2026",1:52:55 PM PDT,,Google fee,,Pro Subscription (WF Solver),com.deepinkcode.wordfeudsolver,Subscription,prosub,,SE,,16478,SEK,-3.48,0.699860,DKK,-2.44,prosubmonth,,4994183596643847628,Yes,15,SUBSCRIPTIONS,,
GPA.3361-2063-6285-41943..1,"Mar 11, 2026",2:05:05 PM PDT,,Charge,,Pro Subscription (WF Solver),com.deepinkcode.wordfeudsolver,Subscription,prosub,,NL,,3059 RA,EUR,1.98,7.471700,DKK,14.79,prosubmonth,,4994183596643847628,Yes,,,,
GPA.3361-2063-6285-41943..1,"Mar 11, 2026",2:05:05 PM PDT,,Google fee,,Pro Subscription (WF Solver),com.deepinkcode.wordfeudsolver,Subscription,prosub,,NL,,3059 RA,EUR,-0.30,7.471700,DKK,-2.24,prosubmonth,,4994183596643847628,Yes,15,SUBSCRIPTIONS,,
GPA.3373-9747-1708-91818..7,"Mar 11, 2026",3:03:05 PM PDT,,Charge,,Pro Subscription (WF Solver),com.deepinkcode.wordfeudsolver,Subscription,prosub,,DK,,4720,DKK,15.20,1.000000,DKK,15.20,prosubmonth,,4994183596643847628,Yes,,,,
GPA.3373-9747-1708-91818..7,"Mar 11, 2026",3:03:05 PM PDT,,Google fee,,Pro Subscription (WF Solver),com.deepinkcode.wordfeudsolver,Subscription,prosub,,DK,,4720,DKK,-2.28,1.000000,DKK,-2.28,prosubmonth,,4994183596643847628,Yes,15,SUBSCRIPTIONS,,
GPA.3375-9174-0246-94647,"Mar 11, 2026",3:15:41 PM PDT,,Charge,,Pro Subscription (WF Solver),com.deepinkcode.wordfeudsolver,Subscription,prosub,o1s,SE,,78476,SEK,22.40,0.699830,DKK,15.68,prosubmonth,,4994183596643847628,Yes,,,,In-app
GPA.3375-9174-0246-94647,"Mar 11, 2026",3:15:41 PM PDT,,Google fee,,Pro Subscription (WF Solver),com.deepinkcode.wordfeudsolver,Subscription,prosub,o1s,SE,,78476,SEK,-3.36,0.699830,DKK,-2.36,prosubmonth,,4994183596643847628,Yes,15,SUBSCRIPTIONS,,In-app
GPA.3303-4640-4499-01362..13,"Mar 11, 2026",6:43:08 PM PDT,,Charge,,Pro Subscription (WF Solver),com.deepinkcode.wordfeudsolver,Subscription,prosub,,FR,,75016,EUR,1.99,7.472200,DKK,14.87,prosubmonth,,4994183596643847628,Yes,,,,
GPA.3303-4640-4499-01362..13,"Mar 11, 2026",6:43:08 PM PDT,,Google fee,,Pro Subscription (WF Solver),com.deepinkcode.wordfeudsolver,Subscription,prosub,,FR,,75016,EUR,-0.30,7.472200,DKK,-2.24,prosubmonth,,4994183596643847628,Yes,15,SUBSCRIPTIONS,,
GPA.3300-7632-7959-35033..5,"Mar 11, 2026",10:49:20 PM PDT,,Charge,,Pro Subscription (WF Solver),com.deepinkcode.wordfeudsolver,Subscription,prosub,,NL,,4614JG,EUR,1.98,7.471800,DKK,14.79,prosubmonth,,4994183596643847628,Yes,,,,
GPA.3300-7632-7959-35033..5,"Mar 11, 2026",10:49:20 PM PDT,,Google fee,,Pro Subscription (WF Solver),com.deepinkcode.wordfeudsolver,Subscription,prosub,,NL,,4614JG,EUR,-0.30,7.471800,DKK,-2.24,prosubmonth,,4994183596643847628,Yes,15,SUBSCRIPTIONS,,
GPA.3377-9224-9406-65418..5,"Mar 11, 2026",11:18:52 PM PDT,,Charge,,Pro Subscription (WF Solver),com.deepinkcode.wordfeudsolver,Subscription,prosub,,DK,,2650,DKK,15.20,1.000000,DKK,15.20,prosubmonth,,4994183596643847628,Yes,,,,
GPA.3377-9224-9406-65418..5,"Mar 11, 2026",11:18:52 PM PDT,,Google fee,,Pro Subscription (WF Solver),com.deepinkcode.wordfeudsolver,Subscription,prosub,,DK,,2650,DKK,-2.28,1.000000,DKK,-2.28,prosubmonth,,4994183596643847628,Yes,15,SUBSCRIPTIONS,,
GPA.3317-3258-7824-41376..8,"Mar 12, 2026",1:02:14 AM PDT,,Charge,,Pro Subscription (WF Solver),com.deepinkcode.wordfeudsolver,Subscription,prosub,,SE,,44341,SEK,23.20,0.698620,DKK,16.21,prosubmonth,,4994183596643847628,Yes,,,,
GPA.3317-3258-7824-41376..8,"Mar 12, 2026",1:02:14 AM PDT,,Google fee,,Pro Subscription (WF Solver),com.deepinkcode.wordfeudsolver,Subscription,prosub,,SE,,44341,SEK,-3.48,0.698620,DKK,-2.43,prosubmonth,,4994183596643847628,Yes,15,SUBSCRIPTIONS,,
GPA.3316-4181-1825-60705..9,"Mar 12, 2026",1:49:42 AM PDT,,Charge,,Pro Subscription (WF Solver),com.deepinkcode.wordfeudsolver,Subscription,prosub,,NL,,8051NN,EUR,1.98,7.471900,DKK,14.79,prosubmonth,,4994183596643847628,Yes,,,,
GPA.3316-4181-1825-60705..9,"Mar 12, 2026",1:49:42 AM PDT,,Google fee,,Pro Subscription (WF Solver),com.deepinkcode.wordfeudsolver,Subscription,prosub,,NL,,8051NN,EUR,-0.30,7.471900,DKK,-2.24,prosubmonth,,4994183596643847628,Yes,15,SUBSCRIPTIONS,,
GPA.3353-3400-5209-87407..10,"Mar 12, 2026",2:43:25 AM PDT,,Charge,,Pro Subscription (WF Solver),com.deepinkcode.wordfeudsolver,Subscription,prosub,,NL,,2265 AH,EUR,1.98,7.472100,DKK,14.79,prosubmonth,,4994183596643847628,Yes,,,,
GPA.3353-3400-5209-87407..10,"Mar 12, 2026",2:43:25 AM PDT,,Google fee,,Pro Subscription (WF Solver),com.deepinkcode.wordfeudsolver,Subscription,prosub,,NL,,2265 AH,EUR,-0.30,7.472100,DKK,-2.24,prosubmonth,,4994183596643847628,Yes,15,SUBSCRIPTIONS,,
GPA.3311-7304-0833-60604..3,"Mar 12, 2026",2:50:51 AM PDT,,Charge,,Pro Subscription (WF Solver),com.deepinkcode.wordfeudsolver,Subscription,prosub,,NO,,4049,NOK,24.00,0.669410,DKK,16.07,prosubmonth,,4994183596643847628,Yes,,,,
GPA.3311-7304-0833-60604..3,"Mar 12, 2026",2:50:51 AM PDT,,Google fee,,Pro Subscription (WF Solver),com.deepinkcode.wordfeudsolver,Subscription,prosub,,NO,,4049,NOK,-3.60,0.669410,DKK,-2.41,prosubmonth,,4994183596643847628,Yes,15,SUBSCRIPTIONS,,
GPA.3361-6994-2485-66360..13,"Mar 12, 2026",3:18:12 AM PDT,,Charge,,Pro Subscription (WF Solver),com.deepinkcode.wordfeudsolver,Subscription,prosub,,NL,,6367 BZ,EUR,1.98,7.471900,DKK,14.79,prosubmonth,,4994183596643847628,Yes,,,,
GPA.3361-6994-2485-66360..13,"Mar 12, 2026",3:18:12 AM PDT,,Google fee,,Pro Subscription (WF Solver),com.deepinkcode.wordfeudsolver,Subscription,prosub,,NL,,6367 BZ,EUR,-0.30,7.471900,DKK,-2.24,prosubmonth,,4994183596643847628,Yes,15,SUBSCRIPTIONS,,
GPA.3359-2310-8799-37172..0,"Mar 12, 2026",3:39:13 AM PDT,,Charge,,Pro Subscription (WF Solver),com.deepinkcode.wordfeudsolver,Subscription,prosub,,NL,,6361 BN,EUR,1.98,7.471900,DKK,14.79,prosubmonth,,4994183596643847628,Yes,,,,
GPA.3359-2310-8799-37172..0,"Mar 12, 2026",3:39:13 AM PDT,,Google fee,,Pro Subscription (WF Solver),com.deepinkcode.wordfeudsolver,Subscription,prosub,,NL,,6361 BN,EUR,-0.30,7.471900,DKK,-2.24,prosubmonth,,4994183596643847628,Yes,15,SUBSCRIPTIONS,,
GPA.3320-3239-2597-43083..0,"Mar 12, 2026",3:58:44 AM PDT,,Charge,,Pro Subscription (WF Solver),com.deepinkcode.wordfeudsolver,Subscription,prosub,,US,LA,70802,USD,2.49,6.471800,DKK,16.11,prosubmonth,,4994183596643847628,Yes,,,,
GPA.3320-3239-2597-43083..0,"Mar 12, 2026",3:58:44 AM PDT,,Google fee,,Pro Subscription (WF Solver),com.deepinkcode.wordfeudsolver,Subscription,prosub,,US,LA,70802,USD,-0.37,6.471800,DKK,-2.39,prosubmonth,,4994183596643847628,Yes,15,SUBSCRIPTIONS,,
GPA.3314-2636-0993-64009..12,"Mar 12, 2026",4:04:40 AM PDT,,Charge,,Pro Subscription (WF Solver),com.deepinkcode.wordfeudsolver,Subscription,prosub,,SE,,50261,SEK,23.20,0.698540,DKK,16.21,prosubmonth,,4994183596643847628,Yes,,,,
GPA.3314-2636-0993-64009..12,"Mar 12, 2026",4:04:40 AM PDT,,Google fee,,Pro Subscription (WF Solver),com.deepinkcode.wordfeudsolver,Subscription,prosub,,SE,,50261,SEK,-3.48,0.698540,DKK,-2.43,prosubmonth,,4994183596643847628,Yes,15,SUBSCRIPTIONS,,
GPA.3335-8642-7026-05598..8,"Mar 12, 2026",5:09:42 AM PDT,,Charge,,Pro Subscription (Words With Friends Solver),com.deepinkcode.wordswithfriendssolver,Subscription,prosub,,US,IL,60626,USD,1.99,6.464900,DKK,12.87,prosub,,4994183596643847628,Yes,,,,
GPA.3335-8642-7026-05598..8,"Mar 12, 2026",5:09:42 AM PDT,,Google fee,,Pro Subscription (Words With Friends Solver),com.deepinkcode.wordswithfriendssolver,Subscription,prosub,,US,IL,60626,USD,-0.30,6.464900,DKK,-1.94,prosub,,4994183596643847628,Yes,15,SUBSCRIPTIONS,,
GPA.3380-5199-6480-41179..1,"Mar 12, 2026",5:13:43 AM PDT,,Charge,,Pro Subscription (WF Solver),com.deepinkcode.wordfeudsolver,Subscription,prosub,,DK,,1420,DKK,15.20,1.000000,DKK,15.20,prosubmonth,,4994183596643847628,Yes,,,,
GPA.3380-5199-6480-41179..1,"Mar 12, 2026",5:13:43 AM PDT,,Google fee,,Pro Subscription (WF Solver),com.deepinkcode.wordfeudsolver,Subscription,prosub,,DK,,1420,DKK,-2.28,1.000000,DKK,-2.28,prosubmonth,,4994183596643847628,Yes,15,SUBSCRIPTIONS,,
GPA.3354-9731-4286-64615..0,"Mar 12, 2026",5:14:58 AM PDT,,Charge,,Pro Subscription (WF Solver),com.deepinkcode.wordfeudsolver,Subscription,prosub,,SE,,93146,SEK,22.40,0.697930,DKK,15.63,prosubmonth,,4994183596643847628,Yes,,,,
GPA.3354-9731-4286-64615..0,"Mar 12, 2026",5:14:58 AM PDT,,Google fee,,Pro Subscription (WF Solver),com.deepinkcode.wordfeudsolver,Subscription,prosub,,SE,,93146,SEK,-3.36,0.697930,DKK,-2.34,prosubmonth,,4994183596643847628,Yes,15,SUBSCRIPTIONS,,
GPA.3319-8140-8017-04095..0,"Mar 12, 2026",5:27:46 AM PDT,,Charge,,Pro Subscription (WF Solver),com.deepinkcode.wordfeudsolver,Subscription,prosub,,NL,,1721JD,EUR,1.98,7.472100,DKK,14.79,prosubmonth,,4994183596643847628,Yes,,,,
GPA.3319-8140-8017-04095..0,"Mar 12, 2026",5:27:46 AM PDT,,Google fee,,Pro Subscription (WF Solver),com.deepinkcode.wordfeudsolver,Subscription,prosub,,NL,,1721JD,EUR,-0.30,7.472100,DKK,-2.24,prosubmonth,,4994183596643847628,Yes,15,SUBSCRIPTIONS,,
GPA.3351-6044-9569-60137,"Mar 12, 2026",5:55:47 AM PDT,,Charge,,Pro (WF Solver),com.deepinkcode.wordfeudsolver,One-time product,pro,a71,SE,,132 36,SEK,271.20,0.697930,DKK,189.28,legacy-base,,4994183596643847628,Yes,,,,In-app
GPA.3351-6044-9569-60137,"Mar 12, 2026",5:55:47 AM PDT,,Google fee,,Pro (WF Solver),com.deepinkcode.wordfeudsolver,One-time product,pro,a71,SE,,132 36,SEK,-40.68,0.697930,DKK,-28.39,legacy-base,,4994183596643847628,Yes,15,,,In-app
GPA.3331-3573-6018-70736..16,"Mar 12, 2026",5:59:23 AM PDT,,Charge,,Pro Subscription (WF Solver),com.deepinkcode.wordfeudsolver,Subscription,prosub,,SE,,96195,SEK,23.20,0.697930,DKK,16.19,prosubmonth,,4994183596643847628,Yes,,,,
GPA.3331-3573-6018-70736..16,"Mar 12, 2026",5:59:23 AM PDT,,Google fee,,Pro Subscription (WF Solver),com.deepinkcode.wordfeudsolver,Subscription,prosub,,SE,,96195,SEK,-3.48,0.697930,DKK,-2.43,prosubmonth,,4994183596643847628,Yes,15,SUBSCRIPTIONS,,
GPA.3392-6312-0938-16023..8,"Mar 12, 2026",6:01:55 AM PDT,,Charge,,Pro Subscription (WF Solver),com.deepinkcode.wordfeudsolver,Subscription,prosub,,NL,,1325 NB,EUR,1.98,7.471900,DKK,14.79,prosubmonth,,4994183596643847628,Yes,,,,
GPA.3392-6312-0938-16023..8,"Mar 12, 2026",6:01:55 AM PDT,,Google fee,,Pro Subscription (WF Solver),com.deepinkcode.wordfeudsolver,Subscription,prosub,,NL,,1325 NB,EUR,-0.30,7.471900,DKK,-2.24,prosubmonth,,4994183596643847628,Yes,15,SUBSCRIPTIONS,,
GPA.3367-1749-1791-19086..6,"Mar 12, 2026",6:39:50 AM PDT,,Charge,,Pro Subscription (Words With Friends Solver),com.deepinkcode.wordswithfriendssolver,Subscription,prosub,,GB,,SK1 3LP,GBP,1.74,8.662500,DKK,15.07,prosub,,4994183596643847628,Yes,,,,
GPA.3367-1749-1791-19086..6,"Mar 12, 2026",6:39:50 AM PDT,,Google fee,,Pro Subscription (Words With Friends Solver),com.deepinkcode.wordswithfriendssolver,Subscription,prosub,,GB,,SK1 3LP,GBP,-0.26,8.662500,DKK,-2.25,prosub,,4994183596643847628,Yes,15,SUBSCRIPTIONS,,
GPA.3396-8409-1133-42433..16,"Mar 12, 2026",7:16:38 AM PDT,,Charge,,Pro Subscription (WF Solver),com.deepinkcode.wordfeudsolver,Subscription,prosub,,NO,,0588,NOK,23.20,0.669580,DKK,15.53,prosubmonth,,4994183596643847628,Yes,,,,
GPA.3396-8409-1133-42433..16,"Mar 12, 2026",7:16:38 AM PDT,,Google fee,,Pro Subscription (WF Solver),com.deepinkcode.wordfeudsolver,Subscription,prosub,,NO,,0588,NOK,-3.48,0.669580,DKK,-2.33,prosubmonth,,4994183596643847628,Yes,15,SUBSCRIPTIONS,,
GPA.3354-0804-2713-40378,"Mar 12, 2026",7:44:51 AM PDT,,Charge,,Pro Subscription (WF Solver),com.deepinkcode.wordfeudsolver,Subscription,prosub,caiman,SE,,53235,SEK,22.40,0.697760,DKK,15.63,prosubmonth,,4994183596643847628,Yes,,,,In-app
GPA.3354-0804-2713-40378,"Mar 12, 2026",7:44:51 AM PDT,,Google fee,,Pro Subscription (WF Solver),com.deepinkcode.wordfeudsolver,Subscription,prosub,caiman,SE,,53235,SEK,-3.36,0.697760,DKK,-2.34,prosubmonth,,4994183596643847628,Yes,15,SUBSCRIPTIONS,,In-app
GPA.3399-2409-0391-60431..12,"Mar 12, 2026",7:52:00 AM PDT,,Charge,,Pro Subscription (WF Solver),com.deepinkcode.wordfeudsolver,Subscription,prosub,,SE,,553 31,SEK,23.20,0.697760,DKK,16.19,prosubmonth,,4994183596643847628,Yes,,,,
GPA.3399-2409-0391-60431..12,"Mar 12, 2026",7:52:00 AM PDT,,Google fee,,Pro Subscription (WF Solver),com.deepinkcode.wordfeudsolver,Subscription,prosub,,SE,,553 31,SEK,-3.48,0.697760,DKK,-2.43,prosubmonth,,4994183596643847628,Yes,15,SUBSCRIPTIONS,,
GPA.3328-2586-1922-88578,"Mar 12, 2026",8:17:49 AM PDT,,Charge,,Pro (WF Solver),com.deepinkcode.wordfeudsolver,One-time product,pro,e1s,NO,,6450,NOK,287.20,0.669840,DKK,192.38,legacy-base,,4994183596643847628,Yes,,,,In-app
GPA.3328-2586-1922-88578,"Mar 12, 2026",8:17:49 AM PDT,,Google fee,,Pro (WF Solver),com.deepinkcode.wordfeudsolver,One-time product,pro,e1s,NO,,6450,NOK,-43.08,0.669840,DKK,-28.86,legacy-base,,4994183596643847628,Yes,15,,,In-app
GPA.3357-3962-5118-58362,"Mar 12, 2026",8:19:39 AM PDT,,Charge,,Pro Subscription (WF Solver),com.deepinkcode.wordfeudsolver,Subscription,prosub,pa3q,NL,,5403XB,EUR,1.98,7.472200,DKK,14.79,prosubmonth,,4994183596643847628,Yes,,,,In-app
GPA.3357-3962-5118-58362,"Mar 12, 2026",8:19:39 AM PDT,,Google fee,,Pro Subscription (WF Solver),com.deepinkcode.wordfeudsolver,Subscription,prosub,pa3q,NL,,5403XB,EUR,-0.30,7.472200,DKK,-2.24,prosubmonth,,4994183596643847628,Yes,15,SUBSCRIPTIONS,,In-app
GPA.3350-0729-9794-78256..3,"Mar 12, 2026",8:28:54 AM PDT,,Charge,,Pro Subscription (WF Solver),com.deepinkcode.wordfeudsolver,Subscription,prosub,,NL,,9679 TR,EUR,1.98,7.472200,DKK,14.79,prosubmonth,,4994183596643847628,Yes,,,,
GPA.3350-0729-9794-78256..3,"Mar 12, 2026",8:28:54 AM PDT,,Google fee,,Pro Subscription (WF Solver),com.deepinkcode.wordfeudsolver,Subscription,prosub,,NL,,9679 TR,EUR,-0.30,7.472200,DKK,-2.24,prosubmonth,,4994183596643847628,Yes,15,SUBSCRIPTIONS,,
GPA.3385-4660-4901-96399..2,"Mar 12, 2026",8:33:51 AM PDT,,Charge,,Pro Subscription (WF Solver),com.deepinkcode.wordfeudsolver,Subscription,prosub,,NL,,7559LM,EUR,1.98,7.472200,DKK,14.79,prosubmonth,,4994183596643847628,Yes,,,,
GPA.3385-4660-4901-96399..2,"Mar 12, 2026",8:33:51 AM PDT,,Google fee,,Pro Subscription (WF Solver),com.deepinkcode.wordfeudsolver,Subscription,prosub,,NL,,7559LM,EUR,-0.30,7.472200,DKK,-2.24,prosubmonth,,4994183596643847628,Yes,15,SUBSCRIPTIONS,,
GPA.3361-7829-0517-00540..1,"Mar 12, 2026",10:25:46 AM PDT,,Charge,,Pro Subscription (WF Solver),com.deepinkcode.wordfeudsolver,Subscription,prosub,,DE,,26826,EUR,2.01,7.472200,DKK,15.02,prosubmonth,,4994183596643847628,Yes,,,,
GPA.3361-7829-0517-00540..1,"Mar 12, 2026",10:25:46 AM PDT,,Google fee,,Pro Subscription (WF Solver),com.deepinkcode.wordfeudsolver,Subscription,prosub,,DE,,26826,EUR,-0.30,7.472200,DKK,-2.24,prosubmonth,,4994183596643847628,Yes,15,SUBSCRIPTIONS,,
GPA.3378-9136-4256-15733..3,"Mar 12, 2026",10:51:54 AM PDT,,Charge,,Pro Subscription (WF Solver),com.deepinkcode.wordfeudsolver,Subscription,prosub,,SE,,18740,SEK,22.40,0.695150,DKK,15.57,prosubmonth,,4994183596643847628,Yes,,,,
GPA.3378-9136-4256-15733..3,"Mar 12, 2026",10:51:54 AM PDT,,Google fee,,Pro Subscription (WF Solver),com.deepinkcode.wordfeudsolver,Subscription,prosub,,SE,,18740,SEK,-3.36,0.695150,DKK,-2.33,prosubmonth,,4994183596643847628,Yes,15,SUBSCRIPTIONS,,
GPA.3336-7432-5032-35776..16,"Mar 12, 2026",11:20:00 AM PDT,,Charge,,Pro Subscription (WF Solver),com.deepinkcode.wordfeudsolver,Subscription,prosub,,NL,,2211 DL,EUR,1.98,7.471900,DKK,14.79,prosubmonth,,4994183596643847628,Yes,,,,
GPA.3336-7432-5032-35776..16,"Mar 12, 2026",11:20:00 AM PDT,,Google fee,,Pro Subscription (WF Solver),com.deepinkcode.wordfeudsolver,Subscription,prosub,,NL,,2211 DL,EUR,-0.30,7.471900,DKK,-2.24,prosubmonth,,4994183596643847628,Yes,15,SUBSCRIPTIONS,,
GPA.3352-3893-1129-66894..3,"Mar 12, 2026",11:44:41 AM PDT,,Charge,,Pro Subscription (Scrabble GO Cheat),com.deepinkcode.scrabblegocheat,Subscription,prosub,,US,MA,01040,USD,2.49,6.483400,DKK,16.14,prosubmonth,,4994183596643847628,Yes,,,,
GPA.3352-3893-1129-66894..3,"Mar 12, 2026",11:44:41 AM PDT,,Google fee,,Pro Subscription (Scrabble GO Cheat),com.deepinkcode.scrabblegocheat,Subscription,prosub,,US,MA,01040,USD,-0.37,6.483400,DKK,-2.40,prosubmonth,,4994183596643847628,Yes,15,SUBSCRIPTIONS,,
GPA.3314-9409-9930-29388..1,"Mar 12, 2026",12:28:15 PM PDT,,Charge,,Pro Subscription (WF Solver),com.deepinkcode.wordfeudsolver,Subscription,prosub,,DK,,4100,DKK,15.20,1.000000,DKK,15.20,prosubmonth,,4994183596643847628,Yes,,,,
GPA.3314-9409-9930-29388..1,"Mar 12, 2026",12:28:15 PM PDT,,Google fee,,Pro Subscription (WF Solver),com.deepinkcode.wordfeudsolver,Subscription,prosub,,DK,,4100,DKK,-2.28,1.000000,DKK,-2.28,prosubmonth,,4994183596643847628,Yes,15,SUBSCRIPTIONS,,
GPA.3373-7173-8494-92559..0,"Mar 12, 2026",12:30:35 PM PDT,,Charge,,Pro Subscription (WF Solver),com.deepinkcode.wordfeudsolver,Subscription,prosub,,NO,,7560,NOK,24.00,0.668250,DKK,16.04,prosubmonth,,4994183596643847628,Yes,,,,
GPA.3373-7173-8494-92559..0,"Mar 12, 2026",12:30:35 PM PDT,,Google fee,,Pro Subscription (WF Solver),com.deepinkcode.wordfeudsolver,Subscription,prosub,,NO,,7560,NOK,-3.60,0.668250,DKK,-2.41,prosubmonth,,4994183596643847628,Yes,15,SUBSCRIPTIONS,,
GPA.3335-2819-5120-69564..0,"Mar 12, 2026",12:39:24 PM PDT,,Charge,,Pro Subscription (WF Solver),com.deepinkcode.wordfeudsolver,Subscription,prosub,,NL,,7741WE,EUR,1.98,7.472200,DKK,14.79,prosubmonth,,4994183596643847628,Yes,,,,
GPA.3335-2819-5120-69564..0,"Mar 12, 2026",12:39:24 PM PDT,,Google fee,,Pro Subscription (WF Solver),com.deepinkcode.wordfeudsolver,Subscription,prosub,,NL,,7741WE,EUR,-0.30,7.472200,DKK,-2.24,prosubmonth,,4994183596643847628,Yes,15,SUBSCRIPTIONS,,
GPA.3316-9043-1016-76896..13,"Mar 12, 2026",12:55:53 PM PDT,,Charge,,Pro Subscription (WF Solver),com.deepinkcode.wordfeudsolver,Subscription,prosub,,GB,,SP8 4ST,GBP,1.66,8.661300,DKK,14.38,prosubmonth,,4994183596643847628,Yes,,,,
GPA.3316-9043-1016-76896..13,"Mar 12, 2026",12:55:53 PM PDT,,Google fee,,Pro Subscription (WF Solver),com.deepinkcode.wordfeudsolver,Subscription,prosub,,GB,,SP8 4ST,GBP,-0.25,8.661300,DKK,-2.17,prosubmonth,,4994183596643847628,Yes,15,SUBSCRIPTIONS,,
GPA.3343-5351-9645-26341,"Mar 12, 2026",1:18:49 PM PDT,,Charge,,Pro (Scrabble GO Cheat),com.deepinkcode.scrabblegocheat,One-time product,pro,b0q,US,TX,75165,USD,28.01,6.490400,DKK,181.79,legacy-base,,4994183596643847628,Yes,,,,In-app
GPA.3343-5351-9645-26341,"Mar 12, 2026",1:18:49 PM PDT,,Google fee,,Pro (Scrabble GO Cheat),com.deepinkcode.scrabblegocheat,One-time product,pro,b0q,US,TX,75165,USD,-4.20,6.490400,DKK,-27.26,legacy-base,,4994183596643847628,Yes,15,,,In-app
GPA.3313-5814-0404-74192..9,"Mar 12, 2026",2:26:09 PM PDT,,Charge,,Pro Subscription (WF Solver),com.deepinkcode.wordfeudsolver,Subscription,prosub,,NL,,6017 BL,EUR,1.98,7.472600,DKK,14.80,prosubmonth,,4994183596643847628,Yes,,,,
GPA.3313-5814-0404-74192..9,"Mar 12, 2026",2:26:09 PM PDT,,Google fee,,Pro Subscription (WF Solver),com.deepinkcode.wordfeudsolver,Subscription,prosub,,NL,,6017 BL,EUR,-0.30,7.472600,DKK,-2.25,prosubmonth,,4994183596643847628,Yes,15,SUBSCRIPTIONS,,
GPA.3340-6752-1657-56980..0,"Mar 12, 2026",3:15:57 PM PDT,,Charge,,Pro Subscription (Words With Friends Solver),com.deepinkcode.wordswithfriendssolver,Subscription,prosub,,US,OR,97304,USD,2.49,6.490200,DKK,16.16,prosub,,4994183596643847628,Yes,,,,
GPA.3340-6752-1657-56980..0,"Mar 12, 2026",3:15:57 PM PDT,,Google fee,,Pro Subscription (Words With Friends Solver),com.deepinkcode.wordswithfriendssolver,Subscription,prosub,,US,OR,97304,USD,-0.37,6.490200,DKK,-2.40,prosub,,4994183596643847628,Yes,15,SUBSCRIPTIONS,,
GPA.3315-8760-6116-17634,"Mar 12, 2026",3:16:38 PM PDT,,Charge,,Pro Subscription (Scrabble GO Cheat),com.deepinkcode.scrabblegocheat,Subscription,prosub,pa3q,US,WA,98661,USD,2.49,6.490200,DKK,16.16,prosubmonth,,4994183596643847628,Yes,,,,In-app
GPA.3315-8760-6116-17634,"Mar 12, 2026",3:16:38 PM PDT,,Google fee,,Pro Subscription (Scrabble GO Cheat),com.deepinkcode.scrabblegocheat,Subscription,prosub,pa3q,US,WA,98661,USD,-0.37,6.490200,DKK,-2.40,prosubmonth,,4994183596643847628,Yes,15,SUBSCRIPTIONS,,In-app
GPA.3304-1430-3257-46367..13,"Mar 12, 2026",3:57:32 PM PDT,,Charge,,Pro Subscription (WF Solver),com.deepinkcode.wordfeudsolver,Subscription,prosub,,NO,,6050,NOK,24.00,0.668690,DKK,16.05,prosubmonth,,4994183596643847628,Yes,,,,
GPA.3304-1430-3257-46367..13,"Mar 12, 2026",3:57:32 PM PDT,,Google fee,,Pro Subscription (WF Solver),com.deepinkcode.wordfeudsolver,Subscription,prosub,,NO,,6050,NOK,-3.60,0.668690,DKK,-2.41,prosubmonth,,4994183596643847628,Yes,15,SUBSCRIPTIONS,,
GPA.3301-9176-9348-85351..11,"Mar 12, 2026",4:02:28 PM PDT,,Charge,,Pro Subscription (WF Solver),com.deepinkcode.wordfeudsolver,Subscription,prosub,,NO,,4275,NOK,24.00,0.668680,DKK,16.05,prosubmonth,,4994183596643847628,Yes,,,,
GPA.3301-9176-9348-85351..11,"Mar 12, 2026",4:02:28 PM PDT,,Google fee,,Pro Subscription (WF Solver),com.deepinkcode.wordfeudsolver,Subscription,prosub,,NO,,4275,NOK,-3.60,0.668680,DKK,-2.41,prosubmonth,,4994183596643847628,Yes,15,SUBSCRIPTIONS,,
GPA.3331-2719-7277-51745..3,"Mar 12, 2026",7:24:59 PM PDT,,Charge,,Pro Subscription (Words With Friends Solver),com.deepinkcode.wordswithfriendssolver,Subscription,prosub,,US,CT,06901,USD,2.49,6.483000,DKK,16.14,prosub,,4994183596643847628,Yes,,,,
GPA.3331-2719-7277-51745..3,"Mar 12, 2026",7:24:59 PM PDT,,Google fee,,Pro Subscription (Words With Friends Solver),com.deepinkcode.wordswithfriendssolver,Subscription,prosub,,US,CT,06901,USD,-0.37,6.483000,DKK,-2.40,prosub,,4994183596643847628,Yes,15,SUBSCRIPTIONS,,
GPA.3366-7216-9937-97626..12,"Mar 12, 2026",9:12:27 PM PDT,,Charge,,Pro Subscription (WF Solver),com.deepinkcode.wordfeudsolver,Subscription,prosub,,SE,,21211,SEK,23.20,0.693960,DKK,16.10,prosubmonth,,4994183596643847628,Yes,,,,
GPA.3366-7216-9937-97626..12,"Mar 12, 2026",9:12:27 PM PDT,,Google fee,,Pro Subscription (WF Solver),com.deepinkcode.wordfeudsolver,Subscription,prosub,,SE,,21211,SEK,-3.48,0.693960,DKK,-2.42,prosubmonth,,4994183596643847628,Yes,15,SUBSCRIPTIONS,,
GPA.3373-8884-2127-40485..4,"Mar 12, 2026",11:12:16 PM PDT,,Charge,,Pro Subscription (WF Solver),com.deepinkcode.wordfeudsolver,Subscription,prosub,,NO,,7290,NOK,24.00,0.667930,DKK,16.03,prosubmonth,,4994183596643847628,Yes,,,,
GPA.3373-8884-2127-40485..4,"Mar 12, 2026",11:12:16 PM PDT,,Google fee,,Pro Subscription (WF Solver),com.deepinkcode.wordfeudsolver,Subscription,prosub,,NO,,7290,NOK,-3.60,0.667930,DKK,-2.40,prosubmonth,,4994183596643847628,Yes,15,SUBSCRIPTIONS,,
GPA.3325-5534-8945-56960..15,"Mar 12, 2026",11:44:13 PM PDT,,Charge,,Pro Subscription (WF Solver),com.deepinkcode.wordfeudsolver,Subscription,prosub,,NL,,6077AC,EUR,1.98,7.472300,DKK,14.80,prosubmonth,,4994183596643847628,Yes,,,,
GPA.3325-5534-8945-56960..15,"Mar 12, 2026",11:44:13 PM PDT,,Google fee,,Pro Subscription (WF Solver),com.deepinkcode.wordfeudsolver,Subscription,prosub,,NL,,6077AC,EUR,-0.30,7.472300,DKK,-2.25,prosubmonth,,4994183596643847628,Yes,15,SUBSCRIPTIONS,,
GPA.3300-9889-2208-05259..8,"Mar 13, 2026",12:04:04 AM PDT,,Charge,,Pro Subscription (WF Solver),com.deepinkcode.wordfeudsolver,Subscription,prosub,,NL,,7417 CL,EUR,1.98,7.472500,DKK,14.80,prosubmonth,,4994183596643847628,Yes,,,,
GPA.3300-9889-2208-05259..8,"Mar 13, 2026",12:04:04 AM PDT,,Google fee,,Pro Subscription (WF Solver),com.deepinkcode.wordfeudsolver,Subscription,prosub,,NL,,7417 CL,EUR,-0.30,7.472500,DKK,-2.25,prosubmonth,,4994183596643847628,Yes,15,SUBSCRIPTIONS,,
GPA.3307-2047-8739-54555..2,"Mar 13, 2026",1:11:20 AM PDT,,Charge,,Pro Subscription (Words With Friends Solver),com.deepinkcode.wordswithfriendssolver,Subscription,prosub,,US,UT,84720,USD,2.49,6.509400,DKK,16.21,prosub,,4994183596643847628,Yes,,,,
GPA.3307-2047-8739-54555..2,"Mar 13, 2026",1:11:20 AM PDT,,Google fee,,Pro Subscription (Words With Friends Solver),com.deepinkcode.wordswithfriendssolver,Subscription,prosub,,US,UT,84720,USD,-0.37,6.509400,DKK,-2.41,prosub,,4994183596643847628,Yes,15,SUBSCRIPTIONS,,
GPA.3339-4955-5472-44874..9,"Mar 13, 2026",1:14:25 AM PDT,,Charge,,Pro Subscription (WF Solver),com.deepinkcode.wordfeudsolver,Subscription,prosub,,SE,,41876,SEK,23.20,0.693050,DKK,16.08,prosubmonth,,4994183596643847628,Yes,,,,
GPA.3339-4955-5472-44874..9,"Mar 13, 2026",1:14:25 AM PDT,,Google fee,,Pro Subscription (WF Solver),com.deepinkcode.wordfeudsolver,Subscription,prosub,,SE,,41876,SEK,-3.48,0.693050,DKK,-2.41,prosubmonth,,4994183596643847628,Yes,15,SUBSCRIPTIONS,,
GPA.3310-6022-7656-79135..11,"Mar 13, 2026",4:46:17 AM PDT,,Charge,,Pro Subscription (Words With Friends Solver),com.deepinkcode.wordswithfriendssolver,Subscription,prosub,,US,TN,37221,USD,1.99,6.521800,DKK,12.98,prosub,,4994183596643847628,Yes,,,,
GPA.3310-6022-7656-79135..11,"Mar 13, 2026",4:46:17 AM PDT,,Google fee,,Pro Subscription (Words With Friends Solver),com.deepinkcode.wordswithfriendssolver,Subscription,prosub,,US,TN,37221,USD,-0.30,6.521800,DKK,-1.96,prosub,,4994183596643847628,Yes,15,SUBSCRIPTIONS,,
GPA.3358-7174-8020-85669..13,"Mar 13, 2026",5:33:36 AM PDT,,Charge,,Pro Subscription (WF Solver),com.deepinkcode.wordfeudsolver,Subscription,prosub,,DK,,2770,DKK,15.20,1.000000,DKK,15.20,prosubmonth,,4994183596643847628,Yes,,,,
GPA.3358-7174-8020-85669..13,"Mar 13, 2026",5:33:36 AM PDT,,Google fee,,Pro Subscription (WF Solver),com.deepinkcode.wordfeudsolver,Subscription,prosub,,DK,,2770,DKK,-2.28,1.000000,DKK,-2.28,prosubmonth,,4994183596643847628,Yes,15,SUBSCRIPTIONS,,
GPA.3328-5663-2739-99851..4,"Mar 13, 2026",6:55:26 AM PDT,,Charge,,Pro Subscription (Scrabble GO Cheat),com.deepinkcode.scrabblegocheat,Subscription,prosub,,US,GA,31907,USD,2.49,6.516500,DKK,16.23,prosubmonth,,4994183596643847628,Yes,,,,
GPA.3328-5663-2739-99851..4,"Mar 13, 2026",6:55:26 AM PDT,,Google fee,,Pro Subscription (Scrabble GO Cheat),com.deepinkcode.scrabblegocheat,Subscription,prosub,,US,GA,31907,USD,-0.37,6.516500,DKK,-2.41,prosubmonth,,4994183596643847628,Yes,15,SUBSCRIPTIONS,,
GPA.3301-2342-3612-49651,"Mar 13, 2026",8:10:37 AM PDT,,Charge,,Pro Subscription (WF Solver),com.deepinkcode.wordfeudsolver,Subscription,prosub,pa3q,NL,,4664BG,EUR,1.98,7.472700,DKK,14.80,prosubmonth,,4994183596643847628,Yes,,,,In-app
GPA.3301-2342-3612-49651,"Mar 13, 2026",8:10:37 AM PDT,,Google fee,,Pro Subscription (WF Solver),com.deepinkcode.wordfeudsolver,Subscription,prosub,pa3q,NL,,4664BG,EUR,-0.30,7.472700,DKK,-2.25,prosubmonth,,4994183596643847628,Yes,15,SUBSCRIPTIONS,,In-app
GPA.3342-4605-9824-87218..3,"Mar 13, 2026",8:36:09 AM PDT,,Charge,,Pro Subscription (Words With Friends Solver),com.deepinkcode.wordswithfriendssolver,Subscription,prosub,,US,NV,89044,USD,2.49,6.512000,DKK,16.22,prosub,,4994183596643847628,Yes,,,,
GPA.3342-4605-9824-87218..3,"Mar 13, 2026",8:36:09 AM PDT,,Google fee,,Pro Subscription (Words With Friends Solver),com.deepinkcode.wordswithfriendssolver,Subscription,prosub,,US,NV,89044,USD,-0.37,6.512000,DKK,-2.41,prosub,,4994183596643847628,Yes,15,SUBSCRIPTIONS,,
GPA.3321-1164-7809-71125..8,"Mar 13, 2026",8:39:05 AM PDT,,Charge,,Pro Subscription (WF Solver),com.deepinkcode.wordfeudsolver,Subscription,prosub,,SE,,13237,SEK,23.20,0.695710,DKK,16.14,prosubmonth,,4994183596643847628,Yes,,,,
GPA.3321-1164-7809-71125..8,"Mar 13, 2026",8:39:05 AM PDT,,Google fee,,Pro Subscription (WF Solver),com.deepinkcode.wordfeudsolver,Subscription,prosub,,SE,,13237,SEK,-3.48,0.695710,DKK,-2.42,prosubmonth,,4994183596643847628,Yes,15,SUBSCRIPTIONS,,
GPA.3355-7483-6778-20984,"Mar 13, 2026",10:20:01 AM PDT,,Charge,,Pro Subscription (WF Solver),com.deepinkcode.wordfeudsolver,Subscription,prosub,OP611FL1,BE,,2880,EUR,1.98,7.472100,DKK,14.79,prosubmonth,,4994183596643847628,Yes,,,,In-app
GPA.3355-7483-6778-20984,"Mar 13, 2026",10:20:01 AM PDT,,Google fee,,Pro Subscription (WF Solver),com.deepinkcode.wordfeudsolver,Subscription,prosub,OP611FL1,BE,,2880,EUR,-0.30,7.472100,DKK,-2.24,prosubmonth,,4994183596643847628,Yes,15,SUBSCRIPTIONS,,In-app
GPA.3393-1806-3520-78434..0,"Mar 13, 2026",10:43:35 AM PDT,,Charge,,Pro Subscription (WF Solver),com.deepinkcode.wordfeudsolver,Subscription,prosub,,NL,,3137 CV,EUR,1.98,7.472100,DKK,14.79,prosubmonth,,4994183596643847628,Yes,,,,
GPA.3393-1806-3520-78434..0,"Mar 13, 2026",10:43:35 AM PDT,,Google fee,,Pro Subscription (WF Solver),com.deepinkcode.wordfeudsolver,Subscription,prosub,,NL,,3137 CV,EUR,-0.30,7.472100,DKK,-2.24,prosubmonth,,4994183596643847628,Yes,15,SUBSCRIPTIONS,,
GPA.3359-2749-7194-71677..1,"Mar 13, 2026",11:45:29 AM PDT,,Charge,,Pro Subscription (WF Solver),com.deepinkcode.wordfeudsolver,Subscription,prosub,,DK,,2300,DKK,15.20,1.000000,DKK,15.20,prosubmonth,,4994183596643847628,Yes,,,,
GPA.3359-2749-7194-71677..1,"Mar 13, 2026",11:45:29 AM PDT,,Google fee,,Pro Subscription (WF Solver),com.deepinkcode.wordfeudsolver,Subscription,prosub,,DK,,2300,DKK,-2.28,1.000000,DKK,-2.28,prosubmonth,,4994183596643847628,Yes,15,SUBSCRIPTIONS,,
GPA.3355-1554-2217-35422..1,"Mar 13, 2026",12:30:16 PM PDT,,Charge,,Pro Subscription (Words With Friends Solver),com.deepinkcode.wordswithfriendssolver,Subscription,prosub,,AU,NSW,2204,AUD,3.63,4.573500,DKK,16.60,prosub,,4994183596643847628,Yes,,,,
GPA.3355-1554-2217-35422..1,"Mar 13, 2026",12:30:16 PM PDT,,Google fee,,Pro Subscription (Words With Friends Solver),com.deepinkcode.wordswithfriendssolver,Subscription,prosub,,AU,NSW,2204,AUD,-0.54,4.573500,DKK,-2.47,prosub,,4994183596643847628,Yes,15,SUBSCRIPTIONS,,
GPA.3374-6353-0141-81282..1,"Mar 13, 2026",12:46:52 PM PDT,,Charge,,Pro Subscription (Words With Friends Solver),com.deepinkcode.wordswithfriendssolver,Subscription,prosub,,GB,,M19 2GJ,GBP,1.74,8.650800,DKK,15.05,prosub,,4994183596643847628,Yes,,,,
GPA.3374-6353-0141-81282..1,"Mar 13, 2026",12:46:52 PM PDT,,Google fee,,Pro Subscription (Words With Friends Solver),com.deepinkcode.wordswithfriendssolver,Subscription,prosub,,GB,,M19 2GJ,GBP,-0.26,8.650800,DKK,-2.25,prosub,,4994183596643847628,Yes,15,SUBSCRIPTIONS,,
GPA.3339-2045-9598-60612..10,"Mar 13, 2026",1:45:35 PM PDT,,Charge,,Pro Subscription (WF Solver),com.deepinkcode.wordfeudsolver,Subscription,prosub,,SE,,132 43,SEK,23.20,0.691240,DKK,16.04,prosubmonth,,4994183596643847628,Yes,,,,
GPA.3339-2045-9598-60612..10,"Mar 13, 2026",1:45:35 PM PDT,,Google fee,,Pro Subscription (WF Solver),com.deepinkcode.wordfeudsolver,Subscription,prosub,,SE,,132 43,SEK,-3.48,0.691240,DKK,-2.41,prosubmonth,,4994183596643847628,Yes,15,SUBSCRIPTIONS,,
GPA.3391-8018-9422-19554..8,"Mar 13, 2026",2:21:36 PM PDT,,Charge,,Pro Subscription (Words With Friends Solver),com.deepinkcode.wordswithfriendssolver,Subscription,prosub,,GB,,E13 0LF,GBP,1.66,8.654300,DKK,14.37,prosub,,4994183596643847628,Yes,,,,
GPA.3391-8018-9422-19554..8,"Mar 13, 2026",2:21:36 PM PDT,,Google fee,,Pro Subscription (Words With Friends Solver),com.deepinkcode.wordswithfriendssolver,Subscription,prosub,,GB,,E13 0LF,GBP,-0.25,8.654300,DKK,-2.17,prosub,,4994183596643847628,Yes,15,SUBSCRIPTIONS,,
GPA.3389-0416-3160-13333..0,"Mar 13, 2026",5:00:34 PM PDT,,Charge,,Pro Subscription (WF Solver),com.deepinkcode.wordfeudsolver,Subscription,prosub,,SE,,83296,SEK,22.40,0.690370,DKK,15.46,prosubmonth,,4994183596643847628,Yes,,,,
GPA.3389-0416-3160-13333..0,"Mar 13, 2026",5:00:34 PM PDT,,Google fee,,Pro Subscription (WF Solver),com.deepinkcode.wordfeudsolver,Subscription,prosub,,SE,,83296,SEK,-3.36,0.690370,DKK,-2.32,prosubmonth,,4994183596643847628,Yes,15,SUBSCRIPTIONS,,
GPA.3336-3499-4678-08236..9,"Mar 13, 2026",5:47:14 PM PDT,,Charge,,Pro Subscription (Words With Friends Solver),com.deepinkcode.wordswithfriendssolver,Subscription,prosub,,US,MA,01420,USD,1.99,6.544800,DKK,13.02,prosub,,4994183596643847628,Yes,,,,
GPA.3336-3499-4678-08236..9,"Mar 13, 2026",5:47:14 PM PDT,,Google fee,,Pro Subscription (Words With Friends Solver),com.deepinkcode.wordswithfriendssolver,Subscription,prosub,,US,MA,01420,USD,-0.30,6.544800,DKK,-1.96,prosub,,4994183596643847628,Yes,15,SUBSCRIPTIONS,,
GPA.3331-0787-7025-36223..2,"Mar 13, 2026",6:12:44 PM PDT,,Charge,,Pro Subscription (WF Solver),com.deepinkcode.wordfeudsolver,Subscription,prosub,,SE,,35231,SEK,22.40,0.690370,DKK,15.46,prosubmonth,,4994183596643847628,Yes,,,,
GPA.3331-0787-7025-36223..2,"Mar 13, 2026",6:12:44 PM PDT,,Google fee,,Pro Subscription (WF Solver),com.deepinkcode.wordfeudsolver,Subscription,prosub,,SE,,35231,SEK,-3.36,0.690370,DKK,-2.32,prosubmonth,,4994183596643847628,Yes,15,SUBSCRIPTIONS,,
GPA.3386-6488-2017-10834..0,"Mar 13, 2026",7:33:01 PM PDT,,Charge,,Pro Subscription (Words With Friends Solver),com.deepinkcode.wordswithfriendssolver,Subscription,prosub,,US,MD,21215,USD,2.49,6.544800,DKK,16.30,prosub,,4994183596643847628,Yes,,,,
GPA.3386-6488-2017-10834..0,"Mar 13, 2026",7:33:01 PM PDT,,Google fee,,Pro Subscription (Words With Friends Solver),com.deepinkcode.wordswithfriendssolver,Subscription,prosub,,US,MD,21215,USD,-0.37,6.544800,DKK,-2.42,prosub,,4994183596643847628,Yes,15,SUBSCRIPTIONS,,
GPA.3377-7170-1102-89175..0,"Mar 13, 2026",11:32:04 PM PDT,,Charge,,Pro Subscription (WF Solver),com.deepinkcode.wordfeudsolver,Subscription,prosub,,SE,,98136,SEK,22.40,0.690370,DKK,15.46,prosubmonth,,4994183596643847628,Yes,,,,
GPA.3377-7170-1102-89175..0,"Mar 13, 2026",11:32:04 PM PDT,,Google fee,,Pro Subscription (WF Solver),com.deepinkcode.wordfeudsolver,Subscription,prosub,,SE,,98136,SEK,-3.36,0.690370,DKK,-2.32,prosubmonth,,4994183596643847628,Yes,15,SUBSCRIPTIONS,,
GPA.3344-7633-2792-49885..11,"Mar 13, 2026",11:35:58 PM PDT,,Charge,,Pro Subscription (WF Solver),com.deepinkcode.wordfeudsolver,Subscription,prosub,,NL,,8501 JW,EUR,1.98,7.472100,DKK,14.79,prosubmonth,,4994183596643847628,Yes,,,,
GPA.3344-7633-2792-49885..11,"Mar 13, 2026",11:35:58 PM PDT,,Google fee,,Pro Subscription (WF Solver),com.deepinkcode.wordfeudsolver,Subscription,prosub,,NL,,8501 JW,EUR,-0.30,7.472100,DKK,-2.24,prosubmonth,,4994183596643847628,Yes,15,SUBSCRIPTIONS,,
GPA.3302-6695-6053-31840..7,"Mar 14, 2026",12:35:13 AM PDT,,Charge,,Pro Subscription (WF Solver),com.deepinkcode.wordfeudsolver,Subscription,prosub,,SE,,43853,SEK,23.20,0.690370,DKK,16.02,prosubmonth,,4994183596643847628,Yes,,,,
GPA.3302-6695-6053-31840..7,"Mar 14, 2026",12:35:13 AM PDT,,Google fee,,Pro Subscription (WF Solver),com.deepinkcode.wordfeudsolver,Subscription,prosub,,SE,,43853,SEK,-3.48,0.690370,DKK,-2.41,prosubmonth,,4994183596643847628,Yes,15,SUBSCRIPTIONS,,
GPA.3312-0638-8629-50604..13,"Mar 14, 2026",12:52:57 AM PDT,,Charge,,Pro Subscription (WF Solver),com.deepinkcode.wordfeudsolver,Subscription,prosub,,NO,,4325,NOK,24.00,0.670150,DKK,16.08,prosubmonth,,4994183596643847628,Yes,,,,
GPA.3312-0638-8629-50604..13,"Mar 14, 2026",12:52:57 AM PDT,,Google fee,,Pro Subscription (WF Solver),com.deepinkcode.wordfeudsolver,Subscription,prosub,,NO,,4325,NOK,-3.60,0.670150,DKK,-2.41,prosubmonth,,4994183596643847628,Yes,15,SUBSCRIPTIONS,,
GPA.3321-2369-5049-06232..5,"Mar 14, 2026",12:56:26 AM PDT,,Charge,,Pro Subscription (WF Solver),com.deepinkcode.wordfeudsolver,Subscription,prosub,,SE,,30561,SEK,22.40,0.690370,DKK,15.46,prosubmonth,,4994183596643847628,Yes,,,,
GPA.3321-2369-5049-06232..5,"Mar 14, 2026",12:56:26 AM PDT,,Google fee,,Pro Subscription (WF Solver),com.deepinkcode.wordfeudsolver,Subscription,prosub,,SE,,30561,SEK,-3.36,0.690370,DKK,-2.32,prosubmonth,,4994183596643847628,Yes,15,SUBSCRIPTIONS,,
GPA.3327-5497-7916-05213..13,"Mar 14, 2026",2:37:50 AM PDT,,Charge,,Pro Subscription (WF Solver),com.deepinkcode.wordfeudsolver,Subscription,prosub,,NL,,6951lz,EUR,1.98,7.472100,DKK,14.79,prosubmonth,,4994183596643847628,Yes,,,,
GPA.3327-5497-7916-05213..13,"Mar 14, 2026",2:37:50 AM PDT,,Google fee,,Pro Subscription (WF Solver),com.deepinkcode.wordfeudsolver,Subscription,prosub,,NL,,6951lz,EUR,-0.30,7.472100,DKK,-2.24,prosubmonth,,4994183596643847628,Yes,15,SUBSCRIPTIONS,,
GPA.3300-9881-0260-65957..8,"Mar 14, 2026",3:02:40 AM PDT,,Charge,,Pro Subscription (WF Solver),com.deepinkcode.wordfeudsolver,Subscription,prosub,,NL,,4328 CM,EUR,1.98,7.472100,DKK,14.79,prosubmonth,,4994183596643847628,Yes,,,,
GPA.3300-9881-0260-65957..8,"Mar 14, 2026",3:02:40 AM PDT,,Google fee,,Pro Subscription (WF Solver),com.deepinkcode.wordfeudsolver,Subscription,prosub,,NL,,4328 CM,EUR,-0.30,7.472100,DKK,-2.24,prosubmonth,,4994183596643847628,Yes,15,SUBSCRIPTIONS,,
GPA.3304-8514-7629-06329..10,"Mar 14, 2026",4:06:32 AM PDT,,Charge,,Pro Subscription (WF Solver),com.deepinkcode.wordfeudsolver,Subscription,prosub,,NL,,6844DV,EUR,1.98,7.472100,DKK,14.79,prosubmonth,,4994183596643847628,Yes,,,,
GPA.3304-8514-7629-06329..10,"Mar 14, 2026",4:06:32 AM PDT,,Google fee,,Pro Subscription (WF Solver),com.deepinkcode.wordfeudsolver,Subscription,prosub,,NL,,6844DV,EUR,-0.30,7.472100,DKK,-2.24,prosubmonth,,4994183596643847628,Yes,15,SUBSCRIPTIONS,,
GPA.3325-7185-7364-37069..6,"Mar 14, 2026",5:39:40 AM PDT,,Charge,,Pro Subscription (WF Solver),com.deepinkcode.wordfeudsolver,Subscription,prosub,,DK,,4000,DKK,15.20,1.000000,DKK,15.20,prosubmonth,,4994183596643847628,Yes,,,,
GPA.3325-7185-7364-37069..6,"Mar 14, 2026",5:39:40 AM PDT,,Google fee,,Pro Subscription (WF Solver),com.deepinkcode.wordfeudsolver,Subscription,prosub,,DK,,4000,DKK,-2.28,1.000000,DKK,-2.28,prosubmonth,,4994183596643847628,Yes,15,SUBSCRIPTIONS,,
GPA.3328-6101-2562-92815,"Mar 14, 2026",5:57:40 AM PDT,,Charge refund,Full,Pro Subscription (WF Solver),com.deepinkcode.wordfeudsolver,Subscription,prosub,a16,NL,,7642 XW,EUR,-1.98,7.471900,DKK,-14.79,prosubmonth,,4994183596643847628,Yes,,,,Play store
GPA.3328-6101-2562-92815,"Mar 14, 2026",5:57:40 AM PDT,,Google fee refund,Full,Pro Subscription (WF Solver),com.deepinkcode.wordfeudsolver,Subscription,prosub,a16,NL,,7642 XW,EUR,0.30,7.471900,DKK,2.24,prosubmonth,,4994183596643847628,Yes,15,SUBSCRIPTIONS,,Play store
GPA.3382-4193-7017-41879..1,"Mar 14, 2026",6:03:34 AM PDT,,Charge,,Pro Subscription (WF Solver),com.deepinkcode.wordfeudsolver,Subscription,prosub,,SE,,43231,SEK,22.40,0.690370,DKK,15.46,prosubmonth,,4994183596643847628,Yes,,,,
GPA.3382-4193-7017-41879..1,"Mar 14, 2026",6:03:34 AM PDT,,Google fee,,Pro Subscription (WF Solver),com.deepinkcode.wordfeudsolver,Subscription,prosub,,SE,,43231,SEK,-3.36,0.690370,DKK,-2.32,prosubmonth,,4994183596643847628,Yes,15,SUBSCRIPTIONS,,
GPA.3316-3795-7351-46568..0,"Mar 14, 2026",7:37:34 AM PDT,,Charge,,Pro Subscription (WF Solver),com.deepinkcode.wordfeudsolver,Subscription,prosub,,NL,,1056EV,EUR,1.98,7.472100,DKK,14.79,prosubmonth,,4994183596643847628,Yes,,,,
GPA.3316-3795-7351-46568..0,"Mar 14, 2026",7:37:34 AM PDT,,Google fee,,Pro Subscription (WF Solver),com.deepinkcode.wordfeudsolver,Subscription,prosub,,NL,,1056EV,EUR,-0.30,7.472100,DKK,-2.24,prosubmonth,,4994183596643847628,Yes,15,SUBSCRIPTIONS,,
GPA.3380-8281-6561-80033..1,"Mar 14, 2026",8:19:53 AM PDT,,Charge,,Pro Subscription (WF Solver),com.deepinkcode.wordfeudsolver,Subscription,prosub,,NL,,1742BA,EUR,1.98,7.472100,DKK,14.79,prosubmonth,,4994183596643847628,Yes,,,,
GPA.3380-8281-6561-80033..1,"Mar 14, 2026",8:19:53 AM PDT,,Google fee,,Pro Subscription (WF Solver),com.deepinkcode.wordfeudsolver,Subscription,prosub,,NL,,1742BA,EUR,-0.30,7.472100,DKK,-2.24,prosubmonth,,4994183596643847628,Yes,15,SUBSCRIPTIONS,,
GPA.3367-2735-1310-93195,"Mar 14, 2026",8:26:28 AM PDT,,Charge,,Pro Subscription (WF Solver),com.deepinkcode.wordfeudsolver,Subscription,prosub,blazer,SE,,96133,SEK,22.40,0.690370,DKK,15.46,prosubmonth,,4994183596643847628,Yes,,,,In-app
GPA.3367-2735-1310-93195,"Mar 14, 2026",8:26:28 AM PDT,,Google fee,,Pro Subscription (WF Solver),com.deepinkcode.wordfeudsolver,Subscription,prosub,blazer,SE,,96133,SEK,-3.36,0.690370,DKK,-2.32,prosubmonth,,4994183596643847628,Yes,15,SUBSCRIPTIONS,,In-app
GPA.3372-8213-9307-81108..0,"Mar 14, 2026",8:29:44 AM PDT,,Charge,,Pro Subscription (WF Solver),com.deepinkcode.wordfeudsolver,Subscription,prosub,,NL,,8347JS,EUR,1.98,7.472100,DKK,14.79,prosubmonth,,4994183596643847628,Yes,,,,
GPA.3372-8213-9307-81108..0,"Mar 14, 2026",8:29:44 AM PDT,,Google fee,,Pro Subscription (WF Solver),com.deepinkcode.wordfeudsolver,Subscription,prosub,,NL,,8347JS,EUR,-0.30,7.472100,DKK,-2.24,prosubmonth,,4994183596643847628,Yes,15,SUBSCRIPTIONS,,
GPA.3367-3837-9032-33622..0,"Mar 14, 2026",9:09:16 AM PDT,,Charge,,Pro Subscription (Words With Friends Solver),com.deepinkcode.wordswithfriendssolver,Subscription,prosub,,US,IL,60435,USD,2.49,6.544800,DKK,16.30,prosub,,4994183596643847628,Yes,,,,
GPA.3367-3837-9032-33622..0,"Mar 14, 2026",9:09:16 AM PDT,,Google fee,,Pro Subscription (Words With Friends Solver),com.deepinkcode.wordswithfriendssolver,Subscription,prosub,,US,IL,60435,USD,-0.37,6.544800,DKK,-2.42,prosub,,4994183596643847628,Yes,15,SUBSCRIPTIONS,,
GPA.3359-6275-9934-77504,"Mar 14, 2026",9:35:31 AM PDT,,Charge,,Pro Subscription (WF Solver),com.deepinkcode.wordfeudsolver,Subscription,prosub,dm3q,NL,,2282BJ,EUR,1.98,7.472100,DKK,14.79,prosubmonth,,4994183596643847628,Yes,,,,In-app
GPA.3359-6275-9934-77504,"Mar 14, 2026",9:35:31 AM PDT,,Google fee,,Pro Subscription (WF Solver),com.deepinkcode.wordfeudsolver,Subscription,prosub,dm3q,NL,,2282BJ,EUR,-0.30,7.472100,DKK,-2.24,prosubmonth,,4994183596643847628,Yes,15,SUBSCRIPTIONS,,In-app
GPA.3371-5079-4520-22643,"Mar 14, 2026",10:02:30 AM PDT,,Charge,,Pro Subscription (WF Solver),com.deepinkcode.wordfeudsolver,Subscription,prosub,a56x,NL,,1234AB,EUR,1.98,7.472100,DKK,14.79,prosubmonth,,4994183596643847628,Yes,,,,In-app
GPA.3371-5079-4520-22643,"Mar 14, 2026",10:02:30 AM PDT,,Google fee,,Pro Subscription (WF Solver),com.deepinkcode.wordfeudsolver,Subscription,prosub,a56x,NL,,1234AB,EUR,-0.30,7.472100,DKK,-2.24,prosubmonth,,4994183596643847628,Yes,15,SUBSCRIPTIONS,,In-app
GPA.3308-5348-2884-01292..10,"Mar 14, 2026",10:24:57 AM PDT,,Charge,,Pro Subscription (WF Solver),com.deepinkcode.wordfeudsolver,Subscription,prosub,,NL,,2981 GB,EUR,1.98,7.472100,DKK,14.79,prosubmonth,,4994183596643847628,Yes,,,,
GPA.3308-5348-2884-01292..10,"Mar 14, 2026",10:24:57 AM PDT,,Google fee,,Pro Subscription (WF Solver),com.deepinkcode.wordfeudsolver,Subscription,prosub,,NL,,2981 GB,EUR,-0.30,7.472100,DKK,-2.24,prosubmonth,,4994183596643847628,Yes,15,SUBSCRIPTIONS,,
GPA.3392-3276-0867-81212..2,"Mar 14, 2026",10:26:49 AM PDT,,Charge,,Pro Subscription (WF Solver),com.deepinkcode.wordfeudsolver,Subscription,prosub,,NL,,6991BS,EUR,1.98,7.472100,DKK,14.79,prosubmonth,,4994183596643847628,Yes,,,,
GPA.3392-3276-0867-81212..2,"Mar 14, 2026",10:26:49 AM PDT,,Google fee,,Pro Subscription (WF Solver),com.deepinkcode.wordfeudsolver,Subscription,prosub,,NL,,6991BS,EUR,-0.30,7.472100,DKK,-2.24,prosubmonth,,4994183596643847628,Yes,15,SUBSCRIPTIONS,,
GPA.3357-0573-1209-64837..9,"Mar 14, 2026",10:34:27 AM PDT,,Charge,,Pro Subscription (WF Solver),com.deepinkcode.wordfeudsolver,Subscription,prosub,,NL,,9649 JV,EUR,1.98,7.472100,DKK,14.79,prosubmonth,,4994183596643847628,Yes,,,,
GPA.3357-0573-1209-64837..9,"Mar 14, 2026",10:34:27 AM PDT,,Google fee,,Pro Subscription (WF Solver),com.deepinkcode.wordfeudsolver,Subscription,prosub,,NL,,9649 JV,EUR,-0.30,7.472100,DKK,-2.24,prosubmonth,,4994183596643847628,Yes,15,SUBSCRIPTIONS,,
GPA.3328-1480-8364-43512,"Mar 14, 2026",11:04:53 AM PDT,,Charge,,Pro Subscription (Scrabble GO Cheat),com.deepinkcode.scrabblegocheat,Subscription,prosub,HNBKQ,FR,,06510,EUR,1.99,7.472100,DKK,14.87,prosubmonth,,4994183596643847628,Yes,,,,In-app
GPA.3328-1480-8364-43512,"Mar 14, 2026",11:04:53 AM PDT,,Google fee,,Pro Subscription (Scrabble GO Cheat),com.deepinkcode.scrabblegocheat,Subscription,prosub,HNBKQ,FR,,06510,EUR,-0.30,7.472100,DKK,-2.24,prosubmonth,,4994183596643847628,Yes,15,SUBSCRIPTIONS,,In-app
GPA.3301-2323-0138-01350,"Mar 14, 2026",11:24:07 AM PDT,,Charge,,Pro Subscription (Scrabble GO Cheat),com.deepinkcode.scrabblegocheat,Subscription,prosub,aito,US,VA,24078,USD,2.49,6.544800,DKK,16.30,prosubmonth,,4994183596643847628,Yes,,,,In-app
GPA.3301-2323-0138-01350,"Mar 14, 2026",11:24:07 AM PDT,,Google fee,,Pro Subscription (Scrabble GO Cheat),com.deepinkcode.scrabblegocheat,Subscription,prosub,aito,US,VA,24078,USD,-0.37,6.544800,DKK,-2.42,prosubmonth,,4994183596643847628,Yes,15,SUBSCRIPTIONS,,In-app
GPA.3392-0901-9880-12022..8,"Mar 14, 2026",11:48:41 AM PDT,,Charge,,Pro Subscription (WF Solver),com.deepinkcode.wordfeudsolver,Subscription,prosub,,NO,,7300,NOK,24.00,0.670150,DKK,16.08,prosubmonth,,4994183596643847628,Yes,,,,
GPA.3392-0901-9880-12022..8,"Mar 14, 2026",11:48:41 AM PDT,,Google fee,,Pro Subscription (WF Solver),com.deepinkcode.wordfeudsolver,Subscription,prosub,,NO,,7300,NOK,-3.60,0.670150,DKK,-2.41,prosubmonth,,4994183596643847628,Yes,15,SUBSCRIPTIONS,,
GPA.3323-9532-5277-63910..0,"Mar 14, 2026",12:01:48 PM PDT,,Charge,,Pro Subscription (WF Solver),com.deepinkcode.wordfeudsolver,Subscription,prosub,,NL,,9291MS,EUR,1.98,7.472100,DKK,14.79,prosubmonth,,4994183596643847628,Yes,,,,
GPA.3323-9532-5277-63910..0,"Mar 14, 2026",12:01:48 PM PDT,,Google fee,,Pro Subscription (WF Solver),com.deepinkcode.wordfeudsolver,Subscription,prosub,,NL,,9291MS,EUR,-0.30,7.472100,DKK,-2.24,prosubmonth,,4994183596643847628,Yes,15,SUBSCRIPTIONS,,
GPA.3307-0996-0174-19487..0,"Mar 14, 2026",12:53:26 PM PDT,,Charge,,Pro Subscription (WF Solver),com.deepinkcode.wordfeudsolver,Subscription,prosub,,NL,,3738TT,EUR,1.98,7.472100,DKK,14.79,prosubmonth,,4994183596643847628,Yes,,,,
GPA.3307-0996-0174-19487..0,"Mar 14, 2026",12:53:26 PM PDT,,Google fee,,Pro Subscription (WF Solver),com.deepinkcode.wordfeudsolver,Subscription,prosub,,NL,,3738TT,EUR,-0.30,7.472100,DKK,-2.24,prosubmonth,,4994183596643847628,Yes,15,SUBSCRIPTIONS,,
GPA.3341-7640-2979-20478..0,"Mar 14, 2026",1:07:28 PM PDT,,Charge,,Pro Subscription (Words With Friends Solver),com.deepinkcode.wordswithfriendssolver,Subscription,prosub,,US,IN,46901,USD,2.49,6.544800,DKK,16.30,prosub,,4994183596643847628,Yes,,,,
GPA.3341-7640-2979-20478..0,"Mar 14, 2026",1:07:28 PM PDT,,Google fee,,Pro Subscription (Words With Friends Solver),com.deepinkcode.wordswithfriendssolver,Subscription,prosub,,US,IN,46901,USD,-0.37,6.544800,DKK,-2.42,prosub,,4994183596643847628,Yes,15,SUBSCRIPTIONS,,
GPA.3331-9480-9797-37061..13,"Mar 14, 2026",2:12:45 PM PDT,,Charge,,Pro Subscription (WF Solver),com.deepinkcode.wordfeudsolver,Subscription,prosub,,NL,,2172HX,EUR,1.98,7.472100,DKK,14.79,prosubmonth,,4994183596643847628,Yes,,,,
GPA.3331-9480-9797-37061..13,"Mar 14, 2026",2:12:45 PM PDT,,Google fee,,Pro Subscription (WF Solver),com.deepinkcode.wordfeudsolver,Subscription,prosub,,NL,,2172HX,EUR,-0.30,7.472100,DKK,-2.24,prosubmonth,,4994183596643847628,Yes,15,SUBSCRIPTIONS,,
GPA.3389-2418-6074-07729..1,"Mar 14, 2026",2:16:00 PM PDT,,Charge,,Pro Subscription (Words With Friends Solver),com.deepinkcode.wordswithfriendssolver,Subscription,prosub,,US,MA,02119,USD,2.49,6.544800,DKK,16.30,prosub,,4994183596643847628,Yes,,,,
GPA.3389-2418-6074-07729..1,"Mar 14, 2026",2:16:00 PM PDT,,Google fee,,Pro Subscription (Words With Friends Solver),com.deepinkcode.wordswithfriendssolver,Subscription,prosub,,US,MA,02119,USD,-0.37,6.544800,DKK,-2.42,prosub,,4994183596643847628,Yes,15,SUBSCRIPTIONS,,
GPA.3394-1154-6164-37071..1,"Mar 14, 2026",2:24:28 PM PDT,,Charge,,Pro Subscription (WF Solver),com.deepinkcode.wordfeudsolver,Subscription,prosub,,DK,,9400,DKK,15.20,1.000000,DKK,15.20,prosubmonth,,4994183596643847628,Yes,,,,
GPA.3394-1154-6164-37071..1,"Mar 14, 2026",2:24:28 PM PDT,,Google fee,,Pro Subscription (WF Solver),com.deepinkcode.wordfeudsolver,Subscription,prosub,,DK,,9400,DKK,-2.28,1.000000,DKK,-2.28,prosubmonth,,4994183596643847628,Yes,15,SUBSCRIPTIONS,,
GPA.3332-8925-7232-92829,"Mar 14, 2026",3:04:00 PM PDT,,Charge,,Pro Subscription (WF Solver),com.deepinkcode.wordfeudsolver,Subscription,prosub,dm1q,SE,,26492,SEK,22.40,0.690370,DKK,15.46,prosubmonth,,4994183596643847628,Yes,,,,In-app
GPA.3332-8925-7232-92829,"Mar 14, 2026",3:04:00 PM PDT,,Google fee,,Pro Subscription (WF Solver),com.deepinkcode.wordfeudsolver,Subscription,prosub,dm1q,SE,,26492,SEK,-3.36,0.690370,DKK,-2.32,prosubmonth,,4994183596643847628,Yes,15,SUBSCRIPTIONS,,In-app
GPA.3320-4680-3427-33461,"Mar 14, 2026",3:16:50 PM PDT,,Charge,,Pro Subscription (Scrabble GO Cheat),com.deepinkcode.scrabblegocheat,Subscription,prosub,b0s,GB,,HP199DP,GBP,1.74,8.658900,DKK,15.07,prosubmonth,,4994183596643847628,Yes,,,,In-app
GPA.3320-4680-3427-33461,"Mar 14, 2026",3:16:50 PM PDT,,Google fee,,Pro Subscription (Scrabble GO Cheat),com.deepinkcode.scrabblegocheat,Subscription,prosub,b0s,GB,,HP199DP,GBP,-0.26,8.658900,DKK,-2.25,prosubmonth,,4994183596643847628,Yes,15,SUBSCRIPTIONS,,In-app
GPA.3388-2201-3718-46953,"Mar 14, 2026",6:08:49 PM PDT,,Charge,,Pro Subscription (Words With Friends Solver),com.deepinkcode.wordswithfriendssolver,Subscription,prosub,Z168_U_EEA,ES,ALMERÍA,04660,EUR,1.98,7.472100,DKK,14.79,prosub,,4994183596643847628,Yes,,,,In-app
GPA.3388-2201-3718-46953,"Mar 14, 2026",6:08:49 PM PDT,,Google fee,,Pro Subscription (Words With Friends Solver),com.deepinkcode.wordswithfriendssolver,Subscription,prosub,Z168_U_EEA,ES,ALMERÍA,04660,EUR,-0.30,7.472100,DKK,-2.24,prosub,,4994183596643847628,Yes,15,SUBSCRIPTIONS,,In-app
GPA.3385-3720-6211-42262..7,"Mar 14, 2026",6:37:35 PM PDT,,Charge,,Pro Subscription (WF Solver),com.deepinkcode.wordfeudsolver,Subscription,prosub,,SE,,69335,SEK,23.20,0.690370,DKK,16.02,prosubmonth,,4994183596643847628,Yes,,,,
GPA.3385-3720-6211-42262..7,"Mar 14, 2026",6:37:35 PM PDT,,Google fee,,Pro Subscription (WF Solver),com.deepinkcode.wordfeudsolver,Subscription,prosub,,SE,,69335,SEK,-3.48,0.690370,DKK,-2.41,prosubmonth,,4994183596643847628,Yes,15,SUBSCRIPTIONS,,
GPA.3312-5372-8114-42412..4,"Mar 14, 2026",6:37:35 PM PDT,,Charge,,Pro Subscription (Words With Friends Solver),com.deepinkcode.wordswithfriendssolver,Subscription,prosub,,US,PA,17311,USD,2.49,6.544800,DKK,16.30,prosub,,4994183596643847628,Yes,,,,
GPA.3312-5372-8114-42412..4,"Mar 14, 2026",6:37:35 PM PDT,,Google fee,,Pro Subscription (Words With Friends Solver),com.deepinkcode.wordswithfriendssolver,Subscription,prosub,,US,PA,17311,USD,-0.37,6.544800,DKK,-2.42,prosub,,4994183596643847628,Yes,15,SUBSCRIPTIONS,,
GPA.3336-5518-9437-80912..1,"Mar 14, 2026",7:18:21 PM PDT,,Charge,,Pro Subscription (Words With Friends Solver),com.deepinkcode.wordswithfriendssolver,Subscription,prosub,,US,AL,36507,USD,2.49,6.544800,DKK,16.30,prosub,,4994183596643847628,Yes,,,,
GPA.3336-5518-9437-80912..1,"Mar 14, 2026",7:18:21 PM PDT,,Google fee,,Pro Subscription (Words With Friends Solver),com.deepinkcode.wordswithfriendssolver,Subscription,prosub,,US,AL,36507,USD,-0.37,6.544800,DKK,-2.42,prosub,,4994183596643847628,Yes,15,SUBSCRIPTIONS,,
GPA.3336-6282-7230-07326..0,"Mar 14, 2026",7:54:14 PM PDT,,Charge,,Pro Subscription (Words With Friends Solver),com.deepinkcode.wordswithfriendssolver,Subscription,prosub,,AU,,2233,AUD,3.63,4.568800,DKK,16.58,prosub,,4994183596643847628,Yes,,,,
GPA.3336-6282-7230-07326..0,"Mar 14, 2026",7:54:14 PM PDT,,Google fee,,Pro Subscription (Words With Friends Solver),com.deepinkcode.wordswithfriendssolver,Subscription,prosub,,AU,,2233,AUD,-0.54,4.568800,DKK,-2.47,prosub,,4994183596643847628,Yes,15,SUBSCRIPTIONS,,
GPA.3304-7823-1355-80043..13,"Mar 14, 2026",9:26:47 PM PDT,,Charge,,Pro Subscription (WF Solver),com.deepinkcode.wordfeudsolver,Subscription,prosub,,SE,,56591,SEK,23.20,0.690370,DKK,16.02,prosubmonth,,4994183596643847628,Yes,,,,
GPA.3304-7823-1355-80043..13,"Mar 14, 2026",9:26:47 PM PDT,,Google fee,,Pro Subscription (WF Solver),com.deepinkcode.wordfeudsolver,Subscription,prosub,,SE,,56591,SEK,-3.48,0.690370,DKK,-2.41,prosubmonth,,4994183596643847628,Yes,15,SUBSCRIPTIONS,,
GPA.3384-2754-1670-89539..7,"Mar 14, 2026",10:24:13 PM PDT,,Charge,,Pro Subscription (WF Solver),com.deepinkcode.wordfeudsolver,Subscription,prosub,,SE,,94142,SEK,23.20,0.690370,DKK,16.02,prosubmonth,,4994183596643847628,Yes,,,,
GPA.3384-2754-1670-89539..7,"Mar 14, 2026",10:24:13 PM PDT,,Google fee,,Pro Subscription (WF Solver),com.deepinkcode.wordfeudsolver,Subscription,prosub,,SE,,94142,SEK,-3.48,0.690370,DKK,-2.41,prosubmonth,,4994183596643847628,Yes,15,SUBSCRIPTIONS,,
GPA.3366-5877-9545-33415..13,"Mar 14, 2026",11:15:27 PM PDT,,Charge,,Pro Subscription (WF Solver),com.deepinkcode.wordfeudsolver,Subscription,prosub,,SE,,215 27,SEK,23.20,0.690370,DKK,16.02,prosubmonth,,4994183596643847628,Yes,,,,
GPA.3366-5877-9545-33415..13,"Mar 14, 2026",11:15:27 PM PDT,,Google fee,,Pro Subscription (WF Solver),com.deepinkcode.wordfeudsolver,Subscription,prosub,,SE,,215 27,SEK,-3.48,0.690370,DKK,-2.41,prosubmonth,,4994183596643847628,Yes,15,SUBSCRIPTIONS,,
GPA.3350-8601-7567-63600..4,"Mar 14, 2026",11:57:40 PM PDT,,Charge,,Pro Subscription (WF Solver),com.deepinkcode.wordfeudsolver,Subscription,prosub,,SE,,503 30,SEK,22.40,0.690370,DKK,15.46,prosubmonth,,4994183596643847628,Yes,,,,
GPA.3350-8601-7567-63600..4,"Mar 14, 2026",11:57:40 PM PDT,,Google fee,,Pro Subscription (WF Solver),com.deepinkcode.wordfeudsolver,Subscription,prosub,,SE,,503 30,SEK,-3.36,0.690370,DKK,-2.32,prosubmonth,,4994183596643847628,Yes,15,SUBSCRIPTIONS,,
GPA.3368-9625-3056-81072..3,"Mar 15, 2026",1:33:27 AM PDT,,Charge,,Pro Subscription (WF Solver),com.deepinkcode.wordfeudsolver,Subscription,prosub,,DK,,2300,DKK,15.20,1.000000,DKK,15.20,prosubmonth,,4994183596643847628,Yes,,,,
GPA.3368-9625-3056-81072..3,"Mar 15, 2026",1:33:27 AM PDT,,Google fee,,Pro Subscription (WF Solver),com.deepinkcode.wordfeudsolver,Subscription,prosub,,DK,,2300,DKK,-2.28,1.000000,DKK,-2.28,prosubmonth,,4994183596643847628,Yes,15,SUBSCRIPTIONS,,
GPA.3301-6898-0563-45178..0,"Mar 15, 2026",1:33:33 AM PDT,,Charge,,Pro Subscription (WF Solver),com.deepinkcode.wordfeudsolver,Subscription,prosub,,NO,,4375,NOK,24.00,0.670150,DKK,16.08,prosubmonth,,4994183596643847628,Yes,,,,
GPA.3301-6898-0563-45178..0,"Mar 15, 2026",1:33:33 AM PDT,,Google fee,,Pro Subscription (WF Solver),com.deepinkcode.wordfeudsolver,Subscription,prosub,,NO,,4375,NOK,-3.60,0.670150,DKK,-2.41,prosubmonth,,4994183596643847628,Yes,15,SUBSCRIPTIONS,,
GPA.3391-7391-7441-56475..12,"Mar 15, 2026",1:42:38 AM PDT,,Charge,,Pro Subscription (WF Solver),com.deepinkcode.wordfeudsolver,Subscription,prosub,,SE,,22240,SEK,23.20,0.690370,DKK,16.02,prosubmonth,,4994183596643847628,Yes,,,,
GPA.3391-7391-7441-56475..12,"Mar 15, 2026",1:42:38 AM PDT,,Google fee,,Pro Subscription (WF Solver),com.deepinkcode.wordfeudsolver,Subscription,prosub,,SE,,22240,SEK,-3.48,0.690370,DKK,-2.41,prosubmonth,,4994183596643847628,Yes,15,SUBSCRIPTIONS,,
GPA.3326-8759-4174-86960..3,"Mar 15, 2026",1:43:20 AM PDT,,Charge,,Pro Subscription (WF Solver),com.deepinkcode.wordfeudsolver,Subscription,prosub,,SE,,90420,SEK,22.40,0.690370,DKK,15.46,prosubmonth,,4994183596643847628,Yes,,,,
GPA.3326-8759-4174-86960..3,"Mar 15, 2026",1:43:20 AM PDT,,Google fee,,Pro Subscription (WF Solver),com.deepinkcode.wordfeudsolver,Subscription,prosub,,SE,,90420,SEK,-3.36,0.690370,DKK,-2.32,prosubmonth,,4994183596643847628,Yes,15,SUBSCRIPTIONS,,
GPA.3343-7963-1535-90154..1,"Mar 15, 2026",1:48:50 AM PDT,,Charge,,Pro Subscription (Words With Friends Solver),com.deepinkcode.wordswithfriendssolver,Subscription,prosub,,AU,,,AUD,3.63,4.568800,DKK,16.58,prosub,,4994183596643847628,Yes,,,,
GPA.3343-7963-1535-90154..1,"Mar 15, 2026",1:48:50 AM PDT,,Google fee,,Pro Subscription (Words With Friends Solver),com.deepinkcode.wordswithfriendssolver,Subscription,prosub,,AU,,,AUD,-0.54,4.568800,DKK,-2.47,prosub,,4994183596643847628,Yes,15,SUBSCRIPTIONS,,
GPA.3321-1580-5705-17406..3,"Mar 15, 2026",2:15:17 AM PDT,,Charge,,Pro Subscription (Words With Friends Solver),com.deepinkcode.wordswithfriendssolver,Subscription,prosub,,US,TX,78245,USD,2.49,6.544800,DKK,16.30,prosub,,4994183596643847628,Yes,,,,
GPA.3321-1580-5705-17406..3,"Mar 15, 2026",2:15:17 AM PDT,,Google fee,,Pro Subscription (Words With Friends Solver),com.deepinkcode.wordswithfriendssolver,Subscription,prosub,,US,TX,78245,USD,-0.37,6.544800,DKK,-2.42,prosub,,4994183596643847628,Yes,15,SUBSCRIPTIONS,,
GPA.3389-0775-8261-09261..13,"Mar 15, 2026",2:52:36 AM PDT,,Charge,,Pro Subscription (WF Solver),com.deepinkcode.wordfeudsolver,Subscription,prosub,,NL,,1017 VM,EUR,1.98,7.472100,DKK,14.79,prosubmonth,,4994183596643847628,Yes,,,,
GPA.3389-0775-8261-09261..13,"Mar 15, 2026",2:52:36 AM PDT,,Google fee,,Pro Subscription (WF Solver),com.deepinkcode.wordfeudsolver,Subscription,prosub,,NL,,1017 VM,EUR,-0.30,7.472100,DKK,-2.24,prosubmonth,,4994183596643847628,Yes,15,SUBSCRIPTIONS,,
GPA.3376-6522-6974-36986,"Mar 15, 2026",4:20:23 AM PDT,,Charge,,Pro Subscription (WF Solver),com.deepinkcode.wordfeudsolver,Subscription,prosub,m3q,NO,,6480,NOK,24.00,0.670150,DKK,16.08,prosubmonth,,4994183596643847628,Yes,,,,In-app
GPA.3376-6522-6974-36986,"Mar 15, 2026",4:20:23 AM PDT,,Google fee,,Pro Subscription (WF Solver),com.deepinkcode.wordfeudsolver,Subscription,prosub,m3q,NO,,6480,NOK,-3.60,0.670150,DKK,-2.41,prosubmonth,,4994183596643847628,Yes,15,SUBSCRIPTIONS,,In-app
GPA.3378-4043-5332-30633..1,"Mar 15, 2026",4:52:17 AM PDT,,Charge,,Pro Subscription (WF Solver),com.deepinkcode.wordfeudsolver,Subscription,prosub,,DK,,2640,DKK,15.20,1.000000,DKK,15.20,prosubmonth,,4994183596643847628,Yes,,,,
GPA.3378-4043-5332-30633..1,"Mar 15, 2026",4:52:17 AM PDT,,Google fee,,Pro Subscription (WF Solver),com.deepinkcode.wordfeudsolver,Subscription,prosub,,DK,,2640,DKK,-2.28,1.000000,DKK,-2.28,prosubmonth,,4994183596643847628,Yes,15,SUBSCRIPTIONS,,
GPA.3371-0379-0970-58762..3,"Mar 15, 2026",5:36:13 AM PDT,,Charge,,Pro Subscription (WF Solver),com.deepinkcode.wordfeudsolver,Subscription,prosub,,DK,,4200,DKK,15.20,1.000000,DKK,15.20,prosubmonth,,4994183596643847628,Yes,,,,
GPA.3371-0379-0970-58762..3,"Mar 15, 2026",5:36:13 AM PDT,,Google fee,,Pro Subscription (WF Solver),com.deepinkcode.wordfeudsolver,Subscription,prosub,,DK,,4200,DKK,-2.28,1.000000,DKK,-2.28,prosubmonth,,4994183596643847628,Yes,15,SUBSCRIPTIONS,,
GPA.3393-3205-5818-79586..1,"Mar 15, 2026",5:57:09 AM PDT,,Charge,,Pro Subscription (WF Solver),com.deepinkcode.wordfeudsolver,Subscription,prosub,,NL,,4906ME,EUR,1.98,7.472100,DKK,14.79,prosubmonth,,4994183596643847628,Yes,,,,
GPA.3393-3205-5818-79586..1,"Mar 15, 2026",5:57:09 AM PDT,,Google fee,,Pro Subscription (WF Solver),com.deepinkcode.wordfeudsolver,Subscription,prosub,,NL,,4906ME,EUR,-0.30,7.472100,DKK,-2.24,prosubmonth,,4994183596643847628,Yes,15,SUBSCRIPTIONS,,
GPA.3351-2681-6783-28557,"Mar 15, 2026",6:49:13 AM PDT,,Charge,,Pro Subscription (WF Solver),com.deepinkcode.wordfeudsolver,Subscription,prosub,a55x,NL,,3972 PS,EUR,1.98,7.472100,DKK,14.79,prosubmonth,,4994183596643847628,Yes,,,,In-app
GPA.3351-2681-6783-28557,"Mar 15, 2026",6:49:13 AM PDT,,Google fee,,Pro Subscription (WF Solver),com.deepinkcode.wordfeudsolver,Subscription,prosub,a55x,NL,,3972 PS,EUR,-0.30,7.472100,DKK,-2.24,prosubmonth,,4994183596643847628,Yes,15,SUBSCRIPTIONS,,In-app
GPA.3314-5373-2316-07753,"Mar 15, 2026",7:18:27 AM PDT,,Charge,,Pro Subscription (Words With Friends Solver),com.deepinkcode.wordswithfriendssolver,Subscription,prosub,r11q,US,PA,16701,USD,2.49,6.544800,DKK,16.30,prosub,,4994183596643847628,Yes,,,,In-app
GPA.3314-5373-2316-07753,"Mar 15, 2026",7:18:27 AM PDT,,Google fee,,Pro Subscription (Words With Friends Solver),com.deepinkcode.wordswithfriendssolver,Subscription,prosub,r11q,US,PA,16701,USD,-0.37,6.544800,DKK,-2.42,prosub,,4994183596643847628,Yes,15,SUBSCRIPTIONS,,In-app
GPA.3398-4642-1151-62822..4,"Mar 15, 2026",7:37:15 AM PDT,,Charge,,Pro Subscription (WF Solver),com.deepinkcode.wordfeudsolver,Subscription,prosub,,NL,,8011 JN,EUR,1.98,7.472100,DKK,14.79,prosubmonth,,4994183596643847628,Yes,,,,
GPA.3398-4642-1151-62822..4,"Mar 15, 2026",7:37:15 AM PDT,,Google fee,,Pro Subscription (WF Solver),com.deepinkcode.wordfeudsolver,Subscription,prosub,,NL,,8011 JN,EUR,-0.30,7.472100,DKK,-2.24,prosubmonth,,4994183596643847628,Yes,15,SUBSCRIPTIONS,,
GPA.3349-8787-5923-95011..0,"Mar 15, 2026",8:01:15 AM PDT,,Charge,,Pro Subscription (WF Solver),com.deepinkcode.wordfeudsolver,Subscription,prosub,,NL,,4824 JK,EUR,1.98,7.472100,DKK,14.79,prosubmonth,,4994183596643847628,Yes,,,,
GPA.3349-8787-5923-95011..0,"Mar 15, 2026",8:01:15 AM PDT,,Google fee,,Pro Subscription (WF Solver),com.deepinkcode.wordfeudsolver,Subscription,prosub,,NL,,4824 JK,EUR,-0.30,7.472100,DKK,-2.24,prosubmonth,,4994183596643847628,Yes,15,SUBSCRIPTIONS,,
GPA.3358-8205-9608-12968..13,"Mar 15, 2026",8:18:57 AM PDT,,Charge,,Pro Subscription (WF Solver),com.deepinkcode.wordfeudsolver,Subscription,prosub,,US,TX,78750,USD,1.99,6.544800,DKK,13.02,prosubmonth,,4994183596643847628,Yes,,,,
GPA.3358-8205-9608-12968..13,"Mar 15, 2026",8:18:57 AM PDT,,Google fee,,Pro Subscription (WF Solver),com.deepinkcode.wordfeudsolver,Subscription,prosub,,US,TX,78750,USD,-0.30,6.544800,DKK,-1.96,prosubmonth,,4994183596643847628,Yes,15,SUBSCRIPTIONS,,
GPA.3355-0651-0299-33664..1,"Mar 15, 2026",8:27:40 AM PDT,,Charge,,Pro Subscription (WF Solver),com.deepinkcode.wordfeudsolver,Subscription,prosub,,NL,,5621ED,EUR,1.98,7.472100,DKK,14.79,prosubmonth,,4994183596643847628,Yes,,,,
GPA.3355-0651-0299-33664..1,"Mar 15, 2026",8:27:40 AM PDT,,Google fee,,Pro Subscription (WF Solver),com.deepinkcode.wordfeudsolver,Subscription,prosub,,NL,,5621ED,EUR,-0.30,7.472100,DKK,-2.24,prosubmonth,,4994183596643847628,Yes,15,SUBSCRIPTIONS,,
GPA.3359-7901-7037-74229..13,"Mar 15, 2026",9:23:54 AM PDT,,Charge,,Pro Subscription (WF Solver),com.deepinkcode.wordfeudsolver,Subscription,prosub,,NO,,2006,NOK,24.00,0.670150,DKK,16.08,prosubmonth,,4994183596643847628,Yes,,,,
GPA.3359-7901-7037-74229..13,"Mar 15, 2026",9:23:54 AM PDT,,Google fee,,Pro Subscription (WF Solver),com.deepinkcode.wordfeudsolver,Subscription,prosub,,NO,,2006,NOK,-3.60,0.670150,DKK,-2.41,prosubmonth,,4994183596643847628,Yes,15,SUBSCRIPTIONS,,
GPA.3315-6637-8709-75256..7,"Mar 15, 2026",9:25:05 AM PDT,,Charge,,Pro Subscription (WF Solver),com.deepinkcode.wordfeudsolver,Subscription,prosub,,DK,,9460,DKK,15.20,1.000000,DKK,15.20,prosubmonth,,4994183596643847628,Yes,,,,
GPA.3315-6637-8709-75256..7,"Mar 15, 2026",9:25:05 AM PDT,,Google fee,,Pro Subscription (WF Solver),com.deepinkcode.wordfeudsolver,Subscription,prosub,,DK,,9460,DKK,-2.28,1.000000,DKK,-2.28,prosubmonth,,4994183596643847628,Yes,15,SUBSCRIPTIONS,,
GPA.3393-2450-6740-78738..16,"Mar 15, 2026",9:25:35 AM PDT,,Charge,,Pro Subscription (WF Solver),com.deepinkcode.wordfeudsolver,Subscription,prosub,,NL,,1971ZJ,EUR,1.98,7.472100,DKK,14.79,prosubmonth,,4994183596643847628,Yes,,,,
GPA.3393-2450-6740-78738..16,"Mar 15, 2026",9:25:35 AM PDT,,Google fee,,Pro Subscription (WF Solver),com.deepinkcode.wordfeudsolver,Subscription,prosub,,NL,,1971ZJ,EUR,-0.30,7.472100,DKK,-2.24,prosubmonth,,4994183596643847628,Yes,15,SUBSCRIPTIONS,,
GPA.3360-1182-8005-45180,"Mar 15, 2026",10:08:16 AM PDT,,Charge,,Pro Subscription (WF Solver),com.deepinkcode.wordfeudsolver,Subscription,prosub,a16,NL,,3245 KH,EUR,1.98,7.472100,DKK,14.79,prosubmonth,,4994183596643847628,Yes,,,,In-app
GPA.3360-1182-8005-45180,"Mar 15, 2026",10:08:16 AM PDT,,Google fee,,Pro Subscription (WF Solver),com.deepinkcode.wordfeudsolver,Subscription,prosub,a16,NL,,3245 KH,EUR,-0.30,7.472100,DKK,-2.24,prosubmonth,,4994183596643847628,Yes,15,SUBSCRIPTIONS,,In-app
GPA.3320-0986-1912-53728,"Mar 15, 2026",10:27:06 AM PDT,,Charge,,Pro Subscription (WF Solver),com.deepinkcode.wordfeudsolver,Subscription,prosub,e3q,SE,,38831,SEK,22.40,0.690370,DKK,15.46,prosubmonth,,4994183596643847628,Yes,,,,In-app
GPA.3320-0986-1912-53728,"Mar 15, 2026",10:27:06 AM PDT,,Google fee,,Pro Subscription (WF Solver),com.deepinkcode.wordfeudsolver,Subscription,prosub,e3q,SE,,38831,SEK,-3.36,0.690370,DKK,-2.32,prosubmonth,,4994183596643847628,Yes,15,SUBSCRIPTIONS,,In-app
GPA.3315-0725-8971-62263..1,"Mar 15, 2026",10:29:53 AM PDT,,Charge,,Pro Subscription (WF Solver),com.deepinkcode.wordfeudsolver,Subscription,prosub,,SE,,78061,SEK,22.40,0.690370,DKK,15.46,prosubmonth,,4994183596643847628,Yes,,,,
GPA.3315-0725-8971-62263..1,"Mar 15, 2026",10:29:53 AM PDT,,Google fee,,Pro Subscription (WF Solver),com.deepinkcode.wordfeudsolver,Subscription,prosub,,SE,,78061,SEK,-3.36,0.690370,DKK,-2.32,prosubmonth,,4994183596643847628,Yes,15,SUBSCRIPTIONS,,
GPA.3353-5454-7609-46787..1,"Mar 15, 2026",10:38:53 AM PDT,,Charge,,Pro Subscription (Words With Friends Solver),com.deepinkcode.wordswithfriendssolver,Subscription,prosub,,US,MN,55746,USD,2.49,6.544800,DKK,16.30,prosub,,4994183596643847628,Yes,,,,
GPA.3353-5454-7609-46787..1,"Mar 15, 2026",10:38:53 AM PDT,,Google fee,,Pro Subscription (Words With Friends Solver),com.deepinkcode.wordswithfriendssolver,Subscription,prosub,,US,MN,55746,USD,-0.37,6.544800,DKK,-2.42,prosub,,4994183596643847628,Yes,15,SUBSCRIPTIONS,,
GPA.3363-7969-0699-12953..7,"Mar 15, 2026",11:41:47 AM PDT,,Charge,,Pro Subscription (WF Solver),com.deepinkcode.wordfeudsolver,Subscription,prosub,,NL,,7035BA,EUR,1.98,7.472100,DKK,14.79,prosubmonth,,4994183596643847628,Yes,,,,
GPA.3363-7969-0699-12953..7,"Mar 15, 2026",11:41:47 AM PDT,,Google fee,,Pro Subscription (WF Solver),com.deepinkcode.wordfeudsolver,Subscription,prosub,,NL,,7035BA,EUR,-0.30,7.472100,DKK,-2.24,prosubmonth,,4994183596643847628,Yes,15,SUBSCRIPTIONS,,
GPA.3361-0374-6273-91244..16,"Mar 15, 2026",12:43:58 PM PDT,,Charge,,Pro Subscription (WF Solver),com.deepinkcode.wordfeudsolver,Subscription,prosub,,SE,,51157,SEK,23.20,0.690370,DKK,16.02,prosubmonth,,4994183596643847628,Yes,,,,
GPA.3361-0374-6273-91244..16,"Mar 15, 2026",12:43:58 PM PDT,,Google fee,,Pro Subscription (WF Solver),com.deepinkcode.wordfeudsolver,Subscription,prosub,,SE,,51157,SEK,-3.48,0.690370,DKK,-2.41,prosubmonth,,4994183596643847628,Yes,15,SUBSCRIPTIONS,,
GPA.3316-8912-9492-12763..13,"Mar 15, 2026",2:02:44 PM PDT,,Charge,,Pro Subscription (WF Solver),com.deepinkcode.wordfeudsolver,Subscription,prosub,,DK,,4660,DKK,15.20,1.000000,DKK,15.20,prosubmonth,,4994183596643847628,Yes,,,,
GPA.3316-8912-9492-12763..13,"Mar 15, 2026",2:02:44 PM PDT,,Google fee,,Pro Subscription (WF Solver),com.deepinkcode.wordfeudsolver,Subscription,prosub,,DK,,4660,DKK,-2.28,1.000000,DKK,-2.28,prosubmonth,,4994183596643847628,Yes,15,SUBSCRIPTIONS,,
GPA.3350-5842-6619-75540..2,"Mar 15, 2026",2:24:22 PM PDT,,Charge,,Pro Subscription (WF Solver),com.deepinkcode.wordfeudsolver,Subscription,prosub,,NL,,4416 CA,EUR,1.98,7.471500,DKK,14.79,prosubmonth,,4994183596643847628,Yes,,,,
GPA.3350-5842-6619-75540..2,"Mar 15, 2026",2:24:22 PM PDT,,Google fee,,Pro Subscription (WF Solver),com.deepinkcode.wordfeudsolver,Subscription,prosub,,NL,,4416 CA,EUR,-0.30,7.471500,DKK,-2.24,prosubmonth,,4994183596643847628,Yes,15,SUBSCRIPTIONS,,
GPA.3308-8792-8385-71438..2,"Mar 15, 2026",2:39:33 PM PDT,,Charge,,Pro Subscription (WF Solver),com.deepinkcode.wordfeudsolver,Subscription,prosub,,SE,,77130,SEK,22.40,0.690780,DKK,15.47,prosubmonth,,4994183596643847628,Yes,,,,
GPA.3308-8792-8385-71438..2,"Mar 15, 2026",2:39:33 PM PDT,,Google fee,,Pro Subscription (WF Solver),com.deepinkcode.wordfeudsolver,Subscription,prosub,,SE,,77130,SEK,-3.36,0.690780,DKK,-2.32,prosubmonth,,4994183596643847628,Yes,15,SUBSCRIPTIONS,,
GPA.3332-1123-7225-26226,"Mar 15, 2026",3:08:33 PM PDT,,Charge,,Pro (Words With Friends Solver),com.deepinkcode.wordswithfriendssolver,One-time product,pro,husky,US,HI,96754,USD,27.99,6.541200,DKK,183.09,legacy-base,,4994183596643847628,Yes,,,,In-app
GPA.3332-1123-7225-26226,"Mar 15, 2026",3:08:33 PM PDT,,Google fee,,Pro (Words With Friends Solver),com.deepinkcode.wordswithfriendssolver,One-time product,pro,husky,US,HI,96754,USD,-4.20,6.541200,DKK,-27.47,legacy-base,,4994183596643847628,Yes,15,,,In-app
GPA.3358-2748-2749-69639,"Mar 15, 2026",3:17:51 PM PDT,,Charge,,Pro (WF Solver),com.deepinkcode.wordfeudsolver,One-time product,pro,gts10pwifi,BE,,9400,EUR,23.96,7.472300,DKK,179.04,legacy-base,,4994183596643847628,Yes,,,,In-app
GPA.3358-2748-2749-69639,"Mar 15, 2026",3:17:51 PM PDT,,Google fee,,Pro (WF Solver),com.deepinkcode.wordfeudsolver,One-time product,pro,gts10pwifi,BE,,9400,EUR,-3.59,7.472300,DKK,-26.83,legacy-base,,4994183596643847628,Yes,15,,,In-app
GPA.3395-9068-9904-02880,"Mar 15, 2026",4:31:35 PM PDT,,Charge,,Pro Subscription (Words With Friends Solver),com.deepinkcode.wordswithfriendssolver,Subscription,prosub,c2q,US,NC,28518,USD,2.49,6.536000,DKK,16.27,prosub,,4994183596643847628,Yes,,,,In-app
GPA.3395-9068-9904-02880,"Mar 15, 2026",4:31:35 PM PDT,,Google fee,,Pro Subscription (Words With Friends Solver),com.deepinkcode.wordswithfriendssolver,Subscription,prosub,c2q,US,NC,28518,USD,-0.37,6.536000,DKK,-2.42,prosub,,4994183596643847628,Yes,15,SUBSCRIPTIONS,,In-app
GPA.3305-3032-9094-22471..1,"Mar 15, 2026",5:58:19 PM PDT,,Charge,,Pro Subscription (Words With Friends Solver),com.deepinkcode.wordswithfriendssolver,Subscription,prosub,,US,TN,37931,USD,2.49,6.537000,DKK,16.28,prosub,,4994183596643847628,Yes,,,,
GPA.3305-3032-9094-22471..1,"Mar 15, 2026",5:58:19 PM PDT,,Google fee,,Pro Subscription (Words With Friends Solver),com.deepinkcode.wordswithfriendssolver,Subscription,prosub,,US,TN,37931,USD,-0.37,6.537000,DKK,-2.42,prosub,,4994183596643847628,Yes,15,SUBSCRIPTIONS,,
GPA.3368-2419-5725-15216..4,"Mar 15, 2026",7:24:56 PM PDT,,Charge,,Pro Subscription (Words With Friends Solver),com.deepinkcode.wordswithfriendssolver,Subscription,prosub,,US,IL,61801,USD,2.49,6.523500,DKK,16.24,prosub,,4994183596643847628,Yes,,,,
GPA.3368-2419-5725-15216..4,"Mar 15, 2026",7:24:56 PM PDT,,Google fee,,Pro Subscription (Words With Friends Solver),com.deepinkcode.wordswithfriendssolver,Subscription,prosub,,US,IL,61801,USD,-0.37,6.523500,DKK,-2.41,prosub,,4994183596643847628,Yes,15,SUBSCRIPTIONS,,
GPA.3335-1273-9062-08648..13,"Mar 15, 2026",7:40:56 PM PDT,,Charge,,Pro Subscription (WF Solver),com.deepinkcode.wordfeudsolver,Subscription,prosub,,SE,,13466,SEK,23.20,0.691770,DKK,16.05,prosubmonth,,4994183596643847628,Yes,,,,
GPA.3335-1273-9062-08648..13,"Mar 15, 2026",7:40:56 PM PDT,,Google fee,,Pro Subscription (WF Solver),com.deepinkcode.wordfeudsolver,Subscription,prosub,,SE,,13466,SEK,-3.48,0.691770,DKK,-2.41,prosubmonth,,4994183596643847628,Yes,15,SUBSCRIPTIONS,,
GPA.3398-0327-6223-53070..13,"Mar 15, 2026",10:21:55 PM PDT,,Charge,,Pro Subscription (WF Solver),com.deepinkcode.wordfeudsolver,Subscription,prosub,,NL,,3769 Bs,EUR,1.98,7.472100,DKK,14.79,prosubmonth,,4994183596643847628,Yes,,,,
GPA.3398-0327-6223-53070..13,"Mar 15, 2026",10:21:55 PM PDT,,Google fee,,Pro Subscription (WF Solver),com.deepinkcode.wordfeudsolver,Subscription,prosub,,NL,,3769 Bs,EUR,-0.30,7.472100,DKK,-2.24,prosubmonth,,4994183596643847628,Yes,15,SUBSCRIPTIONS,,
GPA.3320-5018-1669-61567..4,"Mar 16, 2026",12:21:29 AM PDT,,Charge,,Pro Subscription (WF Solver),com.deepinkcode.wordfeudsolver,Subscription,prosub,,NL,,5012GK,EUR,1.98,7.472100,DKK,14.79,prosubmonth,,4994183596643847628,Yes,,,,
GPA.3320-5018-1669-61567..4,"Mar 16, 2026",12:21:29 AM PDT,,Google fee,,Pro Subscription (WF Solver),com.deepinkcode.wordfeudsolver,Subscription,prosub,,NL,,5012GK,EUR,-0.30,7.472100,DKK,-2.24,prosubmonth,,4994183596643847628,Yes,15,SUBSCRIPTIONS,,
GPA.3333-2789-2943-74389,"Mar 16, 2026",12:56:50 AM PDT,,Charge,,Pro Subscription (WF Solver),com.deepinkcode.wordfeudsolver,Subscription,prosub,r12s,NL,,9351 ET,EUR,1.98,7.472100,DKK,14.79,prosubmonth,,4994183596643847628,Yes,,,,In-app
GPA.3333-2789-2943-74389,"Mar 16, 2026",12:56:50 AM PDT,,Google fee,,Pro Subscription (WF Solver),com.deepinkcode.wordfeudsolver,Subscription,prosub,r12s,NL,,9351 ET,EUR,-0.30,7.472100,DKK,-2.24,prosubmonth,,4994183596643847628,Yes,15,SUBSCRIPTIONS,,In-app
GPA.3328-5305-0601-65111..8,"Mar 16, 2026",1:08:22 AM PDT,,Charge,,Pro Subscription (Words With Friends Solver),com.deepinkcode.wordswithfriendssolver,Subscription,prosub,,US,CA,94587,USD,1.99,6.537000,DKK,13.01,prosub,,4994183596643847628,Yes,,,,
GPA.3328-5305-0601-65111..8,"Mar 16, 2026",1:08:22 AM PDT,,Google fee,,Pro Subscription (Words With Friends Solver),com.deepinkcode.wordswithfriendssolver,Subscription,prosub,,US,CA,94587,USD,-0.30,6.537000,DKK,-1.96,prosub,,4994183596643847628,Yes,15,SUBSCRIPTIONS,,
GPA.3335-0000-4756-12582..10,"Mar 16, 2026",1:29:27 AM PDT,,Charge,,Pro Subscription (Words With Friends Solver),com.deepinkcode.wordswithfriendssolver,Subscription,prosub,,US,MI,48051,USD,1.99,6.537000,DKK,13.01,prosub,,4994183596643847628,Yes,,,,
GPA.3335-0000-4756-12582..10,"Mar 16, 2026",1:29:27 AM PDT,,Google fee,,Pro Subscription (Words With Friends Solver),com.deepinkcode.wordswithfriendssolver,Subscription,prosub,,US,MI,48051,USD,-0.30,6.537000,DKK,-1.96,prosub,,4994183596643847628,Yes,15,SUBSCRIPTIONS,,
GPA.3345-0004-4671-88284..5,"Mar 16, 2026",1:38:59 AM PDT,,Charge,,Pro Subscription (WF Solver),com.deepinkcode.wordfeudsolver,Subscription,prosub,,NL,,6522BL,EUR,1.98,7.471800,DKK,14.79,prosubmonth,,4994183596643847628,Yes,,,,
GPA.3345-0004-4671-88284..5,"Mar 16, 2026",1:38:59 AM PDT,,Google fee,,Pro Subscription (WF Solver),com.deepinkcode.wordfeudsolver,Subscription,prosub,,NL,,6522BL,EUR,-0.30,7.471800,DKK,-2.24,prosubmonth,,4994183596643847628,Yes,15,SUBSCRIPTIONS,,
GPA.3376-7164-9101-84548,"Mar 16, 2026",2:13:13 AM PDT,,Charge,,Pro Subscription (Words With Friends Solver),com.deepinkcode.wordswithfriendssolver,Subscription,prosub,r9q,US,UT,84043,USD,2.49,6.537000,DKK,16.28,prosub,,4994183596643847628,Yes,,,,In-app
GPA.3376-7164-9101-84548,"Mar 16, 2026",2:13:13 AM PDT,,Google fee,,Pro Subscription (Words With Friends Solver),com.deepinkcode.wordswithfriendssolver,Subscription,prosub,r9q,US,UT,84043,USD,-0.37,6.537000,DKK,-2.42,prosub,,4994183596643847628,Yes,15,SUBSCRIPTIONS,,In-app
GPA.3380-2369-5457-83091,"Mar 16, 2026",2:33:26 AM PDT,,Charge,,Pro Subscription (Scrabble GO Cheat),com.deepinkcode.scrabblegocheat,Subscription,prosub,e3q,CA,ON,L6M 0G1,CAD,3.19,4.769200,DKK,15.21,prosubmonth,,4994183596643847628,Yes,,,,In-app
GPA.3380-2369-5457-83091,"Mar 16, 2026",2:33:26 AM PDT,,Google fee,,Pro Subscription (Scrabble GO Cheat),com.deepinkcode.scrabblegocheat,Subscription,prosub,e3q,CA,ON,L6M 0G1,CAD,-0.48,4.769200,DKK,-2.29,prosubmonth,,4994183596643847628,Yes,15,SUBSCRIPTIONS,,In-app
GPA.3363-2580-8330-22280..13,"Mar 16, 2026",2:35:08 AM PDT,,Charge,,Pro Subscription (WF Solver),com.deepinkcode.wordfeudsolver,Subscription,prosub,,NL,,2612 gj,EUR,1.98,7.471700,DKK,14.79,prosubmonth,,4994183596643847628,Yes,,,,
GPA.3363-2580-8330-22280..13,"Mar 16, 2026",2:35:08 AM PDT,,Google fee,,Pro Subscription (WF Solver),com.deepinkcode.wordfeudsolver,Subscription,prosub,,NL,,2612 gj,EUR,-0.30,7.471700,DKK,-2.24,prosubmonth,,4994183596643847628,Yes,15,SUBSCRIPTIONS,,
GPA.3319-2090-3305-97322,"Mar 16, 2026",2:37:33 AM PDT,,Charge,,Pro Subscription (WF Solver),com.deepinkcode.wordfeudsolver,Subscription,prosub,OP56E8L1,NL,,2001AB,EUR,1.98,7.471700,DKK,14.79,prosubmonth,,4994183596643847628,Yes,,,,In-app
GPA.3319-2090-3305-97322,"Mar 16, 2026",2:37:33 AM PDT,,Google fee,,Pro Subscription (WF Solver),com.deepinkcode.wordfeudsolver,Subscription,prosub,OP56E8L1,NL,,2001AB,EUR,-0.30,7.471700,DKK,-2.24,prosubmonth,,4994183596643847628,Yes,15,SUBSCRIPTIONS,,In-app
GPA.3391-2911-5833-94511..8,"Mar 16, 2026",3:08:05 AM PDT,,Charge,,Pro Subscription (WF Solver),com.deepinkcode.wordfeudsolver,Subscription,prosub,,NL,,2211CX,EUR,1.98,7.472000,DKK,14.79,prosubmonth,,4994183596643847628,Yes,,,,
GPA.3391-2911-5833-94511..8,"Mar 16, 2026",3:08:05 AM PDT,,Google fee,,Pro Subscription (WF Solver),com.deepinkcode.wordfeudsolver,Subscription,prosub,,NL,,2211CX,EUR,-0.30,7.472000,DKK,-2.24,prosubmonth,,4994183596643847628,Yes,15,SUBSCRIPTIONS,,
GPA.3305-1665-3996-52792..12,"Mar 16, 2026",4:05:46 AM PDT,,Charge,,Pro Subscription (WF Solver),com.deepinkcode.wordfeudsolver,Subscription,prosub,,SE,,89137,SEK,23.20,0.693400,DKK,16.09,prosubmonth,,4994183596643847628,Yes,,,,
GPA.3305-1665-3996-52792..12,"Mar 16, 2026",4:05:46 AM PDT,,Google fee,,Pro Subscription (WF Solver),com.deepinkcode.wordfeudsolver,Subscription,prosub,,SE,,89137,SEK,-3.48,0.693400,DKK,-2.42,prosubmonth,,4994183596643847628,Yes,15,SUBSCRIPTIONS,,
GPA.3313-4540-3613-78700..0,"Mar 16, 2026",4:19:43 AM PDT,,Charge,,Pro Subscription (Words With Friends Solver),com.deepinkcode.wordswithfriendssolver,Subscription,prosub,,GB,,DY4 8SX,GBP,1.74,8.646400,DKK,15.04,prosub,,4994183596643847628,Yes,,,,
GPA.3313-4540-3613-78700..0,"Mar 16, 2026",4:19:43 AM PDT,,Google fee,,Pro Subscription (Words With Friends Solver),com.deepinkcode.wordswithfriendssolver,Subscription,prosub,,GB,,DY4 8SX,GBP,-0.26,8.646400,DKK,-2.24,prosub,,4994183596643847628,Yes,15,SUBSCRIPTIONS,,
GPA.3388-9677-2548-07854,"Mar 16, 2026",4:39:04 AM PDT,,Charge,,Pro (WF Solver),com.deepinkcode.wordfeudsolver,One-time product,pro,m3q,SE,,91495,SEK,271.20,0.693400,DKK,188.05,legacy-base,,4994183596643847628,Yes,,,,In-app
GPA.3388-9677-2548-07854,"Mar 16, 2026",4:39:04 AM PDT,,Google fee,,Pro (WF Solver),com.deepinkcode.wordfeudsolver,One-time product,pro,m3q,SE,,91495,SEK,-40.68,0.693400,DKK,-28.21,legacy-base,,4994183596643847628,Yes,15,,,In-app
GPA.3344-3174-5975-70004..1,"Mar 16, 2026",5:47:30 AM PDT,,Charge,,Pro Subscription (Words With Friends Solver),com.deepinkcode.wordswithfriendssolver,Subscription,prosub,,US,NM,88201,USD,2.49,6.512400,DKK,16.22,prosub,,4994183596643847628,Yes,,,,
GPA.3344-3174-5975-70004..1,"Mar 16, 2026",5:47:30 AM PDT,,Google fee,,Pro Subscription (Words With Friends Solver),com.deepinkcode.wordswithfriendssolver,Subscription,prosub,,US,NM,88201,USD,-0.37,6.512400,DKK,-2.41,prosub,,4994183596643847628,Yes,15,SUBSCRIPTIONS,,
GPA.3369-4112-7896-66415..7,"Mar 16, 2026",5:57:39 AM PDT,,Charge,,Pro Subscription (WF Solver),com.deepinkcode.wordfeudsolver,Subscription,prosub,,NL,,2665 XD,EUR,1.98,7.471700,DKK,14.79,prosubmonth,,4994183596643847628,Yes,,,,
GPA.3369-4112-7896-66415..7,"Mar 16, 2026",5:57:39 AM PDT,,Google fee,,Pro Subscription (WF Solver),com.deepinkcode.wordfeudsolver,Subscription,prosub,,NL,,2665 XD,EUR,-0.30,7.471700,DKK,-2.24,prosubmonth,,4994183596643847628,Yes,15,SUBSCRIPTIONS,,
GPA.3351-3451-5965-58983..10,"Mar 16, 2026",7:51:53 AM PDT,,Charge,,Pro Subscription (WF Solver),com.deepinkcode.wordfeudsolver,Subscription,prosub,,NL,,6932 AC,EUR,1.98,7.472100,DKK,14.79,prosubmonth,,4994183596643847628,Yes,,,,
GPA.3351-3451-5965-58983..10,"Mar 16, 2026",7:51:53 AM PDT,,Google fee,,Pro Subscription (WF Solver),com.deepinkcode.wordfeudsolver,Subscription,prosub,,NL,,6932 AC,EUR,-0.30,7.472100,DKK,-2.24,prosubmonth,,4994183596643847628,Yes,15,SUBSCRIPTIONS,,
GPA.3321-1599-4823-75191..9,"Mar 16, 2026",7:54:54 AM PDT,,Charge,,Pro Subscription (WF Solver),com.deepinkcode.wordfeudsolver,Subscription,prosub,,NL,,7242DA,EUR,1.98,7.472100,DKK,14.79,prosubmonth,,4994183596643847628,Yes,,,,
GPA.3321-1599-4823-75191..9,"Mar 16, 2026",7:54:54 AM PDT,,Google fee,,Pro Subscription (WF Solver),com.deepinkcode.wordfeudsolver,Subscription,prosub,,NL,,7242DA,EUR,-0.30,7.472100,DKK,-2.24,prosubmonth,,4994183596643847628,Yes,15,SUBSCRIPTIONS,,
GPA.3319-9949-6583-32594..5,"Mar 16, 2026",10:02:57 AM PDT,,Charge,,Pro Subscription (WF Solver),com.deepinkcode.wordfeudsolver,Subscription,prosub,,SE,,252 69,SEK,22.40,0.695330,DKK,15.58,prosubmonth,,4994183596643847628,Yes,,,,
GPA.3319-9949-6583-32594..5,"Mar 16, 2026",10:02:57 AM PDT,,Google fee,,Pro Subscription (WF Solver),com.deepinkcode.wordfeudsolver,Subscription,prosub,,SE,,252 69,SEK,-3.36,0.695330,DKK,-2.34,prosubmonth,,4994183596643847628,Yes,15,SUBSCRIPTIONS,,
GPA.3389-1808-8266-58352..15,"Mar 16, 2026",10:39:25 AM PDT,,Charge,,Pro Subscription (WF Solver),com.deepinkcode.wordfeudsolver,Subscription,prosub,,SE,,97238,SEK,23.20,0.695330,DKK,16.13,prosubmonth,,4994183596643847628,Yes,,,,
GPA.3389-1808-8266-58352..15,"Mar 16, 2026",10:39:25 AM PDT,,Google fee,,Pro Subscription (WF Solver),com.deepinkcode.wordfeudsolver,Subscription,prosub,,SE,,97238,SEK,-3.48,0.695330,DKK,-2.42,prosubmonth,,4994183596643847628,Yes,15,SUBSCRIPTIONS,,
GPA.3377-3231-4369-66502..3,"Mar 16, 2026",11:52:43 AM PDT,,Charge,,Pro Subscription (WF Solver),com.deepinkcode.wordfeudsolver,Subscription,prosub,,NO,,1409,NOK,24.00,0.671750,DKK,16.12,prosubmonth,,4994183596643847628,Yes,,,,
GPA.3377-3231-4369-66502..3,"Mar 16, 2026",11:52:43 AM PDT,,Google fee,,Pro Subscription (WF Solver),com.deepinkcode.wordfeudsolver,Subscription,prosub,,NO,,1409,NOK,-3.60,0.671750,DKK,-2.42,prosubmonth,,4994183596643847628,Yes,15,SUBSCRIPTIONS,,
GPA.3358-2443-8141-24416..2,"Mar 16, 2026",2:07:10 PM PDT,,Charge,,Pro Subscription (WF Solver),com.deepinkcode.wordfeudsolver,Subscription,prosub,,NO,,4735,NOK,24.00,0.671540,DKK,16.12,prosubmonth,,4994183596643847628,Yes,,,,
GPA.3358-2443-8141-24416..2,"Mar 16, 2026",2:07:10 PM PDT,,Google fee,,Pro Subscription (WF Solver),com.deepinkcode.wordfeudsolver,Subscription,prosub,,NO,,4735,NOK,-3.60,0.671540,DKK,-2.42,prosubmonth,,4994183596643847628,Yes,15,SUBSCRIPTIONS,,
GPA.3308-1922-4377-20638..7,"Mar 16, 2026",2:07:57 PM PDT,,Charge,,Pro Subscription (WF Solver),com.deepinkcode.wordfeudsolver,Subscription,prosub,,DK,,7800,DKK,15.20,1.000000,DKK,15.20,prosubmonth,,4994183596643847628,Yes,,,,
GPA.3308-1922-4377-20638..7,"Mar 16, 2026",2:07:57 PM PDT,,Google fee,,Pro Subscription (WF Solver),com.deepinkcode.wordfeudsolver,Subscription,prosub,,DK,,7800,DKK,-2.28,1.000000,DKK,-2.28,prosubmonth,,4994183596643847628,Yes,15,SUBSCRIPTIONS,,
GPA.3384-8948-5780-03274..9,"Mar 16, 2026",3:03:40 PM PDT,,Charge,,Pro Subscription (Scrabble GO Cheat),com.deepinkcode.scrabblegocheat,Subscription,prosub,,US,MN,55124,USD,1.99,6.494400,DKK,12.92,prosubmonth,,4994183596643847628,Yes,,,,
GPA.3384-8948-5780-03274..9,"Mar 16, 2026",3:03:40 PM PDT,,Google fee,,Pro Subscription (Scrabble GO Cheat),com.deepinkcode.scrabblegocheat,Subscription,prosub,,US,MN,55124,USD,-0.30,6.494400,DKK,-1.95,prosubmonth,,4994183596643847628,Yes,15,SUBSCRIPTIONS,,
GPA.3394-3320-4876-12517..7,"Mar 16, 2026",7:16:38 PM PDT,,Charge,,Pro Subscription (Words With Friends Solver),com.deepinkcode.wordswithfriendssolver,Subscription,prosub,,US,NC,27028,USD,1.99,6.503200,DKK,12.94,prosub,,4994183596643847628,Yes,,,,
GPA.3394-3320-4876-12517..7,"Mar 16, 2026",7:16:38 PM PDT,,Google fee,,Pro Subscription (Words With Friends Solver),com.deepinkcode.wordswithfriendssolver,Subscription,prosub,,US,NC,27028,USD,-0.30,6.503200,DKK,-1.95,prosub,,4994183596643847628,Yes,15,SUBSCRIPTIONS,,
GPA.3357-5886-9855-43560..7,"Mar 16, 2026",10:37:36 PM PDT,,Charge,,Pro Subscription (WF Solver),com.deepinkcode.wordfeudsolver,Subscription,prosub,,SE,,831 74,SEK,23.20,0.694910,DKK,16.12,prosubmonth,,4994183596643847628,Yes,,,,
GPA.3357-5886-9855-43560..7,"Mar 16, 2026",10:37:36 PM PDT,,Google fee,,Pro Subscription (WF Solver),com.deepinkcode.wordfeudsolver,Subscription,prosub,,SE,,831 74,SEK,-3.48,0.694910,DKK,-2.42,prosubmonth,,4994183596643847628,Yes,15,SUBSCRIPTIONS,,
GPA.3327-7596-0028-61220..1,"Mar 17, 2026",12:37:45 AM PDT,,Charge,,Pro Subscription (Words With Friends Solver),com.deepinkcode.wordswithfriendssolver,Subscription,prosub,,AU,,5125,AUD,3.63,4.599500,DKK,16.70,prosub,,4994183596643847628,Yes,,,,
GPA.3327-7596-0028-61220..1,"Mar 17, 2026",12:37:45 AM PDT,,Google fee,,Pro Subscription (Words With Friends Solver),com.deepinkcode.wordswithfriendssolver,Subscription,prosub,,AU,,5125,AUD,-0.54,4.599500,DKK,-2.48,prosub,,4994183596643847628,Yes,15,SUBSCRIPTIONS,,
GPA.3384-0891-9807-99658..0,"Mar 17, 2026",12:51:01 AM PDT,,Charge,,Pro Subscription (WF Solver),com.deepinkcode.wordfeudsolver,Subscription,prosub,,NO,,3516,NOK,24.00,0.671820,DKK,16.12,prosubmonth,,4994183596643847628,Yes,,,,
GPA.3384-0891-9807-99658..0,"Mar 17, 2026",12:51:01 AM PDT,,Google fee,,Pro Subscription (WF Solver),com.deepinkcode.wordfeudsolver,Subscription,prosub,,NO,,3516,NOK,-3.60,0.671820,DKK,-2.41,prosubmonth,,4994183596643847628,Yes,15,SUBSCRIPTIONS,,
GPA.3358-5006-0946-86408..3,"Mar 17, 2026",2:54:18 AM PDT,,Charge,,Pro Subscription (WF Solver),com.deepinkcode.wordfeudsolver,Subscription,prosub,,NO,,4049,NOK,24.00,0.673010,DKK,16.15,prosubmonth,,4994183596643847628,Yes,,,,
GPA.3358-5006-0946-86408..3,"Mar 17, 2026",2:54:18 AM PDT,,Google fee,,Pro Subscription (WF Solver),com.deepinkcode.wordfeudsolver,Subscription,prosub,,NO,,4049,NOK,-3.60,0.673010,DKK,-2.42,prosubmonth,,4994183596643847628,Yes,15,SUBSCRIPTIONS,,
GPA.3310-7679-5252-52886..8,"Mar 17, 2026",6:01:56 AM PDT,,Charge,,Pro Subscription (WF Solver),com.deepinkcode.wordfeudsolver,Subscription,prosub,,SE,,13664,SEK,23.20,0.697400,DKK,16.18,prosubmonth,,4994183596643847628,Yes,,,,
GPA.3310-7679-5252-52886..8,"Mar 17, 2026",6:01:56 AM PDT,,Google fee,,Pro Subscription (WF Solver),com.deepinkcode.wordfeudsolver,Subscription,prosub,,SE,,13664,SEK,-3.48,0.697400,DKK,-2.43,prosubmonth,,4994183596643847628,Yes,15,SUBSCRIPTIONS,,
GPA.3391-4030-2584-59404..3,"Mar 17, 2026",6:07:28 AM PDT,,Charge,,Pro Subscription (WF Solver),com.deepinkcode.wordfeudsolver,Subscription,prosub,,NO,,6413,NOK,24.00,0.674940,DKK,16.20,prosubmonth,,4994183596643847628,Yes,,,,
GPA.3391-4030-2584-59404..3,"Mar 17, 2026",6:07:28 AM PDT,,Google fee,,Pro Subscription (WF Solver),com.deepinkcode.wordfeudsolver,Subscription,prosub,,NO,,6413,NOK,-3.60,0.674940,DKK,-2.43,prosubmonth,,4994183596643847628,Yes,15,SUBSCRIPTIONS,,
GPA.3343-5795-3043-01637,"Mar 17, 2026",7:52:43 AM PDT,,Charge,,Pro Subscription (Words With Friends Solver),com.deepinkcode.wordswithfriendssolver,Subscription,prosub,fogona,US,FL,32223,USD,2.49,6.479800,DKK,16.13,prosub,,4994183596643847628,Yes,,,,In-app
GPA.3343-5795-3043-01637,"Mar 17, 2026",7:52:43 AM PDT,,Google fee,,Pro Subscription (Words With Friends Solver),com.deepinkcode.wordswithfriendssolver,Subscription,prosub,fogona,US,FL,32223,USD,-0.37,6.479800,DKK,-2.40,prosub,,4994183596643847628,Yes,15,SUBSCRIPTIONS,,In-app
GPA.3369-3124-2742-13856..2,"Mar 17, 2026",8:22:45 AM PDT,,Charge,,Pro Subscription (WF Solver),com.deepinkcode.wordfeudsolver,Subscription,prosub,,DK,,8500,DKK,15.20,1.000000,DKK,15.20,prosubmonth,,4994183596643847628,Yes,,,,
GPA.3369-3124-2742-13856..2,"Mar 17, 2026",8:22:45 AM PDT,,Google fee,,Pro Subscription (WF Solver),com.deepinkcode.wordfeudsolver,Subscription,prosub,,DK,,8500,DKK,-2.28,1.000000,DKK,-2.28,prosubmonth,,4994183596643847628,Yes,15,SUBSCRIPTIONS,,
GPA.3396-1798-6520-57977..1,"Mar 17, 2026",8:36:52 AM PDT,,Charge,,Pro Subscription (WF Solver),com.deepinkcode.wordfeudsolver,Subscription,prosub,,SE,,289 92,SEK,22.40,0.698770,DKK,15.65,prosubmonth,,4994183596643847628,Yes,,,,
GPA.3396-1798-6520-57977..1,"Mar 17, 2026",8:36:52 AM PDT,,Google fee,,Pro Subscription (WF Solver),com.deepinkcode.wordfeudsolver,Subscription,prosub,,SE,,289 92,SEK,-3.36,0.698770,DKK,-2.35,prosubmonth,,4994183596643847628,Yes,15,SUBSCRIPTIONS,,
GPA.3343-6115-6938-77048..0,"Mar 17, 2026",8:51:55 AM PDT,,Charge,,Pro Subscription (WF Solver),com.deepinkcode.wordfeudsolver,Subscription,prosub,,SE,,151 37,SEK,22.40,0.698770,DKK,15.65,prosubmonth,,4994183596643847628,Yes,,,,
GPA.3343-6115-6938-77048..0,"Mar 17, 2026",8:51:55 AM PDT,,Google fee,,Pro Subscription (WF Solver),com.deepinkcode.wordfeudsolver,Subscription,prosub,,SE,,151 37,SEK,-3.36,0.698770,DKK,-2.35,prosubmonth,,4994183596643847628,Yes,15,SUBSCRIPTIONS,,
GPA.3390-6434-7075-81296..4,"Mar 17, 2026",9:05:10 AM PDT,,Charge,,Pro Subscription (WF Solver),com.deepinkcode.wordfeudsolver,Subscription,prosub,,NL,,1722 HH,EUR,1.98,7.471900,DKK,14.79,prosubmonth,,4994183596643847628,Yes,,,,
GPA.3390-6434-7075-81296..4,"Mar 17, 2026",9:05:10 AM PDT,,Google fee,,Pro Subscription (WF Solver),com.deepinkcode.wordfeudsolver,Subscription,prosub,,NL,,1722 HH,EUR,-0.30,7.471900,DKK,-2.24,prosubmonth,,4994183596643847628,Yes,15,SUBSCRIPTIONS,,
GPA.3382-9727-5108-03861..6,"Mar 17, 2026",9:16:39 AM PDT,,Charge,,Pro Subscription (WF Solver),com.deepinkcode.wordfeudsolver,Subscription,prosub,,NL,,1705 ST,EUR,1.98,7.471900,DKK,14.79,prosubmonth,,4994183596643847628,Yes,,,,
GPA.3382-9727-5108-03861..6,"Mar 17, 2026",9:16:39 AM PDT,,Google fee,,Pro Subscription (WF Solver),com.deepinkcode.wordfeudsolver,Subscription,prosub,,NL,,1705 ST,EUR,-0.30,7.471900,DKK,-2.24,prosubmonth,,4994183596643847628,Yes,15,SUBSCRIPTIONS,,
GPA.3381-3447-0793-51885,"Mar 17, 2026",9:33:30 AM PDT,,Charge,,Pro Subscription (WF Solver),com.deepinkcode.wordfeudsolver,Subscription,prosub,a56x,SE,,72210,SEK,22.40,0.699190,DKK,15.66,prosubmonth,,4994183596643847628,Yes,,,,In-app
GPA.3381-3447-0793-51885,"Mar 17, 2026",9:33:30 AM PDT,,Google fee,,Pro Subscription (WF Solver),com.deepinkcode.wordfeudsolver,Subscription,prosub,a56x,SE,,72210,SEK,-3.36,0.699190,DKK,-2.35,prosubmonth,,4994183596643847628,Yes,15,SUBSCRIPTIONS,,In-app
GPA.3327-6709-2586-28473..13,"Mar 17, 2026",9:48:11 AM PDT,,Charge,,Pro Subscription (WF Solver),com.deepinkcode.wordfeudsolver,Subscription,prosub,,NL,,6971 HX,EUR,1.98,7.471900,DKK,14.79,prosubmonth,,4994183596643847628,Yes,,,,
GPA.3327-6709-2586-28473..13,"Mar 17, 2026",9:48:11 AM PDT,,Google fee,,Pro Subscription (WF Solver),com.deepinkcode.wordfeudsolver,Subscription,prosub,,NL,,6971 HX,EUR,-0.30,7.471900,DKK,-2.24,prosubmonth,,4994183596643847628,Yes,15,SUBSCRIPTIONS,,
GPA.3329-3161-2813-90239..16,"Mar 17, 2026",9:59:52 AM PDT,,Charge,,Pro Subscription (WF Solver),com.deepinkcode.wordfeudsolver,Subscription,prosub,,NL,,9611AS,EUR,1.98,7.471900,DKK,14.79,prosubmonth,,4994183596643847628,Yes,,,,
GPA.3329-3161-2813-90239..16,"Mar 17, 2026",9:59:52 AM PDT,,Google fee,,Pro Subscription (WF Solver),com.deepinkcode.wordfeudsolver,Subscription,prosub,,NL,,9611AS,EUR,-0.30,7.471900,DKK,-2.24,prosubmonth,,4994183596643847628,Yes,15,SUBSCRIPTIONS,,
GPA.3366-0909-0965-74927..2,"Mar 17, 2026",10:37:16 AM PDT,,Charge,,Pro Subscription (WF Solver),com.deepinkcode.wordfeudsolver,Subscription,prosub,,NL,,7325AP,EUR,1.98,7.472200,DKK,14.79,prosubmonth,,4994183596643847628,Yes,,,,
GPA.3366-0909-0965-74927..2,"Mar 17, 2026",10:37:16 AM PDT,,Google fee,,Pro Subscription (WF Solver),com.deepinkcode.wordfeudsolver,Subscription,prosub,,NL,,7325AP,EUR,-0.30,7.472200,DKK,-2.24,prosubmonth,,4994183596643847628,Yes,15,SUBSCRIPTIONS,,
GPA.3323-7095-0468-40576..8,"Mar 17, 2026",10:42:30 AM PDT,,Charge,,Pro Subscription (WF Solver),com.deepinkcode.wordfeudsolver,Subscription,prosub,,NL,,3281SV,EUR,1.98,7.472200,DKK,14.79,prosubmonth,,4994183596643847628,Yes,,,,
GPA.3323-7095-0468-40576..8,"Mar 17, 2026",10:42:30 AM PDT,,Google fee,,Pro Subscription (WF Solver),com.deepinkcode.wordfeudsolver,Subscription,prosub,,NL,,3281SV,EUR,-0.30,7.472200,DKK,-2.24,prosubmonth,,4994183596643847628,Yes,15,SUBSCRIPTIONS,,
GPA.3367-6951-3324-00753..0,"Mar 17, 2026",11:13:22 AM PDT,,Charge,,Pro Subscription (WF Solver),com.deepinkcode.wordfeudsolver,Subscription,prosub,,SE,,63517,SEK,22.40,0.697670,DKK,15.63,prosubmonth,,4994183596643847628,Yes,,,,
GPA.3367-6951-3324-00753..0,"Mar 17, 2026",11:13:22 AM PDT,,Google fee,,Pro Subscription (WF Solver),com.deepinkcode.wordfeudsolver,Subscription,prosub,,SE,,63517,SEK,-3.36,0.697670,DKK,-2.35,prosubmonth,,4994183596643847628,Yes,15,SUBSCRIPTIONS,,
GPA.3321-0716-9923-13050..13,"Mar 17, 2026",12:11:37 PM PDT,,Charge,,Pro Subscription (WF Solver),com.deepinkcode.wordfeudsolver,Subscription,prosub,,SE,,41720,SEK,23.20,0.698200,DKK,16.20,prosubmonth,,4994183596643847628,Yes,,,,
GPA.3321-0716-9923-13050..13,"Mar 17, 2026",12:11:37 PM PDT,,Google fee,,Pro Subscription (WF Solver),com.deepinkcode.wordfeudsolver,Subscription,prosub,,SE,,41720,SEK,-3.48,0.698200,DKK,-2.43,prosubmonth,,4994183596643847628,Yes,15,SUBSCRIPTIONS,,
GPA.3303-4855-0897-27148..8,"Mar 17, 2026",12:33:21 PM PDT,,Charge,,Pro Subscription (WF Solver),com.deepinkcode.wordfeudsolver,Subscription,prosub,,NL,,1065 HG,EUR,1.98,7.472400,DKK,14.80,prosubmonth,,4994183596643847628,Yes,,,,
GPA.3303-4855-0897-27148..8,"Mar 17, 2026",12:33:21 PM PDT,,Google fee,,Pro Subscription (WF Solver),com.deepinkcode.wordfeudsolver,Subscription,prosub,,NL,,1065 HG,EUR,-0.30,7.472400,DKK,-2.25,prosubmonth,,4994183596643847628,Yes,15,SUBSCRIPTIONS,,
GPA.3373-8868-8811-26876..0,"Mar 17, 2026",12:34:50 PM PDT,,Charge,,Pro Subscription (WF Solver),com.deepinkcode.wordfeudsolver,Subscription,prosub,,SE,,54138,SEK,22.40,0.698200,DKK,15.64,prosubmonth,,4994183596643847628,Yes,,,,
GPA.3373-8868-8811-26876..0,"Mar 17, 2026",12:34:50 PM PDT,,Google fee,,Pro Subscription (WF Solver),com.deepinkcode.wordfeudsolver,Subscription,prosub,,SE,,54138,SEK,-3.36,0.698200,DKK,-2.35,prosubmonth,,4994183596643847628,Yes,15,SUBSCRIPTIONS,,
GPA.3319-1435-2391-93140..7,"Mar 17, 2026",1:09:02 PM PDT,,Charge,,Pro Subscription (WF Solver),com.deepinkcode.wordfeudsolver,Subscription,prosub,,NL,,3811 BJ,EUR,1.98,7.472700,DKK,14.80,prosubmonth,,4994183596643847628,Yes,,,,
GPA.3319-1435-2391-93140..7,"Mar 17, 2026",1:09:02 PM PDT,,Google fee,,Pro Subscription (WF Solver),com.deepinkcode.wordfeudsolver,Subscription,prosub,,NL,,3811 BJ,EUR,-0.30,7.472700,DKK,-2.25,prosubmonth,,4994183596643847628,Yes,15,SUBSCRIPTIONS,,
GPA.3309-3932-0646-61025..4,"Mar 17, 2026",1:54:04 PM PDT,,Charge,,Pro Subscription (WF Solver),com.deepinkcode.wordfeudsolver,Subscription,prosub,,NL,,1363LT,EUR,1.98,7.472700,DKK,14.80,prosubmonth,,4994183596643847628,Yes,,,,
GPA.3309-3932-0646-61025..4,"Mar 17, 2026",1:54:04 PM PDT,,Google fee,,Pro Subscription (WF Solver),com.deepinkcode.wordfeudsolver,Subscription,prosub,,NL,,1363LT,EUR,-0.30,7.472700,DKK,-2.25,prosubmonth,,4994183596643847628,Yes,15,SUBSCRIPTIONS,,
GPA.3363-7047-0256-63465..0,"Mar 17, 2026",1:57:33 PM PDT,,Charge,,Pro Subscription (Words With Friends Solver),com.deepinkcode.wordswithfriendssolver,Subscription,prosub,,US,NJ,08201,USD,2.49,6.476200,DKK,16.13,prosub,,4994183596643847628,Yes,,,,
GPA.3363-7047-0256-63465..0,"Mar 17, 2026",1:57:33 PM PDT,,Google fee,,Pro Subscription (Words With Friends Solver),com.deepinkcode.wordswithfriendssolver,Subscription,prosub,,US,NJ,08201,USD,-0.37,6.476200,DKK,-2.40,prosub,,4994183596643847628,Yes,15,SUBSCRIPTIONS,,
GPA.3386-2137-2584-85771..0,"Mar 17, 2026",2:36:00 PM PDT,,Charge,,Pro Subscription (WF Solver),com.deepinkcode.wordfeudsolver,Subscription,prosub,,NL,,5401 ZL,EUR,1.98,7.472500,DKK,14.80,prosubmonth,,4994183596643847628,Yes,,,,
GPA.3386-2137-2584-85771..0,"Mar 17, 2026",2:36:00 PM PDT,,Google fee,,Pro Subscription (WF Solver),com.deepinkcode.wordfeudsolver,Subscription,prosub,,NL,,5401 ZL,EUR,-0.30,7.472500,DKK,-2.25,prosubmonth,,4994183596643847628,Yes,15,SUBSCRIPTIONS,,
GPA.3389-3065-1147-99908..3,"Mar 17, 2026",2:36:12 PM PDT,,Charge,,Pro Subscription (WF Solver),com.deepinkcode.wordfeudsolver,Subscription,prosub,,CA,QC,H1E 7A7,CAD,3.19,4.730300,DKK,15.09,prosubmonth,,4994183596643847628,Yes,,,,
GPA.3389-3065-1147-99908..3,"Mar 17, 2026",2:36:12 PM PDT,,Google fee,,Pro Subscription (WF Solver),com.deepinkcode.wordfeudsolver,Subscription,prosub,,CA,QC,H1E 7A7,CAD,-0.48,4.730300,DKK,-2.27,prosubmonth,,4994183596643847628,Yes,15,SUBSCRIPTIONS,,
GPA.3346-1767-7523-33396..0,"Mar 17, 2026",2:51:02 PM PDT,,Charge,,Pro Subscription (WF Solver),com.deepinkcode.wordfeudsolver,Subscription,prosub,,DK,,9700,DKK,15.20,1.000000,DKK,15.20,prosubmonth,,4994183596643847628,Yes,,,,
GPA.3346-1767-7523-33396..0,"Mar 17, 2026",2:51:02 PM PDT,,Google fee,,Pro Subscription (WF Solver),com.deepinkcode.wordfeudsolver,Subscription,prosub,,DK,,9700,DKK,-2.28,1.000000,DKK,-2.28,prosubmonth,,4994183596643847628,Yes,15,SUBSCRIPTIONS,,
GPA.3387-8745-2916-72623..0,"Mar 17, 2026",3:04:05 PM PDT,,Charge,,Pro Subscription (WF Solver),com.deepinkcode.wordfeudsolver,Subscription,prosub,,DK,,8220,DKK,15.20,1.000000,DKK,15.20,prosubmonth,,4994183596643847628,Yes,,,,
GPA.3387-8745-2916-72623..0,"Mar 17, 2026",3:04:05 PM PDT,,Google fee,,Pro Subscription (WF Solver),com.deepinkcode.wordfeudsolver,Subscription,prosub,,DK,,8220,DKK,-2.28,1.000000,DKK,-2.28,prosubmonth,,4994183596643847628,Yes,15,SUBSCRIPTIONS,,
GPA.3348-0267-0421-03675..1,"Mar 17, 2026",3:05:57 PM PDT,,Charge,,Pro Subscription (WF Solver),com.deepinkcode.wordfeudsolver,Subscription,prosub,,NL,,3011BT,EUR,1.98,7.472400,DKK,14.80,prosubmonth,,4994183596643847628,Yes,,,,
GPA.3348-0267-0421-03675..1,"Mar 17, 2026",3:05:57 PM PDT,,Google fee,,Pro Subscription (WF Solver),com.deepinkcode.wordfeudsolver,Subscription,prosub,,NL,,3011BT,EUR,-0.30,7.472400,DKK,-2.25,prosubmonth,,4994183596643847628,Yes,15,SUBSCRIPTIONS,,
GPA.3370-0099-7253-31054..2,"Mar 17, 2026",3:09:34 PM PDT,,Charge,,Pro Subscription (Words With Friends Solver),com.deepinkcode.wordswithfriendssolver,Subscription,prosub,,US,PA,18330,USD,2.49,6.477400,DKK,16.13,prosub,,4994183596643847628,Yes,,,,
GPA.3370-0099-7253-31054..2,"Mar 17, 2026",3:09:34 PM PDT,,Google fee,,Pro Subscription (Words With Friends Solver),com.deepinkcode.wordswithfriendssolver,Subscription,prosub,,US,PA,18330,USD,-0.37,6.477400,DKK,-2.40,prosub,,4994183596643847628,Yes,15,SUBSCRIPTIONS,,
GPA.3320-4680-3427-33461,"Mar 17, 2026",3:26:52 PM PDT,,Charge refund,Full,Pro Subscription (Scrabble GO Cheat),com.deepinkcode.scrabblegocheat,Subscription,prosub,b0s,GB,,HP199DP,GBP,-1.74,8.658900,DKK,-15.07,prosubmonth,,4994183596643847628,Yes,,,,In-app
GPA.3320-4680-3427-33461,"Mar 17, 2026",3:26:52 PM PDT,,Google fee refund,Full,Pro Subscription (Scrabble GO Cheat),com.deepinkcode.scrabblegocheat,Subscription,prosub,b0s,GB,,HP199DP,GBP,0.26,8.658900,DKK,2.25,prosubmonth,,4994183596643847628,Yes,15,SUBSCRIPTIONS,,In-app
GPA.3343-9947-5001-67687..1,"Mar 17, 2026",3:50:20 PM PDT,,Charge,,Pro Subscription (Words With Friends Solver),com.deepinkcode.wordswithfriendssolver,Subscription,prosub,,US,WI,53095,USD,2.49,6.477400,DKK,16.13,prosub,,4994183596643847628,Yes,,,,
GPA.3343-9947-5001-67687..1,"Mar 17, 2026",3:50:20 PM PDT,,Google fee,,Pro Subscription (Words With Friends Solver),com.deepinkcode.wordswithfriendssolver,Subscription,prosub,,US,WI,53095,USD,-0.37,6.477400,DKK,-2.40,prosub,,4994183596643847628,Yes,15,SUBSCRIPTIONS,,
GPA.3345-2774-4024-81371..4,"Mar 17, 2026",4:38:39 PM PDT,,Charge,,Pro Subscription (Words With Friends Solver),com.deepinkcode.wordswithfriendssolver,Subscription,prosub,,US,OH,44515,USD,2.49,6.475800,DKK,16.12,prosub,,4994183596643847628,Yes,,,,
GPA.3345-2774-4024-81371..4,"Mar 17, 2026",4:38:39 PM PDT,,Google fee,,Pro Subscription (Words With Friends Solver),com.deepinkcode.wordswithfriendssolver,Subscription,prosub,,US,OH,44515,USD,-0.37,6.475800,DKK,-2.40,prosub,,4994183596643847628,Yes,15,SUBSCRIPTIONS,,
GPA.3324-3396-4930-89935..8,"Mar 17, 2026",9:51:01 PM PDT,,Charge,,Pro Subscription (Words With Friends Solver),com.deepinkcode.wordswithfriendssolver,Subscription,prosub,,US,NC,28269,USD,1.99,6.479300,DKK,12.89,prosub,,4994183596643847628,Yes,,,,
GPA.3324-3396-4930-89935..8,"Mar 17, 2026",9:51:01 PM PDT,,Google fee,,Pro Subscription (Words With Friends Solver),com.deepinkcode.wordswithfriendssolver,Subscription,prosub,,US,NC,28269,USD,-0.30,6.479300,DKK,-1.94,prosub,,4994183596643847628,Yes,15,SUBSCRIPTIONS,,
GPA.3382-9703-4143-87889..7,"Mar 17, 2026",11:53:18 PM PDT,,Charge,,Pro Subscription (WF Solver),com.deepinkcode.wordfeudsolver,Subscription,prosub,,SE,,451 51,SEK,23.20,0.698290,DKK,16.20,prosubmonth,,4994183596643847628,Yes,,,,
GPA.3382-9703-4143-87889..7,"Mar 17, 2026",11:53:18 PM PDT,,Google fee,,Pro Subscription (WF Solver),com.deepinkcode.wordfeudsolver,Subscription,prosub,,SE,,451 51,SEK,-3.48,0.698290,DKK,-2.43,prosubmonth,,4994183596643847628,Yes,15,SUBSCRIPTIONS,,
GPA.3356-4518-6380-07085..0,"Mar 18, 2026",12:59:14 AM PDT,,Charge,,Pro Subscription (Words With Friends Solver),com.deepinkcode.wordswithfriendssolver,Subscription,prosub,,US,OH,43123,USD,2.49,6.471900,DKK,16.12,prosub,,4994183596643847628,Yes,,,,
GPA.3356-4518-6380-07085..0,"Mar 18, 2026",12:59:14 AM PDT,,Google fee,,Pro Subscription (Words With Friends Solver),com.deepinkcode.wordswithfriendssolver,Subscription,prosub,,US,OH,43123,USD,-0.37,6.471900,DKK,-2.39,prosub,,4994183596643847628,Yes,15,SUBSCRIPTIONS,,
GPA.3367-4293-2608-03722..12,"Mar 18, 2026",1:36:39 AM PDT,,Charge,,Pro Subscription (WF Solver),com.deepinkcode.wordfeudsolver,Subscription,prosub,,NO,,0461,NOK,24.00,0.676600,DKK,16.24,prosubmonth,,4994183596643847628,Yes,,,,
GPA.3367-4293-2608-03722..12,"Mar 18, 2026",1:36:39 AM PDT,,Google fee,,Pro Subscription (WF Solver),com.deepinkcode.wordfeudsolver,Subscription,prosub,,NO,,0461,NOK,-3.60,0.676600,DKK,-2.44,prosubmonth,,4994183596643847628,Yes,15,SUBSCRIPTIONS,,
GPA.3321-0471-7735-60421,"Mar 18, 2026",3:39:16 AM PDT,,Charge,,Pro Subscription (WF Solver),com.deepinkcode.wordfeudsolver,Subscription,prosub,e3q,SE,,731 40,SEK,22.40,0.697700,DKK,15.63,prosubmonth,,4994183596643847628,Yes,,,,In-app
GPA.3321-0471-7735-60421,"Mar 18, 2026",3:39:16 AM PDT,,Google fee,,Pro Subscription (WF Solver),com.deepinkcode.wordfeudsolver,Subscription,prosub,e3q,SE,,731 40,SEK,-3.36,0.697700,DKK,-2.35,prosubmonth,,4994183596643847628,Yes,15,SUBSCRIPTIONS,,In-app
GPA.3321-0700-5840-12383,"Mar 18, 2026",6:46:39 AM PDT,,Charge,,Pro (WF Solver),com.deepinkcode.wordfeudsolver,One-time product,pro,e1s,NO,,9442,NOK,287.20,0.675390,DKK,193.97,legacy-base,,4994183596643847628,Yes,,,,In-app
GPA.3321-0700-5840-12383,"Mar 18, 2026",6:46:39 AM PDT,,Google fee,,Pro (WF Solver),com.deepinkcode.wordfeudsolver,One-time product,pro,e1s,NO,,9442,NOK,-43.08,0.675390,DKK,-29.09,legacy-base,,4994183596643847628,Yes,15,,,In-app
GPA.3332-0519-5369-56585..0,"Mar 18, 2026",7:09:48 AM PDT,,Charge,,Pro Subscription (WF Solver),com.deepinkcode.wordfeudsolver,Subscription,prosub,,NL,,4501HE,EUR,1.98,7.472000,DKK,14.79,prosubmonth,,4994183596643847628,Yes,,,,
GPA.3332-0519-5369-56585..0,"Mar 18, 2026",7:09:48 AM PDT,,Google fee,,Pro Subscription (WF Solver),com.deepinkcode.wordfeudsolver,Subscription,prosub,,NL,,4501HE,EUR,-0.30,7.472000,DKK,-2.24,prosubmonth,,4994183596643847628,Yes,15,SUBSCRIPTIONS,,
GPA.3368-8896-2677-27067,"Mar 18, 2026",7:23:22 AM PDT,,Charge,,Pro Subscription (WF Solver),com.deepinkcode.wordfeudsolver,Subscription,prosub,husky,NL,,6835 EM,EUR,1.98,7.472000,DKK,14.79,prosubmonth,,4994183596643847628,Yes,,,,Play store
GPA.3368-8896-2677-27067,"Mar 18, 2026",7:23:22 AM PDT,,Google fee,,Pro Subscription (WF Solver),com.deepinkcode.wordfeudsolver,Subscription,prosub,husky,NL,,6835 EM,EUR,-0.30,7.472000,DKK,-2.24,prosubmonth,,4994183596643847628,Yes,15,SUBSCRIPTIONS,,Play store
GPA.3340-4907-8417-35378,"Mar 18, 2026",7:37:20 AM PDT,,Charge,,Pro Subscription (WF Solver),com.deepinkcode.wordfeudsolver,Subscription,prosub,tegu,SE,,22479,SEK,22.40,0.693680,DKK,15.54,prosubmonth,,4994183596643847628,Yes,,,,In-app
GPA.3340-4907-8417-35378,"Mar 18, 2026",7:37:20 AM PDT,,Google fee,,Pro Subscription (WF Solver),com.deepinkcode.wordfeudsolver,Subscription,prosub,tegu,SE,,22479,SEK,-3.36,0.693680,DKK,-2.33,prosubmonth,,4994183596643847628,Yes,15,SUBSCRIPTIONS,,In-app
GPA.3323-8843-1766-57856,"Mar 18, 2026",7:39:05 AM PDT,,Charge,,Pro Subscription (Words With Friends Solver),com.deepinkcode.wordswithfriendssolver,Subscription,prosub,panther,US,NY,13332,USD,2.49,6.494300,DKK,16.17,prosub,,4994183596643847628,Yes,,,,In-app
GPA.3323-8843-1766-57856,"Mar 18, 2026",7:39:05 AM PDT,,Google fee,,Pro Subscription (Words With Friends Solver),com.deepinkcode.wordswithfriendssolver,Subscription,prosub,panther,US,NY,13332,USD,-0.37,6.494300,DKK,-2.40,prosub,,4994183596643847628,Yes,15,SUBSCRIPTIONS,,In-app
GPA.3387-4912-1327-17980..3,"Mar 18, 2026",8:14:40 AM PDT,,Charge,,Pro Subscription (WF Solver),com.deepinkcode.wordfeudsolver,Subscription,prosub,,NO,,4200,NOK,24.00,0.678430,DKK,16.28,prosubmonth,,4994183596643847628,Yes,,,,
GPA.3387-4912-1327-17980..3,"Mar 18, 2026",8:14:40 AM PDT,,Google fee,,Pro Subscription (WF Solver),com.deepinkcode.wordfeudsolver,Subscription,prosub,,NO,,4200,NOK,-3.60,0.678430,DKK,-2.44,prosubmonth,,4994183596643847628,Yes,15,SUBSCRIPTIONS,,
GPA.3365-8844-4188-54190,"Mar 18, 2026",8:48:43 AM PDT,,Charge,,Pro Subscription (Words With Friends Solver),com.deepinkcode.wordswithfriendssolver,Subscription,prosub,pa2q,US,TX,75160,USD,2.49,6.487600,DKK,16.15,prosub,,4994183596643847628,Yes,,,,In-app
GPA.3365-8844-4188-54190,"Mar 18, 2026",8:48:43 AM PDT,,Google fee,,Pro Subscription (Words With Friends Solver),com.deepinkcode.wordswithfriendssolver,Subscription,prosub,pa2q,US,TX,75160,USD,-0.37,6.487600,DKK,-2.40,prosub,,4994183596643847628,Yes,15,SUBSCRIPTIONS,,In-app
GPA.3364-5939-3469-54865..12,"Mar 18, 2026",11:24:54 AM PDT,,Charge,,Pro Subscription (WF Solver),com.deepinkcode.wordfeudsolver,Subscription,prosub,,NL,,2283TK,EUR,1.98,7.472600,DKK,14.80,prosubmonth,,4994183596643847628,Yes,,,,
GPA.3364-5939-3469-54865..12,"Mar 18, 2026",11:24:54 AM PDT,,Google fee,,Pro Subscription (WF Solver),com.deepinkcode.wordfeudsolver,Subscription,prosub,,NL,,2283TK,EUR,-0.30,7.472600,DKK,-2.25,prosubmonth,,4994183596643847628,Yes,15,SUBSCRIPTIONS,,
GPA.3372-7817-8359-21191..0,"Mar 18, 2026",11:40:34 AM PDT,,Charge,,Pro Subscription (WF Solver),com.deepinkcode.wordfeudsolver,Subscription,prosub,,NL,,3434 CK,EUR,1.98,7.472600,DKK,14.80,prosubmonth,,4994183596643847628,Yes,,,,
GPA.3372-7817-8359-21191..0,"Mar 18, 2026",11:40:34 AM PDT,,Google fee,,Pro Subscription (WF Solver),com.deepinkcode.wordfeudsolver,Subscription,prosub,,NL,,3434 CK,EUR,-0.30,7.472600,DKK,-2.25,prosubmonth,,4994183596643847628,Yes,15,SUBSCRIPTIONS,,
GPA.3323-1528-7112-43716..13,"Mar 18, 2026",12:08:46 PM PDT,,Charge,,Pro Subscription (WF Solver),com.deepinkcode.wordfeudsolver,Subscription,prosub,,SE,,63220,SEK,23.20,0.695370,DKK,16.13,prosubmonth,,4994183596643847628,Yes,,,,
GPA.3323-1528-7112-43716..13,"Mar 18, 2026",12:08:46 PM PDT,,Google fee,,Pro Subscription (WF Solver),com.deepinkcode.wordfeudsolver,Subscription,prosub,,SE,,63220,SEK,-3.48,0.695370,DKK,-2.42,prosubmonth,,4994183596643847628,Yes,15,SUBSCRIPTIONS,,
GPA.3325-0002-5159-90927..2,"Mar 18, 2026",12:16:42 PM PDT,,Charge,,Pro Subscription (Words With Friends Solver),com.deepinkcode.wordswithfriendssolver,Subscription,prosub,,US,AL,35077,USD,2.49,6.487600,DKK,16.15,prosub,,4994183596643847628,Yes,,,,
GPA.3325-0002-5159-90927..2,"Mar 18, 2026",12:16:42 PM PDT,,Google fee,,Pro Subscription (Words With Friends Solver),com.deepinkcode.wordswithfriendssolver,Subscription,prosub,,US,AL,35077,USD,-0.37,6.487600,DKK,-2.40,prosub,,4994183596643847628,Yes,15,SUBSCRIPTIONS,,
GPA.3338-6474-5698-76087..10,"Mar 18, 2026",1:17:12 PM PDT,,Charge,,Pro Subscription (WF Solver),com.deepinkcode.wordfeudsolver,Subscription,prosub,,DK,,2750,DKK,15.20,1.000000,DKK,15.20,prosubmonth,,4994183596643847628,Yes,,,,
GPA.3338-6474-5698-76087..10,"Mar 18, 2026",1:17:12 PM PDT,,Google fee,,Pro Subscription (WF Solver),com.deepinkcode.wordfeudsolver,Subscription,prosub,,DK,,2750,DKK,-2.28,1.000000,DKK,-2.28,prosubmonth,,4994183596643847628,Yes,15,SUBSCRIPTIONS,,
GPA.3355-0672-2385-04284..14,"Mar 18, 2026",1:20:23 PM PDT,,Charge,,Pro Subscription (WF Solver),com.deepinkcode.wordfeudsolver,Subscription,prosub,,NO,,3090,NOK,23.20,0.678290,DKK,15.74,prosubmonth,,4994183596643847628,Yes,,,,
GPA.3355-0672-2385-04284..14,"Mar 18, 2026",1:20:23 PM PDT,,Google fee,,Pro Subscription (WF Solver),com.deepinkcode.wordfeudsolver,Subscription,prosub,,NO,,3090,NOK,-3.48,0.678290,DKK,-2.36,prosubmonth,,4994183596643847628,Yes,15,SUBSCRIPTIONS,,
GPA.3323-6640-7149-89332..12,"Mar 18, 2026",1:22:50 PM PDT,,Charge,,Pro Subscription (WF Solver),com.deepinkcode.wordfeudsolver,Subscription,prosub,,NL,,6932AC,EUR,1.98,7.472800,DKK,14.80,prosubmonth,,4994183596643847628,Yes,,,,
GPA.3323-6640-7149-89332..12,"Mar 18, 2026",1:22:50 PM PDT,,Google fee,,Pro Subscription (WF Solver),com.deepinkcode.wordfeudsolver,Subscription,prosub,,NL,,6932AC,EUR,-0.30,7.472800,DKK,-2.25,prosubmonth,,4994183596643847628,Yes,15,SUBSCRIPTIONS,,
GPA.3326-8067-6303-91090..12,"Mar 18, 2026",1:37:23 PM PDT,,Charge,,Pro Subscription (WF Solver),com.deepinkcode.wordfeudsolver,Subscription,prosub,,SE,,25351,SEK,23.20,0.693750,DKK,16.10,prosubmonth,,4994183596643847628,Yes,,,,
GPA.3326-8067-6303-91090..12,"Mar 18, 2026",1:37:23 PM PDT,,Google fee,,Pro Subscription (WF Solver),com.deepinkcode.wordfeudsolver,Subscription,prosub,,SE,,25351,SEK,-3.48,0.693750,DKK,-2.42,prosubmonth,,4994183596643847628,Yes,15,SUBSCRIPTIONS,,
GPA.3392-2130-2389-82275..4,"Mar 18, 2026",1:46:59 PM PDT,,Charge,,Pro Subscription (Words With Friends Solver),com.deepinkcode.wordswithfriendssolver,Subscription,prosub,,US,CA,92545,USD,2.49,6.510300,DKK,16.21,prosub,,4994183596643847628,Yes,,,,
GPA.3392-2130-2389-82275..4,"Mar 18, 2026",1:46:59 PM PDT,,Google fee,,Pro Subscription (Words With Friends Solver),com.deepinkcode.wordswithfriendssolver,Subscription,prosub,,US,CA,92545,USD,-0.37,6.510300,DKK,-2.41,prosub,,4994183596643847628,Yes,15,SUBSCRIPTIONS,,
GPA.3377-1223-1743-96147..2,"Mar 18, 2026",2:28:48 PM PDT,,Charge,,Pro Subscription (Words With Friends Solver),com.deepinkcode.wordswithfriendssolver,Subscription,prosub,,US,NY,10308,USD,2.49,6.515700,DKK,16.22,prosub,,4994183596643847628,Yes,,,,
GPA.3377-1223-1743-96147..2,"Mar 18, 2026",2:28:48 PM PDT,,Google fee,,Pro Subscription (Words With Friends Solver),com.deepinkcode.wordswithfriendssolver,Subscription,prosub,,US,NY,10308,USD,-0.37,6.515700,DKK,-2.41,prosub,,4994183596643847628,Yes,15,SUBSCRIPTIONS,,
GPA.3354-6988-6783-24362..6,"Mar 18, 2026",2:31:17 PM PDT,,Charge,,Pro Subscription (WF Solver),com.deepinkcode.wordfeudsolver,Subscription,prosub,,NL,,4817 DE,EUR,1.98,7.472600,DKK,14.80,prosubmonth,,4994183596643847628,Yes,,,,
GPA.3354-6988-6783-24362..6,"Mar 18, 2026",2:31:17 PM PDT,,Google fee,,Pro Subscription (WF Solver),com.deepinkcode.wordfeudsolver,Subscription,prosub,,NL,,4817 DE,EUR,-0.30,7.472600,DKK,-2.25,prosubmonth,,4994183596643847628,Yes,15,SUBSCRIPTIONS,,
GPA.3302-0952-5014-10332..11,"Mar 18, 2026",2:32:38 PM PDT,,Charge,,Pro Subscription (WF Solver),com.deepinkcode.wordfeudsolver,Subscription,prosub,,NO,,8028,NOK,24.00,0.678190,DKK,16.28,prosubmonth,,4994183596643847628,Yes,,,,
GPA.3302-0952-5014-10332..11,"Mar 18, 2026",2:32:38 PM PDT,,Google fee,,Pro Subscription (WF Solver),com.deepinkcode.wordfeudsolver,Subscription,prosub,,NO,,8028,NOK,-3.60,0.678190,DKK,-2.44,prosubmonth,,4994183596643847628,Yes,15,SUBSCRIPTIONS,,
GPA.3343-4501-7943-18357..3,"Mar 18, 2026",3:20:59 PM PDT,,Charge,,Pro Subscription (Scrabble GO Cheat),com.deepinkcode.scrabblegocheat,Subscription,prosub,,GB,,KA7 3EJ,GBP,1.74,8.650100,DKK,15.05,prosubmonth,,4994183596643847628,Yes,,,,
GPA.3343-4501-7943-18357..3,"Mar 18, 2026",3:20:59 PM PDT,,Google fee,,Pro Subscription (Scrabble GO Cheat),com.deepinkcode.scrabblegocheat,Subscription,prosub,,GB,,KA7 3EJ,GBP,-0.26,8.650100,DKK,-2.25,prosubmonth,,4994183596643847628,Yes,15,SUBSCRIPTIONS,,
GPA.3341-1776-3234-69401..5,"Mar 18, 2026",3:41:36 PM PDT,,Charge,,Pro Subscription (WF Solver),com.deepinkcode.wordfeudsolver,Subscription,prosub,,NL,,4617GA,EUR,1.98,7.472300,DKK,14.80,prosubmonth,,4994183596643847628,Yes,,,,
GPA.3341-1776-3234-69401..5,"Mar 18, 2026",3:41:36 PM PDT,,Google fee,,Pro Subscription (WF Solver),com.deepinkcode.wordfeudsolver,Subscription,prosub,,NL,,4617GA,EUR,-0.30,7.472300,DKK,-2.25,prosubmonth,,4994183596643847628,Yes,15,SUBSCRIPTIONS,,
GPA.3312-3722-2905-87893..0,"Mar 18, 2026",3:53:15 PM PDT,,Charge,,Pro Subscription (WF Solver),com.deepinkcode.wordfeudsolver,Subscription,prosub,,SE,,59838,SEK,22.40,0.692510,DKK,15.51,prosubmonth,,4994183596643847628,Yes,,,,
GPA.3312-3722-2905-87893..0,"Mar 18, 2026",3:53:15 PM PDT,,Google fee,,Pro Subscription (WF Solver),com.deepinkcode.wordfeudsolver,Subscription,prosub,,SE,,59838,SEK,-3.36,0.692510,DKK,-2.32,prosubmonth,,4994183596643847628,Yes,15,SUBSCRIPTIONS,,
GPA.3387-8712-2810-89895..2,"Mar 18, 2026",4:23:40 PM PDT,,Charge,,Pro Subscription (WF Solver),com.deepinkcode.wordfeudsolver,Subscription,prosub,,CA,ON,L8T 2N9,CAD,3.19,4.748200,DKK,15.15,prosubmonth,,4994183596643847628,Yes,,,,
GPA.3387-8712-2810-89895..2,"Mar 18, 2026",4:23:40 PM PDT,,Google fee,,Pro Subscription (WF Solver),com.deepinkcode.wordfeudsolver,Subscription,prosub,,CA,ON,L8T 2N9,CAD,-0.48,4.748200,DKK,-2.28,prosubmonth,,4994183596643847628,Yes,15,SUBSCRIPTIONS,,
GPA.3386-7764-5958-48202..2,"Mar 18, 2026",5:33:15 PM PDT,,Charge,,Pro Subscription (Words With Friends Solver),com.deepinkcode.wordswithfriendssolver,Subscription,prosub,,US,MA,02189,USD,2.49,6.521500,DKK,16.24,prosub,,4994183596643847628,Yes,,,,
GPA.3386-7764-5958-48202..2,"Mar 18, 2026",5:33:15 PM PDT,,Google fee,,Pro Subscription (Words With Friends Solver),com.deepinkcode.wordswithfriendssolver,Subscription,prosub,,US,MA,02189,USD,-0.37,6.521500,DKK,-2.41,prosub,,4994183596643847628,Yes,15,SUBSCRIPTIONS,,
GPA.3390-9172-8769-57901..0,"Mar 18, 2026",6:49:38 PM PDT,,Charge,,Pro Subscription (WF Solver),com.deepinkcode.wordfeudsolver,Subscription,prosub,,NO,,2430,NOK,24.00,0.678760,DKK,16.29,prosubmonth,,4994183596643847628,Yes,,,,
GPA.3390-9172-8769-57901..0,"Mar 18, 2026",6:49:38 PM PDT,,Google fee,,Pro Subscription (WF Solver),com.deepinkcode.wordfeudsolver,Subscription,prosub,,NO,,2430,NOK,-3.60,0.678760,DKK,-2.44,prosubmonth,,4994183596643847628,Yes,15,SUBSCRIPTIONS,,
GPA.3378-5682-4087-58828,"Mar 18, 2026",7:43:19 PM PDT,,Charge,,Pro Subscription (Words With Friends Solver),com.deepinkcode.wordswithfriendssolver,Subscription,prosub,pa3q,AU,,2640,AUD,3.63,4.587500,DKK,16.65,prosub,,4994183596643847628,Yes,,,,In-app
GPA.3378-5682-4087-58828,"Mar 18, 2026",7:43:19 PM PDT,,Google fee,,Pro Subscription (Words With Friends Solver),com.deepinkcode.wordswithfriendssolver,Subscription,prosub,pa3q,AU,,2640,AUD,-0.54,4.587500,DKK,-2.48,prosub,,4994183596643847628,Yes,15,SUBSCRIPTIONS,,In-app
GPA.3354-4035-6811-14852,"Mar 18, 2026",8:03:11 PM PDT,,Charge,,Pro (Words With Friends Solver),com.deepinkcode.wordswithfriendssolver,One-time product,pro,t2q,US,MI,49505,USD,27.99,6.511900,DKK,182.27,legacy-base,,4994183596643847628,Yes,,,,In-app
GPA.3354-4035-6811-14852,"Mar 18, 2026",8:03:11 PM PDT,,Google fee,,Pro (Words With Friends Solver),com.deepinkcode.wordswithfriendssolver,One-time product,pro,t2q,US,MI,49505,USD,-4.20,6.511900,DKK,-27.35,legacy-base,,4994183596643847628,Yes,15,,,In-app
GPA.3330-5445-1173-09354..3,"Mar 18, 2026",10:01:48 PM PDT,,Charge,,Pro Subscription (Words With Friends Solver),com.deepinkcode.wordswithfriendssolver,Subscription,prosub,,US,CA,92336,USD,2.49,6.512500,DKK,16.22,prosub,,4994183596643847628,Yes,,,,
GPA.3330-5445-1173-09354..3,"Mar 18, 2026",10:01:48 PM PDT,,Google fee,,Pro Subscription (Words With Friends Solver),com.deepinkcode.wordswithfriendssolver,Subscription,prosub,,US,CA,92336,USD,-0.37,6.512500,DKK,-2.41,prosub,,4994183596643847628,Yes,15,SUBSCRIPTIONS,,
GPA.3365-1609-3633-68456,"Mar 19, 2026",12:20:38 AM PDT,,Charge,,Pro (WF Solver),com.deepinkcode.wordfeudsolver,One-time product,pro,pa2q,NL,,3311WK,EUR,23.96,7.472700,DKK,179.05,legacy-base,,4994183596643847628,Yes,,,,In-app
GPA.3365-1609-3633-68456,"Mar 19, 2026",12:20:38 AM PDT,,Google fee,,Pro (WF Solver),com.deepinkcode.wordfeudsolver,One-time product,pro,pa2q,NL,,3311WK,EUR,-3.59,7.472700,DKK,-26.83,legacy-base,,4994183596643847628,Yes,15,,,In-app
GPA.3331-4292-8993-82628..4,"Mar 19, 2026",12:22:08 AM PDT,,Charge,,Pro Subscription (WF Solver),com.deepinkcode.wordfeudsolver,Subscription,prosub,,NO,,4389,NOK,24.00,0.679300,DKK,16.30,prosubmonth,,4994183596643847628,Yes,,,,
GPA.3331-4292-8993-82628..4,"Mar 19, 2026",12:22:08 AM PDT,,Google fee,,Pro Subscription (WF Solver),com.deepinkcode.wordfeudsolver,Subscription,prosub,,NO,,4389,NOK,-3.60,0.679300,DKK,-2.44,prosubmonth,,4994183596643847628,Yes,15,SUBSCRIPTIONS,,
GPA.3332-2055-9681-91862..4,"Mar 19, 2026",1:08:28 AM PDT,,Charge,,Pro Subscription (WF Solver),com.deepinkcode.wordfeudsolver,Subscription,prosub,,NO,,3145,NOK,24.00,0.679360,DKK,16.30,prosubmonth,,4994183596643847628,Yes,,,,
GPA.3332-2055-9681-91862..4,"Mar 19, 2026",1:08:28 AM PDT,,Google fee,,Pro Subscription (WF Solver),com.deepinkcode.wordfeudsolver,Subscription,prosub,,NO,,3145,NOK,-3.60,0.679360,DKK,-2.44,prosubmonth,,4994183596643847628,Yes,15,SUBSCRIPTIONS,,
GPA.3314-8410-8752-19274..4,"Mar 19, 2026",1:57:05 AM PDT,,Charge,,Pro Subscription (WF Solver),com.deepinkcode.wordfeudsolver,Subscription,prosub,,AU,WA,6171,AUD,3.63,4.587500,DKK,16.65,prosubmonth,,4994183596643847628,Yes,,,,
GPA.3314-8410-8752-19274..4,"Mar 19, 2026",1:57:05 AM PDT,,Google fee,,Pro Subscription (WF Solver),com.deepinkcode.wordfeudsolver,Subscription,prosub,,AU,WA,6171,AUD,-0.54,4.587500,DKK,-2.48,prosubmonth,,4994183596643847628,Yes,15,SUBSCRIPTIONS,,
GPA.3376-7164-9101-84548,"Mar 19, 2026",2:23:14 AM PDT,,Charge refund,Full,Pro Subscription (Words With Friends Solver),com.deepinkcode.wordswithfriendssolver,Subscription,prosub,r9q,US,UT,84043,USD,-2.49,6.537000,DKK,-16.28,prosub,,4994183596643847628,Yes,,,,In-app
GPA.3376-7164-9101-84548,"Mar 19, 2026",2:23:14 AM PDT,,Google fee refund,Full,Pro Subscription (Words With Friends Solver),com.deepinkcode.wordswithfriendssolver,Subscription,prosub,r9q,US,UT,84043,USD,0.37,6.537000,DKK,2.42,prosub,,4994183596643847628,Yes,15,SUBSCRIPTIONS,,In-app
GPA.3398-7575-2553-08732,"Mar 19, 2026",3:06:54 AM PDT,,Charge,,Pro Subscription (WF Solver),com.deepinkcode.wordfeudsolver,Subscription,prosub,e3q,NL,,4033 KA,EUR,1.98,7.472700,DKK,14.80,prosubmonth,,4994183596643847628,Yes,,,,In-app
GPA.3398-7575-2553-08732,"Mar 19, 2026",3:06:54 AM PDT,,Google fee,,Pro Subscription (WF Solver),com.deepinkcode.wordfeudsolver,Subscription,prosub,e3q,NL,,4033 KA,EUR,-0.30,7.472700,DKK,-2.25,prosubmonth,,4994183596643847628,Yes,15,SUBSCRIPTIONS,,In-app
GPA.3374-6914-5281-67964..4,"Mar 19, 2026",3:36:58 AM PDT,,Charge,,Pro Subscription (WF Solver),com.deepinkcode.wordfeudsolver,Subscription,prosub,,SE,,74961,SEK,22.40,0.693680,DKK,15.54,prosubmonth,,4994183596643847628,Yes,,,,
GPA.3374-6914-5281-67964..4,"Mar 19, 2026",3:36:58 AM PDT,,Google fee,,Pro Subscription (WF Solver),com.deepinkcode.wordfeudsolver,Subscription,prosub,,SE,,74961,SEK,-3.36,0.693680,DKK,-2.33,prosubmonth,,4994183596643847628,Yes,15,SUBSCRIPTIONS,,
GPA.3303-1909-6258-76008..13,"Mar 19, 2026",4:05:27 AM PDT,,Charge,,Pro Subscription (WF Solver),com.deepinkcode.wordfeudsolver,Subscription,prosub,,DK,,3200,DKK,15.20,1.000000,DKK,15.20,prosubmonth,,4994183596643847628,Yes,,,,
GPA.3303-1909-6258-76008..13,"Mar 19, 2026",4:05:27 AM PDT,,Google fee,,Pro Subscription (WF Solver),com.deepinkcode.wordfeudsolver,Subscription,prosub,,DK,,3200,DKK,-2.28,1.000000,DKK,-2.28,prosubmonth,,4994183596643847628,Yes,15,SUBSCRIPTIONS,,
GPA.3353-7900-6596-28449..3,"Mar 19, 2026",4:55:09 AM PDT,,Charge,,Pro Subscription (Words With Friends Solver),com.deepinkcode.wordswithfriendssolver,Subscription,prosub,,US,AZ,85382,USD,2.49,6.510400,DKK,16.21,prosub,,4994183596643847628,Yes,,,,
GPA.3353-7900-6596-28449..3,"Mar 19, 2026",4:55:09 AM PDT,,Google fee,,Pro Subscription (Words With Friends Solver),com.deepinkcode.wordswithfriendssolver,Subscription,prosub,,US,AZ,85382,USD,-0.37,6.510400,DKK,-2.41,prosub,,4994183596643847628,Yes,15,SUBSCRIPTIONS,,
GPA.3384-0956-3615-56554,"Mar 19, 2026",5:54:44 AM PDT,,Charge,,Pro Subscription (WF Solver),com.deepinkcode.wordfeudsolver,Subscription,prosub,dm1q,NL,,5707VP,EUR,1.98,7.471700,DKK,14.79,prosubmonth,,4994183596643847628,Yes,,,,In-app
GPA.3384-0956-3615-56554,"Mar 19, 2026",5:54:44 AM PDT,,Google fee,,Pro Subscription (WF Solver),com.deepinkcode.wordfeudsolver,Subscription,prosub,dm1q,NL,,5707VP,EUR,-0.30,7.471700,DKK,-2.24,prosubmonth,,4994183596643847628,Yes,15,SUBSCRIPTIONS,,In-app
GPA.3375-2395-2224-58576,"Mar 19, 2026",6:52:02 AM PDT,,Charge,,Pro Subscription (WF Solver),com.deepinkcode.wordfeudsolver,Subscription,prosub,e3q,NO,,4730,NOK,24.00,0.679640,DKK,16.31,prosubmonth,,4994183596643847628,Yes,,,,In-app
GPA.3375-2395-2224-58576,"Mar 19, 2026",6:52:02 AM PDT,,Google fee,,Pro Subscription (WF Solver),com.deepinkcode.wordfeudsolver,Subscription,prosub,e3q,NO,,4730,NOK,-3.60,0.679640,DKK,-2.45,prosubmonth,,4994183596643847628,Yes,15,SUBSCRIPTIONS,,In-app
GPA.3372-1403-6462-60870..7,"Mar 19, 2026",7:25:12 AM PDT,,Charge,,Pro Subscription (WF Solver),com.deepinkcode.wordfeudsolver,Subscription,prosub,,NL,,7006 KP,EUR,1.98,7.471800,DKK,14.79,prosubmonth,,4994183596643847628,Yes,,,,
GPA.3372-1403-6462-60870..7,"Mar 19, 2026",7:25:12 AM PDT,,Google fee,,Pro Subscription (WF Solver),com.deepinkcode.wordfeudsolver,Subscription,prosub,,NL,,7006 KP,EUR,-0.30,7.471800,DKK,-2.24,prosubmonth,,4994183596643847628,Yes,15,SUBSCRIPTIONS,,
GPA.3310-1256-6686-81586..17,"Mar 19, 2026",8:04:36 AM PDT,,Charge,,Pro Subscription (WF Solver),com.deepinkcode.wordfeudsolver,Subscription,prosub,,DK,,7200,DKK,15.20,1.000000,DKK,15.20,prosubmonth,,4994183596643847628,Yes,,,,
GPA.3310-1256-6686-81586..17,"Mar 19, 2026",8:04:36 AM PDT,,Google fee,,Pro Subscription (WF Solver),com.deepinkcode.wordfeudsolver,Subscription,prosub,,DK,,7200,DKK,-2.28,1.000000,DKK,-2.28,prosubmonth,,4994183596643847628,Yes,15,SUBSCRIPTIONS,,
GPA.3314-3998-1455-94771..0,"Mar 19, 2026",8:09:37 AM PDT,,Charge,,Pro Subscription (WF Solver),com.deepinkcode.wordfeudsolver,Subscription,prosub,,SE,,16552,SEK,22.40,0.692300,DKK,15.51,prosubmonth,,4994183596643847628,Yes,,,,
GPA.3314-3998-1455-94771..0,"Mar 19, 2026",8:09:37 AM PDT,,Google fee,,Pro Subscription (WF Solver),com.deepinkcode.wordfeudsolver,Subscription,prosub,,SE,,16552,SEK,-3.36,0.692300,DKK,-2.33,prosubmonth,,4994183596643847628,Yes,15,SUBSCRIPTIONS,,
GPA.3385-2538-5391-72655..1,"Mar 19, 2026",9:16:03 AM PDT,,Charge,,Pro Subscription (Words With Friends Solver),com.deepinkcode.wordswithfriendssolver,Subscription,prosub,,US,VA,23234,USD,2.49,6.488000,DKK,16.15,prosub,,4994183596643847628,Yes,,,,
GPA.3385-2538-5391-72655..1,"Mar 19, 2026",9:16:03 AM PDT,,Google fee,,Pro Subscription (Words With Friends Solver),com.deepinkcode.wordswithfriendssolver,Subscription,prosub,,US,VA,23234,USD,-0.37,6.488000,DKK,-2.40,prosub,,4994183596643847628,Yes,15,SUBSCRIPTIONS,,
GPA.3354-4720-8237-96446..3,"Mar 19, 2026",9:23:05 AM PDT,,Charge,,Pro Subscription (WF Solver),com.deepinkcode.wordfeudsolver,Subscription,prosub,,DK,,7200,DKK,15.20,1.000000,DKK,15.20,prosubmonth,,4994183596643847628,Yes,,,,
GPA.3354-4720-8237-96446..3,"Mar 19, 2026",9:23:05 AM PDT,,Google fee,,Pro Subscription (WF Solver),com.deepinkcode.wordfeudsolver,Subscription,prosub,,DK,,7200,DKK,-2.28,1.000000,DKK,-2.28,prosubmonth,,4994183596643847628,Yes,15,SUBSCRIPTIONS,,
GPA.3390-6208-0583-39837,"Mar 19, 2026",10:24:10 AM PDT,,Charge,,Pro (WF Solver),com.deepinkcode.wordfeudsolver,One-time product,pro,r0s,NL,,2404EX,EUR,23.96,7.471500,DKK,179.02,legacy-base,,4994183596643847628,Yes,,,,In-app
GPA.3390-6208-0583-39837,"Mar 19, 2026",10:24:10 AM PDT,,Google fee,,Pro (WF Solver),com.deepinkcode.wordfeudsolver,One-time product,pro,r0s,NL,,2404EX,EUR,-3.59,7.471500,DKK,-26.83,legacy-base,,4994183596643847628,Yes,15,,,In-app
GPA.3324-0885-9393-05689..15,"Mar 19, 2026",11:13:35 AM PDT,,Charge,,Pro Subscription (WF Solver),com.deepinkcode.wordfeudsolver,Subscription,prosub,,NO,,7332,NOK,23.20,0.680020,DKK,15.78,prosubmonth,,4994183596643847628,Yes,,,,
GPA.3324-0885-9393-05689..15,"Mar 19, 2026",11:13:35 AM PDT,,Google fee,,Pro Subscription (WF Solver),com.deepinkcode.wordfeudsolver,Subscription,prosub,,NO,,7332,NOK,-3.48,0.680020,DKK,-2.37,prosubmonth,,4994183596643847628,Yes,15,SUBSCRIPTIONS,,
GPA.3343-3134-1482-76889..12,"Mar 19, 2026",1:19:45 PM PDT,,Charge,,Pro Subscription (WF Solver),com.deepinkcode.wordfeudsolver,Subscription,prosub,,GB,,WF4 1LT,GBP,1.66,8.657100,DKK,14.37,prosubmonth,,4994183596643847628,Yes,,,,
GPA.3343-3134-1482-76889..12,"Mar 19, 2026",1:19:45 PM PDT,,Google fee,,Pro Subscription (WF Solver),com.deepinkcode.wordfeudsolver,Subscription,prosub,,GB,,WF4 1LT,GBP,-0.25,8.657100,DKK,-2.16,prosubmonth,,4994183596643847628,Yes,15,SUBSCRIPTIONS,,
GPA.3370-2247-9996-95513..1,"Mar 19, 2026",2:12:05 PM PDT,,Charge,,Pro Subscription (Words With Friends Solver),com.deepinkcode.wordswithfriendssolver,Subscription,prosub,,AU,,6051,AUD,3.63,4.568100,DKK,16.58,prosub,,4994183596643847628,Yes,,,,
GPA.3370-2247-9996-95513..1,"Mar 19, 2026",2:12:05 PM PDT,,Google fee,,Pro Subscription (Words With Friends Solver),com.deepinkcode.wordswithfriendssolver,Subscription,prosub,,AU,,6051,AUD,-0.54,4.568100,DKK,-2.47,prosub,,4994183596643847628,Yes,15,SUBSCRIPTIONS,,
GPA.3390-7775-0920-18642,"Mar 19, 2026",2:26:50 PM PDT,,Charge,,Pro Subscription (Words With Friends Solver),com.deepinkcode.wordswithfriendssolver,Subscription,prosub,e3q,US,NV,89142,USD,2.49,6.448800,DKK,16.06,prosub,,4994183596643847628,Yes,,,,In-app
GPA.3390-7775-0920-18642,"Mar 19, 2026",2:26:50 PM PDT,,Google fee,,Pro Subscription (Words With Friends Solver),com.deepinkcode.wordswithfriendssolver,Subscription,prosub,e3q,US,NV,89142,USD,-0.37,6.448800,DKK,-2.39,prosub,,4994183596643847628,Yes,15,SUBSCRIPTIONS,,In-app
GPA.3315-4051-4083-50456..12,"Mar 19, 2026",2:35:02 PM PDT,,Charge,,Pro Subscription (WF Solver),com.deepinkcode.wordfeudsolver,Subscription,prosub,,NL,,7471XV,EUR,1.98,7.471200,DKK,14.79,prosubmonth,,4994183596643847628,Yes,,,,
GPA.3315-4051-4083-50456..12,"Mar 19, 2026",2:35:02 PM PDT,,Google fee,,Pro Subscription (WF Solver),com.deepinkcode.wordfeudsolver,Subscription,prosub,,NL,,7471XV,EUR,-0.30,7.471200,DKK,-2.24,prosubmonth,,4994183596643847628,Yes,15,SUBSCRIPTIONS,,
GPA.3319-2961-5425-67465..0,"Mar 19, 2026",3:57:16 PM PDT,,Charge,,Pro Subscription (WF Solver),com.deepinkcode.wordfeudsolver,Subscription,prosub,,NL,,4731JG,EUR,1.98,7.471200,DKK,14.79,prosubmonth,,4994183596643847628,Yes,,,,
GPA.3319-2961-5425-67465..0,"Mar 19, 2026",3:57:16 PM PDT,,Google fee,,Pro Subscription (WF Solver),com.deepinkcode.wordfeudsolver,Subscription,prosub,,NL,,4731JG,EUR,-0.30,7.471200,DKK,-2.24,prosubmonth,,4994183596643847628,Yes,15,SUBSCRIPTIONS,,
GPA.3373-9218-0238-88897,"Mar 19, 2026",4:14:48 PM PDT,,Charge,,Pro Subscription (WF Solver),com.deepinkcode.wordfeudsolver,Subscription,prosub,o1s,DK,,9300,DKK,15.20,1.000000,DKK,15.20,prosubmonth,,4994183596643847628,Yes,,,,In-app
GPA.3373-9218-0238-88897,"Mar 19, 2026",4:14:48 PM PDT,,Google fee,,Pro Subscription (WF Solver),com.deepinkcode.wordfeudsolver,Subscription,prosub,o1s,DK,,9300,DKK,-2.28,1.000000,DKK,-2.28,prosubmonth,,4994183596643847628,Yes,15,SUBSCRIPTIONS,,In-app
GPA.3336-7071-9854-54058,"Mar 19, 2026",4:23:46 PM PDT,,Charge,,Pro (Words With Friends Solver),com.deepinkcode.wordswithfriendssolver,One-time product,pro,a15x,US,CA,92314,USD,27.99,6.443800,DKK,180.36,legacy-base,,4994183596643847628,Yes,,,,In-app
GPA.3336-7071-9854-54058,"Mar 19, 2026",4:23:46 PM PDT,,Google fee,,Pro (Words With Friends Solver),com.deepinkcode.wordswithfriendssolver,One-time product,pro,a15x,US,CA,92314,USD,-4.20,6.443800,DKK,-27.06,legacy-base,,4994183596643847628,Yes,15,,,In-app
GPA.3376-9722-3450-61178..16,"Mar 19, 2026",4:25:05 PM PDT,,Charge,,Pro Subscription (WF Solver),com.deepinkcode.wordfeudsolver,Subscription,prosub,,NO,,3928,NOK,23.20,0.679170,DKK,15.76,prosubmonth,,4994183596643847628,Yes,,,,
GPA.3376-9722-3450-61178..16,"Mar 19, 2026",4:25:05 PM PDT,,Google fee,,Pro Subscription (WF Solver),com.deepinkcode.wordfeudsolver,Subscription,prosub,,NO,,3928,NOK,-3.48,0.679170,DKK,-2.37,prosubmonth,,4994183596643847628,Yes,15,SUBSCRIPTIONS,,
GPA.3366-9653-2671-60134..1,"Mar 19, 2026",5:39:03 PM PDT,,Charge,,Pro Subscription (WF Solver),com.deepinkcode.wordfeudsolver,Subscription,prosub,,US,TX,75052,USD,2.49,6.451400,DKK,16.06,prosubmonth,,4994183596643847628,Yes,,,,
GPA.3366-9653-2671-60134..1,"Mar 19, 2026",5:39:03 PM PDT,,Google fee,,Pro Subscription (WF Solver),com.deepinkcode.wordfeudsolver,Subscription,prosub,,US,TX,75052,USD,-0.37,6.451400,DKK,-2.39,prosubmonth,,4994183596643847628,Yes,15,SUBSCRIPTIONS,,
GPA.3359-4974-4228-98170..8,"Mar 19, 2026",6:59:21 PM PDT,,Charge,,Pro Subscription (WF Solver),com.deepinkcode.wordfeudsolver,Subscription,prosub,,SE,,73061,SEK,23.20,0.694240,DKK,16.11,prosubmonth,,4994183596643847628,Yes,,,,
GPA.3359-4974-4228-98170..8,"Mar 19, 2026",6:59:21 PM PDT,,Google fee,,Pro Subscription (WF Solver),com.deepinkcode.wordfeudsolver,Subscription,prosub,,SE,,73061,SEK,-3.48,0.694240,DKK,-2.42,prosubmonth,,4994183596643847628,Yes,15,SUBSCRIPTIONS,,
GPA.3300-0352-6393-97303..16,"Mar 19, 2026",7:34:47 PM PDT,,Charge,,Pro Subscription (WF Solver),com.deepinkcode.wordfeudsolver,Subscription,prosub,,US,FL,33169,USD,1.99,6.454000,DKK,12.84,prosubmonth,,4994183596643847628,Yes,,,,
GPA.3300-0352-6393-97303..16,"Mar 19, 2026",7:34:47 PM PDT,,Google fee,,Pro Subscription (WF Solver),com.deepinkcode.wordfeudsolver,Subscription,prosub,,US,FL,33169,USD,-0.30,6.454000,DKK,-1.94,prosubmonth,,4994183596643847628,Yes,15,SUBSCRIPTIONS,,
GPA.3355-4944-2076-17127..0,"Mar 19, 2026",8:47:14 PM PDT,,Charge,,Pro Subscription (Words With Friends Solver),com.deepinkcode.wordswithfriendssolver,Subscription,prosub,,US,WA,99026,USD,2.49,6.459800,DKK,16.08,prosub,,4994183596643847628,Yes,,,,
GPA.3355-4944-2076-17127..0,"Mar 19, 2026",8:47:14 PM PDT,,Google fee,,Pro Subscription (Words With Friends Solver),com.deepinkcode.wordswithfriendssolver,Subscription,prosub,,US,WA,99026,USD,-0.37,6.459800,DKK,-2.39,prosub,,4994183596643847628,Yes,15,SUBSCRIPTIONS,,
GPA.3355-1544-7328-41658..13,"Mar 19, 2026",10:18:12 PM PDT,,Charge,,Pro Subscription (WF Solver),com.deepinkcode.wordfeudsolver,Subscription,prosub,,SE,,75432,SEK,23.20,0.694990,DKK,16.12,prosubmonth,,4994183596643847628,Yes,,,,
GPA.3355-1544-7328-41658..13,"Mar 19, 2026",10:18:12 PM PDT,,Google fee,,Pro Subscription (WF Solver),com.deepinkcode.wordfeudsolver,Subscription,prosub,,SE,,75432,SEK,-3.48,0.694990,DKK,-2.41,prosubmonth,,4994183596643847628,Yes,15,SUBSCRIPTIONS,,
GPA.3304-2043-0230-28923..1,"Mar 19, 2026",11:00:12 PM PDT,,Charge,,Pro Subscription (WF Solver),com.deepinkcode.wordfeudsolver,Subscription,prosub,,NL,,3155PB,EUR,1.98,7.470500,DKK,14.79,prosubmonth,,4994183596643847628,Yes,,,,
GPA.3304-2043-0230-28923..1,"Mar 19, 2026",11:00:12 PM PDT,,Google fee,,Pro Subscription (WF Solver),com.deepinkcode.wordfeudsolver,Subscription,prosub,,NL,,3155PB,EUR,-0.30,7.470500,DKK,-2.24,prosubmonth,,4994183596643847628,Yes,15,SUBSCRIPTIONS,,
GPA.3357-0510-1049-54072..8,"Mar 20, 2026",12:33:47 AM PDT,,Charge,,Pro Subscription (WF Solver),com.deepinkcode.wordfeudsolver,Subscription,prosub,,NL,,1216RC,EUR,1.98,7.470800,DKK,14.79,prosubmonth,,4994183596643847628,Yes,,,,
GPA.3357-0510-1049-54072..8,"Mar 20, 2026",12:33:47 AM PDT,,Google fee,,Pro Subscription (WF Solver),com.deepinkcode.wordfeudsolver,Subscription,prosub,,NL,,1216RC,EUR,-0.30,7.470800,DKK,-2.24,prosubmonth,,4994183596643847628,Yes,15,SUBSCRIPTIONS,,
GPA.3321-0844-6773-56247..1,"Mar 20, 2026",1:27:41 AM PDT,,Charge,,Pro Subscription (Scrabble GO Cheat),com.deepinkcode.scrabblegocheat,Subscription,prosub,,GB,,IP27 0BS,GBP,1.74,8.661400,DKK,15.07,prosubmonth,,4994183596643847628,Yes,,,,
GPA.3321-0844-6773-56247..1,"Mar 20, 2026",1:27:41 AM PDT,,Google fee,,Pro Subscription (Scrabble GO Cheat),com.deepinkcode.scrabblegocheat,Subscription,prosub,,GB,,IP27 0BS,GBP,-0.26,8.661400,DKK,-2.25,prosubmonth,,4994183596643847628,Yes,15,SUBSCRIPTIONS,,
GPA.3367-3813-4279-22131..0,"Mar 20, 2026",1:49:14 AM PDT,,Charge,,Pro Subscription (WF Solver),com.deepinkcode.wordfeudsolver,Subscription,prosub,,SE,,63513,SEK,22.40,0.693910,DKK,15.54,prosubmonth,,4994183596643847628,Yes,,,,
GPA.3367-3813-4279-22131..0,"Mar 20, 2026",1:49:14 AM PDT,,Google fee,,Pro Subscription (WF Solver),com.deepinkcode.wordfeudsolver,Subscription,prosub,,SE,,63513,SEK,-3.36,0.693910,DKK,-2.33,prosubmonth,,4994183596643847628,Yes,15,SUBSCRIPTIONS,,
GPA.3330-7245-9681-79600..2,"Mar 20, 2026",2:23:28 AM PDT,,Charge,,Pro Subscription (WF Solver),com.deepinkcode.wordfeudsolver,Subscription,prosub,,SE,,21229,SEK,22.40,0.695640,DKK,15.58,prosubmonth,,4994183596643847628,Yes,,,,
GPA.3330-7245-9681-79600..2,"Mar 20, 2026",2:23:28 AM PDT,,Google fee,,Pro Subscription (WF Solver),com.deepinkcode.wordfeudsolver,Subscription,prosub,,SE,,21229,SEK,-3.36,0.695640,DKK,-2.34,prosubmonth,,4994183596643847628,Yes,15,SUBSCRIPTIONS,,
GPA.3300-4824-7979-13929..11,"Mar 20, 2026",4:01:05 AM PDT,,Charge,,Pro Subscription (Words With Friends Solver),com.deepinkcode.wordswithfriendssolver,Subscription,prosub,,US,MI,48124,USD,1.99,6.472400,DKK,12.88,prosub,,4994183596643847628,Yes,,,,
GPA.3300-4824-7979-13929..11,"Mar 20, 2026",4:01:05 AM PDT,,Google fee,,Pro Subscription (Words With Friends Solver),com.deepinkcode.wordswithfriendssolver,Subscription,prosub,,US,MI,48124,USD,-0.30,6.472400,DKK,-1.94,prosub,,4994183596643847628,Yes,15,SUBSCRIPTIONS,,
GPA.3360-9980-5032-36497..3,"Mar 20, 2026",4:13:53 AM PDT,,Charge,,Pro Subscription (Words With Friends Solver),com.deepinkcode.wordswithfriendssolver,Subscription,prosub,,GB,,BN16 4LJ,GBP,1.74,8.656300,DKK,15.06,prosub,,4994183596643847628,Yes,,,,
GPA.3360-9980-5032-36497..3,"Mar 20, 2026",4:13:53 AM PDT,,Google fee,,Pro Subscription (Words With Friends Solver),com.deepinkcode.wordswithfriendssolver,Subscription,prosub,,GB,,BN16 4LJ,GBP,-0.26,8.656300,DKK,-2.25,prosub,,4994183596643847628,Yes,15,SUBSCRIPTIONS,,
GPA.3327-2971-3698-00570..8,"Mar 20, 2026",4:41:52 AM PDT,,Charge,,Pro Subscription (WF Solver),com.deepinkcode.wordfeudsolver,Subscription,prosub,,NL,,2651 HZ,EUR,1.98,7.471300,DKK,14.79,prosubmonth,,4994183596643847628,Yes,,,,
GPA.3327-2971-3698-00570..8,"Mar 20, 2026",4:41:52 AM PDT,,Google fee,,Pro Subscription (WF Solver),com.deepinkcode.wordfeudsolver,Subscription,prosub,,NL,,2651 HZ,EUR,-0.30,7.471300,DKK,-2.24,prosubmonth,,4994183596643847628,Yes,15,SUBSCRIPTIONS,,
GPA.3337-0631-0623-79032..4,"Mar 20, 2026",6:53:15 AM PDT,,Charge,,Pro Subscription (WF Solver),com.deepinkcode.wordfeudsolver,Subscription,prosub,,NL,,3362 JS,EUR,1.98,7.471400,DKK,14.79,prosubmonth,,4994183596643847628,Yes,,,,
GPA.3337-0631-0623-79032..4,"Mar 20, 2026",6:53:15 AM PDT,,Google fee,,Pro Subscription (WF Solver),com.deepinkcode.wordfeudsolver,Subscription,prosub,,NL,,3362 JS,EUR,-0.30,7.471400,DKK,-2.24,prosubmonth,,4994183596643847628,Yes,15,SUBSCRIPTIONS,,
GPA.3334-2967-4591-20726..1,"Mar 20, 2026",6:59:38 AM PDT,,Charge,,Pro Subscription (WF Solver),com.deepinkcode.wordfeudsolver,Subscription,prosub,,DK,,2000,DKK,15.20,1.000000,DKK,15.20,prosubmonth,,4994183596643847628,Yes,,,,
GPA.3334-2967-4591-20726..1,"Mar 20, 2026",6:59:38 AM PDT,,Google fee,,Pro Subscription (WF Solver),com.deepinkcode.wordfeudsolver,Subscription,prosub,,DK,,2000,DKK,-2.28,1.000000,DKK,-2.28,prosubmonth,,4994183596643847628,Yes,15,SUBSCRIPTIONS,,
GPA.3380-3534-6201-21277..2,"Mar 20, 2026",7:37:24 AM PDT,,Charge,,Pro Subscription (WF Solver),com.deepinkcode.wordfeudsolver,Subscription,prosub,,SE,,45190,SEK,22.40,0.693120,DKK,15.53,prosubmonth,,4994183596643847628,Yes,,,,
GPA.3380-3534-6201-21277..2,"Mar 20, 2026",7:37:24 AM PDT,,Google fee,,Pro Subscription (WF Solver),com.deepinkcode.wordfeudsolver,Subscription,prosub,,SE,,45190,SEK,-3.36,0.693120,DKK,-2.33,prosubmonth,,4994183596643847628,Yes,15,SUBSCRIPTIONS,,
GPA.3382-3056-4488-74658..14,"Mar 20, 2026",7:42:25 AM PDT,,Charge,,Pro Subscription (WF Solver),com.deepinkcode.wordfeudsolver,Subscription,prosub,,NO,,4250,NOK,23.20,0.676890,DKK,15.70,prosubmonth,,4994183596643847628,Yes,,,,
GPA.3382-3056-4488-74658..14,"Mar 20, 2026",7:42:25 AM PDT,,Google fee,,Pro Subscription (WF Solver),com.deepinkcode.wordfeudsolver,Subscription,prosub,,NO,,4250,NOK,-3.48,0.676890,DKK,-2.35,prosubmonth,,4994183596643847628,Yes,15,SUBSCRIPTIONS,,
GPA.3321-5028-0007-57921..0,"Mar 20, 2026",9:19:41 AM PDT,,Charge,,Pro Subscription (WF Solver),com.deepinkcode.wordfeudsolver,Subscription,prosub,,DK,,4640,DKK,15.20,1.000000,DKK,15.20,prosubmonth,,4994183596643847628,Yes,,,,
GPA.3321-5028-0007-57921..0,"Mar 20, 2026",9:19:41 AM PDT,,Google fee,,Pro Subscription (WF Solver),com.deepinkcode.wordfeudsolver,Subscription,prosub,,DK,,4640,DKK,-2.28,1.000000,DKK,-2.28,prosubmonth,,4994183596643847628,Yes,15,SUBSCRIPTIONS,,
GPA.3375-5428-8350-83852..3,"Mar 20, 2026",10:28:54 AM PDT,,Charge,,Pro Subscription (Words With Friends Solver),com.deepinkcode.wordswithfriendssolver,Subscription,prosub,,US,MI,48221,USD,2.49,6.470400,DKK,16.11,prosub,,4994183596643847628,Yes,,,,
GPA.3375-5428-8350-83852..3,"Mar 20, 2026",10:28:54 AM PDT,,Google fee,,Pro Subscription (Words With Friends Solver),com.deepinkcode.wordswithfriendssolver,Subscription,prosub,,US,MI,48221,USD,-0.37,6.470400,DKK,-2.39,prosub,,4994183596643847628,Yes,15,SUBSCRIPTIONS,,
GPA.3352-2465-6109-49287..4,"Mar 20, 2026",11:13:40 AM PDT,,Charge,,Pro Subscription (WF Solver),com.deepinkcode.wordfeudsolver,Subscription,prosub,,SE,,59170,SEK,22.40,0.691200,DKK,15.48,prosubmonth,,4994183596643847628,Yes,,,,
GPA.3352-2465-6109-49287..4,"Mar 20, 2026",11:13:40 AM PDT,,Google fee,,Pro Subscription (WF Solver),com.deepinkcode.wordfeudsolver,Subscription,prosub,,SE,,59170,SEK,-3.36,0.691200,DKK,-2.32,prosubmonth,,4994183596643847628,Yes,15,SUBSCRIPTIONS,,
GPA.3350-2897-6011-90400..5,"Mar 20, 2026",11:30:48 AM PDT,,Charge,,Pro Subscription (WF Solver),com.deepinkcode.wordfeudsolver,Subscription,prosub,,SE,,524 92,SEK,22.40,0.691200,DKK,15.48,prosubmonth,,4994183596643847628,Yes,,,,
GPA.3350-2897-6011-90400..5,"Mar 20, 2026",11:30:48 AM PDT,,Google fee,,Pro Subscription (WF Solver),com.deepinkcode.wordfeudsolver,Subscription,prosub,,SE,,524 92,SEK,-3.36,0.691200,DKK,-2.32,prosubmonth,,4994183596643847628,Yes,15,SUBSCRIPTIONS,,
GPA.3368-8973-0253-75501..4,"Mar 20, 2026",11:53:38 AM PDT,,Charge,,Pro Subscription (WF Solver),com.deepinkcode.wordfeudsolver,Subscription,prosub,,NL,,6031 NC,EUR,1.98,7.471200,DKK,14.79,prosubmonth,,4994183596643847628,Yes,,,,
GPA.3368-8973-0253-75501..4,"Mar 20, 2026",11:53:38 AM PDT,,Google fee,,Pro Subscription (WF Solver),com.deepinkcode.wordfeudsolver,Subscription,prosub,,NL,,6031 NC,EUR,-0.30,7.471200,DKK,-2.24,prosubmonth,,4994183596643847628,Yes,15,SUBSCRIPTIONS,,
GPA.3381-2598-2465-59371..7,"Mar 20, 2026",12:02:04 PM PDT,,Charge,,Pro Subscription (Scrabble GO Cheat),com.deepinkcode.scrabblegocheat,Subscription,prosub,,GB,,SO40 2LH,GBP,1.66,8.622400,DKK,14.31,prosubmonth,,4994183596643847628,Yes,,,,
GPA.3381-2598-2465-59371..7,"Mar 20, 2026",12:02:04 PM PDT,,Google fee,,Pro Subscription (Scrabble GO Cheat),com.deepinkcode.scrabblegocheat,Subscription,prosub,,GB,,SO40 2LH,GBP,-0.25,8.622400,DKK,-2.15,prosubmonth,,4994183596643847628,Yes,15,SUBSCRIPTIONS,,
GPA.3373-8188-5187-17835..11,"Mar 20, 2026",12:58:05 PM PDT,,Charge,,Pro Subscription (WF Solver),com.deepinkcode.wordfeudsolver,Subscription,prosub,,GB,,CH635JZ,GBP,1.66,8.622400,DKK,14.31,prosubmonth,,4994183596643847628,Yes,,,,
GPA.3373-8188-5187-17835..11,"Mar 20, 2026",12:58:05 PM PDT,,Google fee,,Pro Subscription (WF Solver),com.deepinkcode.wordfeudsolver,Subscription,prosub,,GB,,CH635JZ,GBP,-0.25,8.622400,DKK,-2.15,prosubmonth,,4994183596643847628,Yes,15,SUBSCRIPTIONS,,
GPA.3347-4773-4153-89765..7,"Mar 20, 2026",1:25:32 PM PDT,,Charge,,Pro Subscription (WF Solver),com.deepinkcode.wordfeudsolver,Subscription,prosub,,NL,,3334 TJ,EUR,1.98,7.471700,DKK,14.79,prosubmonth,,4994183596643847628,Yes,,,,
GPA.3347-4773-4153-89765..7,"Mar 20, 2026",1:25:32 PM PDT,,Google fee,,Pro Subscription (WF Solver),com.deepinkcode.wordfeudsolver,Subscription,prosub,,NL,,3334 TJ,EUR,-0.30,7.471700,DKK,-2.24,prosubmonth,,4994183596643847628,Yes,15,SUBSCRIPTIONS,,
GPA.3349-3633-1777-20398..1,"Mar 20, 2026",1:58:49 PM PDT,,Charge,,Pro Subscription (WF Solver),com.deepinkcode.wordfeudsolver,Subscription,prosub,,NL,,6721 EP,EUR,1.98,7.471700,DKK,14.79,prosubmonth,,4994183596643847628,Yes,,,,
GPA.3349-3633-1777-20398..1,"Mar 20, 2026",1:58:49 PM PDT,,Google fee,,Pro Subscription (WF Solver),com.deepinkcode.wordfeudsolver,Subscription,prosub,,NL,,6721 EP,EUR,-0.30,7.471700,DKK,-2.24,prosubmonth,,4994183596643847628,Yes,15,SUBSCRIPTIONS,,
GPA.3335-8815-0570-97268..7,"Mar 20, 2026",2:01:12 PM PDT,,Charge,,Pro Subscription (WF Solver),com.deepinkcode.wordfeudsolver,Subscription,prosub,,NL,,6301 HZ,EUR,1.98,7.471800,DKK,14.79,prosubmonth,,4994183596643847628,Yes,,,,
GPA.3335-8815-0570-97268..7,"Mar 20, 2026",2:01:12 PM PDT,,Google fee,,Pro Subscription (WF Solver),com.deepinkcode.wordfeudsolver,Subscription,prosub,,NL,,6301 HZ,EUR,-0.30,7.471800,DKK,-2.24,prosubmonth,,4994183596643847628,Yes,15,SUBSCRIPTIONS,,
GPA.3320-2840-4154-16486..4,"Mar 20, 2026",2:06:03 PM PDT,,Charge,,Pro Subscription (WF Solver),com.deepinkcode.wordfeudsolver,Subscription,prosub,,BE,,1653,EUR,1.98,7.471800,DKK,14.79,prosubmonth,,4994183596643847628,Yes,,,,
GPA.3320-2840-4154-16486..4,"Mar 20, 2026",2:06:03 PM PDT,,Google fee,,Pro Subscription (WF Solver),com.deepinkcode.wordfeudsolver,Subscription,prosub,,BE,,1653,EUR,-0.30,7.471800,DKK,-2.24,prosubmonth,,4994183596643847628,Yes,15,SUBSCRIPTIONS,,
GPA.3336-1331-3246-73904..7,"Mar 20, 2026",2:08:16 PM PDT,,Charge,,Pro Subscription (WF Solver),com.deepinkcode.wordfeudsolver,Subscription,prosub,,NL,,4615 HC,EUR,1.98,7.471800,DKK,14.79,prosubmonth,,4994183596643847628,Yes,,,,
GPA.3336-1331-3246-73904..7,"Mar 20, 2026",2:08:16 PM PDT,,Google fee,,Pro Subscription (WF Solver),com.deepinkcode.wordfeudsolver,Subscription,prosub,,NL,,4615 HC,EUR,-0.30,7.471800,DKK,-2.24,prosubmonth,,4994183596643847628,Yes,15,SUBSCRIPTIONS,,
GPA.3379-0682-3334-60584..0,"Mar 20, 2026",2:14:37 PM PDT,,Charge,,Pro Subscription (WF Solver),com.deepinkcode.wordfeudsolver,Subscription,prosub,,NL,,1973RJ,EUR,1.98,7.471800,DKK,14.79,prosubmonth,,4994183596643847628,Yes,,,,
GPA.3379-0682-3334-60584..0,"Mar 20, 2026",2:14:37 PM PDT,,Google fee,,Pro Subscription (WF Solver),com.deepinkcode.wordfeudsolver,Subscription,prosub,,NL,,1973RJ,EUR,-0.30,7.471800,DKK,-2.24,prosubmonth,,4994183596643847628,Yes,15,SUBSCRIPTIONS,,
GPA.3377-0677-0148-37040..7,"Mar 20, 2026",3:03:09 PM PDT,,Charge,,Pro Subscription (WF Solver),com.deepinkcode.wordfeudsolver,Subscription,prosub,,SE,,59533,SEK,23.20,0.691150,DKK,16.03,prosubmonth,,4994183596643847628,Yes,,,,
GPA.3377-0677-0148-37040..7,"Mar 20, 2026",3:03:09 PM PDT,,Google fee,,Pro Subscription (WF Solver),com.deepinkcode.wordfeudsolver,Subscription,prosub,,SE,,59533,SEK,-3.48,0.691150,DKK,-2.40,prosubmonth,,4994183596643847628,Yes,15,SUBSCRIPTIONS,,
GPA.3363-5608-0732-78204..4,"Mar 20, 2026",3:11:55 PM PDT,,Charge,,Pro Subscription (Scrabble GO Cheat),com.deepinkcode.scrabblegocheat,Subscription,prosub,,US,FL,32712,USD,2.49,6.457300,DKK,16.08,prosubmonth,,4994183596643847628,Yes,,,,
GPA.3363-5608-0732-78204..4,"Mar 20, 2026",3:11:55 PM PDT,,Google fee,,Pro Subscription (Scrabble GO Cheat),com.deepinkcode.scrabblegocheat,Subscription,prosub,,US,FL,32712,USD,-0.37,6.457300,DKK,-2.39,prosubmonth,,4994183596643847628,Yes,15,SUBSCRIPTIONS,,
GPA.3309-2514-7723-66633..13,"Mar 20, 2026",3:44:50 PM PDT,,Charge,,Pro Subscription (WF Solver),com.deepinkcode.wordfeudsolver,Subscription,prosub,,NL,,6576 DS,EUR,1.98,7.472000,DKK,14.79,prosubmonth,,4994183596643847628,Yes,,,,
GPA.3309-2514-7723-66633..13,"Mar 20, 2026",3:44:50 PM PDT,,Google fee,,Pro Subscription (WF Solver),com.deepinkcode.wordfeudsolver,Subscription,prosub,,NL,,6576 DS,EUR,-0.30,7.472000,DKK,-2.24,prosubmonth,,4994183596643847628,Yes,15,SUBSCRIPTIONS,,
GPA.3330-9670-6802-08904,"Mar 20, 2026",4:42:34 PM PDT,,Charge,,Pro Subscription (WF Solver),com.deepinkcode.wordfeudsolver,Subscription,prosub,pa2q,US,NE,68116,USD,2.49,6.457300,DKK,16.08,prosubmonth,,4994183596643847628,Yes,,,,In-app
GPA.3330-9670-6802-08904,"Mar 20, 2026",4:42:34 PM PDT,,Google fee,,Pro Subscription (WF Solver),com.deepinkcode.wordfeudsolver,Subscription,prosub,pa2q,US,NE,68116,USD,-0.37,6.457300,DKK,-2.39,prosubmonth,,4994183596643847628,Yes,15,SUBSCRIPTIONS,,In-app
GPA.3369-2101-9876-46720..4,"Mar 20, 2026",5:34:32 PM PDT,,Charge,,Pro Subscription (WF Solver),com.deepinkcode.wordfeudsolver,Subscription,prosub,,US,MD,21001,USD,2.49,6.457300,DKK,16.08,prosubmonth,,4994183596643847628,Yes,,,,
GPA.3369-2101-9876-46720..4,"Mar 20, 2026",5:34:32 PM PDT,,Google fee,,Pro Subscription (WF Solver),com.deepinkcode.wordfeudsolver,Subscription,prosub,,US,MD,21001,USD,-0.37,6.457300,DKK,-2.39,prosubmonth,,4994183596643847628,Yes,15,SUBSCRIPTIONS,,
GPA.3334-5037-1759-31055..7,"Mar 20, 2026",5:38:29 PM PDT,,Charge,,Pro Subscription (WF Solver),com.deepinkcode.wordfeudsolver,Subscription,prosub,,US,VA,20191,USD,1.99,6.457300,DKK,12.85,prosubmonth,,4994183596643847628,Yes,,,,
GPA.3334-5037-1759-31055..7,"Mar 20, 2026",5:38:29 PM PDT,,Google fee,,Pro Subscription (WF Solver),com.deepinkcode.wordfeudsolver,Subscription,prosub,,US,VA,20191,USD,-0.30,6.457300,DKK,-1.94,prosubmonth,,4994183596643847628,Yes,15,SUBSCRIPTIONS,,
GPA.3324-1472-1251-89436..10,"Mar 20, 2026",7:11:48 PM PDT,,Charge,,Pro Subscription (Words With Friends Solver),com.deepinkcode.wordswithfriendssolver,Subscription,prosub,,US,IL,60104,USD,1.99,6.457300,DKK,12.85,prosub,,4994183596643847628,Yes,,,,
GPA.3324-1472-1251-89436..10,"Mar 20, 2026",7:11:48 PM PDT,,Google fee,,Pro Subscription (Words With Friends Solver),com.deepinkcode.wordswithfriendssolver,Subscription,prosub,,US,IL,60104,USD,-0.30,6.457300,DKK,-1.94,prosub,,4994183596643847628,Yes,15,SUBSCRIPTIONS,,
GPA.3355-9468-0845-27587..12,"Mar 20, 2026",7:32:46 PM PDT,,Charge,,Pro Subscription (Words With Friends Solver),com.deepinkcode.wordswithfriendssolver,Subscription,prosub,,US,CT,06710,USD,1.99,6.457300,DKK,12.85,prosub,,4994183596643847628,Yes,,,,
GPA.3355-9468-0845-27587..12,"Mar 20, 2026",7:32:46 PM PDT,,Google fee,,Pro Subscription (Words With Friends Solver),com.deepinkcode.wordswithfriendssolver,Subscription,prosub,,US,CT,06710,USD,-0.30,6.457300,DKK,-1.94,prosub,,4994183596643847628,Yes,15,SUBSCRIPTIONS,,
GPA.3319-0483-2194-58113..0,"Mar 20, 2026",8:20:32 PM PDT,,Charge,,Pro Subscription (Words With Friends Solver),com.deepinkcode.wordswithfriendssolver,Subscription,prosub,,US,TX,77357,USD,2.49,6.457300,DKK,16.08,prosub,,4994183596643847628,Yes,,,,
GPA.3319-0483-2194-58113..0,"Mar 20, 2026",8:20:32 PM PDT,,Google fee,,Pro Subscription (Words With Friends Solver),com.deepinkcode.wordswithfriendssolver,Subscription,prosub,,US,TX,77357,USD,-0.37,6.457300,DKK,-2.39,prosub,,4994183596643847628,Yes,15,SUBSCRIPTIONS,,
GPA.3395-5967-2918-02292..6,"Mar 20, 2026",10:18:08 PM PDT,,Charge,,Pro Subscription (WF Solver),com.deepinkcode.wordfeudsolver,Subscription,prosub,,SE,,41472,SEK,22.40,0.691150,DKK,15.48,prosubmonth,,4994183596643847628,Yes,,,,
GPA.3395-5967-2918-02292..6,"Mar 20, 2026",10:18:08 PM PDT,,Google fee,,Pro Subscription (WF Solver),com.deepinkcode.wordfeudsolver,Subscription,prosub,,SE,,41472,SEK,-3.36,0.691150,DKK,-2.32,prosubmonth,,4994183596643847628,Yes,15,SUBSCRIPTIONS,,
GPA.3330-9063-9563-83795..5,"Mar 20, 2026",11:52:24 PM PDT,,Charge,,Pro Subscription (Words With Friends Solver),com.deepinkcode.wordswithfriendssolver,Subscription,prosub,,US,CA,91403,USD,2.49,6.457300,DKK,16.08,prosub,,4994183596643847628,Yes,,,,
GPA.3330-9063-9563-83795..5,"Mar 20, 2026",11:52:24 PM PDT,,Google fee,,Pro Subscription (Words With Friends Solver),com.deepinkcode.wordswithfriendssolver,Subscription,prosub,,US,CA,91403,USD,-0.37,6.457300,DKK,-2.39,prosub,,4994183596643847628,Yes,15,SUBSCRIPTIONS,,
GPA.3308-2326-9179-51855..1,"Mar 21, 2026",1:40:33 AM PDT,,Charge,,Pro Subscription (WF Solver),com.deepinkcode.wordfeudsolver,Subscription,prosub,,GL,,3900,DKK,19.00,1.000000,DKK,19.00,prosubmonth,,4994183596643847628,Yes,,,,
GPA.3308-2326-9179-51855..1,"Mar 21, 2026",1:40:33 AM PDT,,Google fee,,Pro Subscription (WF Solver),com.deepinkcode.wordfeudsolver,Subscription,prosub,,GL,,3900,DKK,-2.85,1.000000,DKK,-2.85,prosubmonth,,4994183596643847628,Yes,15,SUBSCRIPTIONS,,
GPA.3312-5104-7642-82114..0,"Mar 21, 2026",2:13:36 AM PDT,,Charge,,Pro Subscription (WF Solver),com.deepinkcode.wordfeudsolver,Subscription,prosub,,GB,,HA7 1NQ,GBP,1.74,8.614900,DKK,14.99,prosubmonth,,4994183596643847628,Yes,,,,
GPA.3312-5104-7642-82114..0,"Mar 21, 2026",2:13:36 AM PDT,,Google fee,,Pro Subscription (WF Solver),com.deepinkcode.wordfeudsolver,Subscription,prosub,,GB,,HA7 1NQ,GBP,-0.26,8.614900,DKK,-2.24,prosubmonth,,4994183596643847628,Yes,15,SUBSCRIPTIONS,,
GPA.3390-8793-9384-83802,"Mar 21, 2026",2:23:52 AM PDT,,Charge,,Pro Subscription (WF Solver),com.deepinkcode.wordfeudsolver,Subscription,prosub,e3q,US,DE,19702,USD,2.49,6.457300,DKK,16.08,prosubmonth,,4994183596643847628,Yes,,,,In-app
GPA.3390-8793-9384-83802,"Mar 21, 2026",2:23:52 AM PDT,,Google fee,,Pro Subscription (WF Solver),com.deepinkcode.wordfeudsolver,Subscription,prosub,e3q,US,DE,19702,USD,-0.37,6.457300,DKK,-2.39,prosubmonth,,4994183596643847628,Yes,15,SUBSCRIPTIONS,,In-app
GPA.3384-8142-2887-88382..8,"Mar 21, 2026",2:28:52 AM PDT,,Charge,,Pro Subscription (WF Solver),com.deepinkcode.wordfeudsolver,Subscription,prosub,,NL,,3437 ZA,EUR,1.98,7.472000,DKK,14.79,prosubmonth,,4994183596643847628,Yes,,,,
GPA.3384-8142-2887-88382..8,"Mar 21, 2026",2:28:52 AM PDT,,Google fee,,Pro Subscription (WF Solver),com.deepinkcode.wordfeudsolver,Subscription,prosub,,NL,,3437 ZA,EUR,-0.30,7.472000,DKK,-2.24,prosubmonth,,4994183596643847628,Yes,15,SUBSCRIPTIONS,,
GPA.3352-5086-4398-89299..4,"Mar 21, 2026",2:50:54 AM PDT,,Charge,,Pro Subscription (WF Solver),com.deepinkcode.wordfeudsolver,Subscription,prosub,,DK,,3080,DKK,15.20,1.000000,DKK,15.20,prosubmonth,,4994183596643847628,Yes,,,,
GPA.3352-5086-4398-89299..4,"Mar 21, 2026",2:50:54 AM PDT,,Google fee,,Pro Subscription (WF Solver),com.deepinkcode.wordfeudsolver,Subscription,prosub,,DK,,3080,DKK,-2.28,1.000000,DKK,-2.28,prosubmonth,,4994183596643847628,Yes,15,SUBSCRIPTIONS,,
GPA.3323-7739-8909-39959,"Mar 21, 2026",4:34:13 AM PDT,,Charge,,Pro Subscription (WF Solver),com.deepinkcode.wordfeudsolver,Subscription,prosub,dm1q,SE,,51199,SEK,22.40,0.691150,DKK,15.48,prosubmonth,,4994183596643847628,Yes,,,,In-app
GPA.3323-7739-8909-39959,"Mar 21, 2026",4:34:13 AM PDT,,Google fee,,Pro Subscription (WF Solver),com.deepinkcode.wordfeudsolver,Subscription,prosub,dm1q,SE,,51199,SEK,-3.36,0.691150,DKK,-2.32,prosubmonth,,4994183596643847628,Yes,15,SUBSCRIPTIONS,,In-app
GPA.3399-8139-1454-52681,"Mar 21, 2026",6:30:52 AM PDT,,Charge,,Pro Subscription (WF Solver),com.deepinkcode.wordfeudsolver,Subscription,prosub,pa1q,NL,,1602nl,EUR,1.98,7.472000,DKK,14.79,prosubmonth,,4994183596643847628,Yes,,,,In-app
GPA.3399-8139-1454-52681,"Mar 21, 2026",6:30:52 AM PDT,,Google fee,,Pro Subscription (WF Solver),com.deepinkcode.wordfeudsolver,Subscription,prosub,pa1q,NL,,1602nl,EUR,-0.30,7.472000,DKK,-2.24,prosubmonth,,4994183596643847628,Yes,15,SUBSCRIPTIONS,,In-app
GPA.3368-8896-2677-27067,"Mar 21, 2026",7:33:23 AM PDT,,Charge refund,Full,Pro Subscription (WF Solver),com.deepinkcode.wordfeudsolver,Subscription,prosub,husky,NL,,6835 EM,EUR,-1.98,7.472000,DKK,-14.79,prosubmonth,,4994183596643847628,Yes,,,,Play store
GPA.3368-8896-2677-27067,"Mar 21, 2026",7:33:23 AM PDT,,Google fee refund,Full,Pro Subscription (WF Solver),com.deepinkcode.wordfeudsolver,Subscription,prosub,husky,NL,,6835 EM,EUR,0.30,7.472000,DKK,2.24,prosubmonth,,4994183596643847628,Yes,15,SUBSCRIPTIONS,,Play store
GPA.3304-7283-5868-62286,"Mar 21, 2026",9:43:48 AM PDT,,Charge,,Pro (WF Solver),com.deepinkcode.wordfeudsolver,One-time product,pro,muyu,NL,,6835 EM,EUR,23.96,7.472000,DKK,179.03,legacy-base,,4994183596643847628,Yes,,,,In-app
GPA.3304-7283-5868-62286,"Mar 21, 2026",9:43:48 AM PDT,,Google fee,,Pro (WF Solver),com.deepinkcode.wordfeudsolver,One-time product,pro,muyu,NL,,6835 EM,EUR,-3.59,7.472000,DKK,-26.83,legacy-base,,4994183596643847628,Yes,15,,,In-app
GPA.3346-4952-1851-21895..5,"Mar 21, 2026",9:52:18 AM PDT,,Charge,,Pro Subscription (WF Solver),com.deepinkcode.wordfeudsolver,Subscription,prosub,,NL,,6015 AV,EUR,1.98,7.472000,DKK,14.79,prosubmonth,,4994183596643847628,Yes,,,,
GPA.3346-4952-1851-21895..5,"Mar 21, 2026",9:52:18 AM PDT,,Google fee,,Pro Subscription (WF Solver),com.deepinkcode.wordfeudsolver,Subscription,prosub,,NL,,6015 AV,EUR,-0.30,7.472000,DKK,-2.24,prosubmonth,,4994183596643847628,Yes,15,SUBSCRIPTIONS,,
GPA.3319-0440-7120-40697..10,"Mar 21, 2026",9:58:01 AM PDT,,Charge,,Pro Subscription (Words With Friends Solver),com.deepinkcode.wordswithfriendssolver,Subscription,prosub,,GB,,SW4 0QB,GBP,1.66,8.614900,DKK,14.30,prosub,,4994183596643847628,Yes,,,,
GPA.3319-0440-7120-40697..10,"Mar 21, 2026",9:58:01 AM PDT,,Google fee,,Pro Subscription (Words With Friends Solver),com.deepinkcode.wordswithfriendssolver,Subscription,prosub,,GB,,SW4 0QB,GBP,-0.25,8.614900,DKK,-2.15,prosub,,4994183596643847628,Yes,15,SUBSCRIPTIONS,,
GPA.3317-4113-8111-24773..0,"Mar 21, 2026",10:24:59 AM PDT,,Charge,,Pro Subscription (WF Solver),com.deepinkcode.wordfeudsolver,Subscription,prosub,,NL,,7552 ZP,EUR,1.98,7.472000,DKK,14.79,prosubmonth,,4994183596643847628,Yes,,,,
GPA.3317-4113-8111-24773..0,"Mar 21, 2026",10:24:59 AM PDT,,Google fee,,Pro Subscription (WF Solver),com.deepinkcode.wordfeudsolver,Subscription,prosub,,NL,,7552 ZP,EUR,-0.30,7.472000,DKK,-2.24,prosubmonth,,4994183596643847628,Yes,15,SUBSCRIPTIONS,,
GPA.3303-0076-9912-92672..2,"Mar 21, 2026",10:40:23 AM PDT,,Charge,,Pro Subscription (WF Solver),com.deepinkcode.wordfeudsolver,Subscription,prosub,,NL,,2408DS,EUR,1.98,7.472000,DKK,14.79,prosubmonth,,4994183596643847628,Yes,,,,
GPA.3303-0076-9912-92672..2,"Mar 21, 2026",10:40:23 AM PDT,,Google fee,,Pro Subscription (WF Solver),com.deepinkcode.wordfeudsolver,Subscription,prosub,,NL,,2408DS,EUR,-0.30,7.472000,DKK,-2.24,prosubmonth,,4994183596643847628,Yes,15,SUBSCRIPTIONS,,
GPA.3360-5992-6068-17819..10,"Mar 21, 2026",11:20:48 AM PDT,,Charge,,Pro Subscription (WF Solver),com.deepinkcode.wordfeudsolver,Subscription,prosub,,SE,,212 32,SEK,23.20,0.691150,DKK,16.03,prosubmonth,,4994183596643847628,Yes,,,,
GPA.3360-5992-6068-17819..10,"Mar 21, 2026",11:20:48 AM PDT,,Google fee,,Pro Subscription (WF Solver),com.deepinkcode.wordfeudsolver,Subscription,prosub,,SE,,212 32,SEK,-3.48,0.691150,DKK,-2.40,prosubmonth,,4994183596643847628,Yes,15,SUBSCRIPTIONS,,
GPA.3335-6923-2974-29154..8,"Mar 21, 2026",11:33:51 AM PDT,,Charge,,Pro Subscription (WF Solver),com.deepinkcode.wordfeudsolver,Subscription,prosub,,NL,,4041 BJ,EUR,1.98,7.472000,DKK,14.79,prosubmonth,,4994183596643847628,Yes,,,,
GPA.3335-6923-2974-29154..8,"Mar 21, 2026",11:33:51 AM PDT,,Google fee,,Pro Subscription (WF Solver),com.deepinkcode.wordfeudsolver,Subscription,prosub,,NL,,4041 BJ,EUR,-0.30,7.472000,DKK,-2.24,prosubmonth,,4994183596643847628,Yes,15,SUBSCRIPTIONS,,
GPA.3316-0830-2167-43799..15,"Mar 21, 2026",11:42:42 AM PDT,,Charge,,Pro Subscription (WF Solver),com.deepinkcode.wordfeudsolver,Subscription,prosub,,NL,,3894 BM,EUR,1.98,7.472000,DKK,14.79,prosubmonth,,4994183596643847628,Yes,,,,
GPA.3316-0830-2167-43799..15,"Mar 21, 2026",11:42:42 AM PDT,,Google fee,,Pro Subscription (WF Solver),com.deepinkcode.wordfeudsolver,Subscription,prosub,,NL,,3894 BM,EUR,-0.30,7.472000,DKK,-2.24,prosubmonth,,4994183596643847628,Yes,15,SUBSCRIPTIONS,,
GPA.3368-0540-9220-23514,"Mar 21, 2026",11:45:00 AM PDT,,Charge,,Pro Subscription (WF Solver),com.deepinkcode.wordfeudsolver,Subscription,prosub,pa1q,NO,,6150,NOK,24.00,0.675270,DKK,16.21,prosubmonth,,4994183596643847628,Yes,,,,In-app
GPA.3368-0540-9220-23514,"Mar 21, 2026",11:45:00 AM PDT,,Google fee,,Pro Subscription (WF Solver),com.deepinkcode.wordfeudsolver,Subscription,prosub,pa1q,NO,,6150,NOK,-3.60,0.675270,DKK,-2.43,prosubmonth,,4994183596643847628,Yes,15,SUBSCRIPTIONS,,In-app
GPA.3368-1155-0562-84423..7,"Mar 21, 2026",11:53:24 AM PDT,,Charge,,Pro Subscription (WF Solver),com.deepinkcode.wordfeudsolver,Subscription,prosub,,NL,,5171 WJ,EUR,1.98,7.472000,DKK,14.79,prosubmonth,,4994183596643847628,Yes,,,,
GPA.3368-1155-0562-84423..7,"Mar 21, 2026",11:53:24 AM PDT,,Google fee,,Pro Subscription (WF Solver),com.deepinkcode.wordfeudsolver,Subscription,prosub,,NL,,5171 WJ,EUR,-0.30,7.472000,DKK,-2.24,prosubmonth,,4994183596643847628,Yes,15,SUBSCRIPTIONS,,
GPA.3336-7506-7082-60758..2,"Mar 21, 2026",12:10:53 PM PDT,,Charge,,Pro Subscription (WF Solver),com.deepinkcode.wordfeudsolver,Subscription,prosub,,NO,,3075,NOK,24.00,0.675270,DKK,16.21,prosubmonth,,4994183596643847628,Yes,,,,
GPA.3336-7506-7082-60758..2,"Mar 21, 2026",12:10:53 PM PDT,,Google fee,,Pro Subscription (WF Solver),com.deepinkcode.wordfeudsolver,Subscription,prosub,,NO,,3075,NOK,-3.60,0.675270,DKK,-2.43,prosubmonth,,4994183596643847628,Yes,15,SUBSCRIPTIONS,,
GPA.3365-1890-9818-95441,"Mar 21, 2026",12:35:35 PM PDT,,Charge,,Pro (WF Solver),com.deepinkcode.wordfeudsolver,One-time product,pro,OP595DL1,DK,,8410,DKK,180.00,1.000000,DKK,180.00,legacy-base,,4994183596643847628,Yes,,,,In-app
GPA.3365-1890-9818-95441,"Mar 21, 2026",12:35:35 PM PDT,,Google fee,,Pro (WF Solver),com.deepinkcode.wordfeudsolver,One-time product,pro,OP595DL1,DK,,8410,DKK,-27.00,1.000000,DKK,-27.00,legacy-base,,4994183596643847628,Yes,15,,,In-app
GPA.3327-5360-8542-99292..1,"Mar 21, 2026",12:39:12 PM PDT,,Charge,,Pro Subscription (WF Solver),com.deepinkcode.wordfeudsolver,Subscription,prosub,,DK,,7755,DKK,15.20,1.000000,DKK,15.20,prosubmonth,,4994183596643847628,Yes,,,,
GPA.3327-5360-8542-99292..1,"Mar 21, 2026",12:39:12 PM PDT,,Google fee,,Pro Subscription (WF Solver),com.deepinkcode.wordfeudsolver,Subscription,prosub,,DK,,7755,DKK,-2.28,1.000000,DKK,-2.28,prosubmonth,,4994183596643847628,Yes,15,SUBSCRIPTIONS,,
GPA.3333-9111-7857-58760..13,"Mar 21, 2026",12:55:16 PM PDT,,Charge,,Pro Subscription (WF Solver),com.deepinkcode.wordfeudsolver,Subscription,prosub,,NL,,1015GJ,EUR,1.98,7.472000,DKK,14.79,prosubmonth,,4994183596643847628,Yes,,,,
GPA.3333-9111-7857-58760..13,"Mar 21, 2026",12:55:16 PM PDT,,Google fee,,Pro Subscription (WF Solver),com.deepinkcode.wordfeudsolver,Subscription,prosub,,NL,,1015GJ,EUR,-0.30,7.472000,DKK,-2.24,prosubmonth,,4994183596643847628,Yes,15,SUBSCRIPTIONS,,
GPA.3336-0828-0062-53158..4,"Mar 21, 2026",1:12:51 PM PDT,,Charge,,Pro Subscription (WF Solver),com.deepinkcode.wordfeudsolver,Subscription,prosub,,US,TX,78404,USD,2.49,6.457300,DKK,16.08,prosubmonth,,4994183596643847628,Yes,,,,
GPA.3336-0828-0062-53158..4,"Mar 21, 2026",1:12:51 PM PDT,,Google fee,,Pro Subscription (WF Solver),com.deepinkcode.wordfeudsolver,Subscription,prosub,,US,TX,78404,USD,-0.37,6.457300,DKK,-2.39,prosubmonth,,4994183596643847628,Yes,15,SUBSCRIPTIONS,,
GPA.3350-7037-7328-04777,"Mar 21, 2026",1:14:24 PM PDT,,Charge,,Pro Subscription (WF Solver),com.deepinkcode.wordfeudsolver,Subscription,prosub,blazer,SE,,82676,SEK,22.40,0.691150,DKK,15.48,prosubmonth,,4994183596643847628,Yes,,,,In-app
GPA.3350-7037-7328-04777,"Mar 21, 2026",1:14:24 PM PDT,,Google fee,,Pro Subscription (WF Solver),com.deepinkcode.wordfeudsolver,Subscription,prosub,blazer,SE,,82676,SEK,-3.36,0.691150,DKK,-2.32,prosubmonth,,4994183596643847628,Yes,15,SUBSCRIPTIONS,,In-app
GPA.3341-7915-4276-25204..9,"Mar 21, 2026",1:37:50 PM PDT,,Charge,,Pro Subscription (WF Solver),com.deepinkcode.wordfeudsolver,Subscription,prosub,,DK,,6100,DKK,15.20,1.000000,DKK,15.20,prosubmonth,,4994183596643847628,Yes,,,,
GPA.3341-7915-4276-25204..9,"Mar 21, 2026",1:37:50 PM PDT,,Google fee,,Pro Subscription (WF Solver),com.deepinkcode.wordfeudsolver,Subscription,prosub,,DK,,6100,DKK,-2.28,1.000000,DKK,-2.28,prosubmonth,,4994183596643847628,Yes,15,SUBSCRIPTIONS,,
GPA.3331-7513-2028-06082..2,"Mar 21, 2026",2:06:19 PM PDT,,Charge,,Pro Subscription (WF Solver),com.deepinkcode.wordfeudsolver,Subscription,prosub,,NL,,4854 CJ,EUR,1.98,7.472000,DKK,14.79,prosubmonth,,4994183596643847628,Yes,,,,
GPA.3331-7513-2028-06082..2,"Mar 21, 2026",2:06:19 PM PDT,,Google fee,,Pro Subscription (WF Solver),com.deepinkcode.wordfeudsolver,Subscription,prosub,,NL,,4854 CJ,EUR,-0.30,7.472000,DKK,-2.24,prosubmonth,,4994183596643847628,Yes,15,SUBSCRIPTIONS,,
GPA.3336-4304-9605-87920..2,"Mar 21, 2026",2:29:33 PM PDT,,Charge,,Pro Subscription (WF Solver),com.deepinkcode.wordfeudsolver,Subscription,prosub,,SE,,79296,SEK,22.40,0.691150,DKK,15.48,prosubmonth,,4994183596643847628,Yes,,,,
GPA.3336-4304-9605-87920..2,"Mar 21, 2026",2:29:33 PM PDT,,Google fee,,Pro Subscription (WF Solver),com.deepinkcode.wordfeudsolver,Subscription,prosub,,SE,,79296,SEK,-3.36,0.691150,DKK,-2.32,prosubmonth,,4994183596643847628,Yes,15,SUBSCRIPTIONS,,
GPA.3341-0842-8825-06610..8,"Mar 21, 2026",3:33:50 PM PDT,,Charge,,Pro Subscription (WF Solver),com.deepinkcode.wordfeudsolver,Subscription,prosub,,DK,,4200,DKK,15.20,1.000000,DKK,15.20,prosubmonth,,4994183596643847628,Yes,,,,
GPA.3341-0842-8825-06610..8,"Mar 21, 2026",3:33:50 PM PDT,,Google fee,,Pro Subscription (WF Solver),com.deepinkcode.wordfeudsolver,Subscription,prosub,,DK,,4200,DKK,-2.28,1.000000,DKK,-2.28,prosubmonth,,4994183596643847628,Yes,15,SUBSCRIPTIONS,,
GPA.3393-3892-5749-46812..6,"Mar 21, 2026",4:16:33 PM PDT,,Charge,,Pro Subscription (WF Solver),com.deepinkcode.wordfeudsolver,Subscription,prosub,,US,TX,75167,USD,2.49,6.457300,DKK,16.08,prosubmonth,,4994183596643847628,Yes,,,,
GPA.3393-3892-5749-46812..6,"Mar 21, 2026",4:16:33 PM PDT,,Google fee,,Pro Subscription (WF Solver),com.deepinkcode.wordfeudsolver,Subscription,prosub,,US,TX,75167,USD,-0.37,6.457300,DKK,-2.39,prosubmonth,,4994183596643847628,Yes,15,SUBSCRIPTIONS,,
GPA.3342-3425-5506-21144..9,"Mar 21, 2026",4:20:41 PM PDT,,Charge,,Pro Subscription (Words With Friends Solver),com.deepinkcode.wordswithfriendssolver,Subscription,prosub,,US,WV,25550,USD,1.99,6.457300,DKK,12.85,prosub,,4994183596643847628,Yes,,,,
GPA.3342-3425-5506-21144..9,"Mar 21, 2026",4:20:41 PM PDT,,Google fee,,Pro Subscription (Words With Friends Solver),com.deepinkcode.wordswithfriendssolver,Subscription,prosub,,US,WV,25550,USD,-0.30,6.457300,DKK,-1.94,prosub,,4994183596643847628,Yes,15,SUBSCRIPTIONS,,
GPA.3389-1287-5365-65559,"Mar 21, 2026",4:31:47 PM PDT,,Charge,,Pro (WF Solver),com.deepinkcode.wordfeudsolver,One-time product,pro,comet,US,CA,90211,USD,27.99,6.457300,DKK,180.74,legacy-base,,4994183596643847628,Yes,,,,In-app
GPA.3389-1287-5365-65559,"Mar 21, 2026",4:31:47 PM PDT,,Google fee,,Pro (WF Solver),com.deepinkcode.wordfeudsolver,One-time product,pro,comet,US,CA,90211,USD,-4.20,6.457300,DKK,-27.12,legacy-base,,4994183596643847628,Yes,15,,,In-app
GPA.3322-1162-6808-14691..8,"Mar 21, 2026",8:12:18 PM PDT,,Charge,,Pro Subscription (Words With Friends Solver),com.deepinkcode.wordswithfriendssolver,Subscription,prosub,,US,CA,92831,USD,1.99,6.457300,DKK,12.85,prosub,,4994183596643847628,Yes,,,,
GPA.3322-1162-6808-14691..8,"Mar 21, 2026",8:12:18 PM PDT,,Google fee,,Pro Subscription (Words With Friends Solver),com.deepinkcode.wordswithfriendssolver,Subscription,prosub,,US,CA,92831,USD,-0.30,6.457300,DKK,-1.94,prosub,,4994183596643847628,Yes,15,SUBSCRIPTIONS,,
GPA.3358-7045-5887-70671..11,"Mar 21, 2026",8:56:04 PM PDT,,Charge,,Pro Subscription (Words With Friends Solver),com.deepinkcode.wordswithfriendssolver,Subscription,prosub,,US,MI,48506,USD,1.99,6.457300,DKK,12.85,prosub,,4994183596643847628,Yes,,,,
GPA.3358-7045-5887-70671..11,"Mar 21, 2026",8:56:04 PM PDT,,Google fee,,Pro Subscription (Words With Friends Solver),com.deepinkcode.wordswithfriendssolver,Subscription,prosub,,US,MI,48506,USD,-0.30,6.457300,DKK,-1.94,prosub,,4994183596643847628,Yes,15,SUBSCRIPTIONS,,
GPA.3308-2018-1888-97215..0,"Mar 21, 2026",9:52:19 PM PDT,,Charge,,Pro Subscription (Words With Friends Solver),com.deepinkcode.wordswithfriendssolver,Subscription,prosub,,AU,,6000,AUD,3.63,4.534900,DKK,16.46,prosub,,4994183596643847628,Yes,,,,
GPA.3308-2018-1888-97215..0,"Mar 21, 2026",9:52:19 PM PDT,,Google fee,,Pro Subscription (Words With Friends Solver),com.deepinkcode.wordswithfriendssolver,Subscription,prosub,,AU,,6000,AUD,-0.54,4.534900,DKK,-2.45,prosub,,4994183596643847628,Yes,15,SUBSCRIPTIONS,,
GPA.3352-2802-6068-88960..13,"Mar 21, 2026",9:56:45 PM PDT,,Charge,,Pro Subscription (WF Solver),com.deepinkcode.wordfeudsolver,Subscription,prosub,,SE,,196 30,SEK,23.20,0.691150,DKK,16.03,prosubmonth,,4994183596643847628,Yes,,,,
GPA.3352-2802-6068-88960..13,"Mar 21, 2026",9:56:45 PM PDT,,Google fee,,Pro Subscription (WF Solver),com.deepinkcode.wordfeudsolver,Subscription,prosub,,SE,,196 30,SEK,-3.48,0.691150,DKK,-2.40,prosubmonth,,4994183596643847628,Yes,15,SUBSCRIPTIONS,,
GPA.3345-1158-1931-78566..7,"Mar 21, 2026",9:59:21 PM PDT,,Charge,,Pro Subscription (WF Solver),com.deepinkcode.wordfeudsolver,Subscription,prosub,,NL,,6824 PR,EUR,1.98,7.472000,DKK,14.79,prosubmonth,,4994183596643847628,Yes,,,,
GPA.3345-1158-1931-78566..7,"Mar 21, 2026",9:59:21 PM PDT,,Google fee,,Pro Subscription (WF Solver),com.deepinkcode.wordfeudsolver,Subscription,prosub,,NL,,6824 PR,EUR,-0.30,7.472000,DKK,-2.24,prosubmonth,,4994183596643847628,Yes,15,SUBSCRIPTIONS,,
GPA.3311-8284-7845-18076..2,"Mar 21, 2026",10:43:12 PM PDT,,Charge,,Pro Subscription (Words With Friends Solver),com.deepinkcode.wordswithfriendssolver,Subscription,prosub,,US,NV,89015,USD,2.49,6.457300,DKK,16.08,prosub,,4994183596643847628,Yes,,,,
GPA.3311-8284-7845-18076..2,"Mar 21, 2026",10:43:12 PM PDT,,Google fee,,Pro Subscription (Words With Friends Solver),com.deepinkcode.wordswithfriendssolver,Subscription,prosub,,US,NV,89015,USD,-0.37,6.457300,DKK,-2.39,prosub,,4994183596643847628,Yes,15,SUBSCRIPTIONS,,
GPA.3314-5961-9491-65053..1,"Mar 21, 2026",11:00:52 PM PDT,,Charge,,Pro Subscription (WF Solver),com.deepinkcode.wordfeudsolver,Subscription,prosub,,DK,,9430,DKK,15.20,1.000000,DKK,15.20,prosubmonth,,4994183596643847628,Yes,,,,
GPA.3314-5961-9491-65053..1,"Mar 21, 2026",11:00:52 PM PDT,,Google fee,,Pro Subscription (WF Solver),com.deepinkcode.wordfeudsolver,Subscription,prosub,,DK,,9430,DKK,-2.28,1.000000,DKK,-2.28,prosubmonth,,4994183596643847628,Yes,15,SUBSCRIPTIONS,,
GPA.3345-6593-2712-71005,"Mar 22, 2026",12:27:55 AM PDT,,Charge,,Pro Subscription (WF Solver),com.deepinkcode.wordfeudsolver,Subscription,prosub,r12s,NL,,2911HB,EUR,1.98,7.472000,DKK,14.79,prosubmonth,,4994183596643847628,Yes,,,,In-app
GPA.3345-6593-2712-71005,"Mar 22, 2026",12:27:55 AM PDT,,Google fee,,Pro Subscription (WF Solver),com.deepinkcode.wordfeudsolver,Subscription,prosub,r12s,NL,,2911HB,EUR,-0.30,7.472000,DKK,-2.24,prosubmonth,,4994183596643847628,Yes,15,SUBSCRIPTIONS,,In-app
GPA.3340-0530-1961-93945..10,"Mar 22, 2026",12:59:06 AM PDT,,Charge,,Pro Subscription (WF Solver),com.deepinkcode.wordfeudsolver,Subscription,prosub,,NL,,3951CB,EUR,1.98,7.472000,DKK,14.79,prosubmonth,,4994183596643847628,Yes,,,,
GPA.3340-0530-1961-93945..10,"Mar 22, 2026",12:59:06 AM PDT,,Google fee,,Pro Subscription (WF Solver),com.deepinkcode.wordfeudsolver,Subscription,prosub,,NL,,3951CB,EUR,-0.30,7.472000,DKK,-2.24,prosubmonth,,4994183596643847628,Yes,15,SUBSCRIPTIONS,,
GPA.3399-7033-1840-85820..7,"Mar 22, 2026",1:41:15 AM PDT,,Charge,,Pro Subscription (WF Solver),com.deepinkcode.wordfeudsolver,Subscription,prosub,,NO,,3070,NOK,24.00,0.675270,DKK,16.21,prosubmonth,,4994183596643847628,Yes,,,,
GPA.3399-7033-1840-85820..7,"Mar 22, 2026",1:41:15 AM PDT,,Google fee,,Pro Subscription (WF Solver),com.deepinkcode.wordfeudsolver,Subscription,prosub,,NO,,3070,NOK,-3.60,0.675270,DKK,-2.43,prosubmonth,,4994183596643847628,Yes,15,SUBSCRIPTIONS,,
GPA.3315-3561-7930-27788..5,"Mar 22, 2026",3:26:26 AM PDT,,Charge,,Pro Subscription (WF Solver),com.deepinkcode.wordfeudsolver,Subscription,prosub,,FI,,90650,EUR,1.98,7.472000,DKK,14.79,prosubmonth,,4994183596643847628,Yes,,,,
GPA.3315-3561-7930-27788..5,"Mar 22, 2026",3:26:26 AM PDT,,Google fee,,Pro Subscription (WF Solver),com.deepinkcode.wordfeudsolver,Subscription,prosub,,FI,,90650,EUR,-0.30,7.472000,DKK,-2.24,prosubmonth,,4994183596643847628,Yes,15,SUBSCRIPTIONS,,
GPA.3302-0281-4036-27622..0,"Mar 22, 2026",4:17:29 AM PDT,,Charge,,Pro Subscription (WF Solver),com.deepinkcode.wordfeudsolver,Subscription,prosub,,NL,,2284 JE,EUR,1.98,7.472000,DKK,14.79,prosubmonth,,4994183596643847628,Yes,,,,
GPA.3302-0281-4036-27622..0,"Mar 22, 2026",4:17:29 AM PDT,,Google fee,,Pro Subscription (WF Solver),com.deepinkcode.wordfeudsolver,Subscription,prosub,,NL,,2284 JE,EUR,-0.30,7.472000,DKK,-2.24,prosubmonth,,4994183596643847628,Yes,15,SUBSCRIPTIONS,,
GPA.3393-2912-9495-99944..8,"Mar 22, 2026",4:53:11 AM PDT,,Charge,,Pro Subscription (Words With Friends Solver),com.deepinkcode.wordswithfriendssolver,Subscription,prosub,,US,OR,97702,USD,1.99,6.457300,DKK,12.85,prosub,,4994183596643847628,Yes,,,,
GPA.3393-2912-9495-99944..8,"Mar 22, 2026",4:53:11 AM PDT,,Google fee,,Pro Subscription (Words With Friends Solver),com.deepinkcode.wordswithfriendssolver,Subscription,prosub,,US,OR,97702,USD,-0.30,6.457300,DKK,-1.94,prosub,,4994183596643847628,Yes,15,SUBSCRIPTIONS,,
GPA.3328-4265-0587-25110,"Mar 22, 2026",5:02:25 AM PDT,,Charge,,Pro Subscription (WF Solver),com.deepinkcode.wordfeudsolver,Subscription,prosub,r12s,NL,,1333MH,EUR,1.98,7.472000,DKK,14.79,prosubmonth,,4994183596643847628,Yes,,,,In-app
GPA.3328-4265-0587-25110,"Mar 22, 2026",5:02:25 AM PDT,,Google fee,,Pro Subscription (WF Solver),com.deepinkcode.wordfeudsolver,Subscription,prosub,r12s,NL,,1333MH,EUR,-0.30,7.472000,DKK,-2.24,prosubmonth,,4994183596643847628,Yes,15,SUBSCRIPTIONS,,In-app
GPA.3317-0190-5175-49848..9,"Mar 22, 2026",6:00:31 AM PDT,,Charge,,Pro Subscription (WF Solver),com.deepinkcode.wordfeudsolver,Subscription,prosub,,SE,,54162,SEK,23.20,0.691150,DKK,16.03,prosubmonth,,4994183596643847628,Yes,,,,
GPA.3317-0190-5175-49848..9,"Mar 22, 2026",6:00:31 AM PDT,,Google fee,,Pro Subscription (WF Solver),com.deepinkcode.wordfeudsolver,Subscription,prosub,,SE,,54162,SEK,-3.48,0.691150,DKK,-2.40,prosubmonth,,4994183596643847628,Yes,15,SUBSCRIPTIONS,,
GPA.3385-0020-0902-29457..8,"Mar 22, 2026",7:17:26 AM PDT,,Charge,,Pro Subscription (WF Solver),com.deepinkcode.wordfeudsolver,Subscription,prosub,,NL,,8301AS,EUR,1.98,7.472000,DKK,14.79,prosubmonth,,4994183596643847628,Yes,,,,
GPA.3385-0020-0902-29457..8,"Mar 22, 2026",7:17:26 AM PDT,,Google fee,,Pro Subscription (WF Solver),com.deepinkcode.wordfeudsolver,Subscription,prosub,,NL,,8301AS,EUR,-0.30,7.472000,DKK,-2.24,prosubmonth,,4994183596643847628,Yes,15,SUBSCRIPTIONS,,
GPA.3321-3514-5738-31692..2,"Mar 22, 2026",7:19:40 AM PDT,,Charge,,Pro Subscription (WF Solver),com.deepinkcode.wordfeudsolver,Subscription,prosub,,NL,,7041 XB,EUR,1.98,7.472000,DKK,14.79,prosubmonth,,4994183596643847628,Yes,,,,
GPA.3321-3514-5738-31692..2,"Mar 22, 2026",7:19:40 AM PDT,,Google fee,,Pro Subscription (WF Solver),com.deepinkcode.wordfeudsolver,Subscription,prosub,,NL,,7041 XB,EUR,-0.30,7.472000,DKK,-2.24,prosubmonth,,4994183596643847628,Yes,15,SUBSCRIPTIONS,,
GPA.3300-0896-4569-07552..3,"Mar 22, 2026",8:51:01 AM PDT,,Charge,,Pro Subscription (WF Solver),com.deepinkcode.wordfeudsolver,Subscription,prosub,,DK,,8270,DKK,15.20,1.000000,DKK,15.20,prosubmonth,,4994183596643847628,Yes,,,,
GPA.3300-0896-4569-07552..3,"Mar 22, 2026",8:51:01 AM PDT,,Google fee,,Pro Subscription (WF Solver),com.deepinkcode.wordfeudsolver,Subscription,prosub,,DK,,8270,DKK,-2.28,1.000000,DKK,-2.28,prosubmonth,,4994183596643847628,Yes,15,SUBSCRIPTIONS,,
GPA.3394-6872-1469-53971..7,"Mar 22, 2026",9:23:56 AM PDT,,Charge,,Pro Subscription (WF Solver),com.deepinkcode.wordfeudsolver,Subscription,prosub,,NL,,1964EM,EUR,1.98,7.472000,DKK,14.79,prosubmonth,,4994183596643847628,Yes,,,,
GPA.3394-6872-1469-53971..7,"Mar 22, 2026",9:23:56 AM PDT,,Google fee,,Pro Subscription (WF Solver),com.deepinkcode.wordfeudsolver,Subscription,prosub,,NL,,1964EM,EUR,-0.30,7.472000,DKK,-2.24,prosubmonth,,4994183596643847628,Yes,15,SUBSCRIPTIONS,,
GPA.3357-7998-8847-08798..11,"Mar 22, 2026",11:22:40 AM PDT,,Charge,,Pro Subscription (Words With Friends Solver),com.deepinkcode.wordswithfriendssolver,Subscription,prosub,,US,LA,70392,USD,1.99,6.457300,DKK,12.85,prosub,,4994183596643847628,Yes,,,,
GPA.3357-7998-8847-08798..11,"Mar 22, 2026",11:22:40 AM PDT,,Google fee,,Pro Subscription (Words With Friends Solver),com.deepinkcode.wordswithfriendssolver,Subscription,prosub,,US,LA,70392,USD,-0.30,6.457300,DKK,-1.94,prosub,,4994183596643847628,Yes,15,SUBSCRIPTIONS,,
GPA.3303-0348-1598-61919..1,"Mar 22, 2026",11:32:55 AM PDT,,Charge,,Pro Subscription (WF Solver),com.deepinkcode.wordfeudsolver,Subscription,prosub,,SE,,72344,SEK,22.40,0.691150,DKK,15.48,prosubmonth,,4994183596643847628,Yes,,,,
GPA.3303-0348-1598-61919..1,"Mar 22, 2026",11:32:55 AM PDT,,Google fee,,Pro Subscription (WF Solver),com.deepinkcode.wordfeudsolver,Subscription,prosub,,SE,,72344,SEK,-3.36,0.691150,DKK,-2.32,prosubmonth,,4994183596643847628,Yes,15,SUBSCRIPTIONS,,
GPA.3358-6522-1465-16149..2,"Mar 22, 2026",11:53:07 AM PDT,,Charge,,Pro Subscription (WF Solver),com.deepinkcode.wordfeudsolver,Subscription,prosub,,SE,,186 37,SEK,22.40,0.691150,DKK,15.48,prosubmonth,,4994183596643847628,Yes,,,,
GPA.3358-6522-1465-16149..2,"Mar 22, 2026",11:53:07 AM PDT,,Google fee,,Pro Subscription (WF Solver),com.deepinkcode.wordfeudsolver,Subscription,prosub,,SE,,186 37,SEK,-3.36,0.691150,DKK,-2.32,prosubmonth,,4994183596643847628,Yes,15,SUBSCRIPTIONS,,
GPA.3309-0873-1191-84078..2,"Mar 22, 2026",12:08:54 PM PDT,,Charge,,Pro Subscription (WF Solver),com.deepinkcode.wordfeudsolver,Subscription,prosub,,NL,,6836 MT,EUR,1.98,7.465500,DKK,14.78,prosubmonth,,4994183596643847628,Yes,,,,
GPA.3309-0873-1191-84078..2,"Mar 22, 2026",12:08:54 PM PDT,,Google fee,,Pro Subscription (WF Solver),com.deepinkcode.wordfeudsolver,Subscription,prosub,,NL,,6836 MT,EUR,-0.30,7.465500,DKK,-2.24,prosubmonth,,4994183596643847628,Yes,15,SUBSCRIPTIONS,,
GPA.3391-1588-2992-74203..8,"Mar 22, 2026",12:26:08 PM PDT,,Charge,,Pro Subscription (WF Solver),com.deepinkcode.wordfeudsolver,Subscription,prosub,,SE,,51199,SEK,23.20,0.691150,DKK,16.03,prosubmonth,,4994183596643847628,Yes,,,,
GPA.3391-1588-2992-74203..8,"Mar 22, 2026",12:26:08 PM PDT,,Google fee,,Pro Subscription (WF Solver),com.deepinkcode.wordfeudsolver,Subscription,prosub,,SE,,51199,SEK,-3.48,0.691150,DKK,-2.40,prosubmonth,,4994183596643847628,Yes,15,SUBSCRIPTIONS,,
GPA.3366-3444-4268-93978..4,"Mar 22, 2026",1:24:29 PM PDT,,Charge,,Pro Subscription (WF Solver),com.deepinkcode.wordfeudsolver,Subscription,prosub,,NL,,3079WJ,EUR,1.98,7.471200,DKK,14.79,prosubmonth,,4994183596643847628,Yes,,,,
GPA.3366-3444-4268-93978..4,"Mar 22, 2026",1:24:29 PM PDT,,Google fee,,Pro Subscription (WF Solver),com.deepinkcode.wordfeudsolver,Subscription,prosub,,NL,,3079WJ,EUR,-0.30,7.471200,DKK,-2.24,prosubmonth,,4994183596643847628,Yes,15,SUBSCRIPTIONS,,
GPA.3329-8102-5662-73610..3,"Mar 22, 2026",1:50:11 PM PDT,,Charge,,Pro Subscription (WF Solver),com.deepinkcode.wordfeudsolver,Subscription,prosub,,DK,,8200,DKK,15.20,1.000000,DKK,15.20,prosubmonth,,4994183596643847628,Yes,,,,
GPA.3329-8102-5662-73610..3,"Mar 22, 2026",1:50:11 PM PDT,,Google fee,,Pro Subscription (WF Solver),com.deepinkcode.wordfeudsolver,Subscription,prosub,,DK,,8200,DKK,-2.28,1.000000,DKK,-2.28,prosubmonth,,4994183596643847628,Yes,15,SUBSCRIPTIONS,,
GPA.3389-7668-1671-27819..6,"Mar 22, 2026",1:55:28 PM PDT,,Charge,,Pro Subscription (WF Solver),com.deepinkcode.wordfeudsolver,Subscription,prosub,,SE,,616 31,SEK,22.40,0.692220,DKK,15.51,prosubmonth,,4994183596643847628,Yes,,,,
GPA.3389-7668-1671-27819..6,"Mar 22, 2026",1:55:28 PM PDT,,Google fee,,Pro Subscription (WF Solver),com.deepinkcode.wordfeudsolver,Subscription,prosub,,SE,,616 31,SEK,-3.36,0.692220,DKK,-2.33,prosubmonth,,4994183596643847628,Yes,15,SUBSCRIPTIONS,,
GPA.3383-0804-4251-79537,"Mar 22, 2026",1:59:53 PM PDT,,Charge,,Pro Subscription (WF Solver),com.deepinkcode.wordfeudsolver,Subscription,prosub,pa3q,NL,,7433 EG,EUR,1.98,7.471200,DKK,14.79,prosubmonth,,4994183596643847628,Yes,,,,In-app
GPA.3383-0804-4251-79537,"Mar 22, 2026",1:59:53 PM PDT,,Google fee,,Pro Subscription (WF Solver),com.deepinkcode.wordfeudsolver,Subscription,prosub,pa3q,NL,,7433 EG,EUR,-0.30,7.471200,DKK,-2.24,prosubmonth,,4994183596643847628,Yes,15,SUBSCRIPTIONS,,In-app
GPA.3314-0513-7301-21145..3,"Mar 22, 2026",2:24:34 PM PDT,,Charge,,Pro Subscription (WF Solver),com.deepinkcode.wordfeudsolver,Subscription,prosub,,BE,,2600,EUR,1.98,7.471100,DKK,14.79,prosubmonth,,4994183596643847628,Yes,,,,
GPA.3314-0513-7301-21145..3,"Mar 22, 2026",2:24:34 PM PDT,,Google fee,,Pro Subscription (WF Solver),com.deepinkcode.wordfeudsolver,Subscription,prosub,,BE,,2600,EUR,-0.30,7.471100,DKK,-2.24,prosubmonth,,4994183596643847628,Yes,15,SUBSCRIPTIONS,,
GPA.3322-1888-7824-23481..1,"Mar 22, 2026",2:27:24 PM PDT,,Charge,,Pro Subscription (Words With Friends Solver),com.deepinkcode.wordswithfriendssolver,Subscription,prosub,,US,NY,11249,USD,2.49,6.472200,DKK,16.12,prosub,,4994183596643847628,Yes,,,,
GPA.3322-1888-7824-23481..1,"Mar 22, 2026",2:27:24 PM PDT,,Google fee,,Pro Subscription (Words With Friends Solver),com.deepinkcode.wordswithfriendssolver,Subscription,prosub,,US,NY,11249,USD,-0.37,6.472200,DKK,-2.39,prosub,,4994183596643847628,Yes,15,SUBSCRIPTIONS,,
GPA.3348-2544-8985-49964..4,"Mar 22, 2026",2:39:52 PM PDT,,Charge,,Pro Subscription (WF Solver),com.deepinkcode.wordfeudsolver,Subscription,prosub,,NL,,3751AB,EUR,1.98,7.471100,DKK,14.79,prosubmonth,,4994183596643847628,Yes,,,,
GPA.3348-2544-8985-49964..4,"Mar 22, 2026",2:39:52 PM PDT,,Google fee,,Pro Subscription (WF Solver),com.deepinkcode.wordfeudsolver,Subscription,prosub,,NL,,3751AB,EUR,-0.30,7.471100,DKK,-2.24,prosubmonth,,4994183596643847628,Yes,15,SUBSCRIPTIONS,,
GPA.3301-8135-8780-87146..8,"Mar 22, 2026",2:48:26 PM PDT,,Charge,,Pro Subscription (WF Solver),com.deepinkcode.wordfeudsolver,Subscription,prosub,,NO,,1283,NOK,24.00,0.675440,DKK,16.21,prosubmonth,,4994183596643847628,Yes,,,,
GPA.3301-8135-8780-87146..8,"Mar 22, 2026",2:48:26 PM PDT,,Google fee,,Pro Subscription (WF Solver),com.deepinkcode.wordfeudsolver,Subscription,prosub,,NO,,1283,NOK,-3.60,0.675440,DKK,-2.43,prosubmonth,,4994183596643847628,Yes,15,SUBSCRIPTIONS,,
GPA.3368-6706-6934-52719..5,"Mar 22, 2026",3:05:08 PM PDT,,Charge,,Pro Subscription (Words With Friends Solver),com.deepinkcode.wordswithfriendssolver,Subscription,prosub,,US,CA,92503,USD,2.49,6.476200,DKK,16.13,prosub,,4994183596643847628,Yes,,,,
GPA.3368-6706-6934-52719..5,"Mar 22, 2026",3:05:08 PM PDT,,Google fee,,Pro Subscription (Words With Friends Solver),com.deepinkcode.wordswithfriendssolver,Subscription,prosub,,US,CA,92503,USD,-0.37,6.476200,DKK,-2.40,prosub,,4994183596643847628,Yes,15,SUBSCRIPTIONS,,
GPA.3315-3916-0907-72391..0,"Mar 22, 2026",3:10:50 PM PDT,,Charge,,Pro Subscription (Words With Friends Solver),com.deepinkcode.wordswithfriendssolver,Subscription,prosub,,US,KS,66701,USD,2.49,6.476200,DKK,16.13,prosub,,4994183596643847628,Yes,,,,
GPA.3315-3916-0907-72391..0,"Mar 22, 2026",3:10:50 PM PDT,,Google fee,,Pro Subscription (Words With Friends Solver),com.deepinkcode.wordswithfriendssolver,Subscription,prosub,,US,KS,66701,USD,-0.37,6.476200,DKK,-2.40,prosub,,4994183596643847628,Yes,15,SUBSCRIPTIONS,,
GPA.3325-4502-1796-17345..12,"Mar 22, 2026",3:47:07 PM PDT,,Charge,,Pro Subscription (WF Solver),com.deepinkcode.wordfeudsolver,Subscription,prosub,,NL,,3089 PZ,EUR,1.98,7.471800,DKK,14.79,prosubmonth,,4994183596643847628,Yes,,,,
GPA.3325-4502-1796-17345..12,"Mar 22, 2026",3:47:07 PM PDT,,Google fee,,Pro Subscription (WF Solver),com.deepinkcode.wordfeudsolver,Subscription,prosub,,NL,,3089 PZ,EUR,-0.30,7.471800,DKK,-2.24,prosubmonth,,4994183596643847628,Yes,15,SUBSCRIPTIONS,,
GPA.3305-5694-8929-73237..0,"Mar 22, 2026",4:25:05 PM PDT,,Charge,,Pro Subscription (Words With Friends Solver),com.deepinkcode.wordswithfriendssolver,Subscription,prosub,,US,LA,71458,USD,2.49,6.470500,DKK,16.11,prosub,,4994183596643847628,Yes,,,,
GPA.3305-5694-8929-73237..0,"Mar 22, 2026",4:25:05 PM PDT,,Google fee,,Pro Subscription (Words With Friends Solver),com.deepinkcode.wordswithfriendssolver,Subscription,prosub,,US,LA,71458,USD,-0.37,6.470500,DKK,-2.39,prosub,,4994183596643847628,Yes,15,SUBSCRIPTIONS,,
GPA.3342-4054-2135-25539..7,"Mar 22, 2026",4:28:23 PM PDT,,Charge,,Pro Subscription (WF Solver),com.deepinkcode.wordfeudsolver,Subscription,prosub,,NL,,6464ED,EUR,1.98,7.471300,DKK,14.79,prosubmonth,,4994183596643847628,Yes,,,,
GPA.3342-4054-2135-25539..7,"Mar 22, 2026",4:28:23 PM PDT,,Google fee,,Pro Subscription (WF Solver),com.deepinkcode.wordfeudsolver,Subscription,prosub,,NL,,6464ED,EUR,-0.30,7.471300,DKK,-2.24,prosubmonth,,4994183596643847628,Yes,15,SUBSCRIPTIONS,,
GPA.3386-3940-0624-02162..3,"Mar 22, 2026",4:44:38 PM PDT,,Charge,,Pro Subscription (Words With Friends Solver),com.deepinkcode.wordswithfriendssolver,Subscription,prosub,,US,VA,23462,USD,2.49,6.470500,DKK,16.11,prosub,,4994183596643847628,Yes,,,,
GPA.3386-3940-0624-02162..3,"Mar 22, 2026",4:44:38 PM PDT,,Google fee,,Pro Subscription (Words With Friends Solver),com.deepinkcode.wordswithfriendssolver,Subscription,prosub,,US,VA,23462,USD,-0.37,6.470500,DKK,-2.39,prosub,,4994183596643847628,Yes,15,SUBSCRIPTIONS,,
GPA.3332-8077-7181-31023,"Mar 22, 2026",5:16:01 PM PDT,,Charge,,Pro Subscription (Words With Friends Solver),com.deepinkcode.wordswithfriendssolver,Subscription,prosub,dm3q,US,MD,21740,USD,2.49,6.464200,DKK,16.10,prosub,,4994183596643847628,Yes,,,,In-app
GPA.3332-8077-7181-31023,"Mar 22, 2026",5:16:01 PM PDT,,Google fee,,Pro Subscription (Words With Friends Solver),com.deepinkcode.wordswithfriendssolver,Subscription,prosub,dm3q,US,MD,21740,USD,-0.37,6.464200,DKK,-2.39,prosub,,4994183596643847628,Yes,15,SUBSCRIPTIONS,,In-app
GPA.3346-0979-5739-58579,"Mar 22, 2026",5:34:01 PM PDT,,Charge,,Pro Subscription (Words With Friends Solver),com.deepinkcode.wordswithfriendssolver,Subscription,prosub,r13s,US,AR,72126,USD,2.49,6.464200,DKK,16.10,prosub,,4994183596643847628,Yes,,,,In-app
GPA.3346-0979-5739-58579,"Mar 22, 2026",5:34:01 PM PDT,,Google fee,,Pro Subscription (Words With Friends Solver),com.deepinkcode.wordswithfriendssolver,Subscription,prosub,r13s,US,AR,72126,USD,-0.37,6.464200,DKK,-2.39,prosub,,4994183596643847628,Yes,15,SUBSCRIPTIONS,,In-app
GPA.3326-6138-4655-41660..6,"Mar 22, 2026",6:02:09 PM PDT,,Charge,,Pro Subscription (Words With Friends Solver),com.deepinkcode.wordswithfriendssolver,Subscription,prosub,,US,AK,99611,USD,2.49,6.463200,DKK,16.09,prosub,,4994183596643847628,Yes,,,,
GPA.3326-6138-4655-41660..6,"Mar 22, 2026",6:02:09 PM PDT,,Google fee,,Pro Subscription (Words With Friends Solver),com.deepinkcode.wordswithfriendssolver,Subscription,prosub,,US,AK,99611,USD,-0.37,6.463200,DKK,-2.39,prosub,,4994183596643847628,Yes,15,SUBSCRIPTIONS,,
GPA.3371-9838-6200-91505..5,"Mar 22, 2026",7:29:09 PM PDT,,Charge,,Pro Subscription (Words With Friends Solver),com.deepinkcode.wordswithfriendssolver,Subscription,prosub,,US,AZ,85120,USD,2.49,6.470200,DKK,16.11,prosub,,4994183596643847628,Yes,,,,
GPA.3371-9838-6200-91505..5,"Mar 22, 2026",7:29:09 PM PDT,,Google fee,,Pro Subscription (Words With Friends Solver),com.deepinkcode.wordswithfriendssolver,Subscription,prosub,,US,AZ,85120,USD,-0.37,6.470200,DKK,-2.39,prosub,,4994183596643847628,Yes,15,SUBSCRIPTIONS,,
GPA.3353-0298-6306-48618..4,"Mar 22, 2026",11:59:55 PM PDT,,Charge,,Pro Subscription (WF Solver),com.deepinkcode.wordfeudsolver,Subscription,prosub,,SE,,124 64,SEK,22.40,0.690340,DKK,15.46,prosubmonth,,4994183596643847628,Yes,,,,
GPA.3353-0298-6306-48618..4,"Mar 22, 2026",11:59:55 PM PDT,,Google fee,,Pro Subscription (WF Solver),com.deepinkcode.wordfeudsolver,Subscription,prosub,,SE,,124 64,SEK,-3.36,0.690340,DKK,-2.32,prosubmonth,,4994183596643847628,Yes,15,SUBSCRIPTIONS,,
GPA.3368-8608-2752-30114..7,"Mar 23, 2026",2:51:50 AM PDT,,Charge,,Pro Subscription (WF Solver),com.deepinkcode.wordfeudsolver,Subscription,prosub,,NL,,5348 GC,EUR,1.98,7.471500,DKK,14.79,prosubmonth,,4994183596643847628,Yes,,,,
GPA.3368-8608-2752-30114..7,"Mar 23, 2026",2:51:50 AM PDT,,Google fee,,Pro Subscription (WF Solver),com.deepinkcode.wordfeudsolver,Subscription,prosub,,NL,,5348 GC,EUR,-0.30,7.471500,DKK,-2.24,prosubmonth,,4994183596643847628,Yes,15,SUBSCRIPTIONS,,
GPA.3353-5673-4277-07836,"Mar 23, 2026",2:57:56 AM PDT,,Charge,,Pro (WF Solver),com.deepinkcode.wordfeudsolver,One-time product,pro,dm1q,NL,,2215AX,EUR,23.96,7.471500,DKK,179.02,legacy-base,,4994183596643847628,Yes,,,,In-app
GPA.3353-5673-4277-07836,"Mar 23, 2026",2:57:56 AM PDT,,Google fee,,Pro (WF Solver),com.deepinkcode.wordfeudsolver,One-time product,pro,dm1q,NL,,2215AX,EUR,-3.59,7.471500,DKK,-26.83,legacy-base,,4994183596643847628,Yes,15,,,In-app
GPA.3311-6609-7970-06146..1,"Mar 23, 2026",3:07:24 AM PDT,,Charge,,Pro Subscription (WF Solver),com.deepinkcode.wordfeudsolver,Subscription,prosub,,SE,,43442,SEK,22.40,0.687360,DKK,15.40,prosubmonth,,4994183596643847628,Yes,,,,
GPA.3311-6609-7970-06146..1,"Mar 23, 2026",3:07:24 AM PDT,,Google fee,,Pro Subscription (WF Solver),com.deepinkcode.wordfeudsolver,Subscription,prosub,,SE,,43442,SEK,-3.36,0.687360,DKK,-2.31,prosubmonth,,4994183596643847628,Yes,15,SUBSCRIPTIONS,,
GPA.3381-1274-6762-39233..13,"Mar 23, 2026",3:07:50 AM PDT,,Charge,,Pro Subscription (WF Solver),com.deepinkcode.wordfeudsolver,Subscription,prosub,,NL,,5044 PM,EUR,1.98,7.472000,DKK,14.79,prosubmonth,,4994183596643847628,Yes,,,,
GPA.3381-1274-6762-39233..13,"Mar 23, 2026",3:07:50 AM PDT,,Google fee,,Pro Subscription (WF Solver),com.deepinkcode.wordfeudsolver,Subscription,prosub,,NL,,5044 PM,EUR,-0.30,7.472000,DKK,-2.24,prosubmonth,,4994183596643847628,Yes,15,SUBSCRIPTIONS,,
GPA.3398-9829-3292-76168..2,"Mar 23, 2026",3:33:51 AM PDT,,Charge,,Pro Subscription (WF Solver),com.deepinkcode.wordfeudsolver,Subscription,prosub,,SE,,38430,SEK,22.40,0.687360,DKK,15.40,prosubmonth,,4994183596643847628,Yes,,,,
GPA.3398-9829-3292-76168..2,"Mar 23, 2026",3:33:51 AM PDT,,Google fee,,Pro Subscription (WF Solver),com.deepinkcode.wordfeudsolver,Subscription,prosub,,SE,,38430,SEK,-3.36,0.687360,DKK,-2.31,prosubmonth,,4994183596643847628,Yes,15,SUBSCRIPTIONS,,
GPA.3317-9669-8991-59536..4,"Mar 23, 2026",5:08:01 AM PDT,,Charge,,Pro Subscription (WF Solver),com.deepinkcode.wordfeudsolver,Subscription,prosub,,SE,,61994,SEK,22.40,0.685180,DKK,15.35,prosubmonth,,4994183596643847628,Yes,,,,
GPA.3317-9669-8991-59536..4,"Mar 23, 2026",5:08:01 AM PDT,,Google fee,,Pro Subscription (WF Solver),com.deepinkcode.wordfeudsolver,Subscription,prosub,,SE,,61994,SEK,-3.36,0.685180,DKK,-2.30,prosubmonth,,4994183596643847628,Yes,15,SUBSCRIPTIONS,,
GPA.3332-5643-6316-61506..2,"Mar 23, 2026",5:34:19 AM PDT,,Charge,,Pro Subscription (WF Solver),com.deepinkcode.wordfeudsolver,Subscription,prosub,,NL,,1211HA,EUR,1.98,7.471600,DKK,14.79,prosubmonth,,4994183596643847628,Yes,,,,
GPA.3332-5643-6316-61506..2,"Mar 23, 2026",5:34:19 AM PDT,,Google fee,,Pro Subscription (WF Solver),com.deepinkcode.wordfeudsolver,Subscription,prosub,,NL,,1211HA,EUR,-0.30,7.471600,DKK,-2.24,prosubmonth,,4994183596643847628,Yes,15,SUBSCRIPTIONS,,
GPA.3308-8378-8751-59300..8,"Mar 23, 2026",6:16:17 AM PDT,,Charge,,Pro Subscription (Words With Friends Solver),com.deepinkcode.wordswithfriendssolver,Subscription,prosub,,US,CT,06359,USD,1.99,6.467300,DKK,12.87,prosub,,4994183596643847628,Yes,,,,
GPA.3308-8378-8751-59300..8,"Mar 23, 2026",6:16:17 AM PDT,,Google fee,,Pro Subscription (Words With Friends Solver),com.deepinkcode.wordswithfriendssolver,Subscription,prosub,,US,CT,06359,USD,-0.30,6.467300,DKK,-1.94,prosub,,4994183596643847628,Yes,15,SUBSCRIPTIONS,,
GPA.3335-9723-6752-90033..1,"Mar 23, 2026",8:02:41 AM PDT,,Charge,,Pro Subscription (WF Solver),com.deepinkcode.wordfeudsolver,Subscription,prosub,,NO,,4085,NOK,24.00,0.660520,DKK,15.85,prosubmonth,,4994183596643847628,Yes,,,,
GPA.3335-9723-6752-90033..1,"Mar 23, 2026",8:02:41 AM PDT,,Google fee,,Pro Subscription (WF Solver),com.deepinkcode.wordfeudsolver,Subscription,prosub,,NO,,4085,NOK,-3.60,0.660520,DKK,-2.38,prosubmonth,,4994183596643847628,Yes,15,SUBSCRIPTIONS,,
GPA.3309-5341-6671-84441..14,"Mar 23, 2026",8:07:02 AM PDT,,Charge,,Pro Subscription (WF Solver),com.deepinkcode.wordfeudsolver,Subscription,prosub,,NL,,3161jg,EUR,1.98,7.472100,DKK,14.79,prosubmonth,,4994183596643847628,Yes,,,,
GPA.3309-5341-6671-84441..14,"Mar 23, 2026",8:07:02 AM PDT,,Google fee,,Pro Subscription (WF Solver),com.deepinkcode.wordfeudsolver,Subscription,prosub,,NL,,3161jg,EUR,-0.30,7.472100,DKK,-2.24,prosubmonth,,4994183596643847628,Yes,15,SUBSCRIPTIONS,,
GPA.3320-7284-9952-82675..0,"Mar 23, 2026",8:27:17 AM PDT,,Charge,,Pro Subscription (WF Solver),com.deepinkcode.wordfeudsolver,Subscription,prosub,,DK,,2765,DKK,15.20,1.000000,DKK,15.20,prosubmonth,,4994183596643847628,Yes,,,,
GPA.3320-7284-9952-82675..0,"Mar 23, 2026",8:27:17 AM PDT,,Google fee,,Pro Subscription (WF Solver),com.deepinkcode.wordfeudsolver,Subscription,prosub,,DK,,2765,DKK,-2.28,1.000000,DKK,-2.28,prosubmonth,,4994183596643847628,Yes,15,SUBSCRIPTIONS,,
GPA.3305-3084-5912-17007..0,"Mar 23, 2026",9:33:08 AM PDT,,Charge,,Pro Subscription (WF Solver),com.deepinkcode.wordfeudsolver,Subscription,prosub,,SE,,68395,SEK,22.40,0.692090,DKK,15.50,prosubmonth,,4994183596643847628,Yes,,,,
GPA.3305-3084-5912-17007..0,"Mar 23, 2026",9:33:08 AM PDT,,Google fee,,Pro Subscription (WF Solver),com.deepinkcode.wordfeudsolver,Subscription,prosub,,SE,,68395,SEK,-3.36,0.692090,DKK,-2.32,prosubmonth,,4994183596643847628,Yes,15,SUBSCRIPTIONS,,
GPA.3399-4321-6719-91678..0,"Mar 23, 2026",11:09:12 AM PDT,,Charge,,Pro Subscription (Words With Friends Solver),com.deepinkcode.wordswithfriendssolver,Subscription,prosub,,US,AR,72830,USD,2.49,6.446000,DKK,16.05,prosub,,4994183596643847628,Yes,,,,
GPA.3399-4321-6719-91678..0,"Mar 23, 2026",11:09:12 AM PDT,,Google fee,,Pro Subscription (Words With Friends Solver),com.deepinkcode.wordswithfriendssolver,Subscription,prosub,,US,AR,72830,USD,-0.37,6.446000,DKK,-2.39,prosub,,4994183596643847628,Yes,15,SUBSCRIPTIONS,,
GPA.3313-6026-4742-03553..7,"Mar 23, 2026",11:19:20 AM PDT,,Charge,,Pro Subscription (WF Solver),com.deepinkcode.wordfeudsolver,Subscription,prosub,,NL,,2992hs,EUR,1.98,7.470500,DKK,14.79,prosubmonth,,4994183596643847628,Yes,,,,
GPA.3313-6026-4742-03553..7,"Mar 23, 2026",11:19:20 AM PDT,,Google fee,,Pro Subscription (WF Solver),com.deepinkcode.wordfeudsolver,Subscription,prosub,,NL,,2992hs,EUR,-0.30,7.470500,DKK,-2.24,prosubmonth,,4994183596643847628,Yes,15,SUBSCRIPTIONS,,
GPA.3304-5302-3714-45808..12,"Mar 23, 2026",11:23:31 AM PDT,,Charge,,Pro Subscription (WF Solver),com.deepinkcode.wordfeudsolver,Subscription,prosub,,BE,,8310,EUR,1.98,7.470500,DKK,14.79,prosubmonth,,4994183596643847628,Yes,,,,
GPA.3304-5302-3714-45808..12,"Mar 23, 2026",11:23:31 AM PDT,,Google fee,,Pro Subscription (WF Solver),com.deepinkcode.wordfeudsolver,Subscription,prosub,,BE,,8310,EUR,-0.30,7.470500,DKK,-2.24,prosubmonth,,4994183596643847628,Yes,15,SUBSCRIPTIONS,,
GPA.3300-5076-3825-59911..2,"Mar 23, 2026",12:13:35 PM PDT,,Charge,,Pro Subscription (WF Solver),com.deepinkcode.wordfeudsolver,Subscription,prosub,,NL,,6287 CK,EUR,1.98,7.471000,DKK,14.79,prosubmonth,,4994183596643847628,Yes,,,,
GPA.3300-5076-3825-59911..2,"Mar 23, 2026",12:13:35 PM PDT,,Google fee,,Pro Subscription (WF Solver),com.deepinkcode.wordfeudsolver,Subscription,prosub,,NL,,6287 CK,EUR,-0.30,7.471000,DKK,-2.24,prosubmonth,,4994183596643847628,Yes,15,SUBSCRIPTIONS,,
GPA.3322-8898-2604-92881..8,"Mar 23, 2026",12:59:17 PM PDT,,Charge,,Pro Subscription (Words With Friends Solver),com.deepinkcode.wordswithfriendssolver,Subscription,prosub,,US,NJ,08028,USD,1.99,6.438600,DKK,12.81,prosub,,4994183596643847628,Yes,,,,
GPA.3322-8898-2604-92881..8,"Mar 23, 2026",12:59:17 PM PDT,,Google fee,,Pro Subscription (Words With Friends Solver),com.deepinkcode.wordswithfriendssolver,Subscription,prosub,,US,NJ,08028,USD,-0.30,6.438600,DKK,-1.93,prosub,,4994183596643847628,Yes,15,SUBSCRIPTIONS,,
GPA.3336-3023-4336-24961..3,"Mar 23, 2026",1:15:48 PM PDT,,Charge,,Pro Subscription (WF Solver),com.deepinkcode.wordfeudsolver,Subscription,prosub,,NL,,3734 EE,EUR,1.98,7.471000,DKK,14.79,prosubmonth,,4994183596643847628,Yes,,,,
GPA.3336-3023-4336-24961..3,"Mar 23, 2026",1:15:48 PM PDT,,Google fee,,Pro Subscription (WF Solver),com.deepinkcode.wordfeudsolver,Subscription,prosub,,NL,,3734 EE,EUR,-0.30,7.471000,DKK,-2.24,prosubmonth,,4994183596643847628,Yes,15,SUBSCRIPTIONS,,
GPA.3332-0409-8238-03876..8,"Mar 23, 2026",2:12:16 PM PDT,,Charge,,Pro Subscription (Scrabble GO Cheat),com.deepinkcode.scrabblegocheat,Subscription,prosub,,US,GA,30260,USD,1.99,6.434000,DKK,12.80,prosubmonth,,4994183596643847628,Yes,,,,
GPA.3332-0409-8238-03876..8,"Mar 23, 2026",2:12:16 PM PDT,,Google fee,,Pro Subscription (Scrabble GO Cheat),com.deepinkcode.scrabblegocheat,Subscription,prosub,,US,GA,30260,USD,-0.30,6.434000,DKK,-1.93,prosubmonth,,4994183596643847628,Yes,15,SUBSCRIPTIONS,,
GPA.3311-6313-7068-78628,"Mar 23, 2026",3:41:33 PM PDT,,Charge,,Pro Subscription (Scrabble GO Cheat),com.deepinkcode.scrabblegocheat,Subscription,prosub,pa3q,GB,,BA21 5RW,GBP,1.74,8.643900,DKK,15.04,prosubmonth,,4994183596643847628,Yes,,,,Play store
GPA.3311-6313-7068-78628,"Mar 23, 2026",3:41:33 PM PDT,,Google fee,,Pro Subscription (Scrabble GO Cheat),com.deepinkcode.scrabblegocheat,Subscription,prosub,pa3q,GB,,BA21 5RW,GBP,-0.26,8.643900,DKK,-2.25,prosubmonth,,4994183596643847628,Yes,15,SUBSCRIPTIONS,,Play store
GPA.3327-4971-1342-22269,"Mar 23, 2026",3:41:57 PM PDT,,Charge,,Pro (Scrabble GO Cheat),com.deepinkcode.scrabblegocheat,One-time product,pro,pa3q,GB,,BA21 5RW,GBP,17.73,8.643900,DKK,153.26,legacy-base,,4994183596643847628,Yes,,,,In-app
GPA.3327-4971-1342-22269,"Mar 23, 2026",3:41:57 PM PDT,,Google fee,,Pro (Scrabble GO Cheat),com.deepinkcode.scrabblegocheat,One-time product,pro,pa3q,GB,,BA21 5RW,GBP,-2.66,8.643900,DKK,-23.00,legacy-base,,4994183596643847628,Yes,15,,,In-app
GPA.3373-1810-0883-59528,"Mar 23, 2026",4:03:49 PM PDT,,Charge,,Pro Subscription (Words With Friends Solver),com.deepinkcode.wordswithfriendssolver,Subscription,prosub,a16x,CA,QC,H7M 5Z4,CAD,3.19,4.687600,DKK,14.95,prosub,,4994183596643847628,Yes,,,,In-app
GPA.3373-1810-0883-59528,"Mar 23, 2026",4:03:49 PM PDT,,Google fee,,Pro Subscription (Words With Friends Solver),com.deepinkcode.wordswithfriendssolver,Subscription,prosub,a16x,CA,QC,H7M 5Z4,CAD,-0.48,4.687600,DKK,-2.25,prosub,,4994183596643847628,Yes,15,SUBSCRIPTIONS,,In-app
GPA.3388-0924-2285-41918..2,"Mar 23, 2026",7:15:16 PM PDT,,Charge,,Pro Subscription (WF Solver),com.deepinkcode.wordfeudsolver,Subscription,prosub,,US,CA,90044,USD,2.49,6.447300,DKK,16.05,prosubmonth,,4994183596643847628,Yes,,,,
GPA.3388-0924-2285-41918..2,"Mar 23, 2026",7:15:16 PM PDT,,Google fee,,Pro Subscription (WF Solver),com.deepinkcode.wordfeudsolver,Subscription,prosub,,US,CA,90044,USD,-0.37,6.447300,DKK,-2.39,prosubmonth,,4994183596643847628,Yes,15,SUBSCRIPTIONS,,
GPA.3389-8383-1877-41475..17,"Mar 23, 2026",8:55:30 PM PDT,,Charge,,Pro Subscription (WF Solver),com.deepinkcode.wordfeudsolver,Subscription,prosub,,DK,,9340,DKK,15.20,1.000000,DKK,15.20,prosubmonth,,4994183596643847628,Yes,,,,
GPA.3389-8383-1877-41475..17,"Mar 23, 2026",8:55:30 PM PDT,,Google fee,,Pro Subscription (WF Solver),com.deepinkcode.wordfeudsolver,Subscription,prosub,,DK,,9340,DKK,-2.28,1.000000,DKK,-2.28,prosubmonth,,4994183596643847628,Yes,15,SUBSCRIPTIONS,,
GPA.3397-7782-6338-25148..4,"Mar 23, 2026",11:07:23 PM PDT,,Charge,,Pro Subscription (WF Solver),com.deepinkcode.wordfeudsolver,Subscription,prosub,,SE,,19596,SEK,22.40,0.687770,DKK,15.41,prosubmonth,,4994183596643847628,Yes,,,,
GPA.3397-7782-6338-25148..4,"Mar 23, 2026",11:07:23 PM PDT,,Google fee,,Pro Subscription (WF Solver),com.deepinkcode.wordfeudsolver,Subscription,prosub,,SE,,19596,SEK,-3.36,0.687770,DKK,-2.31,prosubmonth,,4994183596643847628,Yes,15,SUBSCRIPTIONS,,
GPA.3316-0209-3334-63172..3,"Mar 23, 2026",11:47:36 PM PDT,,Charge,,Pro Subscription (WF Solver),com.deepinkcode.wordfeudsolver,Subscription,prosub,,SE,,25275,SEK,22.40,0.687770,DKK,15.41,prosubmonth,,4994183596643847628,Yes,,,,
GPA.3316-0209-3334-63172..3,"Mar 23, 2026",11:47:36 PM PDT,,Google fee,,Pro Subscription (WF Solver),com.deepinkcode.wordfeudsolver,Subscription,prosub,,SE,,25275,SEK,-3.36,0.687770,DKK,-2.31,prosubmonth,,4994183596643847628,Yes,15,SUBSCRIPTIONS,,
GPA.3300-9154-7933-19044,"Mar 24, 2026",12:58:19 AM PDT,,Charge,,Pro (WF Solver),com.deepinkcode.wordfeudsolver,One-time product,pro,r8q,DE,,44789,EUR,24.36,7.471700,DKK,182.01,legacy-base,,4994183596643847628,Yes,,,,In-app
GPA.3300-9154-7933-19044,"Mar 24, 2026",12:58:19 AM PDT,,Google fee,,Pro (WF Solver),com.deepinkcode.wordfeudsolver,One-time product,pro,r8q,DE,,44789,EUR,-3.65,7.471700,DKK,-27.27,legacy-base,,4994183596643847628,Yes,15,,,In-app
GPA.3380-0524-6028-90032,"Mar 24, 2026",1:12:40 AM PDT,,Charge,,Pro Subscription (WF Solver),com.deepinkcode.wordfeudsolver,Subscription,prosub,OP611FL1,DK,,8600,DKK,15.20,1.000000,DKK,15.20,prosubmonth,,4994183596643847628,Yes,,,,In-app
GPA.3380-0524-6028-90032,"Mar 24, 2026",1:12:40 AM PDT,,Google fee,,Pro Subscription (WF Solver),com.deepinkcode.wordfeudsolver,Subscription,prosub,OP611FL1,DK,,8600,DKK,-2.28,1.000000,DKK,-2.28,prosubmonth,,4994183596643847628,Yes,15,SUBSCRIPTIONS,,In-app
GPA.3334-3118-4916-95055,"Mar 24, 2026",1:27:21 AM PDT,,Charge,,Pro Subscription (Words With Friends Solver),com.deepinkcode.wordswithfriendssolver,Subscription,prosub,e3q,AU,,2452,AUD,3.63,4.503900,DKK,16.35,prosub,,4994183596643847628,Yes,,,,In-app
GPA.3334-3118-4916-95055,"Mar 24, 2026",1:27:21 AM PDT,,Google fee,,Pro Subscription (Words With Friends Solver),com.deepinkcode.wordswithfriendssolver,Subscription,prosub,e3q,AU,,2452,AUD,-0.54,4.503900,DKK,-2.43,prosub,,4994183596643847628,Yes,15,SUBSCRIPTIONS,,In-app
GPA.3362-7748-1033-61211..1,"Mar 24, 2026",2:43:45 AM PDT,,Charge,,Pro Subscription (WF Solver),com.deepinkcode.wordfeudsolver,Subscription,prosub,,NL,,1099 BS,EUR,1.98,7.471300,DKK,14.79,prosubmonth,,4994183596643847628,Yes,,,,
GPA.3362-7748-1033-61211..1,"Mar 24, 2026",2:43:45 AM PDT,,Google fee,,Pro Subscription (WF Solver),com.deepinkcode.wordfeudsolver,Subscription,prosub,,NL,,1099 BS,EUR,-0.30,7.471300,DKK,-2.24,prosubmonth,,4994183596643847628,Yes,15,SUBSCRIPTIONS,,
GPA.3345-7839-6421-64745..15,"Mar 24, 2026",3:12:55 AM PDT,,Charge,,Pro Subscription (WF Solver),com.deepinkcode.wordfeudsolver,Subscription,prosub,,DK,,5800,DKK,15.20,1.000000,DKK,15.20,prosubmonth,,4994183596643847628,Yes,,,,
GPA.3345-7839-6421-64745..15,"Mar 24, 2026",3:12:55 AM PDT,,Google fee,,Pro Subscription (WF Solver),com.deepinkcode.wordfeudsolver,Subscription,prosub,,DK,,5800,DKK,-2.28,1.000000,DKK,-2.28,prosubmonth,,4994183596643847628,Yes,15,SUBSCRIPTIONS,,
GPA.3382-0260-1464-58528..1,"Mar 24, 2026",4:36:58 AM PDT,,Charge,,Pro Subscription (WF Solver),com.deepinkcode.wordfeudsolver,Subscription,prosub,,NO,,6440,NOK,24.00,0.663740,DKK,15.93,prosubmonth,,4994183596643847628,Yes,,,,
GPA.3382-0260-1464-58528..1,"Mar 24, 2026",4:36:58 AM PDT,,Google fee,,Pro Subscription (WF Solver),com.deepinkcode.wordfeudsolver,Subscription,prosub,,NO,,6440,NOK,-3.60,0.663740,DKK,-2.39,prosubmonth,,4994183596643847628,Yes,15,SUBSCRIPTIONS,,
GPA.3380-5409-1524-62906..4,"Mar 24, 2026",4:54:00 AM PDT,,Charge,,Pro Subscription (WF Solver),com.deepinkcode.wordfeudsolver,Subscription,prosub,,NL,,3768 GX,EUR,1.98,7.471500,DKK,14.79,prosubmonth,,4994183596643847628,Yes,,,,
GPA.3380-5409-1524-62906..4,"Mar 24, 2026",4:54:00 AM PDT,,Google fee,,Pro Subscription (WF Solver),com.deepinkcode.wordfeudsolver,Subscription,prosub,,NL,,3768 GX,EUR,-0.30,7.471500,DKK,-2.24,prosubmonth,,4994183596643847628,Yes,15,SUBSCRIPTIONS,,
GPA.3350-0404-6274-23976..6,"Mar 24, 2026",5:15:08 AM PDT,,Charge,,Pro Subscription (WF Solver),com.deepinkcode.wordfeudsolver,Subscription,prosub,,SE,,93154,SEK,22.40,0.691530,DKK,15.49,prosubmonth,,4994183596643847628,Yes,,,,
GPA.3350-0404-6274-23976..6,"Mar 24, 2026",5:15:08 AM PDT,,Google fee,,Pro Subscription (WF Solver),com.deepinkcode.wordfeudsolver,Subscription,prosub,,SE,,93154,SEK,-3.36,0.691530,DKK,-2.32,prosubmonth,,4994183596643847628,Yes,15,SUBSCRIPTIONS,,
GPA.3353-6239-8037-34469..9,"Mar 24, 2026",6:08:12 AM PDT,,Charge,,Pro Subscription (WF Solver),com.deepinkcode.wordfeudsolver,Subscription,prosub,,SE,,31333,SEK,23.20,0.691280,DKK,16.04,prosubmonth,,4994183596643847628,Yes,,,,
GPA.3353-6239-8037-34469..9,"Mar 24, 2026",6:08:12 AM PDT,,Google fee,,Pro Subscription (WF Solver),com.deepinkcode.wordfeudsolver,Subscription,prosub,,SE,,31333,SEK,-3.48,0.691280,DKK,-2.41,prosubmonth,,4994183596643847628,Yes,15,SUBSCRIPTIONS,,
GPA.3351-6034-2242-34366..13,"Mar 24, 2026",6:36:18 AM PDT,,Charge,,Pro Subscription (WF Solver),com.deepinkcode.wordfeudsolver,Subscription,prosub,,SE,,87030,SEK,23.20,0.691280,DKK,16.04,prosubmonth,,4994183596643847628,Yes,,,,
GPA.3351-6034-2242-34366..13,"Mar 24, 2026",6:36:18 AM PDT,,Google fee,,Pro Subscription (WF Solver),com.deepinkcode.wordfeudsolver,Subscription,prosub,,SE,,87030,SEK,-3.48,0.691280,DKK,-2.41,prosubmonth,,4994183596643847628,Yes,15,SUBSCRIPTIONS,,
GPA.3359-2801-2380-86132..12,"Mar 24, 2026",7:18:30 AM PDT,,Charge,,Pro Subscription (WF Solver),com.deepinkcode.wordfeudsolver,Subscription,prosub,,NL,,1111 CE,EUR,1.98,7.471300,DKK,14.79,prosubmonth,,4994183596643847628,Yes,,,,
GPA.3359-2801-2380-86132..12,"Mar 24, 2026",7:18:30 AM PDT,,Google fee,,Pro Subscription (WF Solver),com.deepinkcode.wordfeudsolver,Subscription,prosub,,NL,,1111 CE,EUR,-0.30,7.471300,DKK,-2.24,prosubmonth,,4994183596643847628,Yes,15,SUBSCRIPTIONS,,
GPA.3388-5565-9823-54797..12,"Mar 24, 2026",7:43:30 AM PDT,,Charge,,Pro Subscription (WF Solver),com.deepinkcode.wordfeudsolver,Subscription,prosub,,SE,,71231,SEK,23.20,0.691220,DKK,16.04,prosubmonth,,4994183596643847628,Yes,,,,
GPA.3388-5565-9823-54797..12,"Mar 24, 2026",7:43:30 AM PDT,,Google fee,,Pro Subscription (WF Solver),com.deepinkcode.wordfeudsolver,Subscription,prosub,,SE,,71231,SEK,-3.48,0.691220,DKK,-2.41,prosubmonth,,4994183596643847628,Yes,15,SUBSCRIPTIONS,,
GPA.3322-6402-4489-25001..4,"Mar 24, 2026",7:45:14 AM PDT,,Charge,,Pro Subscription (WF Solver),com.deepinkcode.wordfeudsolver,Subscription,prosub,,SE,,842 33,SEK,22.40,0.691220,DKK,15.48,prosubmonth,,4994183596643847628,Yes,,,,
GPA.3322-6402-4489-25001..4,"Mar 24, 2026",7:45:14 AM PDT,,Google fee,,Pro Subscription (WF Solver),com.deepinkcode.wordfeudsolver,Subscription,prosub,,SE,,842 33,SEK,-3.36,0.691220,DKK,-2.32,prosubmonth,,4994183596643847628,Yes,15,SUBSCRIPTIONS,,
GPA.3392-0590-1149-06167..4,"Mar 24, 2026",8:01:21 AM PDT,,Charge,,Pro Subscription (Words With Friends Solver),com.deepinkcode.wordswithfriendssolver,Subscription,prosub,,US,IN,46254,USD,2.49,6.452000,DKK,16.07,prosub,,4994183596643847628,Yes,,,,
GPA.3392-0590-1149-06167..4,"Mar 24, 2026",8:01:21 AM PDT,,Google fee,,Pro Subscription (Words With Friends Solver),com.deepinkcode.wordswithfriendssolver,Subscription,prosub,,US,IN,46254,USD,-0.37,6.452000,DKK,-2.39,prosub,,4994183596643847628,Yes,15,SUBSCRIPTIONS,,
GPA.3342-8410-3656-94583..0,"Mar 24, 2026",8:40:15 AM PDT,,Charge,,Pro Subscription (WF Solver),com.deepinkcode.wordfeudsolver,Subscription,prosub,,SE,,152 52,SEK,22.40,0.692020,DKK,15.50,prosubmonth,,4994183596643847628,Yes,,,,
GPA.3342-8410-3656-94583..0,"Mar 24, 2026",8:40:15 AM PDT,,Google fee,,Pro Subscription (WF Solver),com.deepinkcode.wordfeudsolver,Subscription,prosub,,SE,,152 52,SEK,-3.36,0.692020,DKK,-2.32,prosubmonth,,4994183596643847628,Yes,15,SUBSCRIPTIONS,,
GPA.3372-9859-4352-03506..3,"Mar 24, 2026",9:10:28 AM PDT,,Charge,,Pro Subscription (Scrabble GO Cheat),com.deepinkcode.scrabblegocheat,Subscription,prosub,,GB,,CB9 0HX,GBP,1.74,8.637500,DKK,15.03,prosubmonth,,4994183596643847628,Yes,,,,
GPA.3372-9859-4352-03506..3,"Mar 24, 2026",9:10:28 AM PDT,,Google fee,,Pro Subscription (Scrabble GO Cheat),com.deepinkcode.scrabblegocheat,Subscription,prosub,,GB,,CB9 0HX,GBP,-0.26,8.637500,DKK,-2.25,prosubmonth,,4994183596643847628,Yes,15,SUBSCRIPTIONS,,
GPA.3372-3296-7039-73109..2,"Mar 24, 2026",9:24:45 AM PDT,,Charge,,Pro Subscription (WF Solver),com.deepinkcode.wordfeudsolver,Subscription,prosub,,NL,,5627GS,EUR,1.98,7.471900,DKK,14.79,prosubmonth,,4994183596643847628,Yes,,,,
GPA.3372-3296-7039-73109..2,"Mar 24, 2026",9:24:45 AM PDT,,Google fee,,Pro Subscription (WF Solver),com.deepinkcode.wordfeudsolver,Subscription,prosub,,NL,,5627GS,EUR,-0.30,7.471900,DKK,-2.24,prosubmonth,,4994183596643847628,Yes,15,SUBSCRIPTIONS,,
GPA.3366-9989-2431-21865..3,"Mar 24, 2026",9:50:41 AM PDT,,Charge,,Pro Subscription (Words With Friends Solver),com.deepinkcode.wordswithfriendssolver,Subscription,prosub,,US,NH,03276,USD,2.49,6.444800,DKK,16.05,prosub,,4994183596643847628,Yes,,,,
GPA.3366-9989-2431-21865..3,"Mar 24, 2026",9:50:41 AM PDT,,Google fee,,Pro Subscription (Words With Friends Solver),com.deepinkcode.wordswithfriendssolver,Subscription,prosub,,US,NH,03276,USD,-0.37,6.444800,DKK,-2.38,prosub,,4994183596643847628,Yes,15,SUBSCRIPTIONS,,
GPA.3349-6503-7442-10703,"Mar 24, 2026",9:52:39 AM PDT,,Charge,,Pro Subscription (WF Solver),com.deepinkcode.wordfeudsolver,Subscription,prosub,HNHEY3-Q1,GB,,EH16 6DH,GBP,1.74,8.637500,DKK,15.03,prosubmonth,,4994183596643847628,Yes,,,,In-app
GPA.3349-6503-7442-10703,"Mar 24, 2026",9:52:39 AM PDT,,Google fee,,Pro Subscription (WF Solver),com.deepinkcode.wordfeudsolver,Subscription,prosub,HNHEY3-Q1,GB,,EH16 6DH,GBP,-0.26,8.637500,DKK,-2.25,prosubmonth,,4994183596643847628,Yes,15,SUBSCRIPTIONS,,In-app
GPA.3308-7711-9506-83831..1,"Mar 24, 2026",10:12:32 AM PDT,,Charge,,Pro Subscription (WF Solver),com.deepinkcode.wordfeudsolver,Subscription,prosub,,NL,,8651ck,EUR,1.98,7.471800,DKK,14.79,prosubmonth,,4994183596643847628,Yes,,,,
GPA.3308-7711-9506-83831..1,"Mar 24, 2026",10:12:32 AM PDT,,Google fee,,Pro Subscription (WF Solver),com.deepinkcode.wordfeudsolver,Subscription,prosub,,NL,,8651ck,EUR,-0.30,7.471800,DKK,-2.24,prosubmonth,,4994183596643847628,Yes,15,SUBSCRIPTIONS,,
GPA.3374-8117-9668-31548,"Mar 24, 2026",10:16:34 AM PDT,,Charge,,Pro Subscription (WF Solver),com.deepinkcode.wordfeudsolver,Subscription,prosub,pa3q,NO,,3263,NOK,24.00,0.665750,DKK,15.98,prosubmonth,,4994183596643847628,Yes,,,,In-app
GPA.3374-8117-9668-31548,"Mar 24, 2026",10:16:34 AM PDT,,Google fee,,Pro Subscription (WF Solver),com.deepinkcode.wordfeudsolver,Subscription,prosub,pa3q,NO,,3263,NOK,-3.60,0.665750,DKK,-2.40,prosubmonth,,4994183596643847628,Yes,15,SUBSCRIPTIONS,,In-app
GPA.3371-2023-7067-17467,"Mar 24, 2026",11:03:32 AM PDT,,Charge,,Pro Subscription (WF Solver),com.deepinkcode.wordfeudsolver,Subscription,prosub,dm3q,NL,,8265 RN,EUR,1.98,7.471800,DKK,14.79,prosubmonth,,4994183596643847628,Yes,,,,In-app
GPA.3371-2023-7067-17467,"Mar 24, 2026",11:03:32 AM PDT,,Google fee,,Pro Subscription (WF Solver),com.deepinkcode.wordfeudsolver,Subscription,prosub,dm3q,NL,,8265 RN,EUR,-0.30,7.471800,DKK,-2.24,prosubmonth,,4994183596643847628,Yes,15,SUBSCRIPTIONS,,In-app
GPA.3326-4691-4857-45990,"Mar 24, 2026",11:24:40 AM PDT,,Charge,,Pro Subscription (Scrabble GO Cheat),com.deepinkcode.scrabblegocheat,Subscription,prosub,citrine,FR,,83190,EUR,1.99,7.471800,DKK,14.87,prosubmonth,,4994183596643847628,Yes,,,,In-app
GPA.3326-4691-4857-45990,"Mar 24, 2026",11:24:40 AM PDT,,Google fee,,Pro Subscription (Scrabble GO Cheat),com.deepinkcode.scrabblegocheat,Subscription,prosub,citrine,FR,,83190,EUR,-0.30,7.471800,DKK,-2.24,prosubmonth,,4994183596643847628,Yes,15,SUBSCRIPTIONS,,In-app
GPA.3383-3742-2971-84978..11,"Mar 24, 2026",11:25:43 AM PDT,,Charge,,Pro Subscription (Words With Friends Solver),com.deepinkcode.wordswithfriendssolver,Subscription,prosub,,US,VA,24073,USD,1.99,6.451600,DKK,12.84,prosub,,4994183596643847628,Yes,,,,
GPA.3383-3742-2971-84978..11,"Mar 24, 2026",11:25:43 AM PDT,,Google fee,,Pro Subscription (Words With Friends Solver),com.deepinkcode.wordswithfriendssolver,Subscription,prosub,,US,VA,24073,USD,-0.30,6.451600,DKK,-1.94,prosub,,4994183596643847628,Yes,15,SUBSCRIPTIONS,,
GPA.3368-9664-7933-53670..8,"Mar 24, 2026",11:43:39 AM PDT,,Charge,,Pro Subscription (WF Solver),com.deepinkcode.wordfeudsolver,Subscription,prosub,,NL,,6461VZ,EUR,1.98,7.471800,DKK,14.79,prosubmonth,,4994183596643847628,Yes,,,,
GPA.3368-9664-7933-53670..8,"Mar 24, 2026",11:43:39 AM PDT,,Google fee,,Pro Subscription (WF Solver),com.deepinkcode.wordfeudsolver,Subscription,prosub,,NL,,6461VZ,EUR,-0.30,7.471800,DKK,-2.24,prosubmonth,,4994183596643847628,Yes,15,SUBSCRIPTIONS,,
GPA.3346-7080-3876-00071..12,"Mar 24, 2026",11:45:07 AM PDT,,Charge,,Pro Subscription (WF Solver),com.deepinkcode.wordfeudsolver,Subscription,prosub,,NL,,5282NM,EUR,1.98,7.471800,DKK,14.79,prosubmonth,,4994183596643847628,Yes,,,,
GPA.3346-7080-3876-00071..12,"Mar 24, 2026",11:45:07 AM PDT,,Google fee,,Pro Subscription (WF Solver),com.deepinkcode.wordfeudsolver,Subscription,prosub,,NL,,5282NM,EUR,-0.30,7.471800,DKK,-2.24,prosubmonth,,4994183596643847628,Yes,15,SUBSCRIPTIONS,,
GPA.3343-4795-8351-64307,"Mar 24, 2026",11:47:22 AM PDT,,Charge,,Pro (WF Solver),com.deepinkcode.wordfeudsolver,One-time product,pro,r11s,DK,,8260,DKK,180.00,1.000000,DKK,180.00,legacy-base,,4994183596643847628,Yes,,,,In-app
GPA.3343-4795-8351-64307,"Mar 24, 2026",11:47:22 AM PDT,,Google fee,,Pro (WF Solver),com.deepinkcode.wordfeudsolver,One-time product,pro,r11s,DK,,8260,DKK,-27.00,1.000000,DKK,-27.00,legacy-base,,4994183596643847628,Yes,15,,,In-app
GPA.3380-1994-2641-73072..8,"Mar 24, 2026",12:04:09 PM PDT,,Charge,,Pro Subscription (WF Solver),com.deepinkcode.wordfeudsolver,Subscription,prosub,,SE,,43146,SEK,23.20,0.689560,DKK,16.00,prosubmonth,,4994183596643847628,Yes,,,,
GPA.3380-1994-2641-73072..8,"Mar 24, 2026",12:04:09 PM PDT,,Google fee,,Pro Subscription (WF Solver),com.deepinkcode.wordfeudsolver,Subscription,prosub,,SE,,43146,SEK,-3.48,0.689560,DKK,-2.40,prosubmonth,,4994183596643847628,Yes,15,SUBSCRIPTIONS,,
GPA.3377-3731-7704-10586..5,"Mar 24, 2026",12:13:33 PM PDT,,Charge,,Pro Subscription (WF Solver),com.deepinkcode.wordfeudsolver,Subscription,prosub,,SE,,61338,SEK,22.40,0.689560,DKK,15.45,prosubmonth,,4994183596643847628,Yes,,,,
GPA.3377-3731-7704-10586..5,"Mar 24, 2026",12:13:33 PM PDT,,Google fee,,Pro Subscription (WF Solver),com.deepinkcode.wordfeudsolver,Subscription,prosub,,SE,,61338,SEK,-3.36,0.689560,DKK,-2.32,prosubmonth,,4994183596643847628,Yes,15,SUBSCRIPTIONS,,
GPA.3323-8726-9900-79373,"Mar 24, 2026",12:56:11 PM PDT,,Charge,,Pro Subscription (WF Solver),com.deepinkcode.wordfeudsolver,Subscription,prosub,e1s,NL,,6717AC,EUR,1.98,7.471800,DKK,14.79,prosubmonth,,4994183596643847628,Yes,,,,In-app
GPA.3323-8726-9900-79373,"Mar 24, 2026",12:56:11 PM PDT,,Google fee,,Pro Subscription (WF Solver),com.deepinkcode.wordfeudsolver,Subscription,prosub,e1s,NL,,6717AC,EUR,-0.30,7.471800,DKK,-2.24,prosubmonth,,4994183596643847628,Yes,15,SUBSCRIPTIONS,,In-app
GPA.3338-9424-3080-29584..3,"Mar 24, 2026",1:18:05 PM PDT,,Charge,,Pro Subscription (WF Solver),com.deepinkcode.wordfeudsolver,Subscription,prosub,,DK,,8530,DKK,15.20,1.000000,DKK,15.20,prosubmonth,,4994183596643847628,Yes,,,,
GPA.3338-9424-3080-29584..3,"Mar 24, 2026",1:18:05 PM PDT,,Google fee,,Pro Subscription (WF Solver),com.deepinkcode.wordfeudsolver,Subscription,prosub,,DK,,8530,DKK,-2.28,1.000000,DKK,-2.28,prosubmonth,,4994183596643847628,Yes,15,SUBSCRIPTIONS,,
GPA.3398-0408-4726-18198..3,"Mar 24, 2026",2:34:24 PM PDT,,Charge,,Pro Subscription (WF Solver),com.deepinkcode.wordfeudsolver,Subscription,prosub,,SE,,72467,SEK,22.40,0.690400,DKK,15.46,prosubmonth,,4994183596643847628,Yes,,,,
GPA.3398-0408-4726-18198..3,"Mar 24, 2026",2:34:24 PM PDT,,Google fee,,Pro Subscription (WF Solver),com.deepinkcode.wordfeudsolver,Subscription,prosub,,SE,,72467,SEK,-3.36,0.690400,DKK,-2.31,prosubmonth,,4994183596643847628,Yes,15,SUBSCRIPTIONS,,
GPA.3388-3059-6703-52047,"Mar 24, 2026",2:53:26 PM PDT,,Charge,,Pro Subscription (WF Solver),com.deepinkcode.wordfeudsolver,Subscription,prosub,m3q,NL,,7462LW,EUR,1.98,7.472300,DKK,14.80,prosubmonth,,4994183596643847628,Yes,,,,In-app
GPA.3388-3059-6703-52047,"Mar 24, 2026",2:53:26 PM PDT,,Google fee,,Pro Subscription (WF Solver),com.deepinkcode.wordfeudsolver,Subscription,prosub,m3q,NL,,7462LW,EUR,-0.30,7.472300,DKK,-2.25,prosubmonth,,4994183596643847628,Yes,15,SUBSCRIPTIONS,,In-app
GPA.3308-0043-7842-73175..3,"Mar 24, 2026",3:46:26 PM PDT,,Charge,,Pro Subscription (WF Solver),com.deepinkcode.wordfeudsolver,Subscription,prosub,,DK,,3520,DKK,15.20,1.000000,DKK,15.20,prosubmonth,,4994183596643847628,Yes,,,,
GPA.3308-0043-7842-73175..3,"Mar 24, 2026",3:46:26 PM PDT,,Google fee,,Pro Subscription (WF Solver),com.deepinkcode.wordfeudsolver,Subscription,prosub,,DK,,3520,DKK,-2.28,1.000000,DKK,-2.28,prosubmonth,,4994183596643847628,Yes,15,SUBSCRIPTIONS,,
GPA.3346-6798-1157-67742..6,"Mar 24, 2026",4:25:42 PM PDT,,Charge,,Pro Subscription (Words With Friends Solver),com.deepinkcode.wordswithfriendssolver,Subscription,prosub,,AU,,4163,AUD,3.63,4.499700,DKK,16.33,prosub,,4994183596643847628,Yes,,,,
GPA.3346-6798-1157-67742..6,"Mar 24, 2026",4:25:42 PM PDT,,Google fee,,Pro Subscription (Words With Friends Solver),com.deepinkcode.wordswithfriendssolver,Subscription,prosub,,AU,,4163,AUD,-0.54,4.499700,DKK,-2.43,prosub,,4994183596643847628,Yes,15,SUBSCRIPTIONS,,
GPA.3387-1005-5102-95647,"Mar 24, 2026",4:32:18 PM PDT,,Charge,,Pro Subscription (WF Solver),com.deepinkcode.wordfeudsolver,Subscription,prosub,a55x,SE,,78444,SEK,22.40,0.691060,DKK,15.48,prosubmonth,,4994183596643847628,Yes,,,,In-app
GPA.3387-1005-5102-95647,"Mar 24, 2026",4:32:18 PM PDT,,Google fee,,Pro Subscription (WF Solver),com.deepinkcode.wordfeudsolver,Subscription,prosub,a55x,SE,,78444,SEK,-3.36,0.691060,DKK,-2.32,prosubmonth,,4994183596643847628,Yes,15,SUBSCRIPTIONS,,In-app
GPA.3326-9568-6533-67565..0,"Mar 24, 2026",4:58:20 PM PDT,,Charge,,Pro Subscription (WF Solver),com.deepinkcode.wordfeudsolver,Subscription,prosub,,NL,,7161 AN,EUR,1.98,7.471600,DKK,14.79,prosubmonth,,4994183596643847628,Yes,,,,
GPA.3326-9568-6533-67565..0,"Mar 24, 2026",4:58:20 PM PDT,,Google fee,,Pro Subscription (WF Solver),com.deepinkcode.wordfeudsolver,Subscription,prosub,,NL,,7161 AN,EUR,-0.30,7.471600,DKK,-2.24,prosubmonth,,4994183596643847628,Yes,15,SUBSCRIPTIONS,,
GPA.3387-0290-3352-42597..1,"Mar 24, 2026",5:19:44 PM PDT,,Charge,,Pro Subscription (Words With Friends Solver),com.deepinkcode.wordswithfriendssolver,Subscription,prosub,,US,SC,29720,USD,2.49,6.432900,DKK,16.02,prosub,,4994183596643847628,Yes,,,,
GPA.3387-0290-3352-42597..1,"Mar 24, 2026",5:19:44 PM PDT,,Google fee,,Pro Subscription (Words With Friends Solver),com.deepinkcode.wordswithfriendssolver,Subscription,prosub,,US,SC,29720,USD,-0.37,6.432900,DKK,-2.38,prosub,,4994183596643847628,Yes,15,SUBSCRIPTIONS,,
GPA.3353-1373-3048-28446,"Mar 24, 2026",5:22:51 PM PDT,,Charge,,Pro Subscription (WF Solver),com.deepinkcode.wordfeudsolver,Subscription,prosub,pa3q,NL,,5281EK,EUR,1.98,7.471900,DKK,14.79,prosubmonth,,4994183596643847628,Yes,,,,In-app
GPA.3353-1373-3048-28446,"Mar 24, 2026",5:22:51 PM PDT,,Google fee,,Pro Subscription (WF Solver),com.deepinkcode.wordfeudsolver,Subscription,prosub,pa3q,NL,,5281EK,EUR,-0.30,7.471900,DKK,-2.24,prosubmonth,,4994183596643847628,Yes,15,SUBSCRIPTIONS,,In-app
GPA.3332-0760-1882-87333..11,"Mar 24, 2026",6:06:16 PM PDT,,Charge,,Pro Subscription (Words With Friends Solver),com.deepinkcode.wordswithfriendssolver,Subscription,prosub,,US,WV,25311,USD,1.99,6.433400,DKK,12.80,prosub,,4994183596643847628,Yes,,,,
GPA.3332-0760-1882-87333..11,"Mar 24, 2026",6:06:16 PM PDT,,Google fee,,Pro Subscription (Words With Friends Solver),com.deepinkcode.wordswithfriendssolver,Subscription,prosub,,US,WV,25311,USD,-0.30,6.433400,DKK,-1.93,prosub,,4994183596643847628,Yes,15,SUBSCRIPTIONS,,
GPA.3367-6707-8317-36506..1,"Mar 24, 2026",6:24:28 PM PDT,,Charge,,Pro Subscription (Words With Friends Solver),com.deepinkcode.wordswithfriendssolver,Subscription,prosub,,GB,,CH41 8DJ,GBP,1.74,8.631400,DKK,15.02,prosub,,4994183596643847628,Yes,,,,
GPA.3367-6707-8317-36506..1,"Mar 24, 2026",6:24:28 PM PDT,,Google fee,,Pro Subscription (Words With Friends Solver),com.deepinkcode.wordswithfriendssolver,Subscription,prosub,,GB,,CH41 8DJ,GBP,-0.26,8.631400,DKK,-2.25,prosub,,4994183596643847628,Yes,15,SUBSCRIPTIONS,,
GPA.3309-3862-5182-33203..8,"Mar 24, 2026",7:42:54 PM PDT,,Charge,,Pro Subscription (WF Solver),com.deepinkcode.wordfeudsolver,Subscription,prosub,,SE,,137 71,SEK,23.20,0.690720,DKK,16.02,prosubmonth,,4994183596643847628,Yes,,,,
GPA.3309-3862-5182-33203..8,"Mar 24, 2026",7:42:54 PM PDT,,Google fee,,Pro Subscription (WF Solver),com.deepinkcode.wordfeudsolver,Subscription,prosub,,SE,,137 71,SEK,-3.48,0.690720,DKK,-2.40,prosubmonth,,4994183596643847628,Yes,15,SUBSCRIPTIONS,,
GPA.3345-0675-3817-15064,"Mar 24, 2026",9:57:11 PM PDT,,Charge,,Pro Subscription (Words With Friends Solver),com.deepinkcode.wordswithfriendssolver,Subscription,prosub,e3q,US,MI,48152,USD,2.49,6.438800,DKK,16.03,prosub,,4994183596643847628,Yes,,,,In-app
GPA.3345-0675-3817-15064,"Mar 24, 2026",9:57:11 PM PDT,,Google fee,,Pro Subscription (Words With Friends Solver),com.deepinkcode.wordswithfriendssolver,Subscription,prosub,e3q,US,MI,48152,USD,-0.37,6.438800,DKK,-2.38,prosub,,4994183596643847628,Yes,15,SUBSCRIPTIONS,,In-app
GPA.3372-1729-2672-23824..2,"Mar 24, 2026",10:12:53 PM PDT,,Charge,,Pro Subscription (Words With Friends Solver),com.deepinkcode.wordswithfriendssolver,Subscription,prosub,,US,GA,31415,USD,2.49,6.439600,DKK,16.03,prosub,,4994183596643847628,Yes,,,,
GPA.3372-1729-2672-23824..2,"Mar 24, 2026",10:12:53 PM PDT,,Google fee,,Pro Subscription (Words With Friends Solver),com.deepinkcode.wordswithfriendssolver,Subscription,prosub,,US,GA,31415,USD,-0.37,6.439600,DKK,-2.38,prosub,,4994183596643847628,Yes,15,SUBSCRIPTIONS,,
GPA.3303-4714-4617-61401..9,"Mar 24, 2026",11:26:38 PM PDT,,Charge,,Pro Subscription (WF Solver),com.deepinkcode.wordfeudsolver,Subscription,prosub,,DK,,2620,DKK,15.20,1.000000,DKK,15.20,prosubmonth,,4994183596643847628,Yes,,,,
GPA.3303-4714-4617-61401..9,"Mar 24, 2026",11:26:38 PM PDT,,Google fee,,Pro Subscription (WF Solver),com.deepinkcode.wordfeudsolver,Subscription,prosub,,DK,,2620,DKK,-2.28,1.000000,DKK,-2.28,prosubmonth,,4994183596643847628,Yes,15,SUBSCRIPTIONS,,
GPA.3351-7521-2018-57227..0,"Mar 25, 2026",12:11:10 AM PDT,,Charge,,Pro Subscription (Words With Friends Solver),com.deepinkcode.wordswithfriendssolver,Subscription,prosub,,US,AL,36609,USD,2.49,6.445600,DKK,16.05,prosub,,4994183596643847628,Yes,,,,
GPA.3351-7521-2018-57227..0,"Mar 25, 2026",12:11:10 AM PDT,,Google fee,,Pro Subscription (Words With Friends Solver),com.deepinkcode.wordswithfriendssolver,Subscription,prosub,,US,AL,36609,USD,-0.37,6.445600,DKK,-2.38,prosub,,4994183596643847628,Yes,15,SUBSCRIPTIONS,,
GPA.3325-3360-9074-01236..7,"Mar 25, 2026",1:25:09 AM PDT,,Charge,,Pro Subscription (WF Solver),com.deepinkcode.wordfeudsolver,Subscription,prosub,,DK,,2450,DKK,15.20,1.000000,DKK,15.20,prosubmonth,,4994183596643847628,Yes,,,,
GPA.3325-3360-9074-01236..7,"Mar 25, 2026",1:25:09 AM PDT,,Google fee,,Pro Subscription (WF Solver),com.deepinkcode.wordfeudsolver,Subscription,prosub,,DK,,2450,DKK,-2.28,1.000000,DKK,-2.28,prosubmonth,,4994183596643847628,Yes,15,SUBSCRIPTIONS,,
GPA.3323-3409-2913-17635..1,"Mar 25, 2026",2:55:25 AM PDT,,Charge,,Pro Subscription (WF Solver),com.deepinkcode.wordfeudsolver,Subscription,prosub,,SE,,64130,SEK,22.40,0.691610,DKK,15.49,prosubmonth,,4994183596643847628,Yes,,,,
GPA.3323-3409-2913-17635..1,"Mar 25, 2026",2:55:25 AM PDT,,Google fee,,Pro Subscription (WF Solver),com.deepinkcode.wordfeudsolver,Subscription,prosub,,SE,,64130,SEK,-3.36,0.691610,DKK,-2.32,prosubmonth,,4994183596643847628,Yes,15,SUBSCRIPTIONS,,
GPA.3338-2839-0952-22704..1,"Mar 25, 2026",4:59:20 AM PDT,,Charge,,Pro Subscription (Words With Friends Solver),com.deepinkcode.wordswithfriendssolver,Subscription,prosub,,AU,VIC,3048,AUD,3.63,4.489900,DKK,16.30,prosub,,4994183596643847628,Yes,,,,
GPA.3338-2839-0952-22704..1,"Mar 25, 2026",4:59:20 AM PDT,,Google fee,,Pro Subscription (Words With Friends Solver),com.deepinkcode.wordswithfriendssolver,Subscription,prosub,,AU,VIC,3048,AUD,-0.54,4.489900,DKK,-2.42,prosub,,4994183596643847628,Yes,15,SUBSCRIPTIONS,,
GPA.3309-9505-6424-33566..13,"Mar 25, 2026",5:06:10 AM PDT,,Charge,,Pro Subscription (WF Solver),com.deepinkcode.wordfeudsolver,Subscription,prosub,,SE,,43951,SEK,23.20,0.692240,DKK,16.06,prosubmonth,,4994183596643847628,Yes,,,,
GPA.3309-9505-6424-33566..13,"Mar 25, 2026",5:06:10 AM PDT,,Google fee,,Pro Subscription (WF Solver),com.deepinkcode.wordfeudsolver,Subscription,prosub,,SE,,43951,SEK,-3.48,0.692240,DKK,-2.41,prosubmonth,,4994183596643847628,Yes,15,SUBSCRIPTIONS,,
GPA.3320-8574-1781-40554..16,"Mar 25, 2026",5:30:40 AM PDT,,Charge,,Pro Subscription (WF Solver),com.deepinkcode.wordfeudsolver,Subscription,prosub,,NL,,1212 BT,EUR,1.98,7.471900,DKK,14.79,prosubmonth,,4994183596643847628,Yes,,,,
GPA.3320-8574-1781-40554..16,"Mar 25, 2026",5:30:40 AM PDT,,Google fee,,Pro Subscription (WF Solver),com.deepinkcode.wordfeudsolver,Subscription,prosub,,NL,,1212 BT,EUR,-0.30,7.471900,DKK,-2.24,prosubmonth,,4994183596643847628,Yes,15,SUBSCRIPTIONS,,
GPA.3394-8906-5594-39639,"Mar 25, 2026",6:29:36 AM PDT,,Charge,,Pro Subscription (Words With Friends Solver),com.deepinkcode.wordswithfriendssolver,Subscription,prosub,pa3q,US,NJ,07065,USD,2.49,6.436600,DKK,16.03,prosub,,4994183596643847628,Yes,,,,In-app
GPA.3394-8906-5594-39639,"Mar 25, 2026",6:29:36 AM PDT,,Google fee,,Pro Subscription (Words With Friends Solver),com.deepinkcode.wordswithfriendssolver,Subscription,prosub,pa3q,US,NJ,07065,USD,-0.37,6.436600,DKK,-2.38,prosub,,4994183596643847628,Yes,15,SUBSCRIPTIONS,,In-app
GPA.3393-7988-1943-52396..2,"Mar 25, 2026",7:01:05 AM PDT,,Charge,,Pro Subscription (WF Solver),com.deepinkcode.wordfeudsolver,Subscription,prosub,,DK,,8961,DKK,15.20,1.000000,DKK,15.20,prosubmonth,,4994183596643847628,Yes,,,,
GPA.3393-7988-1943-52396..2,"Mar 25, 2026",7:01:05 AM PDT,,Google fee,,Pro Subscription (WF Solver),com.deepinkcode.wordfeudsolver,Subscription,prosub,,DK,,8961,DKK,-2.28,1.000000,DKK,-2.28,prosubmonth,,4994183596643847628,Yes,15,SUBSCRIPTIONS,,
GPA.3306-9118-8884-23883..13,"Mar 25, 2026",7:43:15 AM PDT,,Charge,,Pro Subscription (WF Solver),com.deepinkcode.wordfeudsolver,Subscription,prosub,,NO,,5410,NOK,24.00,0.661530,DKK,15.88,prosubmonth,,4994183596643847628,Yes,,,,
GPA.3306-9118-8884-23883..13,"Mar 25, 2026",7:43:15 AM PDT,,Google fee,,Pro Subscription (WF Solver),com.deepinkcode.wordfeudsolver,Subscription,prosub,,NO,,5410,NOK,-3.60,0.661530,DKK,-2.38,prosubmonth,,4994183596643847628,Yes,15,SUBSCRIPTIONS,,
GPA.3385-7091-8994-62197..12,"Mar 25, 2026",8:15:38 AM PDT,,Charge,,Pro Subscription (WF Solver),com.deepinkcode.wordfeudsolver,Subscription,prosub,,NL,,2353 PE,EUR,1.98,7.472900,DKK,14.80,prosubmonth,,4994183596643847628,Yes,,,,
GPA.3385-7091-8994-62197..12,"Mar 25, 2026",8:15:38 AM PDT,,Google fee,,Pro Subscription (WF Solver),com.deepinkcode.wordfeudsolver,Subscription,prosub,,NL,,2353 PE,EUR,-0.30,7.472900,DKK,-2.25,prosubmonth,,4994183596643847628,Yes,15,SUBSCRIPTIONS,,
GPA.3340-7307-9482-17548..2,"Mar 25, 2026",8:20:48 AM PDT,,Charge,,Pro Subscription (WF Solver),com.deepinkcode.wordfeudsolver,Subscription,prosub,,NO,,1366,NOK,24.00,0.663760,DKK,15.93,prosubmonth,,4994183596643847628,Yes,,,,
GPA.3340-7307-9482-17548..2,"Mar 25, 2026",8:20:48 AM PDT,,Google fee,,Pro Subscription (WF Solver),com.deepinkcode.wordfeudsolver,Subscription,prosub,,NO,,1366,NOK,-3.60,0.663760,DKK,-2.39,prosubmonth,,4994183596643847628,Yes,15,SUBSCRIPTIONS,,
GPA.3331-9073-5757-29419..9,"Mar 25, 2026",9:03:23 AM PDT,,Charge,,Pro Subscription (WF Solver),com.deepinkcode.wordfeudsolver,Subscription,prosub,,SE,,56142,SEK,23.20,0.692900,DKK,16.08,prosubmonth,,4994183596643847628,Yes,,,,
GPA.3331-9073-5757-29419..9,"Mar 25, 2026",9:03:23 AM PDT,,Google fee,,Pro Subscription (WF Solver),com.deepinkcode.wordfeudsolver,Subscription,prosub,,SE,,56142,SEK,-3.48,0.692900,DKK,-2.42,prosubmonth,,4994183596643847628,Yes,15,SUBSCRIPTIONS,,
GPA.3392-1322-4855-72618..1,"Mar 25, 2026",9:37:46 AM PDT,,Charge,,Pro Subscription (Words With Friends Solver),com.deepinkcode.wordswithfriendssolver,Subscription,prosub,,US,WV,25514,USD,2.49,6.448500,DKK,16.06,prosub,,4994183596643847628,Yes,,,,
GPA.3392-1322-4855-72618..1,"Mar 25, 2026",9:37:46 AM PDT,,Google fee,,Pro Subscription (Words With Friends Solver),com.deepinkcode.wordswithfriendssolver,Subscription,prosub,,US,WV,25514,USD,-0.37,6.448500,DKK,-2.39,prosub,,4994183596643847628,Yes,15,SUBSCRIPTIONS,,
GPA.3324-4866-0194-69909..14,"Mar 25, 2026",9:40:12 AM PDT,,Charge,,Pro Subscription (WF Solver),com.deepinkcode.wordfeudsolver,Subscription,prosub,,NO,,5610,NOK,24.00,0.666050,DKK,15.99,prosubmonth,,4994183596643847628,Yes,,,,
GPA.3324-4866-0194-69909..14,"Mar 25, 2026",9:40:12 AM PDT,,Google fee,,Pro Subscription (WF Solver),com.deepinkcode.wordfeudsolver,Subscription,prosub,,NO,,5610,NOK,-3.60,0.666050,DKK,-2.40,prosubmonth,,4994183596643847628,Yes,15,SUBSCRIPTIONS,,
GPA.3334-4726-1773-78109..5,"Mar 25, 2026",9:50:30 AM PDT,,Charge,,Pro Subscription (WF Solver),com.deepinkcode.wordfeudsolver,Subscription,prosub,,NL,,2151ZJ,EUR,1.98,7.472200,DKK,14.79,prosubmonth,,4994183596643847628,Yes,,,,
GPA.3334-4726-1773-78109..5,"Mar 25, 2026",9:50:30 AM PDT,,Google fee,,Pro Subscription (WF Solver),com.deepinkcode.wordfeudsolver,Subscription,prosub,,NL,,2151ZJ,EUR,-0.30,7.472200,DKK,-2.24,prosubmonth,,4994183596643847628,Yes,15,SUBSCRIPTIONS,,
GPA.3375-4456-1487-45360..3,"Mar 25, 2026",9:56:04 AM PDT,,Charge,,Pro Subscription (WF Solver),com.deepinkcode.wordfeudsolver,Subscription,prosub,,NL,,5252BR,EUR,1.98,7.472200,DKK,14.79,prosubmonth,,4994183596643847628,Yes,,,,
GPA.3375-4456-1487-45360..3,"Mar 25, 2026",9:56:04 AM PDT,,Google fee,,Pro Subscription (WF Solver),com.deepinkcode.wordfeudsolver,Subscription,prosub,,NL,,5252BR,EUR,-0.30,7.472200,DKK,-2.24,prosubmonth,,4994183596643847628,Yes,15,SUBSCRIPTIONS,,
GPA.3391-0322-2019-11277..1,"Mar 25, 2026",10:04:24 AM PDT,,Charge,,Pro Subscription (WF Solver),com.deepinkcode.wordfeudsolver,Subscription,prosub,,US,CA,91602,USD,2.49,6.458300,DKK,16.08,prosubmonth,,4994183596643847628,Yes,,,,
GPA.3391-0322-2019-11277..1,"Mar 25, 2026",10:04:24 AM PDT,,Google fee,,Pro Subscription (WF Solver),com.deepinkcode.wordfeudsolver,Subscription,prosub,,US,CA,91602,USD,-0.37,6.458300,DKK,-2.39,prosubmonth,,4994183596643847628,Yes,15,SUBSCRIPTIONS,,
GPA.3331-8093-1813-64552,"Mar 25, 2026",10:10:54 AM PDT,,Charge,,Pro (WF Solver),com.deepinkcode.wordfeudsolver,One-time product,pro,r13s,NL,,2543 GK,EUR,23.96,7.472700,DKK,179.05,legacy-base,,4994183596643847628,Yes,,,,In-app
GPA.3331-8093-1813-64552,"Mar 25, 2026",10:10:54 AM PDT,,Google fee,,Pro (WF Solver),com.deepinkcode.wordfeudsolver,One-time product,pro,r13s,NL,,2543 GK,EUR,-3.59,7.472700,DKK,-26.83,legacy-base,,4994183596643847628,Yes,15,,,In-app
GPA.3377-6828-8770-00348,"Mar 25, 2026",10:14:10 AM PDT,,Charge,,Pro Subscription (WF Solver),com.deepinkcode.wordfeudsolver,Subscription,prosub,a55x,NL,,1671 AK,EUR,1.98,7.472700,DKK,14.80,prosubmonth,,4994183596643847628,Yes,,,,In-app
GPA.3377-6828-8770-00348,"Mar 25, 2026",10:14:10 AM PDT,,Google fee,,Pro Subscription (WF Solver),com.deepinkcode.wordfeudsolver,Subscription,prosub,a55x,NL,,1671 AK,EUR,-0.30,7.472700,DKK,-2.25,prosubmonth,,4994183596643847628,Yes,15,SUBSCRIPTIONS,,In-app
GPA.3377-9864-5827-92567..0,"Mar 25, 2026",11:04:29 AM PDT,,Charge,,Pro Subscription (WF Solver),com.deepinkcode.wordfeudsolver,Subscription,prosub,,DK,,3390,DKK,15.20,1.000000,DKK,15.20,prosubmonth,,4994183596643847628,Yes,,,,
GPA.3377-9864-5827-92567..0,"Mar 25, 2026",11:04:29 AM PDT,,Google fee,,Pro Subscription (WF Solver),com.deepinkcode.wordfeudsolver,Subscription,prosub,,DK,,3390,DKK,-2.28,1.000000,DKK,-2.28,prosubmonth,,4994183596643847628,Yes,15,SUBSCRIPTIONS,,
GPA.3381-3371-6823-51135..1,"Mar 25, 2026",11:12:22 AM PDT,,Charge,,Pro Subscription (WF Solver),com.deepinkcode.wordfeudsolver,Subscription,prosub,,NL,,5482ZN,EUR,1.98,7.472600,DKK,14.80,prosubmonth,,4994183596643847628,Yes,,,,
GPA.3381-3371-6823-51135..1,"Mar 25, 2026",11:12:22 AM PDT,,Google fee,,Pro Subscription (WF Solver),com.deepinkcode.wordfeudsolver,Subscription,prosub,,NL,,5482ZN,EUR,-0.30,7.472600,DKK,-2.25,prosubmonth,,4994183596643847628,Yes,15,SUBSCRIPTIONS,,
GPA.3311-0855-7547-71298..8,"Mar 25, 2026",11:55:03 AM PDT,,Charge,,Pro Subscription (WF Solver),com.deepinkcode.wordfeudsolver,Subscription,prosub,,NL,,4053 HX,EUR,1.98,7.472600,DKK,14.80,prosubmonth,,4994183596643847628,Yes,,,,
GPA.3311-0855-7547-71298..8,"Mar 25, 2026",11:55:03 AM PDT,,Google fee,,Pro Subscription (WF Solver),com.deepinkcode.wordfeudsolver,Subscription,prosub,,NL,,4053 HX,EUR,-0.30,7.472600,DKK,-2.25,prosubmonth,,4994183596643847628,Yes,15,SUBSCRIPTIONS,,
GPA.3350-9729-6993-22497..8,"Mar 25, 2026",12:08:18 PM PDT,,Charge,,Pro Subscription (WF Solver),com.deepinkcode.wordfeudsolver,Subscription,prosub,,NL,,6042HV,EUR,1.98,7.472600,DKK,14.80,prosubmonth,,4994183596643847628,Yes,,,,
GPA.3350-9729-6993-22497..8,"Mar 25, 2026",12:08:18 PM PDT,,Google fee,,Pro Subscription (WF Solver),com.deepinkcode.wordfeudsolver,Subscription,prosub,,NL,,6042HV,EUR,-0.30,7.472600,DKK,-2.25,prosubmonth,,4994183596643847628,Yes,15,SUBSCRIPTIONS,,
GPA.3303-0168-6589-99494..1,"Mar 25, 2026",12:13:39 PM PDT,,Charge,,Pro Subscription (WF Solver),com.deepinkcode.wordfeudsolver,Subscription,prosub,,SE,,89230,SEK,22.40,0.691480,DKK,15.49,prosubmonth,,4994183596643847628,Yes,,,,
GPA.3303-0168-6589-99494..1,"Mar 25, 2026",12:13:39 PM PDT,,Google fee,,Pro Subscription (WF Solver),com.deepinkcode.wordfeudsolver,Subscription,prosub,,SE,,89230,SEK,-3.36,0.691480,DKK,-2.32,prosubmonth,,4994183596643847628,Yes,15,SUBSCRIPTIONS,,
GPA.3376-0519-1444-56166..0,"Mar 25, 2026",12:26:27 PM PDT,,Charge,,Pro Subscription (Words With Friends Solver),com.deepinkcode.wordswithfriendssolver,Subscription,prosub,,US,CA,95205,USD,2.49,6.453300,DKK,16.07,prosub,,4994183596643847628,Yes,,,,
GPA.3376-0519-1444-56166..0,"Mar 25, 2026",12:26:27 PM PDT,,Google fee,,Pro Subscription (Words With Friends Solver),com.deepinkcode.wordswithfriendssolver,Subscription,prosub,,US,CA,95205,USD,-0.37,6.453300,DKK,-2.39,prosub,,4994183596643847628,Yes,15,SUBSCRIPTIONS,,
GPA.3351-4370-9385-80231,"Mar 25, 2026",1:23:16 PM PDT,,Charge,,Pro (Words With Friends Solver),com.deepinkcode.wordswithfriendssolver,One-time product,pro,r9q,GB,,St27js,GBP,21.24,8.635500,DKK,183.42,legacy-base,,4994183596643847628,Yes,,,,In-app
GPA.3351-4370-9385-80231,"Mar 25, 2026",1:23:16 PM PDT,,Google fee,,Pro (Words With Friends Solver),com.deepinkcode.wordswithfriendssolver,One-time product,pro,r9q,GB,,St27js,GBP,-3.19,8.635500,DKK,-27.55,legacy-base,,4994183596643847628,Yes,15,,,In-app
GPA.3372-1632-5275-69881..0,"Mar 25, 2026",1:58:57 PM PDT,,Charge,,Pro Subscription (WF Solver),com.deepinkcode.wordfeudsolver,Subscription,prosub,,SE,,702 83,SEK,22.40,0.691130,DKK,15.48,prosubmonth,,4994183596643847628,Yes,,,,
GPA.3372-1632-5275-69881..0,"Mar 25, 2026",1:58:57 PM PDT,,Google fee,,Pro Subscription (WF Solver),com.deepinkcode.wordfeudsolver,Subscription,prosub,,SE,,702 83,SEK,-3.36,0.691130,DKK,-2.32,prosubmonth,,4994183596643847628,Yes,15,SUBSCRIPTIONS,,
GPA.3303-2104-3950-02719..10,"Mar 25, 2026",2:04:51 PM PDT,,Charge,,Pro Subscription (Words With Friends Solver),com.deepinkcode.wordswithfriendssolver,Subscription,prosub,,US,WI,53405,USD,1.99,6.463600,DKK,12.86,prosub,,4994183596643847628,Yes,,,,
GPA.3303-2104-3950-02719..10,"Mar 25, 2026",2:04:51 PM PDT,,Google fee,,Pro Subscription (Words With Friends Solver),com.deepinkcode.wordswithfriendssolver,Subscription,prosub,,US,WI,53405,USD,-0.30,6.463600,DKK,-1.94,prosub,,4994183596643847628,Yes,15,SUBSCRIPTIONS,,
GPA.3335-2230-8237-36542..0,"Mar 25, 2026",2:40:22 PM PDT,,Charge,,Pro Subscription (WF Solver),com.deepinkcode.wordfeudsolver,Subscription,prosub,,SE,,331 72,SEK,22.40,0.691490,DKK,15.49,prosubmonth,,4994183596643847628,Yes,,,,
GPA.3335-2230-8237-36542..0,"Mar 25, 2026",2:40:22 PM PDT,,Google fee,,Pro Subscription (WF Solver),com.deepinkcode.wordfeudsolver,Subscription,prosub,,SE,,331 72,SEK,-3.36,0.691490,DKK,-2.32,prosubmonth,,4994183596643847628,Yes,15,SUBSCRIPTIONS,,
GPA.3366-6284-3844-14510..2,"Mar 25, 2026",3:24:41 PM PDT,,Charge,,Pro Subscription (WF Solver),com.deepinkcode.wordfeudsolver,Subscription,prosub,,NO,,3186,NOK,24.00,0.666520,DKK,16.00,prosubmonth,,4994183596643847628,Yes,,,,
GPA.3366-6284-3844-14510..2,"Mar 25, 2026",3:24:41 PM PDT,,Google fee,,Pro Subscription (WF Solver),com.deepinkcode.wordfeudsolver,Subscription,prosub,,NO,,3186,NOK,-3.60,0.666520,DKK,-2.40,prosubmonth,,4994183596643847628,Yes,15,SUBSCRIPTIONS,,
GPA.3368-9401-0658-25764..0,"Mar 25, 2026",3:28:05 PM PDT,,Charge,,Pro Subscription (Words With Friends Solver),com.deepinkcode.wordswithfriendssolver,Subscription,prosub,,GB,,RM11 1PY,GBP,1.74,8.640400,DKK,15.03,prosub,,4994183596643847628,Yes,,,,
GPA.3368-9401-0658-25764..0,"Mar 25, 2026",3:28:05 PM PDT,,Google fee,,Pro Subscription (Words With Friends Solver),com.deepinkcode.wordswithfriendssolver,Subscription,prosub,,GB,,RM11 1PY,GBP,-0.26,8.640400,DKK,-2.24,prosub,,4994183596643847628,Yes,15,SUBSCRIPTIONS,,
GPA.3355-3271-6306-33573..1,"Mar 25, 2026",6:14:30 PM PDT,,Charge,,Pro Subscription (Words With Friends Solver),com.deepinkcode.wordswithfriendssolver,Subscription,prosub,,US,NC,27948,USD,2.49,6.463000,DKK,16.09,prosub,,4994183596643847628,Yes,,,,
GPA.3355-3271-6306-33573..1,"Mar 25, 2026",6:14:30 PM PDT,,Google fee,,Pro Subscription (Words With Friends Solver),com.deepinkcode.wordswithfriendssolver,Subscription,prosub,,US,NC,27948,USD,-0.37,6.463000,DKK,-2.39,prosub,,4994183596643847628,Yes,15,SUBSCRIPTIONS,,
GPA.3352-5540-4718-73423..4,"Mar 25, 2026",6:29:06 PM PDT,,Charge,,Pro Subscription (WF Solver),com.deepinkcode.wordfeudsolver,Subscription,prosub,,US,FL,32258,USD,2.49,6.463000,DKK,16.09,prosubmonth,,4994183596643847628,Yes,,,,
GPA.3352-5540-4718-73423..4,"Mar 25, 2026",6:29:06 PM PDT,,Google fee,,Pro Subscription (WF Solver),com.deepinkcode.wordfeudsolver,Subscription,prosub,,US,FL,32258,USD,-0.37,6.463000,DKK,-2.39,prosubmonth,,4994183596643847628,Yes,15,SUBSCRIPTIONS,,
GPA.3325-5582-3592-52082..1,"Mar 25, 2026",6:41:02 PM PDT,,Charge,,Pro Subscription (Words With Friends Solver),com.deepinkcode.wordswithfriendssolver,Subscription,prosub,,CA,ON,L8P2A7,CAD,3.19,4.677700,DKK,14.92,prosub,,4994183596643847628,Yes,,,,
GPA.3325-5582-3592-52082..1,"Mar 25, 2026",6:41:02 PM PDT,,Google fee,,Pro Subscription (Words With Friends Solver),com.deepinkcode.wordswithfriendssolver,Subscription,prosub,,CA,ON,L8P2A7,CAD,-0.48,4.677700,DKK,-2.25,prosub,,4994183596643847628,Yes,15,SUBSCRIPTIONS,,
GPA.3306-3394-5596-42894..0,"Mar 25, 2026",8:51:15 PM PDT,,Charge,,Pro Subscription (Words With Friends Solver),com.deepinkcode.wordswithfriendssolver,Subscription,prosub,,US,OH,43110,USD,2.49,6.461700,DKK,16.09,prosub,,4994183596643847628,Yes,,,,
GPA.3306-3394-5596-42894..0,"Mar 25, 2026",8:51:15 PM PDT,,Google fee,,Pro Subscription (Words With Friends Solver),com.deepinkcode.wordswithfriendssolver,Subscription,prosub,,US,OH,43110,USD,-0.37,6.461700,DKK,-2.39,prosub,,4994183596643847628,Yes,15,SUBSCRIPTIONS,,
GPA.3369-1430-8907-28135..13,"Mar 25, 2026",8:56:38 PM PDT,,Charge,,Pro Subscription (WF Solver),com.deepinkcode.wordfeudsolver,Subscription,prosub,,SE,,63232,SEK,23.20,0.691080,DKK,16.03,prosubmonth,,4994183596643847628,Yes,,,,
GPA.3369-1430-8907-28135..13,"Mar 25, 2026",8:56:38 PM PDT,,Google fee,,Pro Subscription (WF Solver),com.deepinkcode.wordfeudsolver,Subscription,prosub,,SE,,63232,SEK,-3.48,0.691080,DKK,-2.40,prosubmonth,,4994183596643847628,Yes,15,SUBSCRIPTIONS,,
GPA.3324-6717-6826-50369..0,"Mar 25, 2026",9:33:52 PM PDT,,Charge,,Pro Subscription (Words With Friends Solver),com.deepinkcode.wordswithfriendssolver,Subscription,prosub,,US,CO,80014,USD,2.49,6.464800,DKK,16.10,prosub,,4994183596643847628,Yes,,,,
GPA.3324-6717-6826-50369..0,"Mar 25, 2026",9:33:52 PM PDT,,Google fee,,Pro Subscription (Words With Friends Solver),com.deepinkcode.wordswithfriendssolver,Subscription,prosub,,US,CO,80014,USD,-0.37,6.464800,DKK,-2.39,prosub,,4994183596643847628,Yes,15,SUBSCRIPTIONS,,
GPA.3306-6680-7682-25512..17,"Mar 26, 2026",12:34:16 AM PDT,,Charge,,Pro Subscription (WF Solver),com.deepinkcode.wordfeudsolver,Subscription,prosub,,SE,,514 70,SEK,23.20,0.691380,DKK,16.04,prosubmonth,,4994183596643847628,Yes,,,,
GPA.3306-6680-7682-25512..17,"Mar 26, 2026",12:34:16 AM PDT,,Google fee,,Pro Subscription (WF Solver),com.deepinkcode.wordfeudsolver,Subscription,prosub,,SE,,514 70,SEK,-3.48,0.691380,DKK,-2.41,prosubmonth,,4994183596643847628,Yes,15,SUBSCRIPTIONS,,
GPA.3325-9121-5826-85560..7,"Mar 26, 2026",12:42:31 AM PDT,,Charge,,Pro Subscription (WF Solver),com.deepinkcode.wordfeudsolver,Subscription,prosub,,SE,,65591,SEK,23.20,0.691380,DKK,16.04,prosubmonth,,4994183596643847628,Yes,,,,
GPA.3325-9121-5826-85560..7,"Mar 26, 2026",12:42:31 AM PDT,,Google fee,,Pro Subscription (WF Solver),com.deepinkcode.wordfeudsolver,Subscription,prosub,,SE,,65591,SEK,-3.48,0.691380,DKK,-2.41,prosubmonth,,4994183596643847628,Yes,15,SUBSCRIPTIONS,,
GPA.3340-8981-4613-02378,"Mar 26, 2026",1:00:43 AM PDT,,Charge,,Pro Subscription (WF Solver),com.deepinkcode.wordfeudsolver,Subscription,prosub,b4q,NO,,1481,NOK,24.00,0.667800,DKK,16.03,prosubmonth,,4994183596643847628,Yes,,,,In-app
GPA.3340-8981-4613-02378,"Mar 26, 2026",1:00:43 AM PDT,,Google fee,,Pro Subscription (WF Solver),com.deepinkcode.wordfeudsolver,Subscription,prosub,b4q,NO,,1481,NOK,-3.60,0.667800,DKK,-2.41,prosubmonth,,4994183596643847628,Yes,15,SUBSCRIPTIONS,,In-app
GPA.3318-1106-6605-92950..4,"Mar 26, 2026",2:39:41 AM PDT,,Charge,,Pro Subscription (WF Solver),com.deepinkcode.wordfeudsolver,Subscription,prosub,,SE,,283 34,SEK,22.40,0.690400,DKK,15.46,prosubmonth,,4994183596643847628,Yes,,,,
GPA.3318-1106-6605-92950..4,"Mar 26, 2026",2:39:41 AM PDT,,Google fee,,Pro Subscription (WF Solver),com.deepinkcode.wordfeudsolver,Subscription,prosub,,SE,,283 34,SEK,-3.36,0.690400,DKK,-2.31,prosubmonth,,4994183596643847628,Yes,15,SUBSCRIPTIONS,,
GPA.3340-8313-7397-09343..0,"Mar 26, 2026",2:43:15 AM PDT,,Charge,,Pro Subscription (WF Solver),com.deepinkcode.wordfeudsolver,Subscription,prosub,,NL,,4817MP,EUR,1.98,7.472100,DKK,14.79,prosubmonth,,4994183596643847628,Yes,,,,
GPA.3340-8313-7397-09343..0,"Mar 26, 2026",2:43:15 AM PDT,,Google fee,,Pro Subscription (WF Solver),com.deepinkcode.wordfeudsolver,Subscription,prosub,,NL,,4817MP,EUR,-0.30,7.472100,DKK,-2.24,prosubmonth,,4994183596643847628,Yes,15,SUBSCRIPTIONS,,
GPA.3357-7606-4150-70865..4,"Mar 26, 2026",2:56:15 AM PDT,,Charge,,Pro Subscription (WF Solver),com.deepinkcode.wordfeudsolver,Subscription,prosub,,SE,,19269,SEK,22.40,0.690400,DKK,15.46,prosubmonth,,4994183596643847628,Yes,,,,
GPA.3357-7606-4150-70865..4,"Mar 26, 2026",2:56:15 AM PDT,,Google fee,,Pro Subscription (WF Solver),com.deepinkcode.wordfeudsolver,Subscription,prosub,,SE,,19269,SEK,-3.36,0.690400,DKK,-2.31,prosubmonth,,4994183596643847628,Yes,15,SUBSCRIPTIONS,,
GPA.3371-9978-2526-42229..6,"Mar 26, 2026",3:37:20 AM PDT,,Charge,,Pro Subscription (WF Solver),com.deepinkcode.wordfeudsolver,Subscription,prosub,,SE,,640 33,SEK,22.40,0.689200,DKK,15.44,prosubmonth,,4994183596643847628,Yes,,,,
GPA.3371-9978-2526-42229..6,"Mar 26, 2026",3:37:20 AM PDT,,Google fee,,Pro Subscription (WF Solver),com.deepinkcode.wordfeudsolver,Subscription,prosub,,SE,,640 33,SEK,-3.36,0.689200,DKK,-2.32,prosubmonth,,4994183596643847628,Yes,15,SUBSCRIPTIONS,,
GPA.3374-1291-0158-01249..2,"Mar 26, 2026",3:48:09 AM PDT,,Charge,,Pro Subscription (WF Solver),com.deepinkcode.wordfeudsolver,Subscription,prosub,,NL,,3871 DA,EUR,1.98,7.471800,DKK,14.79,prosubmonth,,4994183596643847628,Yes,,,,
GPA.3374-1291-0158-01249..2,"Mar 26, 2026",3:48:09 AM PDT,,Google fee,,Pro Subscription (WF Solver),com.deepinkcode.wordfeudsolver,Subscription,prosub,,NL,,3871 DA,EUR,-0.30,7.471800,DKK,-2.24,prosubmonth,,4994183596643847628,Yes,15,SUBSCRIPTIONS,,
GPA.3367-7884-1257-87020..11,"Mar 26, 2026",4:02:55 AM PDT,,Charge,,Pro Subscription (WF Solver),com.deepinkcode.wordfeudsolver,Subscription,prosub,,SE,,69499,SEK,23.20,0.689450,DKK,16.00,prosubmonth,,4994183596643847628,Yes,,,,
GPA.3367-7884-1257-87020..11,"Mar 26, 2026",4:02:55 AM PDT,,Google fee,,Pro Subscription (WF Solver),com.deepinkcode.wordfeudsolver,Subscription,prosub,,SE,,69499,SEK,-3.48,0.689450,DKK,-2.40,prosubmonth,,4994183596643847628,Yes,15,SUBSCRIPTIONS,,
GPA.3304-5179-5410-55818..12,"Mar 26, 2026",4:38:45 AM PDT,,Charge,,Pro Subscription (WF Solver),com.deepinkcode.wordfeudsolver,Subscription,prosub,,NL,,3972 ZB,EUR,1.98,7.471800,DKK,14.79,prosubmonth,,4994183596643847628,Yes,,,,
GPA.3304-5179-5410-55818..12,"Mar 26, 2026",4:38:45 AM PDT,,Google fee,,Pro Subscription (WF Solver),com.deepinkcode.wordfeudsolver,Subscription,prosub,,NL,,3972 ZB,EUR,-0.30,7.471800,DKK,-2.24,prosubmonth,,4994183596643847628,Yes,15,SUBSCRIPTIONS,,
GPA.3388-0675-7684-07200..13,"Mar 26, 2026",5:04:53 AM PDT,,Charge,,Pro Subscription (WF Solver),com.deepinkcode.wordfeudsolver,Subscription,prosub,,NL,,1018MW,EUR,1.98,7.472000,DKK,14.79,prosubmonth,,4994183596643847628,Yes,,,,
GPA.3388-0675-7684-07200..13,"Mar 26, 2026",5:04:53 AM PDT,,Google fee,,Pro Subscription (WF Solver),com.deepinkcode.wordfeudsolver,Subscription,prosub,,NL,,1018MW,EUR,-0.30,7.472000,DKK,-2.24,prosubmonth,,4994183596643847628,Yes,15,SUBSCRIPTIONS,,
GPA.3339-0589-0077-79882..8,"Mar 26, 2026",7:28:10 AM PDT,,Charge,,Pro Subscription (WF Solver),com.deepinkcode.wordfeudsolver,Subscription,prosub,,NL,,2375 XK,EUR,1.98,7.472000,DKK,14.79,prosubmonth,,4994183596643847628,Yes,,,,
GPA.3339-0589-0077-79882..8,"Mar 26, 2026",7:28:10 AM PDT,,Google fee,,Pro Subscription (WF Solver),com.deepinkcode.wordfeudsolver,Subscription,prosub,,NL,,2375 XK,EUR,-0.30,7.472000,DKK,-2.24,prosubmonth,,4994183596643847628,Yes,15,SUBSCRIPTIONS,,
GPA.3339-4561-2315-65536,"Mar 26, 2026",8:08:35 AM PDT,,Charge,,Pro Subscription (Words With Friends Solver),com.deepinkcode.wordswithfriendssolver,Subscription,prosub,tesla,US,FL,32726,USD,2.49,6.473900,DKK,16.12,prosub,,4994183596643847628,Yes,,,,In-app
GPA.3339-4561-2315-65536,"Mar 26, 2026",8:08:35 AM PDT,,Google fee,,Pro Subscription (Words With Friends Solver),com.deepinkcode.wordswithfriendssolver,Subscription,prosub,tesla,US,FL,32726,USD,-0.37,6.473900,DKK,-2.40,prosub,,4994183596643847628,Yes,15,SUBSCRIPTIONS,,In-app
GPA.3369-3478-5715-82838..12,"Mar 26, 2026",8:24:04 AM PDT,,Charge,,Pro Subscription (WF Solver),com.deepinkcode.wordfeudsolver,Subscription,prosub,,SE,,34140,SEK,23.20,0.689120,DKK,15.99,prosubmonth,,4994183596643847628,Yes,,,,
GPA.3369-3478-5715-82838..12,"Mar 26, 2026",8:24:04 AM PDT,,Google fee,,Pro Subscription (WF Solver),com.deepinkcode.wordfeudsolver,Subscription,prosub,,SE,,34140,SEK,-3.48,0.689120,DKK,-2.40,prosubmonth,,4994183596643847628,Yes,15,SUBSCRIPTIONS,,
GPA.3349-7322-4481-72568..0,"Mar 26, 2026",9:52:17 AM PDT,,Charge,,Pro Subscription (WF Solver),com.deepinkcode.wordfeudsolver,Subscription,prosub,,DK,,7400,DKK,15.20,1.000000,DKK,15.20,prosubmonth,,4994183596643847628,Yes,,,,
GPA.3349-7322-4481-72568..0,"Mar 26, 2026",9:52:17 AM PDT,,Google fee,,Pro Subscription (WF Solver),com.deepinkcode.wordfeudsolver,Subscription,prosub,,DK,,7400,DKK,-2.28,1.000000,DKK,-2.28,prosubmonth,,4994183596643847628,Yes,15,SUBSCRIPTIONS,,
GPA.3375-8075-0615-45520,"Mar 26, 2026",10:55:50 AM PDT,,Charge,,Pro Subscription (WF Solver),com.deepinkcode.wordfeudsolver,Subscription,prosub,m3q,NO,,7053,NOK,24.00,0.669120,DKK,16.06,prosubmonth,,4994183596643847628,Yes,,,,In-app
GPA.3375-8075-0615-45520,"Mar 26, 2026",10:55:50 AM PDT,,Google fee,,Pro Subscription (WF Solver),com.deepinkcode.wordfeudsolver,Subscription,prosub,m3q,NO,,7053,NOK,-3.60,0.669120,DKK,-2.41,prosubmonth,,4994183596643847628,Yes,15,SUBSCRIPTIONS,,In-app
GPA.3337-6194-7374-72835..13,"Mar 26, 2026",11:56:12 AM PDT,,Charge,,Pro Subscription (WF Solver),com.deepinkcode.wordfeudsolver,Subscription,prosub,,GB,,HU55YZ,GBP,1.66,8.639000,DKK,14.34,prosubmonth,,4994183596643847628,Yes,,,,
GPA.3337-6194-7374-72835..13,"Mar 26, 2026",11:56:12 AM PDT,,Google fee,,Pro Subscription (WF Solver),com.deepinkcode.wordfeudsolver,Subscription,prosub,,GB,,HU55YZ,GBP,-0.25,8.639000,DKK,-2.16,prosubmonth,,4994183596643847628,Yes,15,SUBSCRIPTIONS,,
GPA.3355-6511-7766-68555..0,"Mar 26, 2026",1:08:21 PM PDT,,Charge,,Pro Subscription (Words With Friends Solver),com.deepinkcode.wordswithfriendssolver,Subscription,prosub,,US,NC,28023,USD,2.49,6.478800,DKK,16.13,prosub,,4994183596643847628,Yes,,,,
GPA.3355-6511-7766-68555..0,"Mar 26, 2026",1:08:21 PM PDT,,Google fee,,Pro Subscription (Words With Friends Solver),com.deepinkcode.wordswithfriendssolver,Subscription,prosub,,US,NC,28023,USD,-0.37,6.478800,DKK,-2.40,prosub,,4994183596643847628,Yes,15,SUBSCRIPTIONS,,
GPA.3388-9924-2643-45324,"Mar 26, 2026",1:52:18 PM PDT,,Charge,,Pro Subscription (Scrabble GO Cheat),com.deepinkcode.scrabblegocheat,Subscription,prosub,e2q,US,IL,62236,USD,2.49,6.478800,DKK,16.13,prosubmonth,,4994183596643847628,Yes,,,,In-app
GPA.3388-9924-2643-45324,"Mar 26, 2026",1:52:18 PM PDT,,Google fee,,Pro Subscription (Scrabble GO Cheat),com.deepinkcode.scrabblegocheat,Subscription,prosub,e2q,US,IL,62236,USD,-0.37,6.478800,DKK,-2.40,prosubmonth,,4994183596643847628,Yes,15,SUBSCRIPTIONS,,In-app
GPA.3366-1920-6987-42086..3,"Mar 26, 2026",1:58:14 PM PDT,,Charge,,Pro Subscription (WF Solver),com.deepinkcode.wordfeudsolver,Subscription,prosub,,NL,,2574 JN,EUR,1.98,7.471800,DKK,14.79,prosubmonth,,4994183596643847628,Yes,,,,
GPA.3366-1920-6987-42086..3,"Mar 26, 2026",1:58:14 PM PDT,,Google fee,,Pro Subscription (WF Solver),com.deepinkcode.wordfeudsolver,Subscription,prosub,,NL,,2574 JN,EUR,-0.30,7.471800,DKK,-2.24,prosubmonth,,4994183596643847628,Yes,15,SUBSCRIPTIONS,,
GPA.3388-4374-5778-71623,"Mar 26, 2026",2:04:25 PM PDT,,Charge,,Pro Subscription (Words With Friends Solver),com.deepinkcode.wordswithfriendssolver,Subscription,prosub,dm3q,US,MO,63090,USD,2.49,6.486000,DKK,16.15,prosub,,4994183596643847628,Yes,,,,In-app
GPA.3388-4374-5778-71623,"Mar 26, 2026",2:04:25 PM PDT,,Google fee,,Pro Subscription (Words With Friends Solver),com.deepinkcode.wordswithfriendssolver,Subscription,prosub,dm3q,US,MO,63090,USD,-0.37,6.486000,DKK,-2.40,prosub,,4994183596643847628,Yes,15,SUBSCRIPTIONS,,In-app
GPA.3322-8593-4056-78041,"Mar 26, 2026",2:39:53 PM PDT,,Charge,,Pro Subscription (WF Solver),com.deepinkcode.wordfeudsolver,Subscription,prosub,e1s,DK,,2300,DKK,15.20,1.000000,DKK,15.20,prosubmonth,,4994183596643847628,Yes,,,,In-app
GPA.3322-8593-4056-78041,"Mar 26, 2026",2:39:53 PM PDT,,Google fee,,Pro Subscription (WF Solver),com.deepinkcode.wordfeudsolver,Subscription,prosub,e1s,DK,,2300,DKK,-2.28,1.000000,DKK,-2.28,prosubmonth,,4994183596643847628,Yes,15,SUBSCRIPTIONS,,In-app
GPA.3361-8800-8394-13371..1,"Mar 26, 2026",3:26:39 PM PDT,,Charge,,Pro Subscription (WF Solver),com.deepinkcode.wordfeudsolver,Subscription,prosub,,BE,,2470,EUR,1.98,7.471900,DKK,14.79,prosubmonth,,4994183596643847628,Yes,,,,
GPA.3361-8800-8394-13371..1,"Mar 26, 2026",3:26:39 PM PDT,,Google fee,,Pro Subscription (WF Solver),com.deepinkcode.wordfeudsolver,Subscription,prosub,,BE,,2470,EUR,-0.30,7.471900,DKK,-2.24,prosubmonth,,4994183596643847628,Yes,15,SUBSCRIPTIONS,,
GPA.3311-6313-7068-78628,"Mar 26, 2026",3:51:35 PM PDT,,Charge refund,Full,Pro Subscription (Scrabble GO Cheat),com.deepinkcode.scrabblegocheat,Subscription,prosub,pa3q,GB,,BA21 5RW,GBP,-1.74,8.643900,DKK,-15.04,prosubmonth,,4994183596643847628,Yes,,,,Play store
GPA.3311-6313-7068-78628,"Mar 26, 2026",3:51:35 PM PDT,,Google fee refund,Full,Pro Subscription (Scrabble GO Cheat),com.deepinkcode.scrabblegocheat,Subscription,prosub,pa3q,GB,,BA21 5RW,GBP,0.26,8.643900,DKK,2.25,prosubmonth,,4994183596643847628,Yes,15,SUBSCRIPTIONS,,Play store
GPA.3309-9352-9251-38517..0,"Mar 26, 2026",9:24:39 PM PDT,,Charge,,Pro Subscription (WF Solver),com.deepinkcode.wordfeudsolver,Subscription,prosub,,SE,,34013,SEK,22.40,0.686660,DKK,15.38,prosubmonth,,4994183596643847628,Yes,,,,
GPA.3309-9352-9251-38517..0,"Mar 26, 2026",9:24:39 PM PDT,,Google fee,,Pro Subscription (WF Solver),com.deepinkcode.wordfeudsolver,Subscription,prosub,,SE,,34013,SEK,-3.36,0.686660,DKK,-2.31,prosubmonth,,4994183596643847628,Yes,15,SUBSCRIPTIONS,,
GPA.3324-5892-9448-08273..7,"Mar 26, 2026",10:43:21 PM PDT,,Charge,,Pro Subscription (WF Solver),com.deepinkcode.wordfeudsolver,Subscription,prosub,,DK,,4800,DKK,15.20,1.000000,DKK,15.20,prosubmonth,,4994183596643847628,Yes,,,,
GPA.3324-5892-9448-08273..7,"Mar 26, 2026",10:43:21 PM PDT,,Google fee,,Pro Subscription (WF Solver),com.deepinkcode.wordfeudsolver,Subscription,prosub,,DK,,4800,DKK,-2.28,1.000000,DKK,-2.28,prosubmonth,,4994183596643847628,Yes,15,SUBSCRIPTIONS,,
GPA.3346-1446-8125-49424..12,"Mar 26, 2026",11:00:35 PM PDT,,Charge,,Pro Subscription (WF Solver),com.deepinkcode.wordfeudsolver,Subscription,prosub,,SE,,511 71,SEK,23.20,0.687310,DKK,15.95,prosubmonth,,4994183596643847628,Yes,,,,
GPA.3346-1446-8125-49424..12,"Mar 26, 2026",11:00:35 PM PDT,,Google fee,,Pro Subscription (WF Solver),com.deepinkcode.wordfeudsolver,Subscription,prosub,,SE,,511 71,SEK,-3.48,0.687310,DKK,-2.40,prosubmonth,,4994183596643847628,Yes,15,SUBSCRIPTIONS,,
GPA.3324-3334-6026-16133..1,"Mar 26, 2026",11:03:49 PM PDT,,Charge,,Pro Subscription (WF Solver),com.deepinkcode.wordfeudsolver,Subscription,prosub,,NL,,2552 VT,EUR,1.98,7.472500,DKK,14.80,prosubmonth,,4994183596643847628,Yes,,,,
GPA.3324-3334-6026-16133..1,"Mar 26, 2026",11:03:49 PM PDT,,Google fee,,Pro Subscription (WF Solver),com.deepinkcode.wordfeudsolver,Subscription,prosub,,NL,,2552 VT,EUR,-0.30,7.472500,DKK,-2.25,prosubmonth,,4994183596643847628,Yes,15,SUBSCRIPTIONS,,
GPA.3312-1129-1077-44248..1,"Mar 27, 2026",12:53:46 AM PDT,,Charge,,Pro Subscription (WF Solver),com.deepinkcode.wordfeudsolver,Subscription,prosub,,DK,,9000,DKK,15.20,1.000000,DKK,15.20,prosubmonth,,4994183596643847628,Yes,,,,
GPA.3312-1129-1077-44248..1,"Mar 27, 2026",12:53:46 AM PDT,,Google fee,,Pro Subscription (WF Solver),com.deepinkcode.wordfeudsolver,Subscription,prosub,,DK,,9000,DKK,-2.28,1.000000,DKK,-2.28,prosubmonth,,4994183596643847628,Yes,15,SUBSCRIPTIONS,,
GPA.3361-4836-5573-17439..1,"Mar 27, 2026",1:28:35 AM PDT,,Charge,,Pro Subscription (WF Solver),com.deepinkcode.wordfeudsolver,Subscription,prosub,,NL,,7204JJ,EUR,1.98,7.472300,DKK,14.80,prosubmonth,,4994183596643847628,Yes,,,,
GPA.3361-4836-5573-17439..1,"Mar 27, 2026",1:28:35 AM PDT,,Google fee,,Pro Subscription (WF Solver),com.deepinkcode.wordfeudsolver,Subscription,prosub,,NL,,7204JJ,EUR,-0.30,7.472300,DKK,-2.25,prosubmonth,,4994183596643847628,Yes,15,SUBSCRIPTIONS,,
GPA.3380-3116-8597-88122..1,"Mar 27, 2026",1:57:57 AM PDT,,Charge,,Pro Subscription (Words With Friends Solver),com.deepinkcode.wordswithfriendssolver,Subscription,prosub,,GB,,AB42 5LN,GBP,1.74,8.639100,DKK,15.03,prosub,,4994183596643847628,Yes,,,,
GPA.3380-3116-8597-88122..1,"Mar 27, 2026",1:57:57 AM PDT,,Google fee,,Pro Subscription (Words With Friends Solver),com.deepinkcode.wordswithfriendssolver,Subscription,prosub,,GB,,AB42 5LN,GBP,-0.26,8.639100,DKK,-2.24,prosub,,4994183596643847628,Yes,15,SUBSCRIPTIONS,,
GPA.3397-0149-6218-98707..9,"Mar 27, 2026",2:43:53 AM PDT,,Charge,,Pro Subscription (Words With Friends Solver),com.deepinkcode.wordswithfriendssolver,Subscription,prosub,,AU,,4814,AUD,3.26,4.469300,DKK,14.57,prosub,,4994183596643847628,Yes,,,,
GPA.3397-0149-6218-98707..9,"Mar 27, 2026",2:43:53 AM PDT,,Google fee,,Pro Subscription (Words With Friends Solver),com.deepinkcode.wordswithfriendssolver,Subscription,prosub,,AU,,4814,AUD,-0.49,4.469300,DKK,-2.19,prosub,,4994183596643847628,Yes,15,SUBSCRIPTIONS,,
GPA.3338-0449-0796-74700..2,"Mar 27, 2026",2:52:40 AM PDT,,Charge,,Pro Subscription (WF Solver),com.deepinkcode.wordfeudsolver,Subscription,prosub,,DK,,2450,DKK,15.20,1.000000,DKK,15.20,prosubmonth,,4994183596643847628,Yes,,,,
GPA.3338-0449-0796-74700..2,"Mar 27, 2026",2:52:40 AM PDT,,Google fee,,Pro Subscription (WF Solver),com.deepinkcode.wordfeudsolver,Subscription,prosub,,DK,,2450,DKK,-2.28,1.000000,DKK,-2.28,prosubmonth,,4994183596643847628,Yes,15,SUBSCRIPTIONS,,
GPA.3365-8629-6780-75539..9,"Mar 27, 2026",3:30:56 AM PDT,,Charge,,Pro Subscription (WF Solver),com.deepinkcode.wordfeudsolver,Subscription,prosub,,NL,,1816LK,EUR,1.98,7.472200,DKK,14.79,prosubmonth,,4994183596643847628,Yes,,,,
GPA.3365-8629-6780-75539..9,"Mar 27, 2026",3:30:56 AM PDT,,Google fee,,Pro Subscription (WF Solver),com.deepinkcode.wordfeudsolver,Subscription,prosub,,NL,,1816LK,EUR,-0.30,7.472200,DKK,-2.24,prosubmonth,,4994183596643847628,Yes,15,SUBSCRIPTIONS,,
GPA.3352-4579-4177-30322..13,"Mar 27, 2026",3:53:31 AM PDT,,Charge,,Pro Subscription (WF Solver),com.deepinkcode.wordfeudsolver,Subscription,prosub,,NL,,6823NA,EUR,1.98,7.472200,DKK,14.79,prosubmonth,,4994183596643847628,Yes,,,,
GPA.3352-4579-4177-30322..13,"Mar 27, 2026",3:53:31 AM PDT,,Google fee,,Pro Subscription (WF Solver),com.deepinkcode.wordfeudsolver,Subscription,prosub,,NL,,6823NA,EUR,-0.30,7.472200,DKK,-2.24,prosubmonth,,4994183596643847628,Yes,15,SUBSCRIPTIONS,,
GPA.3375-0701-8965-08141..6,"Mar 27, 2026",3:53:58 AM PDT,,Charge,,Pro Subscription (WF Solver),com.deepinkcode.wordfeudsolver,Subscription,prosub,,NL,,3362 GG,EUR,1.98,7.472200,DKK,14.79,prosubmonth,,4994183596643847628,Yes,,,,
GPA.3375-0701-8965-08141..6,"Mar 27, 2026",3:53:58 AM PDT,,Google fee,,Pro Subscription (WF Solver),com.deepinkcode.wordfeudsolver,Subscription,prosub,,NL,,3362 GG,EUR,-0.30,7.472200,DKK,-2.24,prosubmonth,,4994183596643847628,Yes,15,SUBSCRIPTIONS,,
GPA.3333-2644-3145-64471..16,"Mar 27, 2026",4:03:52 AM PDT,,Charge,,Pro Subscription (WF Solver),com.deepinkcode.wordfeudsolver,Subscription,prosub,,SE,,681 40,SEK,23.20,0.687750,DKK,15.96,prosubmonth,,4994183596643847628,Yes,,,,
GPA.3333-2644-3145-64471..16,"Mar 27, 2026",4:03:52 AM PDT,,Google fee,,Pro Subscription (WF Solver),com.deepinkcode.wordfeudsolver,Subscription,prosub,,SE,,681 40,SEK,-3.48,0.687750,DKK,-2.40,prosubmonth,,4994183596643847628,Yes,15,SUBSCRIPTIONS,,
GPA.3350-9969-0028-81763..2,"Mar 27, 2026",4:35:29 AM PDT,,Charge,,Pro Subscription (WF Solver),com.deepinkcode.wordfeudsolver,Subscription,prosub,,NL,,2645LK,EUR,1.98,7.471800,DKK,14.79,prosubmonth,,4994183596643847628,Yes,,,,
GPA.3350-9969-0028-81763..2,"Mar 27, 2026",4:35:29 AM PDT,,Google fee,,Pro Subscription (WF Solver),com.deepinkcode.wordfeudsolver,Subscription,prosub,,NL,,2645LK,EUR,-0.30,7.471800,DKK,-2.24,prosubmonth,,4994183596643847628,Yes,15,SUBSCRIPTIONS,,
GPA.3345-6433-7154-34931..16,"Mar 27, 2026",5:02:00 AM PDT,,Charge,,Pro Subscription (WF Solver),com.deepinkcode.wordfeudsolver,Subscription,prosub,,SE,,89130,SEK,23.20,0.687520,DKK,15.95,prosubmonth,,4994183596643847628,Yes,,,,
GPA.3345-6433-7154-34931..16,"Mar 27, 2026",5:02:00 AM PDT,,Google fee,,Pro Subscription (WF Solver),com.deepinkcode.wordfeudsolver,Subscription,prosub,,SE,,89130,SEK,-3.48,0.687520,DKK,-2.39,prosubmonth,,4994183596643847628,Yes,15,SUBSCRIPTIONS,,
GPA.3395-1052-5242-44017,"Mar 27, 2026",5:09:19 AM PDT,,Charge,,Pro Subscription (WF Solver),com.deepinkcode.wordfeudsolver,Subscription,prosub,e3q,NL,,8181GG,EUR,1.98,7.472000,DKK,14.79,prosubmonth,,4994183596643847628,Yes,,,,In-app
GPA.3395-1052-5242-44017,"Mar 27, 2026",5:09:19 AM PDT,,Google fee,,Pro Subscription (WF Solver),com.deepinkcode.wordfeudsolver,Subscription,prosub,e3q,NL,,8181GG,EUR,-0.30,7.472000,DKK,-2.24,prosubmonth,,4994183596643847628,Yes,15,SUBSCRIPTIONS,,In-app
GPA.3347-2818-9828-36202..2,"Mar 27, 2026",6:36:08 AM PDT,,Charge,,Pro Subscription (WF Solver),com.deepinkcode.wordfeudsolver,Subscription,prosub,,SE,,83146,SEK,22.40,0.687490,DKK,15.40,prosubmonth,,4994183596643847628,Yes,,,,
GPA.3347-2818-9828-36202..2,"Mar 27, 2026",6:36:08 AM PDT,,Google fee,,Pro Subscription (WF Solver),com.deepinkcode.wordfeudsolver,Subscription,prosub,,SE,,83146,SEK,-3.36,0.687490,DKK,-2.31,prosubmonth,,4994183596643847628,Yes,15,SUBSCRIPTIONS,,
GPA.3308-5484-3371-34406..3,"Mar 27, 2026",7:33:36 AM PDT,,Charge,,Pro Subscription (Words With Friends Solver),com.deepinkcode.wordswithfriendssolver,Subscription,prosub,,US,FL,34292,USD,2.49,6.488400,DKK,16.16,prosub,,4994183596643847628,Yes,,,,
GPA.3308-5484-3371-34406..3,"Mar 27, 2026",7:33:36 AM PDT,,Google fee,,Pro Subscription (Words With Friends Solver),com.deepinkcode.wordswithfriendssolver,Subscription,prosub,,US,FL,34292,USD,-0.37,6.488400,DKK,-2.40,prosub,,4994183596643847628,Yes,15,SUBSCRIPTIONS,,
GPA.3351-7827-0996-12375,"Mar 27, 2026",7:34:47 AM PDT,,Charge,,Pro Subscription (WF Solver),com.deepinkcode.wordfeudsolver,Subscription,prosub,r9q,NL,,7041 XS,EUR,1.98,7.472200,DKK,14.79,prosubmonth,,4994183596643847628,Yes,,,,In-app
GPA.3351-7827-0996-12375,"Mar 27, 2026",7:34:47 AM PDT,,Google fee,,Pro Subscription (WF Solver),com.deepinkcode.wordfeudsolver,Subscription,prosub,r9q,NL,,7041 XS,EUR,-0.30,7.472200,DKK,-2.24,prosubmonth,,4994183596643847628,Yes,15,SUBSCRIPTIONS,,In-app
GPA.3349-8576-6113-09050..9,"Mar 27, 2026",7:52:28 AM PDT,,Charge,,Pro Subscription (WF Solver),com.deepinkcode.wordfeudsolver,Subscription,prosub,,NL,,1695HX,EUR,1.98,7.472200,DKK,14.79,prosubmonth,,4994183596643847628,Yes,,,,
GPA.3349-8576-6113-09050..9,"Mar 27, 2026",7:52:28 AM PDT,,Google fee,,Pro Subscription (WF Solver),com.deepinkcode.wordfeudsolver,Subscription,prosub,,NL,,1695HX,EUR,-0.30,7.472200,DKK,-2.24,prosubmonth,,4994183596643847628,Yes,15,SUBSCRIPTIONS,,
GPA.3379-4427-0841-39693..8,"Mar 27, 2026",7:57:27 AM PDT,,Charge,,Pro Subscription (WF Solver),com.deepinkcode.wordfeudsolver,Subscription,prosub,,SE,,458 30,SEK,23.20,0.687260,DKK,15.94,prosubmonth,,4994183596643847628,Yes,,,,
GPA.3379-4427-0841-39693..8,"Mar 27, 2026",7:57:27 AM PDT,,Google fee,,Pro Subscription (WF Solver),com.deepinkcode.wordfeudsolver,Subscription,prosub,,SE,,458 30,SEK,-3.48,0.687260,DKK,-2.39,prosubmonth,,4994183596643847628,Yes,15,SUBSCRIPTIONS,,
GPA.3348-6272-6997-92009,"Mar 27, 2026",7:58:56 AM PDT,,Charge,,Pro (WF Solver),com.deepinkcode.wordfeudsolver,One-time product,pro,OP5D35L1,DK,,7800,DKK,180.00,1.000000,DKK,180.00,legacy-base,,4994183596643847628,Yes,,,,In-app
GPA.3348-6272-6997-92009,"Mar 27, 2026",7:58:56 AM PDT,,Google fee,,Pro (WF Solver),com.deepinkcode.wordfeudsolver,One-time product,pro,OP5D35L1,DK,,7800,DKK,-27.00,1.000000,DKK,-27.00,legacy-base,,4994183596643847628,Yes,15,,,In-app
GPA.3377-5418-9286-74365..14,"Mar 27, 2026",8:00:53 AM PDT,,Charge,,Pro Subscription (WF Solver),com.deepinkcode.wordfeudsolver,Subscription,prosub,,SE,,96173,SEK,23.20,0.687740,DKK,15.96,prosubmonth,,4994183596643847628,Yes,,,,
GPA.3377-5418-9286-74365..14,"Mar 27, 2026",8:00:53 AM PDT,,Google fee,,Pro Subscription (WF Solver),com.deepinkcode.wordfeudsolver,Subscription,prosub,,SE,,96173,SEK,-3.48,0.687740,DKK,-2.40,prosubmonth,,4994183596643847628,Yes,15,SUBSCRIPTIONS,,
GPA.3396-2474-1243-91871,"Mar 27, 2026",8:49:00 AM PDT,,Charge,,Pro Subscription (WF Solver),com.deepinkcode.wordfeudsolver,Subscription,prosub,a17x,SE,,70225,SEK,22.40,0.687740,DKK,15.41,prosubmonth,,4994183596643847628,Yes,,,,In-app
GPA.3396-2474-1243-91871,"Mar 27, 2026",8:49:00 AM PDT,,Google fee,,Pro Subscription (WF Solver),com.deepinkcode.wordfeudsolver,Subscription,prosub,a17x,SE,,70225,SEK,-3.36,0.687740,DKK,-2.32,prosubmonth,,4994183596643847628,Yes,15,SUBSCRIPTIONS,,In-app
GPA.3330-6616-1009-75919..7,"Mar 27, 2026",9:09:12 AM PDT,,Charge,,Pro Subscription (WF Solver),com.deepinkcode.wordfeudsolver,Subscription,prosub,,DK,,3320,DKK,15.20,1.000000,DKK,15.20,prosubmonth,,4994183596643847628,Yes,,,,
GPA.3330-6616-1009-75919..7,"Mar 27, 2026",9:09:12 AM PDT,,Google fee,,Pro Subscription (WF Solver),com.deepinkcode.wordfeudsolver,Subscription,prosub,,DK,,3320,DKK,-2.28,1.000000,DKK,-2.28,prosubmonth,,4994183596643847628,Yes,15,SUBSCRIPTIONS,,
GPA.3370-1622-9338-48146..16,"Mar 27, 2026",9:14:09 AM PDT,,Charge,,Pro Subscription (WF Solver),com.deepinkcode.wordfeudsolver,Subscription,prosub,,NL,,6596 AB,EUR,1.98,7.472100,DKK,14.79,prosubmonth,,4994183596643847628,Yes,,,,
GPA.3370-1622-9338-48146..16,"Mar 27, 2026",9:14:09 AM PDT,,Google fee,,Pro Subscription (WF Solver),com.deepinkcode.wordfeudsolver,Subscription,prosub,,NL,,6596 AB,EUR,-0.30,7.472100,DKK,-2.24,prosubmonth,,4994183596643847628,Yes,15,SUBSCRIPTIONS,,
GPA.3395-0460-8913-41056,"Mar 27, 2026",10:03:38 AM PDT,,Charge,,Pro Subscription (WF Solver),com.deepinkcode.wordfeudsolver,Subscription,prosub,e1s,NO,,6008,NOK,24.00,0.666490,DKK,16.00,prosubmonth,,4994183596643847628,Yes,,,,In-app
GPA.3395-0460-8913-41056,"Mar 27, 2026",10:03:38 AM PDT,,Google fee,,Pro Subscription (WF Solver),com.deepinkcode.wordfeudsolver,Subscription,prosub,e1s,NO,,6008,NOK,-3.60,0.666490,DKK,-2.40,prosubmonth,,4994183596643847628,Yes,15,SUBSCRIPTIONS,,In-app
GPA.3340-5296-8323-21069..14,"Mar 27, 2026",10:13:34 AM PDT,,Charge,,Pro Subscription (WF Solver),com.deepinkcode.wordfeudsolver,Subscription,prosub,,NO,,1675,NOK,24.00,0.666490,DKK,16.00,prosubmonth,,4994183596643847628,Yes,,,,
GPA.3340-5296-8323-21069..14,"Mar 27, 2026",10:13:34 AM PDT,,Google fee,,Pro Subscription (WF Solver),com.deepinkcode.wordfeudsolver,Subscription,prosub,,NO,,1675,NOK,-3.60,0.666490,DKK,-2.40,prosubmonth,,4994183596643847628,Yes,15,SUBSCRIPTIONS,,
GPA.3339-1629-3851-59272..13,"Mar 27, 2026",11:29:08 AM PDT,,Charge,,Pro Subscription (WF Solver),com.deepinkcode.wordfeudsolver,Subscription,prosub,,SE,,21370,SEK,23.20,0.685740,DKK,15.91,prosubmonth,,4994183596643847628,Yes,,,,
GPA.3339-1629-3851-59272..13,"Mar 27, 2026",11:29:08 AM PDT,,Google fee,,Pro Subscription (WF Solver),com.deepinkcode.wordfeudsolver,Subscription,prosub,,SE,,21370,SEK,-3.48,0.685740,DKK,-2.39,prosubmonth,,4994183596643847628,Yes,15,SUBSCRIPTIONS,,
GPA.3311-2085-8687-75301..13,"Mar 27, 2026",11:33:06 AM PDT,,Charge,,Pro Subscription (WF Solver),com.deepinkcode.wordfeudsolver,Subscription,prosub,,NL,,6671GX,EUR,1.98,7.472600,DKK,14.80,prosubmonth,,4994183596643847628,Yes,,,,
GPA.3311-2085-8687-75301..13,"Mar 27, 2026",11:33:06 AM PDT,,Google fee,,Pro Subscription (WF Solver),com.deepinkcode.wordfeudsolver,Subscription,prosub,,NL,,6671GX,EUR,-0.30,7.472600,DKK,-2.25,prosubmonth,,4994183596643847628,Yes,15,SUBSCRIPTIONS,,
GPA.3313-8764-7468-66558..1,"Mar 27, 2026",11:35:30 AM PDT,,Charge,,Pro Subscription (WF Solver),com.deepinkcode.wordfeudsolver,Subscription,prosub,,FI,,20610,EUR,1.98,7.472600,DKK,14.80,prosubmonth,,4994183596643847628,Yes,,,,
GPA.3313-8764-7468-66558..1,"Mar 27, 2026",11:35:30 AM PDT,,Google fee,,Pro Subscription (WF Solver),com.deepinkcode.wordfeudsolver,Subscription,prosub,,FI,,20610,EUR,-0.30,7.472600,DKK,-2.25,prosubmonth,,4994183596643847628,Yes,15,SUBSCRIPTIONS,,
GPA.3337-9896-4352-10987,"Mar 27, 2026",11:38:12 AM PDT,,Charge,,Pro (WF Solver),com.deepinkcode.wordfeudsolver,One-time product,pro,dm3q,SE,,96131,SEK,271.20,0.685740,DKK,185.97,legacy-base,,4994183596643847628,Yes,,,,In-app
GPA.3337-9896-4352-10987,"Mar 27, 2026",11:38:12 AM PDT,,Google fee,,Pro (WF Solver),com.deepinkcode.wordfeudsolver,One-time product,pro,dm3q,SE,,96131,SEK,-40.68,0.685740,DKK,-27.89,legacy-base,,4994183596643847628,Yes,15,,,In-app
GPA.3374-3630-1387-82723..15,"Mar 27, 2026",12:25:05 PM PDT,,Charge,,Pro Subscription (WF Solver),com.deepinkcode.wordfeudsolver,Subscription,prosub,,DK,,8600,DKK,15.20,1.000000,DKK,15.20,prosubmonth,,4994183596643847628,Yes,,,,
GPA.3374-3630-1387-82723..15,"Mar 27, 2026",12:25:05 PM PDT,,Google fee,,Pro Subscription (WF Solver),com.deepinkcode.wordfeudsolver,Subscription,prosub,,DK,,8600,DKK,-2.28,1.000000,DKK,-2.28,prosubmonth,,4994183596643847628,Yes,15,SUBSCRIPTIONS,,
GPA.3301-6256-7101-24669..8,"Mar 27, 2026",12:27:32 PM PDT,,Charge,,Pro Subscription (WF Solver),com.deepinkcode.wordfeudsolver,Subscription,prosub,,NO,,4950,NOK,24.00,0.665310,DKK,15.97,prosubmonth,,4994183596643847628,Yes,,,,
GPA.3301-6256-7101-24669..8,"Mar 27, 2026",12:27:32 PM PDT,,Google fee,,Pro Subscription (WF Solver),com.deepinkcode.wordfeudsolver,Subscription,prosub,,NO,,4950,NOK,-3.60,0.665310,DKK,-2.40,prosubmonth,,4994183596643847628,Yes,15,SUBSCRIPTIONS,,
GPA.3316-1418-0757-50117..6,"Mar 27, 2026",12:45:12 PM PDT,,Charge,,Pro Subscription (WF Solver),com.deepinkcode.wordfeudsolver,Subscription,prosub,,NL,,7623 HH,EUR,1.98,7.472600,DKK,14.80,prosubmonth,,4994183596643847628,Yes,,,,
GPA.3316-1418-0757-50117..6,"Mar 27, 2026",12:45:12 PM PDT,,Google fee,,Pro Subscription (WF Solver),com.deepinkcode.wordfeudsolver,Subscription,prosub,,NL,,7623 HH,EUR,-0.30,7.472600,DKK,-2.25,prosubmonth,,4994183596643847628,Yes,15,SUBSCRIPTIONS,,
GPA.3385-1649-4395-95474..2,"Mar 27, 2026",1:13:06 PM PDT,,Charge,,Pro Subscription (WF Solver),com.deepinkcode.wordfeudsolver,Subscription,prosub,,SE,,68694,SEK,22.40,0.685260,DKK,15.35,prosubmonth,,4994183596643847628,Yes,,,,
GPA.3385-1649-4395-95474..2,"Mar 27, 2026",1:13:06 PM PDT,,Google fee,,Pro Subscription (WF Solver),com.deepinkcode.wordfeudsolver,Subscription,prosub,,SE,,68694,SEK,-3.36,0.685260,DKK,-2.30,prosubmonth,,4994183596643847628,Yes,15,SUBSCRIPTIONS,,
GPA.3351-0497-9857-73012..1,"Mar 27, 2026",1:32:21 PM PDT,,Charge,,Pro Subscription (WF Solver),com.deepinkcode.wordfeudsolver,Subscription,prosub,,NL,,8935GC,EUR,1.98,7.472600,DKK,14.80,prosubmonth,,4994183596643847628,Yes,,,,
GPA.3351-0497-9857-73012..1,"Mar 27, 2026",1:32:21 PM PDT,,Google fee,,Pro Subscription (WF Solver),com.deepinkcode.wordfeudsolver,Subscription,prosub,,NL,,8935GC,EUR,-0.30,7.472600,DKK,-2.25,prosubmonth,,4994183596643847628,Yes,15,SUBSCRIPTIONS,,
GPA.3333-8521-7214-86579..15,"Mar 27, 2026",2:06:15 PM PDT,,Charge,,Pro Subscription (WF Solver),com.deepinkcode.wordfeudsolver,Subscription,prosub,,DK,,7200,DKK,15.20,1.000000,DKK,15.20,prosubmonth,,4994183596643847628,Yes,,,,
GPA.3333-8521-7214-86579..15,"Mar 27, 2026",2:06:15 PM PDT,,Google fee,,Pro Subscription (WF Solver),com.deepinkcode.wordfeudsolver,Subscription,prosub,,DK,,7200,DKK,-2.28,1.000000,DKK,-2.28,prosubmonth,,4994183596643847628,Yes,15,SUBSCRIPTIONS,,
GPA.3376-2437-5956-78281..0,"Mar 27, 2026",2:43:00 PM PDT,,Charge,,Pro Subscription (Words With Friends Solver),com.deepinkcode.wordswithfriendssolver,Subscription,prosub,,US,IL,61054,USD,2.49,6.487400,DKK,16.15,prosub,,4994183596643847628,Yes,,,,
GPA.3376-2437-5956-78281..0,"Mar 27, 2026",2:43:00 PM PDT,,Google fee,,Pro Subscription (Words With Friends Solver),com.deepinkcode.wordswithfriendssolver,Subscription,prosub,,US,IL,61054,USD,-0.37,6.487400,DKK,-2.40,prosub,,4994183596643847628,Yes,15,SUBSCRIPTIONS,,
GPA.3319-1382-9945-53898,"Mar 27, 2026",3:17:27 PM PDT,,Charge,,Pro Subscription (Words With Friends Solver),com.deepinkcode.wordswithfriendssolver,Subscription,prosub,OP5AE1L1,AU,QLD,4879,AUD,3.63,4.463300,DKK,16.20,prosub,,4994183596643847628,Yes,,,,In-app
GPA.3319-1382-9945-53898,"Mar 27, 2026",3:17:27 PM PDT,,Google fee,,Pro Subscription (Words With Friends Solver),com.deepinkcode.wordswithfriendssolver,Subscription,prosub,OP5AE1L1,AU,QLD,4879,AUD,-0.54,4.463300,DKK,-2.41,prosub,,4994183596643847628,Yes,15,SUBSCRIPTIONS,,In-app
GPA.3338-4245-5296-30076..10,"Mar 27, 2026",3:32:51 PM PDT,,Charge,,Pro Subscription (Words With Friends Solver),com.deepinkcode.wordswithfriendssolver,Subscription,prosub,,US,LA,70737,USD,1.99,6.492800,DKK,12.92,prosub,,4994183596643847628,Yes,,,,
GPA.3338-4245-5296-30076..10,"Mar 27, 2026",3:32:51 PM PDT,,Google fee,,Pro Subscription (Words With Friends Solver),com.deepinkcode.wordswithfriendssolver,Subscription,prosub,,US,LA,70737,USD,-0.30,6.492800,DKK,-1.95,prosub,,4994183596643847628,Yes,15,SUBSCRIPTIONS,,
GPA.3356-1393-8629-83054..4,"Mar 27, 2026",3:56:02 PM PDT,,Charge,,Pro Subscription (Words With Friends Solver),com.deepinkcode.wordswithfriendssolver,Subscription,prosub,,GB,,Rg74de,GBP,1.74,8.608900,DKK,14.98,prosub,,4994183596643847628,Yes,,,,
GPA.3356-1393-8629-83054..4,"Mar 27, 2026",3:56:02 PM PDT,,Google fee,,Pro Subscription (Words With Friends Solver),com.deepinkcode.wordswithfriendssolver,Subscription,prosub,,GB,,Rg74de,GBP,-0.26,8.608900,DKK,-2.24,prosub,,4994183596643847628,Yes,15,SUBSCRIPTIONS,,
GPA.3338-1501-6082-51805..6,"Mar 27, 2026",4:14:36 PM PDT,,Charge,,Pro Subscription (WF Solver),com.deepinkcode.wordfeudsolver,Subscription,prosub,,SE,,18495,SEK,22.40,0.685300,DKK,15.35,prosubmonth,,4994183596643847628,Yes,,,,
GPA.3338-1501-6082-51805..6,"Mar 27, 2026",4:14:36 PM PDT,,Google fee,,Pro Subscription (WF Solver),com.deepinkcode.wordfeudsolver,Subscription,prosub,,SE,,18495,SEK,-3.36,0.685300,DKK,-2.30,prosubmonth,,4994183596643847628,Yes,15,SUBSCRIPTIONS,,
GPA.3385-1561-6571-54198..9,"Mar 27, 2026",5:33:42 PM PDT,,Charge,,Pro Subscription (WF Solver),com.deepinkcode.wordfeudsolver,Subscription,prosub,,SE,,151 36,SEK,23.20,0.685300,DKK,15.90,prosubmonth,,4994183596643847628,Yes,,,,
GPA.3385-1561-6571-54198..9,"Mar 27, 2026",5:33:42 PM PDT,,Google fee,,Pro Subscription (WF Solver),com.deepinkcode.wordfeudsolver,Subscription,prosub,,SE,,151 36,SEK,-3.48,0.685300,DKK,-2.39,prosubmonth,,4994183596643847628,Yes,15,SUBSCRIPTIONS,,
GPA.3331-4085-4200-32184..4,"Mar 27, 2026",5:36:35 PM PDT,,Charge,,Pro Subscription (Words With Friends Solver),com.deepinkcode.wordswithfriendssolver,Subscription,prosub,,US,NC,28115,USD,2.49,6.492800,DKK,16.17,prosub,,4994183596643847628,Yes,,,,
GPA.3331-4085-4200-32184..4,"Mar 27, 2026",5:36:35 PM PDT,,Google fee,,Pro Subscription (Words With Friends Solver),com.deepinkcode.wordswithfriendssolver,Subscription,prosub,,US,NC,28115,USD,-0.37,6.492800,DKK,-2.40,prosub,,4994183596643847628,Yes,15,SUBSCRIPTIONS,,
GPA.3301-2200-0916-09968..3,"Mar 27, 2026",5:41:46 PM PDT,,Charge,,Pro Subscription (Words With Friends Solver),com.deepinkcode.wordswithfriendssolver,Subscription,prosub,,US,IN,47130,USD,2.49,6.492800,DKK,16.17,prosub,,4994183596643847628,Yes,,,,
GPA.3301-2200-0916-09968..3,"Mar 27, 2026",5:41:46 PM PDT,,Google fee,,Pro Subscription (Words With Friends Solver),com.deepinkcode.wordswithfriendssolver,Subscription,prosub,,US,IN,47130,USD,-0.37,6.492800,DKK,-2.40,prosub,,4994183596643847628,Yes,15,SUBSCRIPTIONS,,
GPA.3315-3028-5008-88791..1,"Mar 27, 2026",6:21:22 PM PDT,,Charge,,Pro Subscription (Scrabble GO Cheat),com.deepinkcode.scrabblegocheat,Subscription,prosub,,GB,,YO8 8FD,GBP,1.74,8.608900,DKK,14.98,prosubmonth,,4994183596643847628,Yes,,,,
GPA.3315-3028-5008-88791..1,"Mar 27, 2026",6:21:22 PM PDT,,Google fee,,Pro Subscription (Scrabble GO Cheat),com.deepinkcode.scrabblegocheat,Subscription,prosub,,GB,,YO8 8FD,GBP,-0.26,8.608900,DKK,-2.24,prosubmonth,,4994183596643847628,Yes,15,SUBSCRIPTIONS,,
GPA.3397-7993-4134-54897..0,"Mar 27, 2026",8:41:07 PM PDT,,Charge,,Pro Subscription (Words With Friends Solver),com.deepinkcode.wordswithfriendssolver,Subscription,prosub,,US,TX,76009,USD,2.49,6.492800,DKK,16.17,prosub,,4994183596643847628,Yes,,,,
GPA.3397-7993-4134-54897..0,"Mar 27, 2026",8:41:07 PM PDT,,Google fee,,Pro Subscription (Words With Friends Solver),com.deepinkcode.wordswithfriendssolver,Subscription,prosub,,US,TX,76009,USD,-0.37,6.492800,DKK,-2.40,prosub,,4994183596643847628,Yes,15,SUBSCRIPTIONS,,
GPA.3371-5367-4478-18246..5,"Mar 27, 2026",9:20:59 PM PDT,,Charge,,Pro Subscription (Scrabble GO Cheat),com.deepinkcode.scrabblegocheat,Subscription,prosub,,CA,QC,J5W 4E7,CAD,3.19,4.673300,DKK,14.91,prosubmonth,,4994183596643847628,Yes,,,,
GPA.3371-5367-4478-18246..5,"Mar 27, 2026",9:20:59 PM PDT,,Google fee,,Pro Subscription (Scrabble GO Cheat),com.deepinkcode.scrabblegocheat,Subscription,prosub,,CA,QC,J5W 4E7,CAD,-0.48,4.673300,DKK,-2.24,prosubmonth,,4994183596643847628,Yes,15,SUBSCRIPTIONS,,
GPA.3339-4988-6153-80801..8,"Mar 27, 2026",9:39:37 PM PDT,,Charge,,Pro Subscription (WF Solver),com.deepinkcode.wordfeudsolver,Subscription,prosub,,SE,,444 41,SEK,23.20,0.685300,DKK,15.90,prosubmonth,,4994183596643847628,Yes,,,,
GPA.3339-4988-6153-80801..8,"Mar 27, 2026",9:39:37 PM PDT,,Google fee,,Pro Subscription (WF Solver),com.deepinkcode.wordfeudsolver,Subscription,prosub,,SE,,444 41,SEK,-3.48,0.685300,DKK,-2.39,prosubmonth,,4994183596643847628,Yes,15,SUBSCRIPTIONS,,
GPA.3307-8835-6986-76846..9,"Mar 27, 2026",9:45:07 PM PDT,,Charge,,Pro Subscription (Words With Friends Solver),com.deepinkcode.wordswithfriendssolver,Subscription,prosub,,US,TX,78213,USD,1.99,6.492800,DKK,12.92,prosub,,4994183596643847628,Yes,,,,
GPA.3307-8835-6986-76846..9,"Mar 27, 2026",9:45:07 PM PDT,,Google fee,,Pro Subscription (Words With Friends Solver),com.deepinkcode.wordswithfriendssolver,Subscription,prosub,,US,TX,78213,USD,-0.30,6.492800,DKK,-1.95,prosub,,4994183596643847628,Yes,15,SUBSCRIPTIONS,,
GPA.3366-7841-9125-73232..0,"Mar 27, 2026",10:36:15 PM PDT,,Charge,,Pro Subscription (Words With Friends Solver),com.deepinkcode.wordswithfriendssolver,Subscription,prosub,,US,CA,94561,USD,2.49,6.492800,DKK,16.17,prosub,,4994183596643847628,Yes,,,,
GPA.3366-7841-9125-73232..0,"Mar 27, 2026",10:36:15 PM PDT,,Google fee,,Pro Subscription (Words With Friends Solver),com.deepinkcode.wordswithfriendssolver,Subscription,prosub,,US,CA,94561,USD,-0.37,6.492800,DKK,-2.40,prosub,,4994183596643847628,Yes,15,SUBSCRIPTIONS,,
GPA.3383-4717-7800-05977..10,"Mar 27, 2026",10:47:40 PM PDT,,Charge,,Pro Subscription (WF Solver),com.deepinkcode.wordfeudsolver,Subscription,prosub,,DK,,2300,DKK,15.20,1.000000,DKK,15.20,prosubmonth,,4994183596643847628,Yes,,,,
GPA.3383-4717-7800-05977..10,"Mar 27, 2026",10:47:40 PM PDT,,Google fee,,Pro Subscription (WF Solver),com.deepinkcode.wordfeudsolver,Subscription,prosub,,DK,,2300,DKK,-2.28,1.000000,DKK,-2.28,prosubmonth,,4994183596643847628,Yes,15,SUBSCRIPTIONS,,
GPA.3320-7464-3297-58749..16,"Mar 27, 2026",11:37:49 PM PDT,,Charge,,Pro Subscription (WF Solver),com.deepinkcode.wordfeudsolver,Subscription,prosub,,DK,,8800,DKK,15.20,1.000000,DKK,15.20,prosubmonth,,4994183596643847628,Yes,,,,
GPA.3320-7464-3297-58749..16,"Mar 27, 2026",11:37:49 PM PDT,,Google fee,,Pro Subscription (WF Solver),com.deepinkcode.wordfeudsolver,Subscription,prosub,,DK,,8800,DKK,-2.28,1.000000,DKK,-2.28,prosubmonth,,4994183596643847628,Yes,15,SUBSCRIPTIONS,,
GPA.3360-0157-2375-04513..16,"Mar 27, 2026",11:43:33 PM PDT,,Charge,,Pro Subscription (WF Solver),com.deepinkcode.wordfeudsolver,Subscription,prosub,,BE,,3720,EUR,1.98,7.472400,DKK,14.80,prosubmonth,,4994183596643847628,Yes,,,,
GPA.3360-0157-2375-04513..16,"Mar 27, 2026",11:43:33 PM PDT,,Google fee,,Pro Subscription (WF Solver),com.deepinkcode.wordfeudsolver,Subscription,prosub,,BE,,3720,EUR,-0.30,7.472400,DKK,-2.25,prosubmonth,,4994183596643847628,Yes,15,SUBSCRIPTIONS,,
GPA.3306-4040-7963-34321..11,"Mar 27, 2026",11:57:03 PM PDT,,Charge,,Pro Subscription (WF Solver),com.deepinkcode.wordfeudsolver,Subscription,prosub,,SE,,14892,SEK,23.20,0.685300,DKK,15.90,prosubmonth,,4994183596643847628,Yes,,,,
GPA.3306-4040-7963-34321..11,"Mar 27, 2026",11:57:03 PM PDT,,Google fee,,Pro Subscription (WF Solver),com.deepinkcode.wordfeudsolver,Subscription,prosub,,SE,,14892,SEK,-3.48,0.685300,DKK,-2.39,prosubmonth,,4994183596643847628,Yes,15,SUBSCRIPTIONS,,
GPA.3306-3952-1689-16622,"Mar 27, 2026",11:58:57 PM PDT,,Charge,,Pro Subscription (WF Solver),com.deepinkcode.wordfeudsolver,Subscription,prosub,a35x,SE,,41513,SEK,22.40,0.685300,DKK,15.35,prosubmonth,,4994183596643847628,Yes,,,,Play store
GPA.3306-3952-1689-16622,"Mar 27, 2026",11:58:57 PM PDT,,Google fee,,Pro Subscription (WF Solver),com.deepinkcode.wordfeudsolver,Subscription,prosub,a35x,SE,,41513,SEK,-3.36,0.685300,DKK,-2.30,prosubmonth,,4994183596643847628,Yes,15,SUBSCRIPTIONS,,Play store
GPA.3390-6833-4819-74410..6,"Mar 27, 2026",11:59:26 PM PDT,,Charge,,Pro Subscription (WF Solver),com.deepinkcode.wordfeudsolver,Subscription,prosub,,NL,,1185SW,EUR,1.98,7.472400,DKK,14.80,prosubmonth,,4994183596643847628,Yes,,,,
GPA.3390-6833-4819-74410..6,"Mar 27, 2026",11:59:26 PM PDT,,Google fee,,Pro Subscription (WF Solver),com.deepinkcode.wordfeudsolver,Subscription,prosub,,NL,,1185SW,EUR,-0.30,7.472400,DKK,-2.25,prosubmonth,,4994183596643847628,Yes,15,SUBSCRIPTIONS,,
GPA.3316-4321-8276-42812..13,"Mar 28, 2026",12:23:07 AM PDT,,Charge,,Pro Subscription (WF Solver),com.deepinkcode.wordfeudsolver,Subscription,prosub,,NL,,7861 AB,EUR,1.98,7.472400,DKK,14.80,prosubmonth,,4994183596643847628,Yes,,,,
GPA.3316-4321-8276-42812..13,"Mar 28, 2026",12:23:07 AM PDT,,Google fee,,Pro Subscription (WF Solver),com.deepinkcode.wordfeudsolver,Subscription,prosub,,NL,,7861 AB,EUR,-0.30,7.472400,DKK,-2.25,prosubmonth,,4994183596643847628,Yes,15,SUBSCRIPTIONS,,
GPA.3374-2681-6352-82553..2,"Mar 28, 2026",12:27:50 AM PDT,,Charge,,Pro Subscription (WF Solver),com.deepinkcode.wordfeudsolver,Subscription,prosub,,NL,,5044 SC,EUR,1.98,7.472400,DKK,14.80,prosubmonth,,4994183596643847628,Yes,,,,
GPA.3374-2681-6352-82553..2,"Mar 28, 2026",12:27:50 AM PDT,,Google fee,,Pro Subscription (WF Solver),com.deepinkcode.wordfeudsolver,Subscription,prosub,,NL,,5044 SC,EUR,-0.30,7.472400,DKK,-2.25,prosubmonth,,4994183596643847628,Yes,15,SUBSCRIPTIONS,,
GPA.3335-1240-8433-05943..7,"Mar 28, 2026",12:30:32 AM PDT,,Charge,,Pro Subscription (WF Solver),com.deepinkcode.wordfeudsolver,Subscription,prosub,,SE,,17975,SEK,22.40,0.685300,DKK,15.35,prosubmonth,,4994183596643847628,Yes,,,,
GPA.3335-1240-8433-05943..7,"Mar 28, 2026",12:30:32 AM PDT,,Google fee,,Pro Subscription (WF Solver),com.deepinkcode.wordfeudsolver,Subscription,prosub,,SE,,17975,SEK,-3.36,0.685300,DKK,-2.30,prosubmonth,,4994183596643847628,Yes,15,SUBSCRIPTIONS,,
GPA.3396-1029-8912-67703..4,"Mar 28, 2026",12:34:59 AM PDT,,Charge,,Pro Subscription (WF Solver),com.deepinkcode.wordfeudsolver,Subscription,prosub,,SE,,26391,SEK,22.40,0.685300,DKK,15.35,prosubmonth,,4994183596643847628,Yes,,,,
GPA.3396-1029-8912-67703..4,"Mar 28, 2026",12:34:59 AM PDT,,Google fee,,Pro Subscription (WF Solver),com.deepinkcode.wordfeudsolver,Subscription,prosub,,SE,,26391,SEK,-3.36,0.685300,DKK,-2.30,prosubmonth,,4994183596643847628,Yes,15,SUBSCRIPTIONS,,
GPA.3328-8083-5835-94055..17,"Mar 28, 2026",12:37:14 AM PDT,,Charge,,Pro Subscription (WF Solver),com.deepinkcode.wordfeudsolver,Subscription,prosub,,NO,,1488,NOK,23.20,0.666130,DKK,15.45,prosubmonth,,4994183596643847628,Yes,,,,
GPA.3328-8083-5835-94055..17,"Mar 28, 2026",12:37:14 AM PDT,,Google fee,,Pro Subscription (WF Solver),com.deepinkcode.wordfeudsolver,Subscription,prosub,,NO,,1488,NOK,-3.48,0.666130,DKK,-2.31,prosubmonth,,4994183596643847628,Yes,15,SUBSCRIPTIONS,,
GPA.3390-7522-8910-96653..10,"Mar 28, 2026",1:37:13 AM PDT,,Charge,,Pro Subscription (WF Solver),com.deepinkcode.wordfeudsolver,Subscription,prosub,,NL,,8194LH,EUR,1.98,7.472400,DKK,14.80,prosubmonth,,4994183596643847628,Yes,,,,
GPA.3390-7522-8910-96653..10,"Mar 28, 2026",1:37:13 AM PDT,,Google fee,,Pro Subscription (WF Solver),com.deepinkcode.wordfeudsolver,Subscription,prosub,,NL,,8194LH,EUR,-0.30,7.472400,DKK,-2.25,prosubmonth,,4994183596643847628,Yes,15,SUBSCRIPTIONS,,
GPA.3302-8419-4999-30523..2,"Mar 28, 2026",2:01:11 AM PDT,,Charge,,Pro Subscription (Words With Friends Solver),com.deepinkcode.wordswithfriendssolver,Subscription,prosub,,AU,,2024,AUD,3.63,4.463300,DKK,16.20,prosub,,4994183596643847628,Yes,,,,
GPA.3302-8419-4999-30523..2,"Mar 28, 2026",2:01:11 AM PDT,,Google fee,,Pro Subscription (Words With Friends Solver),com.deepinkcode.wordswithfriendssolver,Subscription,prosub,,AU,,2024,AUD,-0.54,4.463300,DKK,-2.41,prosub,,4994183596643847628,Yes,15,SUBSCRIPTIONS,,
GPA.3319-0813-8213-30212..6,"Mar 28, 2026",2:19:26 AM PDT,,Charge,,Pro Subscription (Scrabble GO Cheat),com.deepinkcode.scrabblegocheat,Subscription,prosub,,GB,,NR3 4JP,GBP,1.74,8.608900,DKK,14.98,prosubmonth,,4994183596643847628,Yes,,,,
GPA.3319-0813-8213-30212..6,"Mar 28, 2026",2:19:26 AM PDT,,Google fee,,Pro Subscription (Scrabble GO Cheat),com.deepinkcode.scrabblegocheat,Subscription,prosub,,GB,,NR3 4JP,GBP,-0.26,8.608900,DKK,-2.24,prosubmonth,,4994183596643847628,Yes,15,SUBSCRIPTIONS,,
GPA.3307-9352-5401-47698..7,"Mar 28, 2026",2:50:12 AM PDT,,Charge,,Pro Subscription (WF Solver),com.deepinkcode.wordfeudsolver,Subscription,prosub,,NL,,2291nj,EUR,1.98,7.472400,DKK,14.80,prosubmonth,,4994183596643847628,Yes,,,,
GPA.3307-9352-5401-47698..7,"Mar 28, 2026",2:50:12 AM PDT,,Google fee,,Pro Subscription (WF Solver),com.deepinkcode.wordfeudsolver,Subscription,prosub,,NL,,2291nj,EUR,-0.30,7.472400,DKK,-2.25,prosubmonth,,4994183596643847628,Yes,15,SUBSCRIPTIONS,,
GPA.3386-0512-2555-48427..16,"Mar 28, 2026",2:56:03 AM PDT,,Charge,,Pro Subscription (WF Solver),com.deepinkcode.wordfeudsolver,Subscription,prosub,,SE,,89141,SEK,23.20,0.685300,DKK,15.90,prosubmonth,,4994183596643847628,Yes,,,,
GPA.3386-0512-2555-48427..16,"Mar 28, 2026",2:56:03 AM PDT,,Google fee,,Pro Subscription (WF Solver),com.deepinkcode.wordfeudsolver,Subscription,prosub,,SE,,89141,SEK,-3.48,0.685300,DKK,-2.39,prosubmonth,,4994183596643847628,Yes,15,SUBSCRIPTIONS,,
GPA.3308-8312-0544-66425,"Mar 28, 2026",3:04:31 AM PDT,,Charge,,Pro Subscription (WF Solver),com.deepinkcode.wordfeudsolver,Subscription,prosub,g0s,NO,,8616,NOK,24.00,0.666130,DKK,15.99,prosubmonth,,4994183596643847628,Yes,,,,In-app
GPA.3308-8312-0544-66425,"Mar 28, 2026",3:04:31 AM PDT,,Google fee,,Pro Subscription (WF Solver),com.deepinkcode.wordfeudsolver,Subscription,prosub,g0s,NO,,8616,NOK,-3.60,0.666130,DKK,-2.40,prosubmonth,,4994183596643847628,Yes,15,SUBSCRIPTIONS,,In-app
GPA.3391-3620-5876-08466..8,"Mar 28, 2026",3:13:37 AM PDT,,Charge,,Pro Subscription (WF Solver),com.deepinkcode.wordfeudsolver,Subscription,prosub,,SE,,76160,SEK,23.20,0.685300,DKK,15.90,prosubmonth,,4994183596643847628,Yes,,,,
GPA.3391-3620-5876-08466..8,"Mar 28, 2026",3:13:37 AM PDT,,Google fee,,Pro Subscription (WF Solver),com.deepinkcode.wordfeudsolver,Subscription,prosub,,SE,,76160,SEK,-3.48,0.685300,DKK,-2.39,prosubmonth,,4994183596643847628,Yes,15,SUBSCRIPTIONS,,
GPA.3387-9113-2302-63344..13,"Mar 28, 2026",3:50:19 AM PDT,,Charge,,Pro Subscription (WF Solver),com.deepinkcode.wordfeudsolver,Subscription,prosub,,NL,,9883 PR,EUR,1.98,7.472400,DKK,14.80,prosubmonth,,4994183596643847628,Yes,,,,
GPA.3387-9113-2302-63344..13,"Mar 28, 2026",3:50:19 AM PDT,,Google fee,,Pro Subscription (WF Solver),com.deepinkcode.wordfeudsolver,Subscription,prosub,,NL,,9883 PR,EUR,-0.30,7.472400,DKK,-2.25,prosubmonth,,4994183596643847628,Yes,15,SUBSCRIPTIONS,,
GPA.3337-7038-6560-21485..1,"Mar 28, 2026",3:56:11 AM PDT,,Charge,,Pro Subscription (WF Solver),com.deepinkcode.wordfeudsolver,Subscription,prosub,,NO,,4825,NOK,24.00,0.666130,DKK,15.99,prosubmonth,,4994183596643847628,Yes,,,,
GPA.3337-7038-6560-21485..1,"Mar 28, 2026",3:56:11 AM PDT,,Google fee,,Pro Subscription (WF Solver),com.deepinkcode.wordfeudsolver,Subscription,prosub,,NO,,4825,NOK,-3.60,0.666130,DKK,-2.40,prosubmonth,,4994183596643847628,Yes,15,SUBSCRIPTIONS,,
GPA.3329-2804-3691-39887..5,"Mar 28, 2026",4:29:50 AM PDT,,Charge,,Pro Subscription (WF Solver),com.deepinkcode.wordfeudsolver,Subscription,prosub,,NO,,2013,NOK,24.00,0.666130,DKK,15.99,prosubmonth,,4994183596643847628,Yes,,,,
GPA.3329-2804-3691-39887..5,"Mar 28, 2026",4:29:50 AM PDT,,Google fee,,Pro Subscription (WF Solver),com.deepinkcode.wordfeudsolver,Subscription,prosub,,NO,,2013,NOK,-3.60,0.666130,DKK,-2.40,prosubmonth,,4994183596643847628,Yes,15,SUBSCRIPTIONS,,
GPA.3365-5414-6919-25368..9,"Mar 28, 2026",4:30:20 AM PDT,,Charge,,Pro Subscription (WF Solver),com.deepinkcode.wordfeudsolver,Subscription,prosub,,DK,,2670,DKK,15.20,1.000000,DKK,15.20,prosubmonth,,4994183596643847628,Yes,,,,
GPA.3365-5414-6919-25368..9,"Mar 28, 2026",4:30:20 AM PDT,,Google fee,,Pro Subscription (WF Solver),com.deepinkcode.wordfeudsolver,Subscription,prosub,,DK,,2670,DKK,-2.28,1.000000,DKK,-2.28,prosubmonth,,4994183596643847628,Yes,15,SUBSCRIPTIONS,,
GPA.3388-5513-1505-61004..16,"Mar 28, 2026",4:34:21 AM PDT,,Charge,,Pro Subscription (WF Solver),com.deepinkcode.wordfeudsolver,Subscription,prosub,,NL,,2151 LA,EUR,1.98,7.472400,DKK,14.80,prosubmonth,,4994183596643847628,Yes,,,,
GPA.3388-5513-1505-61004..16,"Mar 28, 2026",4:34:21 AM PDT,,Google fee,,Pro Subscription (WF Solver),com.deepinkcode.wordfeudsolver,Subscription,prosub,,NL,,2151 LA,EUR,-0.30,7.472400,DKK,-2.25,prosubmonth,,4994183596643847628,Yes,15,SUBSCRIPTIONS,,
GPA.3372-3373-2319-76182..6,"Mar 28, 2026",5:04:14 AM PDT,,Charge,,Pro Subscription (WF Solver),com.deepinkcode.wordfeudsolver,Subscription,prosub,,NL,,7631 AR,EUR,1.98,7.472400,DKK,14.80,prosubmonth,,4994183596643847628,Yes,,,,
GPA.3372-3373-2319-76182..6,"Mar 28, 2026",5:04:14 AM PDT,,Google fee,,Pro Subscription (WF Solver),com.deepinkcode.wordfeudsolver,Subscription,prosub,,NL,,7631 AR,EUR,-0.30,7.472400,DKK,-2.25,prosubmonth,,4994183596643847628,Yes,15,SUBSCRIPTIONS,,
GPA.3300-3033-4907-96538..9,"Mar 28, 2026",5:08:11 AM PDT,,Charge,,Pro Subscription (WF Solver),com.deepinkcode.wordfeudsolver,Subscription,prosub,,NL,,2265 BS,EUR,1.98,7.472400,DKK,14.80,prosubmonth,,4994183596643847628,Yes,,,,
GPA.3300-3033-4907-96538..9,"Mar 28, 2026",5:08:11 AM PDT,,Google fee,,Pro Subscription (WF Solver),com.deepinkcode.wordfeudsolver,Subscription,prosub,,NL,,2265 BS,EUR,-0.30,7.472400,DKK,-2.25,prosubmonth,,4994183596643847628,Yes,15,SUBSCRIPTIONS,,
GPA.3365-6308-8752-26355..0,"Mar 28, 2026",5:08:13 AM PDT,,Charge,,Pro Subscription (Words With Friends Solver),com.deepinkcode.wordswithfriendssolver,Subscription,prosub,,US,MI,48224,USD,2.49,6.492800,DKK,16.17,prosub,,4994183596643847628,Yes,,,,
GPA.3365-6308-8752-26355..0,"Mar 28, 2026",5:08:13 AM PDT,,Google fee,,Pro Subscription (Words With Friends Solver),com.deepinkcode.wordswithfriendssolver,Subscription,prosub,,US,MI,48224,USD,-0.37,6.492800,DKK,-2.40,prosub,,4994183596643847628,Yes,15,SUBSCRIPTIONS,,
GPA.3368-9839-8837-54111..3,"Mar 28, 2026",5:51:18 AM PDT,,Charge,,Pro Subscription (WF Solver),com.deepinkcode.wordfeudsolver,Subscription,prosub,,NO,,1765,NOK,24.00,0.666130,DKK,15.99,prosubmonth,,4994183596643847628,Yes,,,,
GPA.3368-9839-8837-54111..3,"Mar 28, 2026",5:51:18 AM PDT,,Google fee,,Pro Subscription (WF Solver),com.deepinkcode.wordfeudsolver,Subscription,prosub,,NO,,1765,NOK,-3.60,0.666130,DKK,-2.40,prosubmonth,,4994183596643847628,Yes,15,SUBSCRIPTIONS,,
GPA.3362-2046-9107-22704..8,"Mar 28, 2026",6:05:06 AM PDT,,Charge,,Pro Subscription (WF Solver),com.deepinkcode.wordfeudsolver,Subscription,prosub,,DK,,6040,DKK,15.20,1.000000,DKK,15.20,prosubmonth,,4994183596643847628,Yes,,,,
GPA.3362-2046-9107-22704..8,"Mar 28, 2026",6:05:06 AM PDT,,Google fee,,Pro Subscription (WF Solver),com.deepinkcode.wordfeudsolver,Subscription,prosub,,DK,,6040,DKK,-2.28,1.000000,DKK,-2.28,prosubmonth,,4994183596643847628,Yes,15,SUBSCRIPTIONS,,
GPA.3360-5522-2475-80239..13,"Mar 28, 2026",6:05:47 AM PDT,,Charge,,Pro Subscription (WF Solver),com.deepinkcode.wordfeudsolver,Subscription,prosub,,NL,,7881XE,EUR,1.98,7.472400,DKK,14.80,prosubmonth,,4994183596643847628,Yes,,,,
GPA.3360-5522-2475-80239..13,"Mar 28, 2026",6:05:47 AM PDT,,Google fee,,Pro Subscription (WF Solver),com.deepinkcode.wordfeudsolver,Subscription,prosub,,NL,,7881XE,EUR,-0.30,7.472400,DKK,-2.25,prosubmonth,,4994183596643847628,Yes,15,SUBSCRIPTIONS,,
GPA.3385-0955-3957-96211..15,"Mar 28, 2026",6:27:56 AM PDT,,Charge,,Pro Subscription (WF Solver),com.deepinkcode.wordfeudsolver,Subscription,prosub,,NL,,5211 XK,EUR,1.98,7.472400,DKK,14.80,prosubmonth,,4994183596643847628,Yes,,,,
GPA.3385-0955-3957-96211..15,"Mar 28, 2026",6:27:56 AM PDT,,Google fee,,Pro Subscription (WF Solver),com.deepinkcode.wordfeudsolver,Subscription,prosub,,NL,,5211 XK,EUR,-0.30,7.472400,DKK,-2.25,prosubmonth,,4994183596643847628,Yes,15,SUBSCRIPTIONS,,
GPA.3355-4574-3380-48690,"Mar 28, 2026",6:31:53 AM PDT,,Charge,,Pro Subscription (WF Solver),com.deepinkcode.wordfeudsolver,Subscription,prosub,dm3q,US,MD,21207,USD,2.49,6.492800,DKK,16.17,prosubmonth,,4994183596643847628,Yes,,,,In-app
GPA.3355-4574-3380-48690,"Mar 28, 2026",6:31:53 AM PDT,,Google fee,,Pro Subscription (WF Solver),com.deepinkcode.wordfeudsolver,Subscription,prosub,dm3q,US,MD,21207,USD,-0.37,6.492800,DKK,-2.40,prosubmonth,,4994183596643847628,Yes,15,SUBSCRIPTIONS,,In-app
GPA.3339-1660-0722-25842..6,"Mar 28, 2026",6:54:11 AM PDT,,Charge,,Pro Subscription (WF Solver),com.deepinkcode.wordfeudsolver,Subscription,prosub,,NO,,4200,NOK,24.00,0.666130,DKK,15.99,prosubmonth,,4994183596643847628,Yes,,,,
GPA.3339-1660-0722-25842..6,"Mar 28, 2026",6:54:11 AM PDT,,Google fee,,Pro Subscription (WF Solver),com.deepinkcode.wordfeudsolver,Subscription,prosub,,NO,,4200,NOK,-3.60,0.666130,DKK,-2.40,prosubmonth,,4994183596643847628,Yes,15,SUBSCRIPTIONS,,
GPA.3390-7954-6905-53055..1,"Mar 28, 2026",7:10:35 AM PDT,,Charge,,Pro Subscription (Words With Friends Solver),com.deepinkcode.wordswithfriendssolver,Subscription,prosub,,US,PA,16101,USD,2.49,6.492800,DKK,16.17,prosub,,4994183596643847628,Yes,,,,
GPA.3390-7954-6905-53055..1,"Mar 28, 2026",7:10:35 AM PDT,,Google fee,,Pro Subscription (Words With Friends Solver),com.deepinkcode.wordswithfriendssolver,Subscription,prosub,,US,PA,16101,USD,-0.37,6.492800,DKK,-2.40,prosub,,4994183596643847628,Yes,15,SUBSCRIPTIONS,,
GPA.3344-8760-9029-49367..8,"Mar 28, 2026",7:33:39 AM PDT,,Charge,,Pro Subscription (WF Solver),com.deepinkcode.wordfeudsolver,Subscription,prosub,,NL,,7326RC,EUR,1.98,7.472400,DKK,14.80,prosubmonth,,4994183596643847628,Yes,,,,
GPA.3344-8760-9029-49367..8,"Mar 28, 2026",7:33:39 AM PDT,,Google fee,,Pro Subscription (WF Solver),com.deepinkcode.wordfeudsolver,Subscription,prosub,,NL,,7326RC,EUR,-0.30,7.472400,DKK,-2.25,prosubmonth,,4994183596643847628,Yes,15,SUBSCRIPTIONS,,
GPA.3354-5362-5099-09018..8,"Mar 28, 2026",7:57:17 AM PDT,,Charge,,Pro Subscription (WF Solver),com.deepinkcode.wordfeudsolver,Subscription,prosub,,SE,,42166,SEK,23.20,0.685300,DKK,15.90,prosubmonth,,4994183596643847628,Yes,,,,
GPA.3354-5362-5099-09018..8,"Mar 28, 2026",7:57:17 AM PDT,,Google fee,,Pro Subscription (WF Solver),com.deepinkcode.wordfeudsolver,Subscription,prosub,,SE,,42166,SEK,-3.48,0.685300,DKK,-2.39,prosubmonth,,4994183596643847628,Yes,15,SUBSCRIPTIONS,,
GPA.3344-5115-5480-74390..4,"Mar 28, 2026",7:58:38 AM PDT,,Charge,,Pro Subscription (Words With Friends Solver),com.deepinkcode.wordswithfriendssolver,Subscription,prosub,,US,LA,70754,USD,2.49,6.492800,DKK,16.17,prosub,,4994183596643847628,Yes,,,,
GPA.3344-5115-5480-74390..4,"Mar 28, 2026",7:58:38 AM PDT,,Google fee,,Pro Subscription (Words With Friends Solver),com.deepinkcode.wordswithfriendssolver,Subscription,prosub,,US,LA,70754,USD,-0.37,6.492800,DKK,-2.40,prosub,,4994183596643847628,Yes,15,SUBSCRIPTIONS,,
GPA.3367-5458-7253-28207..7,"Mar 28, 2026",8:06:53 AM PDT,,Charge,,Pro Subscription (Words With Friends Solver),com.deepinkcode.wordswithfriendssolver,Subscription,prosub,,DK,,9530,DKK,15.20,1.000000,DKK,15.20,prosub,,4994183596643847628,Yes,,,,
GPA.3367-5458-7253-28207..7,"Mar 28, 2026",8:06:53 AM PDT,,Google fee,,Pro Subscription (Words With Friends Solver),com.deepinkcode.wordswithfriendssolver,Subscription,prosub,,DK,,9530,DKK,-2.28,1.000000,DKK,-2.28,prosub,,4994183596643847628,Yes,15,SUBSCRIPTIONS,,
GPA.3390-3944-8985-71206..11,"Mar 28, 2026",8:13:14 AM PDT,,Charge,,Pro Subscription (Words With Friends Solver),com.deepinkcode.wordswithfriendssolver,Subscription,prosub,,US,MI,48192,USD,1.99,6.492800,DKK,12.92,prosub,,4994183596643847628,Yes,,,,
GPA.3390-3944-8985-71206..11,"Mar 28, 2026",8:13:14 AM PDT,,Google fee,,Pro Subscription (Words With Friends Solver),com.deepinkcode.wordswithfriendssolver,Subscription,prosub,,US,MI,48192,USD,-0.30,6.492800,DKK,-1.95,prosub,,4994183596643847628,Yes,15,SUBSCRIPTIONS,,
GPA.3323-3527-7996-61316..10,"Mar 28, 2026",8:13:19 AM PDT,,Charge,,Pro Subscription (WF Solver),com.deepinkcode.wordfeudsolver,Subscription,prosub,,DK,,4681,DKK,15.20,1.000000,DKK,15.20,prosubmonth,,4994183596643847628,Yes,,,,
GPA.3323-3527-7996-61316..10,"Mar 28, 2026",8:13:19 AM PDT,,Google fee,,Pro Subscription (WF Solver),com.deepinkcode.wordfeudsolver,Subscription,prosub,,DK,,4681,DKK,-2.28,1.000000,DKK,-2.28,prosubmonth,,4994183596643847628,Yes,15,SUBSCRIPTIONS,,
GPA.3353-5764-5433-16635..1,"Mar 28, 2026",8:29:17 AM PDT,,Charge,,Pro Subscription (WF Solver),com.deepinkcode.wordfeudsolver,Subscription,prosub,,SE,,681 91,SEK,22.40,0.685300,DKK,15.35,prosubmonth,,4994183596643847628,Yes,,,,
GPA.3353-5764-5433-16635..1,"Mar 28, 2026",8:29:17 AM PDT,,Google fee,,Pro Subscription (WF Solver),com.deepinkcode.wordfeudsolver,Subscription,prosub,,SE,,681 91,SEK,-3.36,0.685300,DKK,-2.30,prosubmonth,,4994183596643847628,Yes,15,SUBSCRIPTIONS,,
GPA.3350-0307-3537-86204..13,"Mar 28, 2026",8:41:16 AM PDT,,Charge,,Pro Subscription (WF Solver),com.deepinkcode.wordfeudsolver,Subscription,prosub,,NL,,3262RD,EUR,1.98,7.472400,DKK,14.80,prosubmonth,,4994183596643847628,Yes,,,,
GPA.3350-0307-3537-86204..13,"Mar 28, 2026",8:41:16 AM PDT,,Google fee,,Pro Subscription (WF Solver),com.deepinkcode.wordfeudsolver,Subscription,prosub,,NL,,3262RD,EUR,-0.30,7.472400,DKK,-2.25,prosubmonth,,4994183596643847628,Yes,15,SUBSCRIPTIONS,,
GPA.3317-1342-1765-39724..1,"Mar 28, 2026",9:05:04 AM PDT,,Charge,,Pro Subscription (WF Solver),com.deepinkcode.wordfeudsolver,Subscription,prosub,,SE,,59075,SEK,22.40,0.685300,DKK,15.35,prosubmonth,,4994183596643847628,Yes,,,,
GPA.3317-1342-1765-39724..1,"Mar 28, 2026",9:05:04 AM PDT,,Google fee,,Pro Subscription (WF Solver),com.deepinkcode.wordfeudsolver,Subscription,prosub,,SE,,59075,SEK,-3.36,0.685300,DKK,-2.30,prosubmonth,,4994183596643847628,Yes,15,SUBSCRIPTIONS,,
GPA.3388-0014-6778-10461..14,"Mar 28, 2026",9:09:02 AM PDT,,Charge,,Pro Subscription (WF Solver),com.deepinkcode.wordfeudsolver,Subscription,prosub,,NL,,4112NA,EUR,1.98,7.472400,DKK,14.80,prosubmonth,,4994183596643847628,Yes,,,,
GPA.3388-0014-6778-10461..14,"Mar 28, 2026",9:09:02 AM PDT,,Google fee,,Pro Subscription (WF Solver),com.deepinkcode.wordfeudsolver,Subscription,prosub,,NL,,4112NA,EUR,-0.30,7.472400,DKK,-2.25,prosubmonth,,4994183596643847628,Yes,15,SUBSCRIPTIONS,,
GPA.3391-8202-0804-30624..13,"Mar 28, 2026",9:49:28 AM PDT,,Charge,,Pro Subscription (WF Solver),com.deepinkcode.wordfeudsolver,Subscription,prosub,,NL,,3122KH,EUR,1.98,7.472400,DKK,14.80,prosubmonth,,4994183596643847628,Yes,,,,
GPA.3391-8202-0804-30624..13,"Mar 28, 2026",9:49:28 AM PDT,,Google fee,,Pro Subscription (WF Solver),com.deepinkcode.wordfeudsolver,Subscription,prosub,,NL,,3122KH,EUR,-0.30,7.472400,DKK,-2.25,prosubmonth,,4994183596643847628,Yes,15,SUBSCRIPTIONS,,
GPA.3394-8596-5517-56280..1,"Mar 28, 2026",9:52:24 AM PDT,,Charge,,Pro Subscription (Words With Friends Solver),com.deepinkcode.wordswithfriendssolver,Subscription,prosub,,US,VA,23666,USD,2.49,6.492800,DKK,16.17,prosub,,4994183596643847628,Yes,,,,
GPA.3394-8596-5517-56280..1,"Mar 28, 2026",9:52:24 AM PDT,,Google fee,,Pro Subscription (Words With Friends Solver),com.deepinkcode.wordswithfriendssolver,Subscription,prosub,,US,VA,23666,USD,-0.37,6.492800,DKK,-2.40,prosub,,4994183596643847628,Yes,15,SUBSCRIPTIONS,,
GPA.3361-2212-5396-44039,"Mar 28, 2026",9:58:22 AM PDT,,Charge,,Pro Subscription (WF Solver),com.deepinkcode.wordfeudsolver,Subscription,prosub,OP6131L1,NL,,1507xb,EUR,1.98,7.472400,DKK,14.80,prosubmonth,,4994183596643847628,Yes,,,,In-app
GPA.3361-2212-5396-44039,"Mar 28, 2026",9:58:22 AM PDT,,Google fee,,Pro Subscription (WF Solver),com.deepinkcode.wordfeudsolver,Subscription,prosub,OP6131L1,NL,,1507xb,EUR,-0.30,7.472400,DKK,-2.25,prosubmonth,,4994183596643847628,Yes,15,SUBSCRIPTIONS,,In-app
GPA.3311-7264-5539-40468..6,"Mar 28, 2026",10:04:10 AM PDT,,Charge,,Pro Subscription (WF Solver),com.deepinkcode.wordfeudsolver,Subscription,prosub,,NL,,3892 CS,EUR,1.98,7.472400,DKK,14.80,prosubmonth,,4994183596643847628,Yes,,,,
GPA.3311-7264-5539-40468..6,"Mar 28, 2026",10:04:10 AM PDT,,Google fee,,Pro Subscription (WF Solver),com.deepinkcode.wordfeudsolver,Subscription,prosub,,NL,,3892 CS,EUR,-0.30,7.472400,DKK,-2.25,prosubmonth,,4994183596643847628,Yes,15,SUBSCRIPTIONS,,
GPA.3339-4505-6499-35531..3,"Mar 28, 2026",10:51:41 AM PDT,,Charge,,Pro Subscription (WF Solver),com.deepinkcode.wordfeudsolver,Subscription,prosub,,SE,,47192,SEK,22.40,0.685300,DKK,15.35,prosubmonth,,4994183596643847628,Yes,,,,
GPA.3339-4505-6499-35531..3,"Mar 28, 2026",10:51:41 AM PDT,,Google fee,,Pro Subscription (WF Solver),com.deepinkcode.wordfeudsolver,Subscription,prosub,,SE,,47192,SEK,-3.36,0.685300,DKK,-2.30,prosubmonth,,4994183596643847628,Yes,15,SUBSCRIPTIONS,,
GPA.3345-8643-0816-69450..6,"Mar 28, 2026",11:09:10 AM PDT,,Charge,,Pro Subscription (Words With Friends Solver),com.deepinkcode.wordswithfriendssolver,Subscription,prosub,,GB,,DT49HL,GBP,1.74,8.608900,DKK,14.98,prosub,,4994183596643847628,Yes,,,,
GPA.3345-8643-0816-69450..6,"Mar 28, 2026",11:09:10 AM PDT,,Google fee,,Pro Subscription (Words With Friends Solver),com.deepinkcode.wordswithfriendssolver,Subscription,prosub,,GB,,DT49HL,GBP,-0.26,8.608900,DKK,-2.24,prosub,,4994183596643847628,Yes,15,SUBSCRIPTIONS,,
GPA.3358-9286-4908-31310..4,"Mar 28, 2026",11:13:07 AM PDT,,Charge,,Pro Subscription (WF Solver),com.deepinkcode.wordfeudsolver,Subscription,prosub,,NL,,9288 BW,EUR,1.98,7.472400,DKK,14.80,prosubmonth,,4994183596643847628,Yes,,,,
GPA.3358-9286-4908-31310..4,"Mar 28, 2026",11:13:07 AM PDT,,Google fee,,Pro Subscription (WF Solver),com.deepinkcode.wordfeudsolver,Subscription,prosub,,NL,,9288 BW,EUR,-0.30,7.472400,DKK,-2.25,prosubmonth,,4994183596643847628,Yes,15,SUBSCRIPTIONS,,
GPA.3398-5621-3719-77718,"Mar 28, 2026",11:23:06 AM PDT,,Charge,,Pro (Words With Friends Solver),com.deepinkcode.wordswithfriendssolver,One-time product,pro,pa3q,GB,,TF5 0LN,GBP,21.24,8.608900,DKK,182.85,legacy-base,,4994183596643847628,Yes,,,,In-app
GPA.3398-5621-3719-77718,"Mar 28, 2026",11:23:06 AM PDT,,Google fee,,Pro (Words With Friends Solver),com.deepinkcode.wordswithfriendssolver,One-time product,pro,pa3q,GB,,TF5 0LN,GBP,-3.19,8.608900,DKK,-27.46,legacy-base,,4994183596643847628,Yes,15,,,In-app
GPA.3396-5960-4345-27368..15,"Mar 28, 2026",11:27:23 AM PDT,,Charge,,Pro Subscription (WF Solver),com.deepinkcode.wordfeudsolver,Subscription,prosub,,DK,,4230,DKK,15.20,1.000000,DKK,15.20,prosubmonth,,4994183596643847628,Yes,,,,
GPA.3396-5960-4345-27368..15,"Mar 28, 2026",11:27:23 AM PDT,,Google fee,,Pro Subscription (WF Solver),com.deepinkcode.wordfeudsolver,Subscription,prosub,,DK,,4230,DKK,-2.28,1.000000,DKK,-2.28,prosubmonth,,4994183596643847628,Yes,15,SUBSCRIPTIONS,,
GPA.3352-2652-0872-31260..1,"Mar 28, 2026",11:31:47 AM PDT,,Charge,,Pro Subscription (WF Solver),com.deepinkcode.wordfeudsolver,Subscription,prosub,,DK,,2770,DKK,15.20,1.000000,DKK,15.20,prosubmonth,,4994183596643847628,Yes,,,,
GPA.3352-2652-0872-31260..1,"Mar 28, 2026",11:31:47 AM PDT,,Google fee,,Pro Subscription (WF Solver),com.deepinkcode.wordfeudsolver,Subscription,prosub,,DK,,2770,DKK,-2.28,1.000000,DKK,-2.28,prosubmonth,,4994183596643847628,Yes,15,SUBSCRIPTIONS,,
GPA.3368-2736-2367-33085..0,"Mar 28, 2026",12:02:41 PM PDT,,Charge,,Pro Subscription (WF Solver),com.deepinkcode.wordfeudsolver,Subscription,prosub,,NL,,4931RB,EUR,1.98,7.472400,DKK,14.80,prosubmonth,,4994183596643847628,Yes,,,,
GPA.3368-2736-2367-33085..0,"Mar 28, 2026",12:02:41 PM PDT,,Google fee,,Pro Subscription (WF Solver),com.deepinkcode.wordfeudsolver,Subscription,prosub,,NL,,4931RB,EUR,-0.30,7.472400,DKK,-2.25,prosubmonth,,4994183596643847628,Yes,15,SUBSCRIPTIONS,,
GPA.3325-5310-5549-06512..10,"Mar 28, 2026",12:10:36 PM PDT,,Charge,,Pro Subscription (Words With Friends Solver),com.deepinkcode.wordswithfriendssolver,Subscription,prosub,,US,MN,55423,USD,1.99,6.492800,DKK,12.92,prosub,,4994183596643847628,Yes,,,,
GPA.3325-5310-5549-06512..10,"Mar 28, 2026",12:10:36 PM PDT,,Google fee,,Pro Subscription (Words With Friends Solver),com.deepinkcode.wordswithfriendssolver,Subscription,prosub,,US,MN,55423,USD,-0.30,6.492800,DKK,-1.95,prosub,,4994183596643847628,Yes,15,SUBSCRIPTIONS,,
GPA.3337-4408-5475-37532..6,"Mar 28, 2026",12:13:35 PM PDT,,Charge,,Pro Subscription (Scrabble GO Cheat),com.deepinkcode.scrabblegocheat,Subscription,prosub,,US,TN,37604,USD,2.49,6.492800,DKK,16.17,prosubmonth,,4994183596643847628,Yes,,,,
GPA.3337-4408-5475-37532..6,"Mar 28, 2026",12:13:35 PM PDT,,Google fee,,Pro Subscription (Scrabble GO Cheat),com.deepinkcode.scrabblegocheat,Subscription,prosub,,US,TN,37604,USD,-0.37,6.492800,DKK,-2.40,prosubmonth,,4994183596643847628,Yes,15,SUBSCRIPTIONS,,
GPA.3397-6479-4182-29791,"Mar 28, 2026",12:18:05 PM PDT,,Charge,,Pro Subscription (Words With Friends Solver),com.deepinkcode.wordswithfriendssolver,Subscription,prosub,a16x,CA,QC,H7M 5Z4,CAD,3.19,4.673300,DKK,14.91,prosub,,4994183596643847628,Yes,,,,In-app
GPA.3397-6479-4182-29791,"Mar 28, 2026",12:18:05 PM PDT,,Google fee,,Pro Subscription (Words With Friends Solver),com.deepinkcode.wordswithfriendssolver,Subscription,prosub,a16x,CA,QC,H7M 5Z4,CAD,-0.48,4.673300,DKK,-2.24,prosub,,4994183596643847628,Yes,15,SUBSCRIPTIONS,,In-app
GPA.3315-2453-0220-16870..4,"Mar 28, 2026",12:22:42 PM PDT,,Charge,,Pro Subscription (WF Solver),com.deepinkcode.wordfeudsolver,Subscription,prosub,,SE,,96131,SEK,22.40,0.685300,DKK,15.35,prosubmonth,,4994183596643847628,Yes,,,,
GPA.3315-2453-0220-16870..4,"Mar 28, 2026",12:22:42 PM PDT,,Google fee,,Pro Subscription (WF Solver),com.deepinkcode.wordfeudsolver,Subscription,prosub,,SE,,96131,SEK,-3.36,0.685300,DKK,-2.30,prosubmonth,,4994183596643847628,Yes,15,SUBSCRIPTIONS,,
GPA.3358-8932-8035-61337..10,"Mar 28, 2026",12:39:46 PM PDT,,Charge,,Pro Subscription (WF Solver),com.deepinkcode.wordfeudsolver,Subscription,prosub,,SE,,41482,SEK,23.20,0.685300,DKK,15.90,prosubmonth,,4994183596643847628,Yes,,,,
GPA.3358-8932-8035-61337..10,"Mar 28, 2026",12:39:46 PM PDT,,Google fee,,Pro Subscription (WF Solver),com.deepinkcode.wordfeudsolver,Subscription,prosub,,SE,,41482,SEK,-3.48,0.685300,DKK,-2.39,prosubmonth,,4994183596643847628,Yes,15,SUBSCRIPTIONS,,
GPA.3315-4789-9259-28224..7,"Mar 28, 2026",12:55:44 PM PDT,,Charge,,Pro Subscription (Words With Friends Solver),com.deepinkcode.wordswithfriendssolver,Subscription,prosub,,US,CA,92376,USD,2.49,6.492800,DKK,16.17,prosub,,4994183596643847628,Yes,,,,
GPA.3315-4789-9259-28224..7,"Mar 28, 2026",12:55:44 PM PDT,,Google fee,,Pro Subscription (Words With Friends Solver),com.deepinkcode.wordswithfriendssolver,Subscription,prosub,,US,CA,92376,USD,-0.37,6.492800,DKK,-2.40,prosub,,4994183596643847628,Yes,15,SUBSCRIPTIONS,,
GPA.3312-0599-9315-57570..4,"Mar 28, 2026",12:56:34 PM PDT,,Charge,,Pro Subscription (WF Solver),com.deepinkcode.wordfeudsolver,Subscription,prosub,,NL,,1403 KC,EUR,1.98,7.472400,DKK,14.80,prosubmonth,,4994183596643847628,Yes,,,,
GPA.3312-0599-9315-57570..4,"Mar 28, 2026",12:56:34 PM PDT,,Google fee,,Pro Subscription (WF Solver),com.deepinkcode.wordfeudsolver,Subscription,prosub,,NL,,1403 KC,EUR,-0.30,7.472400,DKK,-2.25,prosubmonth,,4994183596643847628,Yes,15,SUBSCRIPTIONS,,
GPA.3341-1506-6694-66100..3,"Mar 28, 2026",1:11:46 PM PDT,,Charge,,Pro Subscription (Words With Friends Solver),com.deepinkcode.wordswithfriendssolver,Subscription,prosub,,US,SC,29403,USD,2.49,6.492800,DKK,16.17,prosub,,4994183596643847628,Yes,,,,
GPA.3341-1506-6694-66100..3,"Mar 28, 2026",1:11:46 PM PDT,,Google fee,,Pro Subscription (Words With Friends Solver),com.deepinkcode.wordswithfriendssolver,Subscription,prosub,,US,SC,29403,USD,-0.37,6.492800,DKK,-2.40,prosub,,4994183596643847628,Yes,15,SUBSCRIPTIONS,,
GPA.3379-6030-1040-10855..4,"Mar 28, 2026",1:12:39 PM PDT,,Charge,,Pro Subscription (Words With Friends Solver),com.deepinkcode.wordswithfriendssolver,Subscription,prosub,,US,NJ,07480,USD,2.49,6.492800,DKK,16.17,prosub,,4994183596643847628,Yes,,,,
GPA.3379-6030-1040-10855..4,"Mar 28, 2026",1:12:39 PM PDT,,Google fee,,Pro Subscription (Words With Friends Solver),com.deepinkcode.wordswithfriendssolver,Subscription,prosub,,US,NJ,07480,USD,-0.37,6.492800,DKK,-2.40,prosub,,4994183596643847628,Yes,15,SUBSCRIPTIONS,,
GPA.3384-8238-6657-52339..2,"Mar 28, 2026",1:12:53 PM PDT,,Charge,,Pro Subscription (WF Solver),com.deepinkcode.wordfeudsolver,Subscription,prosub,,DK,,6580,DKK,15.20,1.000000,DKK,15.20,prosubmonth,,4994183596643847628,Yes,,,,
GPA.3384-8238-6657-52339..2,"Mar 28, 2026",1:12:53 PM PDT,,Google fee,,Pro Subscription (WF Solver),com.deepinkcode.wordfeudsolver,Subscription,prosub,,DK,,6580,DKK,-2.28,1.000000,DKK,-2.28,prosubmonth,,4994183596643847628,Yes,15,SUBSCRIPTIONS,,
GPA.3353-4611-5512-84260..2,"Mar 28, 2026",1:32:36 PM PDT,,Charge,,Pro Subscription (WF Solver),com.deepinkcode.wordfeudsolver,Subscription,prosub,,SE,,87033,SEK,22.40,0.685300,DKK,15.35,prosubmonth,,4994183596643847628,Yes,,,,
GPA.3353-4611-5512-84260..2,"Mar 28, 2026",1:32:36 PM PDT,,Google fee,,Pro Subscription (WF Solver),com.deepinkcode.wordfeudsolver,Subscription,prosub,,SE,,87033,SEK,-3.36,0.685300,DKK,-2.30,prosubmonth,,4994183596643847628,Yes,15,SUBSCRIPTIONS,,
GPA.3377-4720-1776-43133..11,"Mar 28, 2026",1:42:20 PM PDT,,Charge,,Pro Subscription (WF Solver),com.deepinkcode.wordfeudsolver,Subscription,prosub,,NL,,6191HX,EUR,1.98,7.472400,DKK,14.80,prosubmonth,,4994183596643847628,Yes,,,,
GPA.3377-4720-1776-43133..11,"Mar 28, 2026",1:42:20 PM PDT,,Google fee,,Pro Subscription (WF Solver),com.deepinkcode.wordfeudsolver,Subscription,prosub,,NL,,6191HX,EUR,-0.30,7.472400,DKK,-2.25,prosubmonth,,4994183596643847628,Yes,15,SUBSCRIPTIONS,,
GPA.3325-6437-6428-11667,"Mar 28, 2026",1:43:57 PM PDT,,Charge,,Pro Subscription (Words With Friends Solver),com.deepinkcode.wordswithfriendssolver,Subscription,prosub,a35x,US,TX,75150,USD,2.49,6.492800,DKK,16.17,prosub,,4994183596643847628,Yes,,,,In-app
GPA.3325-6437-6428-11667,"Mar 28, 2026",1:43:57 PM PDT,,Google fee,,Pro Subscription (Words With Friends Solver),com.deepinkcode.wordswithfriendssolver,Subscription,prosub,a35x,US,TX,75150,USD,-0.37,6.492800,DKK,-2.40,prosub,,4994183596643847628,Yes,15,SUBSCRIPTIONS,,In-app
GPA.3305-7542-8886-39196..2,"Mar 28, 2026",1:54:11 PM PDT,,Charge,,Pro Subscription (Words With Friends Solver),com.deepinkcode.wordswithfriendssolver,Subscription,prosub,,US,FL,33065,USD,2.49,6.492800,DKK,16.17,prosub,,4994183596643847628,Yes,,,,
GPA.3305-7542-8886-39196..2,"Mar 28, 2026",1:54:11 PM PDT,,Google fee,,Pro Subscription (Words With Friends Solver),com.deepinkcode.wordswithfriendssolver,Subscription,prosub,,US,FL,33065,USD,-0.37,6.492800,DKK,-2.40,prosub,,4994183596643847628,Yes,15,SUBSCRIPTIONS,,
GPA.3345-3282-2085-49878..2,"Mar 28, 2026",2:18:37 PM PDT,,Charge,,Pro Subscription (Words With Friends Solver),com.deepinkcode.wordswithfriendssolver,Subscription,prosub,,CA,ON,N1T 1T5,CAD,3.19,4.673300,DKK,14.91,prosub,,4994183596643847628,Yes,,,,
GPA.3345-3282-2085-49878..2,"Mar 28, 2026",2:18:37 PM PDT,,Google fee,,Pro Subscription (Words With Friends Solver),com.deepinkcode.wordswithfriendssolver,Subscription,prosub,,CA,ON,N1T 1T5,CAD,-0.48,4.673300,DKK,-2.24,prosub,,4994183596643847628,Yes,15,SUBSCRIPTIONS,,
GPA.3344-1946-9586-39659..8,"Mar 28, 2026",2:19:16 PM PDT,,Charge,,Pro Subscription (WF Solver),com.deepinkcode.wordfeudsolver,Subscription,prosub,,NL,,3825GL,EUR,1.98,7.472400,DKK,14.80,prosubmonth,,4994183596643847628,Yes,,,,
GPA.3344-1946-9586-39659..8,"Mar 28, 2026",2:19:16 PM PDT,,Google fee,,Pro Subscription (WF Solver),com.deepinkcode.wordfeudsolver,Subscription,prosub,,NL,,3825GL,EUR,-0.30,7.472400,DKK,-2.25,prosubmonth,,4994183596643847628,Yes,15,SUBSCRIPTIONS,,
GPA.3362-2220-4458-19812..4,"Mar 28, 2026",2:26:59 PM PDT,,Charge,,Pro Subscription (WF Solver),com.deepinkcode.wordfeudsolver,Subscription,prosub,,DK,,9270,DKK,15.20,1.000000,DKK,15.20,prosubmonth,,4994183596643847628,Yes,,,,
GPA.3362-2220-4458-19812..4,"Mar 28, 2026",2:26:59 PM PDT,,Google fee,,Pro Subscription (WF Solver),com.deepinkcode.wordfeudsolver,Subscription,prosub,,DK,,9270,DKK,-2.28,1.000000,DKK,-2.28,prosubmonth,,4994183596643847628,Yes,15,SUBSCRIPTIONS,,
GPA.3311-9973-9462-89250..7,"Mar 28, 2026",2:27:35 PM PDT,,Charge,,Pro Subscription (Words With Friends Solver),com.deepinkcode.wordswithfriendssolver,Subscription,prosub,,AU,VIC,3138,AUD,3.63,4.463300,DKK,16.20,prosub,,4994183596643847628,Yes,,,,
GPA.3311-9973-9462-89250..7,"Mar 28, 2026",2:27:35 PM PDT,,Google fee,,Pro Subscription (Words With Friends Solver),com.deepinkcode.wordswithfriendssolver,Subscription,prosub,,AU,VIC,3138,AUD,-0.54,4.463300,DKK,-2.41,prosub,,4994183596643847628,Yes,15,SUBSCRIPTIONS,,
GPA.3344-2870-3073-15979..0,"Mar 28, 2026",2:41:53 PM PDT,,Charge,,Pro Subscription (WF Solver),com.deepinkcode.wordfeudsolver,Subscription,prosub,,DK,,2650,DKK,15.20,1.000000,DKK,15.20,prosubmonth,,4994183596643847628,Yes,,,,
GPA.3344-2870-3073-15979..0,"Mar 28, 2026",2:41:53 PM PDT,,Google fee,,Pro Subscription (WF Solver),com.deepinkcode.wordfeudsolver,Subscription,prosub,,DK,,2650,DKK,-2.28,1.000000,DKK,-2.28,prosubmonth,,4994183596643847628,Yes,15,SUBSCRIPTIONS,,
GPA.3332-4514-0307-19015..1,"Mar 28, 2026",2:45:31 PM PDT,,Charge,,Pro Subscription (Words With Friends Solver),com.deepinkcode.wordswithfriendssolver,Subscription,prosub,,US,OH,44146,USD,2.49,6.492800,DKK,16.17,prosub,,4994183596643847628,Yes,,,,
GPA.3332-4514-0307-19015..1,"Mar 28, 2026",2:45:31 PM PDT,,Google fee,,Pro Subscription (Words With Friends Solver),com.deepinkcode.wordswithfriendssolver,Subscription,prosub,,US,OH,44146,USD,-0.37,6.492800,DKK,-2.40,prosub,,4994183596643847628,Yes,15,SUBSCRIPTIONS,,
GPA.3303-3717-5866-88596..1,"Mar 28, 2026",2:51:14 PM PDT,,Charge,,Pro Subscription (Words With Friends Solver),com.deepinkcode.wordswithfriendssolver,Subscription,prosub,,US,NE,68901,USD,2.49,6.492800,DKK,16.17,prosub,,4994183596643847628,Yes,,,,
GPA.3303-3717-5866-88596..1,"Mar 28, 2026",2:51:14 PM PDT,,Google fee,,Pro Subscription (Words With Friends Solver),com.deepinkcode.wordswithfriendssolver,Subscription,prosub,,US,NE,68901,USD,-0.37,6.492800,DKK,-2.40,prosub,,4994183596643847628,Yes,15,SUBSCRIPTIONS,,
GPA.3359-4130-9561-82652..13,"Mar 28, 2026",2:53:42 PM PDT,,Charge,,Pro Subscription (WF Solver),com.deepinkcode.wordfeudsolver,Subscription,prosub,,DK,,6650,DKK,15.20,1.000000,DKK,15.20,prosubmonth,,4994183596643847628,Yes,,,,
GPA.3359-4130-9561-82652..13,"Mar 28, 2026",2:53:42 PM PDT,,Google fee,,Pro Subscription (WF Solver),com.deepinkcode.wordfeudsolver,Subscription,prosub,,DK,,6650,DKK,-2.28,1.000000,DKK,-2.28,prosubmonth,,4994183596643847628,Yes,15,SUBSCRIPTIONS,,
GPA.3357-4760-6075-77798,"Mar 28, 2026",2:54:29 PM PDT,,Charge,,Pro Subscription (WF Solver),com.deepinkcode.wordfeudsolver,Subscription,prosub,OP5D55L1,US,TX,77082,USD,2.49,6.492800,DKK,16.17,prosubmonth,,4994183596643847628,Yes,,,,In-app
GPA.3357-4760-6075-77798,"Mar 28, 2026",2:54:29 PM PDT,,Google fee,,Pro Subscription (WF Solver),com.deepinkcode.wordfeudsolver,Subscription,prosub,OP5D55L1,US,TX,77082,USD,-0.37,6.492800,DKK,-2.40,prosubmonth,,4994183596643847628,Yes,15,SUBSCRIPTIONS,,In-app
GPA.3371-7563-1332-13221..2,"Mar 28, 2026",3:19:52 PM PDT,,Charge,,Pro Subscription (WF Solver),com.deepinkcode.wordfeudsolver,Subscription,prosub,,SE,,142 61,SEK,22.40,0.685300,DKK,15.35,prosubmonth,,4994183596643847628,Yes,,,,
GPA.3371-7563-1332-13221..2,"Mar 28, 2026",3:19:52 PM PDT,,Google fee,,Pro Subscription (WF Solver),com.deepinkcode.wordfeudsolver,Subscription,prosub,,SE,,142 61,SEK,-3.36,0.685300,DKK,-2.30,prosubmonth,,4994183596643847628,Yes,15,SUBSCRIPTIONS,,
GPA.3393-7128-3508-86172..7,"Mar 28, 2026",3:28:23 PM PDT,,Charge,,Pro Subscription (Words With Friends Solver),com.deepinkcode.wordswithfriendssolver,Subscription,prosub,,US,VA,20164,USD,2.49,6.492800,DKK,16.17,prosub,,4994183596643847628,Yes,,,,
GPA.3393-7128-3508-86172..7,"Mar 28, 2026",3:28:23 PM PDT,,Google fee,,Pro Subscription (Words With Friends Solver),com.deepinkcode.wordswithfriendssolver,Subscription,prosub,,US,VA,20164,USD,-0.37,6.492800,DKK,-2.40,prosub,,4994183596643847628,Yes,15,SUBSCRIPTIONS,,
GPA.3390-5423-1254-18859..1,"Mar 28, 2026",3:30:59 PM PDT,,Charge,,Pro Subscription (WF Solver),com.deepinkcode.wordfeudsolver,Subscription,prosub,,NO,,8624,NOK,24.00,0.666130,DKK,15.99,prosubmonth,,4994183596643847628,Yes,,,,
GPA.3390-5423-1254-18859..1,"Mar 28, 2026",3:30:59 PM PDT,,Google fee,,Pro Subscription (WF Solver),com.deepinkcode.wordfeudsolver,Subscription,prosub,,NO,,8624,NOK,-3.60,0.666130,DKK,-2.40,prosubmonth,,4994183596643847628,Yes,15,SUBSCRIPTIONS,,
GPA.3395-6999-7179-54061..2,"Mar 28, 2026",8:08:33 PM PDT,,Charge,,Pro Subscription (WF Solver),com.deepinkcode.wordfeudsolver,Subscription,prosub,,SE,,81531,SEK,22.40,0.685300,DKK,15.35,prosubmonth,,4994183596643847628,Yes,,,,
GPA.3395-6999-7179-54061..2,"Mar 28, 2026",8:08:33 PM PDT,,Google fee,,Pro Subscription (WF Solver),com.deepinkcode.wordfeudsolver,Subscription,prosub,,SE,,81531,SEK,-3.36,0.685300,DKK,-2.30,prosubmonth,,4994183596643847628,Yes,15,SUBSCRIPTIONS,,
GPA.3338-8836-8533-76399,"Mar 28, 2026",9:04:13 PM PDT,,Charge,,Pro Subscription (WF Solver),com.deepinkcode.wordfeudsolver,Subscription,prosub,r11s,NL,,1678HW,EUR,1.98,7.472400,DKK,14.80,prosubmonth,,4994183596643847628,Yes,,,,In-app
GPA.3338-8836-8533-76399,"Mar 28, 2026",9:04:13 PM PDT,,Google fee,,Pro Subscription (WF Solver),com.deepinkcode.wordfeudsolver,Subscription,prosub,r11s,NL,,1678HW,EUR,-0.30,7.472400,DKK,-2.25,prosubmonth,,4994183596643847628,Yes,15,SUBSCRIPTIONS,,In-app
GPA.3327-7808-9525-78345,"Mar 29, 2026",12:46:56 AM PDT,,Charge,,Pro (WF Solver),com.deepinkcode.wordfeudsolver,One-time product,pro,pa1q,NL,,9646 DD,EUR,23.96,7.472400,DKK,179.04,legacy-base,,4994183596643847628,Yes,,,,In-app
GPA.3327-7808-9525-78345,"Mar 29, 2026",12:46:56 AM PDT,,Google fee,,Pro (WF Solver),com.deepinkcode.wordfeudsolver,One-time product,pro,pa1q,NL,,9646 DD,EUR,-3.59,7.472400,DKK,-26.83,legacy-base,,4994183596643847628,Yes,15,,,In-app
GPA.3365-8643-1924-21650..9,"Mar 29, 2026",2:34:46 AM PDT,,Charge,,Pro Subscription (WF Solver),com.deepinkcode.wordfeudsolver,Subscription,prosub,,SE,,73141,SEK,23.20,0.685300,DKK,15.90,prosubmonth,,4994183596643847628,Yes,,,,
GPA.3365-8643-1924-21650..9,"Mar 29, 2026",2:34:46 AM PDT,,Google fee,,Pro Subscription (WF Solver),com.deepinkcode.wordfeudsolver,Subscription,prosub,,SE,,73141,SEK,-3.48,0.685300,DKK,-2.39,prosubmonth,,4994183596643847628,Yes,15,SUBSCRIPTIONS,,
GPA.3364-8874-7169-37935,"Mar 29, 2026",6:00:34 AM PDT,,Charge,,Pro Subscription (WF Solver),com.deepinkcode.wordfeudsolver,Subscription,prosub,e3q,NL,,6717RA,EUR,1.98,7.472400,DKK,14.80,prosubmonth,,4994183596643847628,Yes,,,,In-app
GPA.3364-8874-7169-37935,"Mar 29, 2026",6:00:34 AM PDT,,Google fee,,Pro Subscription (WF Solver),com.deepinkcode.wordfeudsolver,Subscription,prosub,e3q,NL,,6717RA,EUR,-0.30,7.472400,DKK,-2.25,prosubmonth,,4994183596643847628,Yes,15,SUBSCRIPTIONS,,In-app
GPA.3389-3976-4494-56004,"Mar 29, 2026",7:27:31 AM PDT,,Charge,,Pro Subscription (Words With Friends Solver),com.deepinkcode.wordswithfriendssolver,Subscription,prosub,m3q,GB,,SP10 4LE,GBP,1.74,8.608900,DKK,14.98,prosub,,4994183596643847628,Yes,,,,In-app
GPA.3389-3976-4494-56004,"Mar 29, 2026",7:27:31 AM PDT,,Google fee,,Pro Subscription (Words With Friends Solver),com.deepinkcode.wordswithfriendssolver,Subscription,prosub,m3q,GB,,SP10 4LE,GBP,-0.26,8.608900,DKK,-2.24,prosub,,4994183596643847628,Yes,15,SUBSCRIPTIONS,,In-app
GPA.3311-8469-9930-70765,"Mar 29, 2026",8:12:51 AM PDT,,Charge,,Pro (WF Solver),com.deepinkcode.wordfeudsolver,One-time product,pro,dm1q,SE,,36044,SEK,271.20,0.685300,DKK,185.85,legacy-base,,4994183596643847628,Yes,,,,In-app
GPA.3311-8469-9930-70765,"Mar 29, 2026",8:12:51 AM PDT,,Google fee,,Pro (WF Solver),com.deepinkcode.wordfeudsolver,One-time product,pro,dm1q,SE,,36044,SEK,-40.68,0.685300,DKK,-27.87,legacy-base,,4994183596643847628,Yes,15,,,In-app
GPA.3338-0825-4055-24391,"Mar 29, 2026",8:40:22 AM PDT,,Charge,,Pro Subscription (WF Solver),com.deepinkcode.wordfeudsolver,Subscription,prosub,pa1q,SE,,98133,SEK,22.40,0.685300,DKK,15.35,prosubmonth,,4994183596643847628,Yes,,,,In-app
GPA.3338-0825-4055-24391,"Mar 29, 2026",8:40:22 AM PDT,,Google fee,,Pro Subscription (WF Solver),com.deepinkcode.wordfeudsolver,Subscription,prosub,pa1q,SE,,98133,SEK,-3.36,0.685300,DKK,-2.30,prosubmonth,,4994183596643847628,Yes,15,SUBSCRIPTIONS,,In-app
GPA.3325-1371-3057-62036,"Mar 29, 2026",9:49:54 AM PDT,,Charge,,Pro Subscription (WF Solver),com.deepinkcode.wordfeudsolver,Subscription,prosub,a55x,NL,,1111AA,EUR,1.98,7.472400,DKK,14.80,prosubmonth,,4994183596643847628,Yes,,,,In-app
GPA.3325-1371-3057-62036,"Mar 29, 2026",9:49:54 AM PDT,,Google fee,,Pro Subscription (WF Solver),com.deepinkcode.wordfeudsolver,Subscription,prosub,a55x,NL,,1111AA,EUR,-0.30,7.472400,DKK,-2.25,prosubmonth,,4994183596643847628,Yes,15,SUBSCRIPTIONS,,In-app
GPA.3361-1348-8292-64390,"Mar 29, 2026",9:51:20 AM PDT,,Charge,,Pro (WF Solver),com.deepinkcode.wordfeudsolver,One-time product,pro,pa3q,NL,,1335PR,EUR,23.96,7.472400,DKK,179.04,legacy-base,,4994183596643847628,Yes,,,,In-app
GPA.3361-1348-8292-64390,"Mar 29, 2026",9:51:20 AM PDT,,Google fee,,Pro (WF Solver),com.deepinkcode.wordfeudsolver,One-time product,pro,pa3q,NL,,1335PR,EUR,-3.59,7.472400,DKK,-26.83,legacy-base,,4994183596643847628,Yes,15,,,In-app
GPA.3374-5100-1497-28313,"Mar 29, 2026",12:06:20 PM PDT,,Charge,,Pro (WF Solver),com.deepinkcode.wordfeudsolver,One-time product,pro,crownlte,SE,,11360,SEK,271.20,0.685300,DKK,185.85,legacy-base,,4994183596643847628,Yes,,,,In-app
GPA.3374-5100-1497-28313,"Mar 29, 2026",12:06:20 PM PDT,,Google fee,,Pro (WF Solver),com.deepinkcode.wordfeudsolver,One-time product,pro,crownlte,SE,,11360,SEK,-40.68,0.685300,DKK,-27.87,legacy-base,,4994183596643847628,Yes,15,,,In-app
GPA.3372-2566-5970-56455,"Mar 29, 2026",7:06:04 PM PDT,,Charge,,Pro (Scrabble GO Cheat),com.deepinkcode.scrabblegocheat,One-time product,pro,dm3q,GB,,L301RT,GBP,17.73,8.605800,DKK,152.58,legacy-base,,4994183596643847628,Yes,,,,In-app
GPA.3372-2566-5970-56455,"Mar 29, 2026",7:06:04 PM PDT,,Google fee,,Pro (Scrabble GO Cheat),com.deepinkcode.scrabblegocheat,One-time product,pro,dm3q,GB,,L301RT,GBP,-2.66,8.605800,DKK,-22.89,legacy-base,,4994183596643847628,Yes,15,,,In-app
GPA.3395-1052-5242-44017,"Mar 30, 2026",5:19:20 AM PDT,,Charge refund,Full,Pro Subscription (WF Solver),com.deepinkcode.wordfeudsolver,Subscription,prosub,e3q,NL,,8181GG,EUR,-1.98,7.472000,DKK,-14.79,prosubmonth,,4994183596643847628,Yes,,,,In-app
GPA.3395-1052-5242-44017,"Mar 30, 2026",5:19:20 AM PDT,,Google fee refund,Full,Pro Subscription (WF Solver),com.deepinkcode.wordfeudsolver,Subscription,prosub,e3q,NL,,8181GG,EUR,0.30,7.472000,DKK,2.24,prosubmonth,,4994183596643847628,Yes,15,SUBSCRIPTIONS,,In-app
GPA.3360-5033-1196-46516,"Mar 30, 2026",8:42:00 AM PDT,,Charge,,Pro Subscription (WF Solver),com.deepinkcode.wordfeudsolver,Subscription,prosub,a36xq,SE,,417 03,SEK,22.40,0.683440,DKK,15.31,prosubmonth,,4994183596643847628,Yes,,,,In-app
GPA.3360-5033-1196-46516,"Mar 30, 2026",8:42:00 AM PDT,,Google fee,,Pro Subscription (WF Solver),com.deepinkcode.wordfeudsolver,Subscription,prosub,a36xq,SE,,417 03,SEK,-3.36,0.683440,DKK,-2.30,prosubmonth,,4994183596643847628,Yes,15,SUBSCRIPTIONS,,In-app
GPA.3320-8957-4021-11713,"Mar 30, 2026",10:08:23 AM PDT,,Charge,,Pro Subscription (WF Solver),com.deepinkcode.wordfeudsolver,Subscription,prosub,tokay,NL,,1433KK,EUR,1.98,7.472200,DKK,14.79,prosubmonth,,4994183596643847628,Yes,,,,In-app
GPA.3320-8957-4021-11713,"Mar 30, 2026",10:08:23 AM PDT,,Google fee,,Pro Subscription (WF Solver),com.deepinkcode.wordfeudsolver,Subscription,prosub,tokay,NL,,1433KK,EUR,-0.30,7.472200,DKK,-2.24,prosubmonth,,4994183596643847628,Yes,15,SUBSCRIPTIONS,,In-app
GPA.3319-7239-7219-70700,"Mar 30, 2026",11:04:55 AM PDT,,Charge,,Pro Subscription (Scrabble GO Cheat),com.deepinkcode.scrabblegocheat,Subscription,prosub,e3q,GB,,SK16 4JS,GBP,1.74,8.599900,DKK,14.96,prosubmonth,,4994183596643847628,Yes,,,,In-app
GPA.3319-7239-7219-70700,"Mar 30, 2026",11:04:55 AM PDT,,Google fee,,Pro Subscription (Scrabble GO Cheat),com.deepinkcode.scrabblegocheat,Subscription,prosub,e3q,GB,,SK16 4JS,GBP,-0.26,8.599900,DKK,-2.23,prosubmonth,,4994183596643847628,Yes,15,SUBSCRIPTIONS,,In-app
GPA.3384-1039-9269-75352..7,"Mar 30, 2026",12:46:34 PM PDT,,Charge,,Pro Subscription (WF Solver),com.deepinkcode.wordfeudsolver,Subscription,prosub,,DK,,9700,DKK,15.20,1.000000,DKK,15.20,prosubmonth,,4994183596643847628,Yes,,,,
GPA.3384-1039-9269-75352..7,"Mar 30, 2026",12:46:34 PM PDT,,Google fee,,Pro Subscription (WF Solver),com.deepinkcode.wordfeudsolver,Subscription,prosub,,DK,,9700,DKK,-2.28,1.000000,DKK,-2.28,prosubmonth,,4994183596643847628,Yes,15,SUBSCRIPTIONS,,
GPA.3387-0978-2910-06425,"Mar 30, 2026",6:32:23 PM PDT,,Charge,,Pro Subscription (Scrabble GO Cheat),com.deepinkcode.scrabblegocheat,Subscription,prosub,dm3q,US,CA,92544,USD,2.49,6.521200,DKK,16.24,prosubmonth,,4994183596643847628,Yes,,,,In-app
GPA.3387-0978-2910-06425,"Mar 30, 2026",6:32:23 PM PDT,,Google fee,,Pro Subscription (Scrabble GO Cheat),com.deepinkcode.scrabblegocheat,Subscription,prosub,dm3q,US,CA,92544,USD,-0.37,6.521200,DKK,-2.41,prosubmonth,,4994183596643847628,Yes,15,SUBSCRIPTIONS,,In-app
GPA.3306-3952-1689-16622,"Mar 31, 2026",12:08:58 AM PDT,,Charge refund,Full,Pro Subscription (WF Solver),com.deepinkcode.wordfeudsolver,Subscription,prosub,a35x,SE,,41513,SEK,-22.40,0.685300,DKK,-15.35,prosubmonth,,4994183596643847628,Yes,,,,Play store
GPA.3306-3952-1689-16622,"Mar 31, 2026",12:08:58 AM PDT,,Google fee refund,Full,Pro Subscription (WF Solver),com.deepinkcode.wordfeudsolver,Subscription,prosub,a35x,SE,,41513,SEK,3.36,0.685300,DKK,2.30,prosubmonth,,4994183596643847628,Yes,15,SUBSCRIPTIONS,,Play store
GPA.3358-3023-8192-70586,"Mar 31, 2026",12:53:59 AM PDT,,Charge,,Pro Subscription (Scrabble GO Cheat),com.deepinkcode.scrabblegocheat,Subscription,prosub,a26x,GB,,,GBP,1.74,8.602500,DKK,14.97,prosubmonth,,4994183596643847628,Yes,,,,In-app
GPA.3358-3023-8192-70586,"Mar 31, 2026",12:53:59 AM PDT,,Google fee,,Pro Subscription (Scrabble GO Cheat),com.deepinkcode.scrabblegocheat,Subscription,prosub,a26x,GB,,,GBP,-0.26,8.602500,DKK,-2.24,prosubmonth,,4994183596643847628,Yes,15,SUBSCRIPTIONS,,In-app
GPA.3331-0073-7078-86136,"Mar 31, 2026",2:09:57 AM PDT,,Charge,,Pro Subscription (WF Solver),com.deepinkcode.wordfeudsolver,Subscription,prosub,r13s,NL,,3812VK,EUR,1.98,7.470900,DKK,14.79,prosubmonth,,4994183596643847628,Yes,,,,In-app
GPA.3331-0073-7078-86136,"Mar 31, 2026",2:09:57 AM PDT,,Google fee,,Pro Subscription (WF Solver),com.deepinkcode.wordfeudsolver,Subscription,prosub,r13s,NL,,3812VK,EUR,-0.30,7.470900,DKK,-2.24,prosubmonth,,4994183596643847628,Yes,15,SUBSCRIPTIONS,,In-app
GPA.3354-6069-9653-89031,"Mar 31, 2026",2:54:33 AM PDT,,Charge,,Pro Subscription (Words With Friends Solver),com.deepinkcode.wordswithfriendssolver,Subscription,prosub,Galaga,FR,,93110,EUR,1.99,7.470900,DKK,14.87,prosub,,4994183596643847628,Yes,,,,In-app
GPA.3354-6069-9653-89031,"Mar 31, 2026",2:54:33 AM PDT,,Google fee,,Pro Subscription (Words With Friends Solver),com.deepinkcode.wordswithfriendssolver,Subscription,prosub,Galaga,FR,,93110,EUR,-0.30,7.470900,DKK,-2.24,prosub,,4994183596643847628,Yes,15,SUBSCRIPTIONS,,In-app
GPA.3379-1529-2018-95752,"Mar 31, 2026",7:45:44 AM PDT,,Charge,,Pro Subscription (WF Solver),com.deepinkcode.wordfeudsolver,Subscription,prosub,pa3q,NL,,1625MC,EUR,1.98,7.471200,DKK,14.79,prosubmonth,,4994183596643847628,Yes,,,,In-app
GPA.3379-1529-2018-95752,"Mar 31, 2026",7:45:44 AM PDT,,Google fee,,Pro Subscription (WF Solver),com.deepinkcode.wordfeudsolver,Subscription,prosub,pa3q,NL,,1625MC,EUR,-0.30,7.471200,DKK,-2.24,prosubmonth,,4994183596643847628,Yes,15,SUBSCRIPTIONS,,In-app
GPA.3393-9600-1815-82610..0,"Mar 31, 2026",4:19:28 PM PDT,,Charge,,Pro Subscription (WF Solver),com.deepinkcode.wordfeudsolver,Subscription,prosub,,DK,,8544,DKK,15.20,1.000000,DKK,15.20,prosubmonth,,4994183596643847628,Yes,,,,
GPA.3393-9600-1815-82610..0,"Mar 31, 2026",4:19:28 PM PDT,,Google fee,,Pro Subscription (WF Solver),com.deepinkcode.wordfeudsolver,Subscription,prosub,,DK,,8544,DKK,-2.28,1.000000,DKK,-2.28,prosubmonth,,4994183596643847628,Yes,15,SUBSCRIPTIONS,,
GPA.3305-6079-3577-38237..7,"Mar 31, 2026",5:12:31 PM PDT,,Charge,,Pro Subscription (WF Solver),com.deepinkcode.wordfeudsolver,Subscription,prosub,,GB,,DH78NB,GBP,1.74,8.553300,DKK,14.88,prosubmonth,,4994183596643847628,Yes,,,,
GPA.3305-6079-3577-38237..7,"Mar 31, 2026",5:12:31 PM PDT,,Google fee,,Pro Subscription (WF Solver),com.deepinkcode.wordfeudsolver,Subscription,prosub,,GB,,DH78NB,GBP,-0.26,8.553300,DKK,-2.22,prosubmonth,,4994183596643847628,Yes,15,SUBSCRIPTIONS,,
GPA.3371-2546-1171-05038,"Mar 31, 2026",8:06:26 PM PDT,,Charge,,Pro Subscription (Words With Friends Solver),com.deepinkcode.wordswithfriendssolver,Subscription,prosub,pa1q,US,OR,97504,USD,2.49,6.463600,DKK,16.09,prosub,,4994183596643847628,Yes,,,,In-app
GPA.3371-2546-1171-05038,"Mar 31, 2026",8:06:26 PM PDT,,Google fee,,Pro Subscription (Words With Friends Solver),com.deepinkcode.wordswithfriendssolver,Subscription,prosub,pa1q,US,OR,97504,USD,-0.37,6.463600,DKK,-2.39,prosub,,4994183596643847628,Yes,15,SUBSCRIPTIONS,,In-app
GPA.3338-3745-2376-82491,"Mar 31, 2026",8:59:56 PM PDT,,Charge,,Pro Subscription (WF Solver),com.deepinkcode.wordfeudsolver,Subscription,prosub,pa3q,NL,,2625VH,EUR,1.98,7.472300,DKK,14.80,prosubmonth,,4994183596643847628,Yes,,,,In-app
GPA.3338-3745-2376-82491,"Mar 31, 2026",8:59:56 PM PDT,,Google fee,,Pro Subscription (WF Solver),com.deepinkcode.wordfeudsolver,Subscription,prosub,pa3q,NL,,2625VH,EUR,-0.30,7.472300,DKK,-2.25,prosubmonth,,4994183596643847628,Yes,15,SUBSCRIPTIONS,,In-app
GPA.3323-8627-3537-47718..3,"Mar 31, 2026",9:16:28 PM PDT,,Charge,,Pro Subscription (Words With Friends Solver),com.deepinkcode.wordswithfriendssolver,Subscription,prosub,,US,OH,43110,USD,2.49,6.460200,DKK,16.09,prosub,,4994183596643847628,Yes,,,,
GPA.3323-8627-3537-47718..3,"Mar 31, 2026",9:16:28 PM PDT,,Google fee,,Pro Subscription (Words With Friends Solver),com.deepinkcode.wordswithfriendssolver,Subscription,prosub,,US,OH,43110,USD,-0.37,6.460200,DKK,-2.39,prosub,,4994183596643847628,Yes,15,SUBSCRIPTIONS,,
GPA.3340-2269-5052-73481..8,"Mar 31, 2026",10:11:26 PM PDT,,Charge,,Pro Subscription (WF Solver),com.deepinkcode.wordfeudsolver,Subscription,prosub,,NL,,7943LT,EUR,1.98,7.472700,DKK,14.80,prosubmonth,,4994183596643847628,Yes,,,,
GPA.3340-2269-5052-73481..8,"Mar 31, 2026",10:11:26 PM PDT,,Google fee,,Pro Subscription (WF Solver),com.deepinkcode.wordfeudsolver,Subscription,prosub,,NL,,7943LT,EUR,-0.30,7.472700,DKK,-2.25,prosubmonth,,4994183596643847628,Yes,15,SUBSCRIPTIONS,,
GPA.3344-0248-8196-92578..10,"Mar 31, 2026",11:50:59 PM PDT,,Charge,,Pro Subscription (WF Solver),com.deepinkcode.wordfeudsolver,Subscription,prosub,,SE,,23179,SEK,23.20,0.683420,DKK,15.86,prosubmonth,,4994183596643847628,Yes,,,,
GPA.3344-0248-8196-92578..10,"Mar 31, 2026",11:50:59 PM PDT,,Google fee,,Pro Subscription (WF Solver),com.deepinkcode.wordfeudsolver,Subscription,prosub,,SE,,23179,SEK,-3.48,0.683420,DKK,-2.38,prosubmonth,,4994183596643847628,Yes,15,SUBSCRIPTIONS,,
