Description,Transaction Date,Transaction Time,Tax Type,Transaction Type,Refund Type,Product Title,Package ID,Product Type,Sku Id,Hardware,Buyer Country,Buyer State,Buyer Postal Code,Buyer Currency,Amount (Buyer Currency),Currency Conversion Rate,Merchant Currency,Amount (Merchant Currency),Base Plan or Purchase Option ID,Offer ID,Group ID,First USD 1M Eligible,Service Fee %,Fee Description,Promotion ID,Sales Channel
GPA.3390-6259-6655-09123..3,"Feb 1, 2026",12:15:28 AM PST,,Charge,,Pro Subscription (WF Solver),com.deepinkcode.wordfeudsolver,Subscription,prosub,,NL,,2981 BJ,EUR,1.98,7.469200,DKK,14.79,prosubmonth,,4994183596643847628,Yes,,,,
GPA.3390-6259-6655-09123..3,"Feb 1, 2026",12:15:28 AM PST,,Google fee,,Pro Subscription (WF Solver),com.deepinkcode.wordfeudsolver,Subscription,prosub,,NL,,2981 BJ,EUR,-0.30,7.469200,DKK,-2.24,prosubmonth,,4994183596643847628,Yes,15,SUBSCRIPTIONS,,
GPA.3318-5004-1057-48824,"Feb 1, 2026",12:34:48 AM PST,,Charge,,Pro Subscription (WF Solver),com.deepinkcode.wordfeudsolver,Subscription,prosub,a35x,NL,,8022 RR,EUR,1.98,7.469200,DKK,14.79,prosubmonth,,4994183596643847628,Yes,,,,In-app
GPA.3318-5004-1057-48824,"Feb 1, 2026",12:34:48 AM PST,,Google fee,,Pro Subscription (WF Solver),com.deepinkcode.wordfeudsolver,Subscription,prosub,a35x,NL,,8022 RR,EUR,-0.30,7.469200,DKK,-2.24,prosubmonth,,4994183596643847628,Yes,15,SUBSCRIPTIONS,,In-app
GPA.3393-3496-3819-02224..2,"Feb 1, 2026",1:15:43 AM PST,,Charge,,Pro Subscription (WF Solver),com.deepinkcode.wordfeudsolver,Subscription,prosub,,AU,TAS,7005,AUD,3.63,4.388700,DKK,15.93,prosubmonth,,4994183596643847628,Yes,,,,
GPA.3393-3496-3819-02224..2,"Feb 1, 2026",1:15:43 AM PST,,Google fee,,Pro Subscription (WF Solver),com.deepinkcode.wordfeudsolver,Subscription,prosub,,AU,TAS,7005,AUD,-0.54,4.388700,DKK,-2.37,prosubmonth,,4994183596643847628,Yes,15,SUBSCRIPTIONS,,
GPA.3394-2196-0843-78056..2,"Feb 1, 2026",1:56:07 AM PST,,Charge,,Pro Subscription (WF Solver),com.deepinkcode.wordfeudsolver,Subscription,prosub,,DK,,8581,DKK,15.20,1.000000,DKK,15.20,prosubmonth,,4994183596643847628,Yes,,,,
GPA.3394-2196-0843-78056..2,"Feb 1, 2026",1:56:07 AM PST,,Google fee,,Pro Subscription (WF Solver),com.deepinkcode.wordfeudsolver,Subscription,prosub,,DK,,8581,DKK,-2.28,1.000000,DKK,-2.28,prosubmonth,,4994183596643847628,Yes,15,SUBSCRIPTIONS,,
GPA.3360-3637-9271-97630..15,"Feb 1, 2026",2:28:18 AM PST,,Charge,,Pro Subscription (WF Solver),com.deepinkcode.wordfeudsolver,Subscription,prosub,,NL,,1214 NB,EUR,1.98,7.469200,DKK,14.79,prosubmonth,,4994183596643847628,Yes,,,,
GPA.3360-3637-9271-97630..15,"Feb 1, 2026",2:28:18 AM PST,,Google fee,,Pro Subscription (WF Solver),com.deepinkcode.wordfeudsolver,Subscription,prosub,,NL,,1214 NB,EUR,-0.30,7.469200,DKK,-2.24,prosubmonth,,4994183596643847628,Yes,15,SUBSCRIPTIONS,,
GPA.3344-5657-3205-32780..0,"Feb 1, 2026",5:51:55 AM PST,,Charge,,Pro Subscription (Words With Friends Solver),com.deepinkcode.wordswithfriendssolver,Subscription,prosub,,GB,,TR36FP,GBP,1.74,8.625900,DKK,15.01,prosub,,4994183596643847628,Yes,,,,
GPA.3344-5657-3205-32780..0,"Feb 1, 2026",5:51:55 AM PST,,Google fee,,Pro Subscription (Words With Friends Solver),com.deepinkcode.wordswithfriendssolver,Subscription,prosub,,GB,,TR36FP,GBP,-0.26,8.625900,DKK,-2.24,prosub,,4994183596643847628,Yes,15,SUBSCRIPTIONS,,
GPA.3386-4334-2081-09759..13,"Feb 1, 2026",9:49:55 AM PST,,Charge,,Pro Subscription (WF Solver),com.deepinkcode.wordfeudsolver,Subscription,prosub,,DK,,4690,DKK,15.20,1.000000,DKK,15.20,prosubmonth,,4994183596643847628,Yes,,,,
GPA.3386-4334-2081-09759..13,"Feb 1, 2026",9:49:55 AM PST,,Google fee,,Pro Subscription (WF Solver),com.deepinkcode.wordfeudsolver,Subscription,prosub,,DK,,4690,DKK,-2.28,1.000000,DKK,-2.28,prosubmonth,,4994183596643847628,Yes,15,SUBSCRIPTIONS,,
GPA.3332-7292-4297-80596..9,"Feb 1, 2026",10:28:45 AM PST,,Charge,,Pro Subscription (WF Solver),com.deepinkcode.wordfeudsolver,Subscription,prosub,,NO,,0572,NOK,24.00,0.653960,DKK,15.70,prosubmonth,,4994183596643847628,Yes,,,,
GPA.3332-7292-4297-80596..9,"Feb 1, 2026",10:28:45 AM PST,,Google fee,,Pro Subscription (WF Solver),com.deepinkcode.wordfeudsolver,Subscription,prosub,,NO,,0572,NOK,-3.60,0.653960,DKK,-2.36,prosubmonth,,4994183596643847628,Yes,15,SUBSCRIPTIONS,,
GPA.3340-4937-2120-53828..1,"Feb 1, 2026",10:29:00 AM PST,,Charge,,Pro Subscription (WF Solver),com.deepinkcode.wordfeudsolver,Subscription,prosub,,SE,,92132,SEK,22.40,0.706510,DKK,15.83,prosubmonth,,4994183596643847628,Yes,,,,
GPA.3340-4937-2120-53828..1,"Feb 1, 2026",10:29:00 AM PST,,Google fee,,Pro Subscription (WF Solver),com.deepinkcode.wordfeudsolver,Subscription,prosub,,SE,,92132,SEK,-3.36,0.706510,DKK,-2.38,prosubmonth,,4994183596643847628,Yes,15,SUBSCRIPTIONS,,
GPA.3305-3413-3566-08745..0,"Feb 1, 2026",10:42:59 AM PST,,Charge,,Pro Subscription (WF Solver),com.deepinkcode.wordfeudsolver,Subscription,prosub,,SE,,52336,SEK,22.40,0.706510,DKK,15.83,prosubmonth,,4994183596643847628,Yes,,,,
GPA.3305-3413-3566-08745..0,"Feb 1, 2026",10:42:59 AM PST,,Google fee,,Pro Subscription (WF Solver),com.deepinkcode.wordfeudsolver,Subscription,prosub,,SE,,52336,SEK,-3.36,0.706510,DKK,-2.38,prosubmonth,,4994183596643847628,Yes,15,SUBSCRIPTIONS,,
GPA.3387-8720-3306-21873..1,"Feb 1, 2026",10:43:24 AM PST,,Charge,,Pro Subscription (WF Solver),com.deepinkcode.wordfeudsolver,Subscription,prosub,,NL,,9903TA,EUR,1.98,7.469200,DKK,14.79,prosubmonth,,4994183596643847628,Yes,,,,
GPA.3387-8720-3306-21873..1,"Feb 1, 2026",10:43:24 AM PST,,Google fee,,Pro Subscription (WF Solver),com.deepinkcode.wordfeudsolver,Subscription,prosub,,NL,,9903TA,EUR,-0.30,7.469200,DKK,-2.24,prosubmonth,,4994183596643847628,Yes,15,SUBSCRIPTIONS,,
GPA.3371-9865-1757-11872..0,"Feb 1, 2026",11:50:59 AM PST,,Charge,,Pro Subscription (WF Solver),com.deepinkcode.wordfeudsolver,Subscription,prosub,,NO,,2010,NOK,24.00,0.653960,DKK,15.70,prosubmonth,,4994183596643847628,Yes,,,,
GPA.3371-9865-1757-11872..0,"Feb 1, 2026",11:50:59 AM PST,,Google fee,,Pro Subscription (WF Solver),com.deepinkcode.wordfeudsolver,Subscription,prosub,,NO,,2010,NOK,-3.60,0.653960,DKK,-2.36,prosubmonth,,4994183596643847628,Yes,15,SUBSCRIPTIONS,,
GPA.3329-0184-6816-97050..4,"Feb 1, 2026",11:54:50 AM PST,,Charge,,Pro Subscription (WF Solver),com.deepinkcode.wordfeudsolver,Subscription,prosub,,DK,,9700,DKK,15.20,1.000000,DKK,15.20,prosubmonth,,4994183596643847628,Yes,,,,
GPA.3329-0184-6816-97050..4,"Feb 1, 2026",11:54:50 AM PST,,Google fee,,Pro Subscription (WF Solver),com.deepinkcode.wordfeudsolver,Subscription,prosub,,DK,,9700,DKK,-2.28,1.000000,DKK,-2.28,prosubmonth,,4994183596643847628,Yes,15,SUBSCRIPTIONS,,
GPA.3347-2141-5861-66133,"Feb 1, 2026",12:09:21 PM PST,,Charge,,Pro Subscription (WF Solver),com.deepinkcode.wordfeudsolver,Subscription,prosub,cheetah,DK,,3400,DKK,15.20,1.000000,DKK,15.20,prosubmonth,,4994183596643847628,Yes,,,,In-app
GPA.3347-2141-5861-66133,"Feb 1, 2026",12:09:21 PM PST,,Google fee,,Pro Subscription (WF Solver),com.deepinkcode.wordfeudsolver,Subscription,prosub,cheetah,DK,,3400,DKK,-2.28,1.000000,DKK,-2.28,prosubmonth,,4994183596643847628,Yes,15,SUBSCRIPTIONS,,In-app
GPA.3356-4453-1988-91463..5,"Feb 1, 2026",4:18:15 PM PST,,Charge,,Pro Subscription (Words With Friends Solver),com.deepinkcode.wordswithfriendssolver,Subscription,prosub,,AU,QLD,4814,AUD,3.26,4.376600,DKK,14.27,prosub,,4994183596643847628,Yes,,,,
GPA.3356-4453-1988-91463..5,"Feb 1, 2026",4:18:15 PM PST,,Google fee,,Pro Subscription (Words With Friends Solver),com.deepinkcode.wordswithfriendssolver,Subscription,prosub,,AU,QLD,4814,AUD,-0.49,4.376600,DKK,-2.14,prosub,,4994183596643847628,Yes,15,SUBSCRIPTIONS,,
GPA.3395-2611-2788-08081,"Feb 1, 2026",5:18:31 PM PST,,Charge,,Pro Subscription (Words With Friends Solver),com.deepinkcode.wordswithfriendssolver,Subscription,prosub,a53x,US,FL,34221,USD,2.49,6.296800,DKK,15.68,prosub,,4994183596643847628,Yes,,,,In-app
GPA.3395-2611-2788-08081,"Feb 1, 2026",5:18:31 PM PST,,Google fee,,Pro Subscription (Words With Friends Solver),com.deepinkcode.wordswithfriendssolver,Subscription,prosub,a53x,US,FL,34221,USD,-0.37,6.296800,DKK,-2.33,prosub,,4994183596643847628,Yes,15,SUBSCRIPTIONS,,In-app
GPA.3346-3307-4283-29868,"Feb 1, 2026",5:23:54 PM PST,,Charge,,Pro (WF Solver),com.deepinkcode.wordfeudsolver,One-time product,pro,x1q,US,LA,71101,USD,27.99,6.296800,DKK,176.25,legacy-base,,4994183596643847628,Yes,,,,In-app
GPA.3346-3307-4283-29868,"Feb 1, 2026",5:23:54 PM PST,,Google fee,,Pro (WF Solver),com.deepinkcode.wordfeudsolver,One-time product,pro,x1q,US,LA,71101,USD,-4.20,6.296800,DKK,-26.45,legacy-base,,4994183596643847628,Yes,15,,,In-app
GPA.3345-5971-8291-28363,"Feb 1, 2026",6:42:34 PM PST,,Charge,,Pro Subscription (WF Solver),com.deepinkcode.wordfeudsolver,Subscription,prosub,dm3q,DK,,5883,DKK,15.20,1.000000,DKK,15.20,prosubmonth,,4994183596643847628,Yes,,,,Play store
GPA.3345-5971-8291-28363,"Feb 1, 2026",6:42:34 PM PST,,Google fee,,Pro Subscription (WF Solver),com.deepinkcode.wordfeudsolver,Subscription,prosub,dm3q,DK,,5883,DKK,-2.28,1.000000,DKK,-2.28,prosubmonth,,4994183596643847628,Yes,15,SUBSCRIPTIONS,,Play store
GPA.3324-2289-2718-99084..1,"Feb 1, 2026",8:15:25 PM PST,,Charge,,Pro Subscription (Words With Friends Solver),com.deepinkcode.wordswithfriendssolver,Subscription,prosub,,US,WV,25143,USD,2.49,6.293100,DKK,15.67,prosub,,4994183596643847628,Yes,,,,
GPA.3324-2289-2718-99084..1,"Feb 1, 2026",8:15:25 PM PST,,Google fee,,Pro Subscription (Words With Friends Solver),com.deepinkcode.wordswithfriendssolver,Subscription,prosub,,US,WV,25143,USD,-0.37,6.293100,DKK,-2.33,prosub,,4994183596643847628,Yes,15,SUBSCRIPTIONS,,
GPA.3386-5518-0520-36735..0,"Feb 1, 2026",9:01:13 PM PST,,Charge,,Pro Subscription (Words With Friends Solver),com.deepinkcode.wordswithfriendssolver,Subscription,prosub,,US,CA,92553,USD,2.49,6.293800,DKK,15.67,prosub,,4994183596643847628,Yes,,,,
GPA.3386-5518-0520-36735..0,"Feb 1, 2026",9:01:13 PM PST,,Google fee,,Pro Subscription (Words With Friends Solver),com.deepinkcode.wordswithfriendssolver,Subscription,prosub,,US,CA,92553,USD,-0.37,6.293800,DKK,-2.33,prosub,,4994183596643847628,Yes,15,SUBSCRIPTIONS,,
GPA.3382-1768-2961-59059..4,"Feb 1, 2026",11:39:34 PM PST,,Charge,,Pro Subscription (WF Solver),com.deepinkcode.wordfeudsolver,Subscription,prosub,,SE,,11224,SEK,22.40,0.705490,DKK,15.80,prosubmonth,,4994183596643847628,Yes,,,,
GPA.3382-1768-2961-59059..4,"Feb 1, 2026",11:39:34 PM PST,,Google fee,,Pro Subscription (WF Solver),com.deepinkcode.wordfeudsolver,Subscription,prosub,,SE,,11224,SEK,-3.36,0.705490,DKK,-2.37,prosubmonth,,4994183596643847628,Yes,15,SUBSCRIPTIONS,,
GPA.3323-6350-3775-50742..6,"Feb 1, 2026",11:44:22 PM PST,,Charge,,Pro Subscription (Words With Friends Solver),com.deepinkcode.wordswithfriendssolver,Subscription,prosub,,US,IL,60162,USD,1.99,6.300800,DKK,12.54,prosub,,4994183596643847628,Yes,,,,
GPA.3323-6350-3775-50742..6,"Feb 1, 2026",11:44:22 PM PST,,Google fee,,Pro Subscription (Words With Friends Solver),com.deepinkcode.wordswithfriendssolver,Subscription,prosub,,US,IL,60162,USD,-0.30,6.300800,DKK,-1.89,prosub,,4994183596643847628,Yes,15,SUBSCRIPTIONS,,
GPA.3328-3004-4625-08923..6,"Feb 1, 2026",11:58:26 PM PST,,Charge,,Pro Subscription (WF Solver),com.deepinkcode.wordfeudsolver,Subscription,prosub,,SE,,907 35,SEK,23.20,0.705490,DKK,16.37,prosubmonth,,4994183596643847628,Yes,,,,
GPA.3328-3004-4625-08923..6,"Feb 1, 2026",11:58:26 PM PST,,Google fee,,Pro Subscription (WF Solver),com.deepinkcode.wordfeudsolver,Subscription,prosub,,SE,,907 35,SEK,-3.48,0.705490,DKK,-2.46,prosubmonth,,4994183596643847628,Yes,15,SUBSCRIPTIONS,,
GPA.3319-0126-2825-78670,"Feb 2, 2026",12:40:05 AM PST,,Charge,,Pro Subscription (WF Solver),com.deepinkcode.wordfeudsolver,Subscription,prosub,e2s,NL,,3312 AW,EUR,1.98,7.468100,DKK,14.79,prosubmonth,,4994183596643847628,Yes,,,,In-app
GPA.3319-0126-2825-78670,"Feb 2, 2026",12:40:05 AM PST,,Google fee,,Pro Subscription (WF Solver),com.deepinkcode.wordfeudsolver,Subscription,prosub,e2s,NL,,3312 AW,EUR,-0.30,7.468100,DKK,-2.24,prosubmonth,,4994183596643847628,Yes,15,SUBSCRIPTIONS,,In-app
GPA.3332-9141-8175-23912..10,"Feb 2, 2026",2:17:27 AM PST,,Charge,,Pro Subscription (WF Solver),com.deepinkcode.wordfeudsolver,Subscription,prosub,,NO,,6522,NOK,24.00,0.650420,DKK,15.61,prosubmonth,,4994183596643847628,Yes,,,,
GPA.3332-9141-8175-23912..10,"Feb 2, 2026",2:17:27 AM PST,,Google fee,,Pro Subscription (WF Solver),com.deepinkcode.wordfeudsolver,Subscription,prosub,,NO,,6522,NOK,-3.60,0.650420,DKK,-2.34,prosubmonth,,4994183596643847628,Yes,15,SUBSCRIPTIONS,,
GPA.3303-4464-5027-88433..10,"Feb 2, 2026",2:25:27 AM PST,,Charge,,Pro Subscription (WF Solver),com.deepinkcode.wordfeudsolver,Subscription,prosub,,NO,,1263,NOK,24.00,0.650420,DKK,15.61,prosubmonth,,4994183596643847628,Yes,,,,
GPA.3303-4464-5027-88433..10,"Feb 2, 2026",2:25:27 AM PST,,Google fee,,Pro Subscription (WF Solver),com.deepinkcode.wordfeudsolver,Subscription,prosub,,NO,,1263,NOK,-3.60,0.650420,DKK,-2.34,prosubmonth,,4994183596643847628,Yes,15,SUBSCRIPTIONS,,
GPA.3330-5088-5109-37038..0,"Feb 2, 2026",3:03:32 AM PST,,Charge,,Pro Subscription (WF Solver),com.deepinkcode.wordfeudsolver,Subscription,prosub,,DK,,6240,DKK,15.20,1.000000,DKK,15.20,prosubmonth,,4994183596643847628,Yes,,,,
GPA.3330-5088-5109-37038..0,"Feb 2, 2026",3:03:32 AM PST,,Google fee,,Pro Subscription (WF Solver),com.deepinkcode.wordfeudsolver,Subscription,prosub,,DK,,6240,DKK,-2.28,1.000000,DKK,-2.28,prosubmonth,,4994183596643847628,Yes,15,SUBSCRIPTIONS,,
GPA.3390-7498-1026-89267..5,"Feb 2, 2026",4:17:14 AM PST,,Charge,,Pro Subscription (WF Solver),com.deepinkcode.wordfeudsolver,Subscription,prosub,,SE,,53334,SEK,22.40,0.705800,DKK,15.81,prosubmonth,,4994183596643847628,Yes,,,,
GPA.3390-7498-1026-89267..5,"Feb 2, 2026",4:17:14 AM PST,,Google fee,,Pro Subscription (WF Solver),com.deepinkcode.wordfeudsolver,Subscription,prosub,,SE,,53334,SEK,-3.36,0.705800,DKK,-2.37,prosubmonth,,4994183596643847628,Yes,15,SUBSCRIPTIONS,,
GPA.3323-1947-8537-55387,"Feb 2, 2026",4:18:40 AM PST,,Charge,,Pro Subscription (WF Solver),com.deepinkcode.wordfeudsolver,Subscription,prosub,OP5E1BL1,BE,,3500,EUR,1.98,7.469500,DKK,14.79,prosubmonth,,4994183596643847628,Yes,,,,In-app
GPA.3323-1947-8537-55387,"Feb 2, 2026",4:18:40 AM PST,,Google fee,,Pro Subscription (WF Solver),com.deepinkcode.wordfeudsolver,Subscription,prosub,OP5E1BL1,BE,,3500,EUR,-0.30,7.469500,DKK,-2.24,prosubmonth,,4994183596643847628,Yes,15,SUBSCRIPTIONS,,In-app
GPA.3324-4151-2988-11336..2,"Feb 2, 2026",5:00:01 AM PST,,Charge,,Pro Subscription (Words With Friends Solver),com.deepinkcode.wordswithfriendssolver,Subscription,prosub,,AU,,5116,AUD,3.63,4.382600,DKK,15.91,prosub,,4994183596643847628,Yes,,,,
GPA.3324-4151-2988-11336..2,"Feb 2, 2026",5:00:01 AM PST,,Google fee,,Pro Subscription (Words With Friends Solver),com.deepinkcode.wordswithfriendssolver,Subscription,prosub,,AU,,5116,AUD,-0.54,4.382600,DKK,-2.37,prosub,,4994183596643847628,Yes,15,SUBSCRIPTIONS,,
GPA.3304-5188-7923-53449..14,"Feb 2, 2026",5:40:49 AM PST,,Charge,,Pro Subscription (WF Solver),com.deepinkcode.wordfeudsolver,Subscription,prosub,,NO,,9512,NOK,23.20,0.651410,DKK,15.11,prosubmonth,,4994183596643847628,Yes,,,,
GPA.3304-5188-7923-53449..14,"Feb 2, 2026",5:40:49 AM PST,,Google fee,,Pro Subscription (WF Solver),com.deepinkcode.wordfeudsolver,Subscription,prosub,,NO,,9512,NOK,-3.48,0.651410,DKK,-2.26,prosubmonth,,4994183596643847628,Yes,15,SUBSCRIPTIONS,,
GPA.3365-5500-6128-81563..10,"Feb 2, 2026",6:04:01 AM PST,,Charge,,Pro Subscription (WF Solver),com.deepinkcode.wordfeudsolver,Subscription,prosub,,DK,,5610,DKK,15.20,1.000000,DKK,15.20,prosubmonth,,4994183596643847628,Yes,,,,
GPA.3365-5500-6128-81563..10,"Feb 2, 2026",6:04:01 AM PST,,Google fee,,Pro Subscription (WF Solver),com.deepinkcode.wordfeudsolver,Subscription,prosub,,DK,,5610,DKK,-2.28,1.000000,DKK,-2.28,prosubmonth,,4994183596643847628,Yes,15,SUBSCRIPTIONS,,
GPA.3360-5433-8692-55893..9,"Feb 2, 2026",6:48:34 AM PST,,Charge,,Pro Subscription (WF Solver),com.deepinkcode.wordfeudsolver,Subscription,prosub,,SE,,25375,SEK,23.20,0.705190,DKK,16.36,prosubmonth,,4994183596643847628,Yes,,,,
GPA.3360-5433-8692-55893..9,"Feb 2, 2026",6:48:34 AM PST,,Google fee,,Pro Subscription (WF Solver),com.deepinkcode.wordfeudsolver,Subscription,prosub,,SE,,25375,SEK,-3.48,0.705190,DKK,-2.45,prosubmonth,,4994183596643847628,Yes,15,SUBSCRIPTIONS,,
GPA.3373-3309-3272-91192..14,"Feb 2, 2026",7:14:31 AM PST,,Charge,,Pro Subscription (WF Solver),com.deepinkcode.wordfeudsolver,Subscription,prosub,,SE,,71693,SEK,23.20,0.705360,DKK,16.36,prosubmonth,,4994183596643847628,Yes,,,,
GPA.3373-3309-3272-91192..14,"Feb 2, 2026",7:14:31 AM PST,,Google fee,,Pro Subscription (WF Solver),com.deepinkcode.wordfeudsolver,Subscription,prosub,,SE,,71693,SEK,-3.48,0.705360,DKK,-2.45,prosubmonth,,4994183596643847628,Yes,15,SUBSCRIPTIONS,,
GPA.3304-3882-7706-69656..3,"Feb 2, 2026",7:22:19 AM PST,,Charge,,Pro Subscription (Words With Friends Solver),com.deepinkcode.wordswithfriendssolver,Subscription,prosub,,GB,,EX5 3NE,GBP,1.74,8.626000,DKK,15.01,prosub,,4994183596643847628,Yes,,,,
GPA.3304-3882-7706-69656..3,"Feb 2, 2026",7:22:19 AM PST,,Google fee,,Pro Subscription (Words With Friends Solver),com.deepinkcode.wordswithfriendssolver,Subscription,prosub,,GB,,EX5 3NE,GBP,-0.26,8.626000,DKK,-2.24,prosub,,4994183596643847628,Yes,15,SUBSCRIPTIONS,,
GPA.3363-7040-4804-52009..13,"Feb 2, 2026",8:12:32 AM PST,,Charge,,Pro Subscription (WF Solver),com.deepinkcode.wordfeudsolver,Subscription,prosub,,SE,,746 33,SEK,23.20,0.705110,DKK,16.36,prosubmonth,,4994183596643847628,Yes,,,,
GPA.3363-7040-4804-52009..13,"Feb 2, 2026",8:12:32 AM PST,,Google fee,,Pro Subscription (WF Solver),com.deepinkcode.wordfeudsolver,Subscription,prosub,,SE,,746 33,SEK,-3.48,0.705110,DKK,-2.46,prosubmonth,,4994183596643847628,Yes,15,SUBSCRIPTIONS,,
GPA.3305-0846-7731-55646..11,"Feb 2, 2026",8:50:59 AM PST,,Charge,,Pro Subscription (WF Solver),com.deepinkcode.wordfeudsolver,Subscription,prosub,,NO,,4352,NOK,24.00,0.651390,DKK,15.63,prosubmonth,,4994183596643847628,Yes,,,,
GPA.3305-0846-7731-55646..11,"Feb 2, 2026",8:50:59 AM PST,,Google fee,,Pro Subscription (WF Solver),com.deepinkcode.wordfeudsolver,Subscription,prosub,,NO,,4352,NOK,-3.60,0.651390,DKK,-2.34,prosubmonth,,4994183596643847628,Yes,15,SUBSCRIPTIONS,,
GPA.3345-9191-1914-27226..2,"Feb 2, 2026",9:29:31 AM PST,,Charge,,Pro Subscription (WF Solver),com.deepinkcode.wordfeudsolver,Subscription,prosub,,NL,,9231 AG,EUR,1.98,7.468600,DKK,14.79,prosubmonth,,4994183596643847628,Yes,,,,
GPA.3345-9191-1914-27226..2,"Feb 2, 2026",9:29:31 AM PST,,Google fee,,Pro Subscription (WF Solver),com.deepinkcode.wordfeudsolver,Subscription,prosub,,NL,,9231 AG,EUR,-0.30,7.468600,DKK,-2.24,prosubmonth,,4994183596643847628,Yes,15,SUBSCRIPTIONS,,
GPA.3318-6461-4704-08035..1,"Feb 2, 2026",9:37:42 AM PST,,Charge,,Pro Subscription (WF Solver),com.deepinkcode.wordfeudsolver,Subscription,prosub,,NL,,6921WD,EUR,1.98,7.468600,DKK,14.79,prosubmonth,,4994183596643847628,Yes,,,,
GPA.3318-6461-4704-08035..1,"Feb 2, 2026",9:37:42 AM PST,,Google fee,,Pro Subscription (WF Solver),com.deepinkcode.wordfeudsolver,Subscription,prosub,,NL,,6921WD,EUR,-0.30,7.468600,DKK,-2.24,prosubmonth,,4994183596643847628,Yes,15,SUBSCRIPTIONS,,
GPA.3354-5740-8280-72275,"Feb 2, 2026",11:39:36 AM PST,,Charge refund,Full,Pro Subscription (WF Solver),com.deepinkcode.wordfeudsolver,Subscription,prosub,b0s,SE,,72460,SEK,-22.40,0.708240,DKK,-15.86,prosubmonth,,4994183596643847628,Yes,,,,In-app
GPA.3354-5740-8280-72275,"Feb 2, 2026",11:39:36 AM PST,,Google fee refund,Full,Pro Subscription (WF Solver),com.deepinkcode.wordfeudsolver,Subscription,prosub,b0s,SE,,72460,SEK,3.36,0.708240,DKK,2.38,prosubmonth,,4994183596643847628,Yes,15,SUBSCRIPTIONS,,In-app
GPA.3393-9280-1875-34630,"Feb 2, 2026",11:47:48 AM PST,,Charge,,Pro Subscription (Words With Friends Solver),com.deepinkcode.wordswithfriendssolver,Subscription,prosub,pa3q,US,SC,29607,USD,2.49,6.329000,DKK,15.76,prosub,,4994183596643847628,Yes,,,,In-app
GPA.3393-9280-1875-34630,"Feb 2, 2026",11:47:48 AM PST,,Google fee,,Pro Subscription (Words With Friends Solver),com.deepinkcode.wordswithfriendssolver,Subscription,prosub,pa3q,US,SC,29607,USD,-0.37,6.329000,DKK,-2.34,prosub,,4994183596643847628,Yes,15,SUBSCRIPTIONS,,In-app
GPA.3311-8442-6194-22013..0,"Feb 2, 2026",12:33:04 PM PST,,Charge,,Pro Subscription (WF Solver),com.deepinkcode.wordfeudsolver,Subscription,prosub,,SE,,43367,SEK,22.40,0.705900,DKK,15.81,prosubmonth,,4994183596643847628,Yes,,,,
GPA.3311-8442-6194-22013..0,"Feb 2, 2026",12:33:04 PM PST,,Google fee,,Pro Subscription (WF Solver),com.deepinkcode.wordfeudsolver,Subscription,prosub,,SE,,43367,SEK,-3.36,0.705900,DKK,-2.37,prosubmonth,,4994183596643847628,Yes,15,SUBSCRIPTIONS,,
GPA.3359-6268-8313-79969..5,"Feb 2, 2026",12:56:27 PM PST,,Charge,,Pro Subscription (Words With Friends Solver),com.deepinkcode.wordswithfriendssolver,Subscription,prosub,,CA,ON,P6B 2W8,CAD,3.19,4.629700,DKK,14.77,prosub,,4994183596643847628,Yes,,,,
GPA.3359-6268-8313-79969..5,"Feb 2, 2026",12:56:27 PM PST,,Google fee,,Pro Subscription (Words With Friends Solver),com.deepinkcode.wordswithfriendssolver,Subscription,prosub,,CA,ON,P6B 2W8,CAD,-0.48,4.629700,DKK,-2.22,prosub,,4994183596643847628,Yes,15,SUBSCRIPTIONS,,
GPA.3397-1661-9105-77842..13,"Feb 2, 2026",1:09:09 PM PST,,Charge,,Pro Subscription (WF Solver),com.deepinkcode.wordfeudsolver,Subscription,prosub,,NL,,2311 RA,EUR,1.98,7.468400,DKK,14.79,prosubmonth,,4994183596643847628,Yes,,,,
GPA.3397-1661-9105-77842..13,"Feb 2, 2026",1:09:09 PM PST,,Google fee,,Pro Subscription (WF Solver),com.deepinkcode.wordfeudsolver,Subscription,prosub,,NL,,2311 RA,EUR,-0.30,7.468400,DKK,-2.24,prosubmonth,,4994183596643847628,Yes,15,SUBSCRIPTIONS,,
GPA.3348-3711-8896-08292..5,"Feb 2, 2026",1:22:23 PM PST,,Charge,,Pro Subscription (WF Solver),com.deepinkcode.wordfeudsolver,Subscription,prosub,,DK,,2300,DKK,15.20,1.000000,DKK,15.20,prosubmonth,,4994183596643847628,Yes,,,,
GPA.3348-3711-8896-08292..5,"Feb 2, 2026",1:22:23 PM PST,,Google fee,,Pro Subscription (WF Solver),com.deepinkcode.wordfeudsolver,Subscription,prosub,,DK,,2300,DKK,-2.28,1.000000,DKK,-2.28,prosubmonth,,4994183596643847628,Yes,15,SUBSCRIPTIONS,,
GPA.3364-6780-7281-37454..6,"Feb 2, 2026",1:23:41 PM PST,,Charge,,Pro Subscription (WF Solver),com.deepinkcode.wordfeudsolver,Subscription,prosub,,NO,,2010,NOK,24.00,0.652380,DKK,15.66,prosubmonth,,4994183596643847628,Yes,,,,
GPA.3364-6780-7281-37454..6,"Feb 2, 2026",1:23:41 PM PST,,Google fee,,Pro Subscription (WF Solver),com.deepinkcode.wordfeudsolver,Subscription,prosub,,NO,,2010,NOK,-3.60,0.652380,DKK,-2.35,prosubmonth,,4994183596643847628,Yes,15,SUBSCRIPTIONS,,
GPA.3300-6356-1347-84843..2,"Feb 2, 2026",1:35:45 PM PST,,Charge,,Pro Subscription (WF Solver),com.deepinkcode.wordfeudsolver,Subscription,prosub,,SE,,66730,SEK,22.40,0.705850,DKK,15.81,prosubmonth,,4994183596643847628,Yes,,,,
GPA.3300-6356-1347-84843..2,"Feb 2, 2026",1:35:45 PM PST,,Google fee,,Pro Subscription (WF Solver),com.deepinkcode.wordfeudsolver,Subscription,prosub,,SE,,66730,SEK,-3.36,0.705850,DKK,-2.37,prosubmonth,,4994183596643847628,Yes,15,SUBSCRIPTIONS,,
GPA.3340-3634-9826-21667..5,"Feb 2, 2026",1:38:56 PM PST,,Charge,,Pro Subscription (WF Solver),com.deepinkcode.wordfeudsolver,Subscription,prosub,,SE,,645 44,SEK,22.40,0.705850,DKK,15.81,prosubmonth,,4994183596643847628,Yes,,,,
GPA.3340-3634-9826-21667..5,"Feb 2, 2026",1:38:56 PM PST,,Google fee,,Pro Subscription (WF Solver),com.deepinkcode.wordfeudsolver,Subscription,prosub,,SE,,645 44,SEK,-3.36,0.705850,DKK,-2.37,prosubmonth,,4994183596643847628,Yes,15,SUBSCRIPTIONS,,
GPA.3394-6814-9095-61156,"Feb 2, 2026",1:45:38 PM PST,,Charge,,Pro Subscription (WF Solver),com.deepinkcode.wordfeudsolver,Subscription,prosub,a55x,SE,,15146,SEK,22.40,0.705850,DKK,15.81,prosubmonth,,4994183596643847628,Yes,,,,In-app
GPA.3394-6814-9095-61156,"Feb 2, 2026",1:45:38 PM PST,,Google fee,,Pro Subscription (WF Solver),com.deepinkcode.wordfeudsolver,Subscription,prosub,a55x,SE,,15146,SEK,-3.36,0.705850,DKK,-2.37,prosubmonth,,4994183596643847628,Yes,15,SUBSCRIPTIONS,,In-app
GPA.3343-3711-7458-38168..13,"Feb 2, 2026",3:27:02 PM PST,,Charge,,Pro Subscription (WF Solver),com.deepinkcode.wordfeudsolver,Subscription,prosub,,FI,,22820,EUR,1.98,7.468500,DKK,14.79,prosubmonth,,4994183596643847628,Yes,,,,
GPA.3343-3711-7458-38168..13,"Feb 2, 2026",3:27:02 PM PST,,Google fee,,Pro Subscription (WF Solver),com.deepinkcode.wordfeudsolver,Subscription,prosub,,FI,,22820,EUR,-0.30,7.468500,DKK,-2.24,prosubmonth,,4994183596643847628,Yes,15,SUBSCRIPTIONS,,
GPA.3352-0447-0656-93328..1,"Feb 2, 2026",6:56:53 PM PST,,Charge,,Pro Subscription (Words With Friends Solver),com.deepinkcode.wordswithfriendssolver,Subscription,prosub,,US,NC,27530,USD,2.49,6.325800,DKK,15.75,prosub,,4994183596643847628,Yes,,,,
GPA.3352-0447-0656-93328..1,"Feb 2, 2026",6:56:53 PM PST,,Google fee,,Pro Subscription (Words With Friends Solver),com.deepinkcode.wordswithfriendssolver,Subscription,prosub,,US,NC,27530,USD,-0.37,6.325800,DKK,-2.34,prosub,,4994183596643847628,Yes,15,SUBSCRIPTIONS,,
GPA.3357-1670-9461-41264..5,"Feb 2, 2026",10:28:14 PM PST,,Charge,,Pro Subscription (WF Solver),com.deepinkcode.wordfeudsolver,Subscription,prosub,,NL,,2406TK,EUR,1.98,7.468300,DKK,14.79,prosubmonth,,4994183596643847628,Yes,,,,
GPA.3357-1670-9461-41264..5,"Feb 2, 2026",10:28:14 PM PST,,Google fee,,Pro Subscription (WF Solver),com.deepinkcode.wordfeudsolver,Subscription,prosub,,NL,,2406TK,EUR,-0.30,7.468300,DKK,-2.24,prosubmonth,,4994183596643847628,Yes,15,SUBSCRIPTIONS,,
GPA.3336-5543-7072-30829..6,"Feb 2, 2026",11:02:37 PM PST,,Charge,,Pro Subscription (WF Solver),com.deepinkcode.wordfeudsolver,Subscription,prosub,,SE,,42353,SEK,23.20,0.707390,DKK,16.41,prosubmonth,,4994183596643847628,Yes,,,,
GPA.3336-5543-7072-30829..6,"Feb 2, 2026",11:02:37 PM PST,,Google fee,,Pro Subscription (WF Solver),com.deepinkcode.wordfeudsolver,Subscription,prosub,,SE,,42353,SEK,-3.48,0.707390,DKK,-2.46,prosubmonth,,4994183596643847628,Yes,15,SUBSCRIPTIONS,,
GPA.3383-3887-9706-38968..7,"Feb 3, 2026",12:42:47 AM PST,,Charge,,Pro Subscription (WF Solver),com.deepinkcode.wordfeudsolver,Subscription,prosub,,DK,,2770,DKK,15.20,1.000000,DKK,15.20,prosubmonth,,4994183596643847628,Yes,,,,
GPA.3383-3887-9706-38968..7,"Feb 3, 2026",12:42:47 AM PST,,Google fee,,Pro Subscription (WF Solver),com.deepinkcode.wordfeudsolver,Subscription,prosub,,DK,,2770,DKK,-2.28,1.000000,DKK,-2.28,prosubmonth,,4994183596643847628,Yes,15,SUBSCRIPTIONS,,
GPA.3328-7262-4712-31723..3,"Feb 3, 2026",1:30:24 AM PST,,Charge,,Pro Subscription (WF Solver),com.deepinkcode.wordfeudsolver,Subscription,prosub,,DK,,9575,DKK,15.20,1.000000,DKK,15.20,prosubmonth,,4994183596643847628,Yes,,,,
GPA.3328-7262-4712-31723..3,"Feb 3, 2026",1:30:24 AM PST,,Google fee,,Pro Subscription (WF Solver),com.deepinkcode.wordfeudsolver,Subscription,prosub,,DK,,9575,DKK,-2.28,1.000000,DKK,-2.28,prosubmonth,,4994183596643847628,Yes,15,SUBSCRIPTIONS,,
GPA.3374-7854-8269-48508..3,"Feb 3, 2026",1:59:37 AM PST,,Charge,,Pro Subscription (Scrabble GO Cheat),com.deepinkcode.scrabblegocheat,Subscription,prosub,,US,MD,21244,USD,2.49,6.320600,DKK,15.74,prosubmonth,,4994183596643847628,Yes,,,,
GPA.3374-7854-8269-48508..3,"Feb 3, 2026",1:59:37 AM PST,,Google fee,,Pro Subscription (Scrabble GO Cheat),com.deepinkcode.scrabblegocheat,Subscription,prosub,,US,MD,21244,USD,-0.37,6.320600,DKK,-2.34,prosubmonth,,4994183596643847628,Yes,15,SUBSCRIPTIONS,,
GPA.3356-8598-7094-69185..6,"Feb 3, 2026",3:06:41 AM PST,,Charge,,Pro Subscription (WF Solver),com.deepinkcode.wordfeudsolver,Subscription,prosub,,NL,,5652 KD,EUR,1.98,7.468800,DKK,14.79,prosubmonth,,4994183596643847628,Yes,,,,
GPA.3356-8598-7094-69185..6,"Feb 3, 2026",3:06:41 AM PST,,Google fee,,Pro Subscription (WF Solver),com.deepinkcode.wordfeudsolver,Subscription,prosub,,NL,,5652 KD,EUR,-0.30,7.468800,DKK,-2.24,prosubmonth,,4994183596643847628,Yes,15,SUBSCRIPTIONS,,
GPA.3382-7815-6837-37155..14,"Feb 3, 2026",3:33:01 AM PST,,Charge,,Pro Subscription (WF Solver),com.deepinkcode.wordfeudsolver,Subscription,prosub,,DK,,7400,DKK,15.20,1.000000,DKK,15.20,prosubmonth,,4994183596643847628,Yes,,,,
GPA.3382-7815-6837-37155..14,"Feb 3, 2026",3:33:01 AM PST,,Google fee,,Pro Subscription (WF Solver),com.deepinkcode.wordfeudsolver,Subscription,prosub,,DK,,7400,DKK,-2.28,1.000000,DKK,-2.28,prosubmonth,,4994183596643847628,Yes,15,SUBSCRIPTIONS,,
GPA.3396-5111-5622-01427..5,"Feb 3, 2026",3:57:33 AM PST,,Charge,,Pro Subscription (WF Solver),com.deepinkcode.wordfeudsolver,Subscription,prosub,,SE,,14734,SEK,22.40,0.707280,DKK,15.84,prosubmonth,,4994183596643847628,Yes,,,,
GPA.3396-5111-5622-01427..5,"Feb 3, 2026",3:57:33 AM PST,,Google fee,,Pro Subscription (WF Solver),com.deepinkcode.wordfeudsolver,Subscription,prosub,,SE,,14734,SEK,-3.36,0.707280,DKK,-2.37,prosubmonth,,4994183596643847628,Yes,15,SUBSCRIPTIONS,,
GPA.3370-5173-7369-14916..14,"Feb 3, 2026",4:08:27 AM PST,,Charge,,Pro Subscription (WF Solver),com.deepinkcode.wordfeudsolver,Subscription,prosub,,BE,,2630,EUR,1.98,7.468900,DKK,14.79,prosubmonth,,4994183596643847628,Yes,,,,
GPA.3370-5173-7369-14916..14,"Feb 3, 2026",4:08:27 AM PST,,Google fee,,Pro Subscription (WF Solver),com.deepinkcode.wordfeudsolver,Subscription,prosub,,BE,,2630,EUR,-0.30,7.468900,DKK,-2.24,prosubmonth,,4994183596643847628,Yes,15,SUBSCRIPTIONS,,
GPA.3330-4958-5282-49125..14,"Feb 3, 2026",4:11:35 AM PST,,Charge,,Pro Subscription (WF Solver),com.deepinkcode.wordfeudsolver,Subscription,prosub,,NL,,3232 PB,EUR,1.98,7.468900,DKK,14.79,prosubmonth,,4994183596643847628,Yes,,,,
GPA.3330-4958-5282-49125..14,"Feb 3, 2026",4:11:35 AM PST,,Google fee,,Pro Subscription (WF Solver),com.deepinkcode.wordfeudsolver,Subscription,prosub,,NL,,3232 PB,EUR,-0.30,7.468900,DKK,-2.24,prosubmonth,,4994183596643847628,Yes,15,SUBSCRIPTIONS,,
GPA.3310-8381-0856-44768..7,"Feb 3, 2026",4:16:56 AM PST,,Charge,,Pro Subscription (WF Solver),com.deepinkcode.wordfeudsolver,Subscription,prosub,,DK,,2640,DKK,15.20,1.000000,DKK,15.20,prosubmonth,,4994183596643847628,Yes,,,,
GPA.3310-8381-0856-44768..7,"Feb 3, 2026",4:16:56 AM PST,,Google fee,,Pro Subscription (WF Solver),com.deepinkcode.wordfeudsolver,Subscription,prosub,,DK,,2640,DKK,-2.28,1.000000,DKK,-2.28,prosubmonth,,4994183596643847628,Yes,15,SUBSCRIPTIONS,,
GPA.3345-3282-2085-49878..0,"Feb 3, 2026",4:41:01 AM PST,,Charge,,Pro Subscription (Words With Friends Solver),com.deepinkcode.wordswithfriendssolver,Subscription,prosub,,CA,ON,N1T 1T5,CAD,3.19,4.630600,DKK,14.77,prosub,,4994183596643847628,Yes,,,,
GPA.3345-3282-2085-49878..0,"Feb 3, 2026",4:41:01 AM PST,,Google fee,,Pro Subscription (Words With Friends Solver),com.deepinkcode.wordswithfriendssolver,Subscription,prosub,,CA,ON,N1T 1T5,CAD,-0.48,4.630600,DKK,-2.22,prosub,,4994183596643847628,Yes,15,SUBSCRIPTIONS,,
GPA.3344-3923-2113-14477,"Feb 3, 2026",5:34:46 AM PST,,Charge,,Pro Subscription (WF Solver),com.deepinkcode.wordfeudsolver,Subscription,prosub,a35x,SE,,392 33,SEK,22.40,0.707640,DKK,15.85,prosubmonth,,4994183596643847628,Yes,,,,In-app
GPA.3344-3923-2113-14477,"Feb 3, 2026",5:34:46 AM PST,,Google fee,,Pro Subscription (WF Solver),com.deepinkcode.wordfeudsolver,Subscription,prosub,a35x,SE,,392 33,SEK,-3.36,0.707640,DKK,-2.38,prosubmonth,,4994183596643847628,Yes,15,SUBSCRIPTIONS,,In-app
GPA.3340-7234-2068-25961..2,"Feb 3, 2026",5:59:03 AM PST,,Charge,,Pro Subscription (WF Solver),com.deepinkcode.wordfeudsolver,Subscription,prosub,,NL,,8256PJ,EUR,1.98,7.468600,DKK,14.79,prosubmonth,,4994183596643847628,Yes,,,,
GPA.3340-7234-2068-25961..2,"Feb 3, 2026",5:59:03 AM PST,,Google fee,,Pro Subscription (WF Solver),com.deepinkcode.wordfeudsolver,Subscription,prosub,,NL,,8256PJ,EUR,-0.30,7.468600,DKK,-2.24,prosubmonth,,4994183596643847628,Yes,15,SUBSCRIPTIONS,,
GPA.3312-4250-6183-33553..1,"Feb 3, 2026",6:04:44 AM PST,,Charge,,Pro Subscription (WF Solver),com.deepinkcode.wordfeudsolver,Subscription,prosub,,SE,,975 96,SEK,22.40,0.708040,DKK,15.86,prosubmonth,,4994183596643847628,Yes,,,,
GPA.3312-4250-6183-33553..1,"Feb 3, 2026",6:04:44 AM PST,,Google fee,,Pro Subscription (WF Solver),com.deepinkcode.wordfeudsolver,Subscription,prosub,,SE,,975 96,SEK,-3.36,0.708040,DKK,-2.38,prosubmonth,,4994183596643847628,Yes,15,SUBSCRIPTIONS,,
GPA.3382-4037-2266-52534..11,"Feb 3, 2026",6:23:14 AM PST,,Charge,,Pro Subscription (Words With Friends Solver),com.deepinkcode.wordswithfriendssolver,Subscription,prosub,,US,CA,95361,USD,1.99,6.330900,DKK,12.60,prosub,,4994183596643847628,Yes,,,,
GPA.3382-4037-2266-52534..11,"Feb 3, 2026",6:23:14 AM PST,,Google fee,,Pro Subscription (Words With Friends Solver),com.deepinkcode.wordswithfriendssolver,Subscription,prosub,,US,CA,95361,USD,-0.30,6.330900,DKK,-1.90,prosub,,4994183596643847628,Yes,15,SUBSCRIPTIONS,,
GPA.3391-3066-3062-29588..0,"Feb 3, 2026",8:18:32 AM PST,,Charge,,Pro Subscription (WF Solver),com.deepinkcode.wordfeudsolver,Subscription,prosub,,SE,,59038,SEK,22.40,0.709760,DKK,15.90,prosubmonth,,4994183596643847628,Yes,,,,
GPA.3391-3066-3062-29588..0,"Feb 3, 2026",8:18:32 AM PST,,Google fee,,Pro Subscription (WF Solver),com.deepinkcode.wordfeudsolver,Subscription,prosub,,SE,,59038,SEK,-3.36,0.709760,DKK,-2.39,prosubmonth,,4994183596643847628,Yes,15,SUBSCRIPTIONS,,
GPA.3335-0602-5795-20100..5,"Feb 3, 2026",8:22:40 AM PST,,Charge,,Pro Subscription (Words With Friends Solver),com.deepinkcode.wordswithfriendssolver,Subscription,prosub,,NL,,4698 AG,EUR,1.98,7.468700,DKK,14.79,prosub,,4994183596643847628,Yes,,,,
GPA.3335-0602-5795-20100..5,"Feb 3, 2026",8:22:40 AM PST,,Google fee,,Pro Subscription (Words With Friends Solver),com.deepinkcode.wordswithfriendssolver,Subscription,prosub,,NL,,4698 AG,EUR,-0.30,7.468700,DKK,-2.24,prosub,,4994183596643847628,Yes,15,SUBSCRIPTIONS,,
GPA.3331-0929-0774-69306..10,"Feb 3, 2026",9:09:42 AM PST,,Charge,,Pro Subscription (WF Solver),com.deepinkcode.wordfeudsolver,Subscription,prosub,,NL,,5663RZ,EUR,1.98,7.468600,DKK,14.79,prosubmonth,,4994183596643847628,Yes,,,,
GPA.3331-0929-0774-69306..10,"Feb 3, 2026",9:09:42 AM PST,,Google fee,,Pro Subscription (WF Solver),com.deepinkcode.wordfeudsolver,Subscription,prosub,,NL,,5663RZ,EUR,-0.30,7.468600,DKK,-2.24,prosubmonth,,4994183596643847628,Yes,15,SUBSCRIPTIONS,,
GPA.3329-3035-3085-18103..10,"Feb 3, 2026",9:27:23 AM PST,,Charge,,Pro Subscription (WF Solver),com.deepinkcode.wordfeudsolver,Subscription,prosub,,DK,,2770,DKK,15.20,1.000000,DKK,15.20,prosubmonth,,4994183596643847628,Yes,,,,
GPA.3329-3035-3085-18103..10,"Feb 3, 2026",9:27:23 AM PST,,Google fee,,Pro Subscription (WF Solver),com.deepinkcode.wordfeudsolver,Subscription,prosub,,DK,,2770,DKK,-2.28,1.000000,DKK,-2.28,prosubmonth,,4994183596643847628,Yes,15,SUBSCRIPTIONS,,
GPA.3384-2699-5771-17116..12,"Feb 3, 2026",9:45:41 AM PST,,Charge,,Pro Subscription (WF Solver),com.deepinkcode.wordfeudsolver,Subscription,prosub,,NO,,7180,NOK,24.00,0.655240,DKK,15.73,prosubmonth,,4994183596643847628,Yes,,,,
GPA.3384-2699-5771-17116..12,"Feb 3, 2026",9:45:41 AM PST,,Google fee,,Pro Subscription (WF Solver),com.deepinkcode.wordfeudsolver,Subscription,prosub,,NO,,7180,NOK,-3.60,0.655240,DKK,-2.36,prosubmonth,,4994183596643847628,Yes,15,SUBSCRIPTIONS,,
GPA.3358-9697-3552-03288,"Feb 3, 2026",10:07:40 AM PST,,Charge,,Pro Subscription (Words With Friends Solver),com.deepinkcode.wordswithfriendssolver,Subscription,prosub,b0q,US,CT,06450,USD,2.49,6.317800,DKK,15.73,prosub,,4994183596643847628,Yes,,,,In-app
GPA.3358-9697-3552-03288,"Feb 3, 2026",10:07:40 AM PST,,Google fee,,Pro Subscription (Words With Friends Solver),com.deepinkcode.wordswithfriendssolver,Subscription,prosub,b0q,US,CT,06450,USD,-0.37,6.317800,DKK,-2.34,prosub,,4994183596643847628,Yes,15,SUBSCRIPTIONS,,In-app
GPA.3364-2649-0110-61029..0,"Feb 3, 2026",10:27:16 AM PST,,Charge,,Pro Subscription (WF Solver),com.deepinkcode.wordfeudsolver,Subscription,prosub,,DK,,6261,DKK,15.20,1.000000,DKK,15.20,prosubmonth,,4994183596643847628,Yes,,,,
GPA.3364-2649-0110-61029..0,"Feb 3, 2026",10:27:16 AM PST,,Google fee,,Pro Subscription (WF Solver),com.deepinkcode.wordfeudsolver,Subscription,prosub,,DK,,6261,DKK,-2.28,1.000000,DKK,-2.28,prosubmonth,,4994183596643847628,Yes,15,SUBSCRIPTIONS,,
GPA.3374-0135-6549-07605..9,"Feb 3, 2026",11:11:57 AM PST,,Charge,,Pro Subscription (WF Solver),com.deepinkcode.wordfeudsolver,Subscription,prosub,,NL,,3863EW,EUR,1.98,7.468800,DKK,14.79,prosubmonth,,4994183596643847628,Yes,,,,
GPA.3374-0135-6549-07605..9,"Feb 3, 2026",11:11:57 AM PST,,Google fee,,Pro Subscription (WF Solver),com.deepinkcode.wordfeudsolver,Subscription,prosub,,NL,,3863EW,EUR,-0.30,7.468800,DKK,-2.24,prosubmonth,,4994183596643847628,Yes,15,SUBSCRIPTIONS,,
GPA.3395-0896-5062-39716,"Feb 3, 2026",11:18:18 AM PST,,Charge,,Pro Subscription (WF Solver),com.deepinkcode.wordfeudsolver,Subscription,prosub,dm1q,NL,,7531VR,EUR,1.98,7.468800,DKK,14.79,prosubmonth,,4994183596643847628,Yes,,,,In-app
GPA.3395-0896-5062-39716,"Feb 3, 2026",11:18:18 AM PST,,Google fee,,Pro Subscription (WF Solver),com.deepinkcode.wordfeudsolver,Subscription,prosub,dm1q,NL,,7531VR,EUR,-0.30,7.468800,DKK,-2.24,prosubmonth,,4994183596643847628,Yes,15,SUBSCRIPTIONS,,In-app
GPA.3335-7645-7761-16556..4,"Feb 3, 2026",11:42:12 AM PST,,Charge,,Pro Subscription (WF Solver),com.deepinkcode.wordfeudsolver,Subscription,prosub,,SE,,52144,SEK,22.40,0.709240,DKK,15.89,prosubmonth,,4994183596643847628,Yes,,,,
GPA.3335-7645-7761-16556..4,"Feb 3, 2026",11:42:12 AM PST,,Google fee,,Pro Subscription (WF Solver),com.deepinkcode.wordfeudsolver,Subscription,prosub,,SE,,52144,SEK,-3.36,0.709240,DKK,-2.39,prosubmonth,,4994183596643847628,Yes,15,SUBSCRIPTIONS,,
GPA.3384-5258-9400-07499..3,"Feb 3, 2026",12:16:11 PM PST,,Charge,,Pro Subscription (WF Solver),com.deepinkcode.wordfeudsolver,Subscription,prosub,,NL,,9405hm,EUR,1.98,7.468000,DKK,14.79,prosubmonth,,4994183596643847628,Yes,,,,
GPA.3384-5258-9400-07499..3,"Feb 3, 2026",12:16:11 PM PST,,Google fee,,Pro Subscription (WF Solver),com.deepinkcode.wordfeudsolver,Subscription,prosub,,NL,,9405hm,EUR,-0.30,7.468000,DKK,-2.24,prosubmonth,,4994183596643847628,Yes,15,SUBSCRIPTIONS,,
GPA.3339-9477-5136-87876..0,"Feb 3, 2026",12:34:28 PM PST,,Charge,,Pro Subscription (WF Solver),com.deepinkcode.wordfeudsolver,Subscription,prosub,,SE,,17670,SEK,22.40,0.708570,DKK,15.87,prosubmonth,,4994183596643847628,Yes,,,,
GPA.3339-9477-5136-87876..0,"Feb 3, 2026",12:34:28 PM PST,,Google fee,,Pro Subscription (WF Solver),com.deepinkcode.wordfeudsolver,Subscription,prosub,,SE,,17670,SEK,-3.36,0.708570,DKK,-2.38,prosubmonth,,4994183596643847628,Yes,15,SUBSCRIPTIONS,,
GPA.3370-4174-7423-22295..0,"Feb 3, 2026",1:44:29 PM PST,,Charge,,Pro Subscription (WF Solver),com.deepinkcode.wordfeudsolver,Subscription,prosub,,SE,,19533,SEK,22.40,0.708900,DKK,15.88,prosubmonth,,4994183596643847628,Yes,,,,
GPA.3370-4174-7423-22295..0,"Feb 3, 2026",1:44:29 PM PST,,Google fee,,Pro Subscription (WF Solver),com.deepinkcode.wordfeudsolver,Subscription,prosub,,SE,,19533,SEK,-3.36,0.708900,DKK,-2.38,prosubmonth,,4994183596643847628,Yes,15,SUBSCRIPTIONS,,
GPA.3339-0608-2385-65995..6,"Feb 3, 2026",2:16:12 PM PST,,Charge,,Pro Subscription (WF Solver),com.deepinkcode.wordfeudsolver,Subscription,prosub,,NL,,4451 AS,EUR,1.98,7.468300,DKK,14.79,prosubmonth,,4994183596643847628,Yes,,,,
GPA.3339-0608-2385-65995..6,"Feb 3, 2026",2:16:12 PM PST,,Google fee,,Pro Subscription (WF Solver),com.deepinkcode.wordfeudsolver,Subscription,prosub,,NL,,4451 AS,EUR,-0.30,7.468300,DKK,-2.24,prosubmonth,,4994183596643847628,Yes,15,SUBSCRIPTIONS,,
GPA.3388-5930-7904-03881..0,"Feb 3, 2026",2:32:26 PM PST,,Charge,,Pro Subscription (WF Solver),com.deepinkcode.wordfeudsolver,Subscription,prosub,,NL,,3823 AL,EUR,1.98,7.468300,DKK,14.79,prosubmonth,,4994183596643847628,Yes,,,,
GPA.3388-5930-7904-03881..0,"Feb 3, 2026",2:32:26 PM PST,,Google fee,,Pro Subscription (WF Solver),com.deepinkcode.wordfeudsolver,Subscription,prosub,,NL,,3823 AL,EUR,-0.30,7.468300,DKK,-2.24,prosubmonth,,4994183596643847628,Yes,15,SUBSCRIPTIONS,,
GPA.3303-7264-5778-33107..4,"Feb 3, 2026",3:09:09 PM PST,,Charge,,Pro Subscription (Words With Friends Solver),com.deepinkcode.wordswithfriendssolver,Subscription,prosub,,US,MA,01913,USD,2.49,6.320400,DKK,15.74,prosub,,4994183596643847628,Yes,,,,
GPA.3303-7264-5778-33107..4,"Feb 3, 2026",3:09:09 PM PST,,Google fee,,Pro Subscription (Words With Friends Solver),com.deepinkcode.wordswithfriendssolver,Subscription,prosub,,US,MA,01913,USD,-0.37,6.320400,DKK,-2.34,prosub,,4994183596643847628,Yes,15,SUBSCRIPTIONS,,
GPA.3347-2680-6696-69191..0,"Feb 3, 2026",5:17:02 PM PST,,Charge,,Pro Subscription (Words With Friends Solver),com.deepinkcode.wordswithfriendssolver,Subscription,prosub,,CA,BC,V4A 9H5,CAD,3.19,4.634700,DKK,14.78,prosub,,4994183596643847628,Yes,,,,
GPA.3347-2680-6696-69191..0,"Feb 3, 2026",5:17:02 PM PST,,Google fee,,Pro Subscription (Words With Friends Solver),com.deepinkcode.wordswithfriendssolver,Subscription,prosub,,CA,BC,V4A 9H5,CAD,-0.48,4.634700,DKK,-2.22,prosub,,4994183596643847628,Yes,15,SUBSCRIPTIONS,,
GPA.3396-2895-5738-35611..2,"Feb 3, 2026",6:56:09 PM PST,,Charge,,Pro Subscription (Words With Friends Solver),com.deepinkcode.wordswithfriendssolver,Subscription,prosub,,US,TX,76002,USD,2.49,6.321200,DKK,15.74,prosub,,4994183596643847628,Yes,,,,
GPA.3396-2895-5738-35611..2,"Feb 3, 2026",6:56:09 PM PST,,Google fee,,Pro Subscription (Words With Friends Solver),com.deepinkcode.wordswithfriendssolver,Subscription,prosub,,US,TX,76002,USD,-0.37,6.321200,DKK,-2.34,prosub,,4994183596643847628,Yes,15,SUBSCRIPTIONS,,
GPA.3362-0002-6821-58060,"Feb 3, 2026",7:28:17 PM PST,,Charge,,Pro Subscription (Words With Friends Solver),com.deepinkcode.wordswithfriendssolver,Subscription,prosub,panther,US,NM,88201,USD,2.49,6.315600,DKK,15.73,prosub,,4994183596643847628,Yes,,,,In-app
GPA.3362-0002-6821-58060,"Feb 3, 2026",7:28:17 PM PST,,Google fee,,Pro Subscription (Words With Friends Solver),com.deepinkcode.wordswithfriendssolver,Subscription,prosub,panther,US,NM,88201,USD,-0.37,6.315600,DKK,-2.34,prosub,,4994183596643847628,Yes,15,SUBSCRIPTIONS,,In-app
GPA.3372-6518-3807-60042,"Feb 3, 2026",8:20:26 PM PST,,Charge,,Pro Subscription (WF Solver),com.deepinkcode.wordfeudsolver,Subscription,prosub,panther,US,TX,75115,USD,2.49,6.317200,DKK,15.73,prosubmonth,,4994183596643847628,Yes,,,,In-app
GPA.3372-6518-3807-60042,"Feb 3, 2026",8:20:26 PM PST,,Google fee,,Pro Subscription (WF Solver),com.deepinkcode.wordfeudsolver,Subscription,prosub,panther,US,TX,75115,USD,-0.37,6.317200,DKK,-2.34,prosubmonth,,4994183596643847628,Yes,15,SUBSCRIPTIONS,,In-app
GPA.3381-8794-7425-61422,"Feb 3, 2026",8:43:05 PM PST,,Charge,,Pro Subscription (Words With Friends Solver),com.deepinkcode.wordswithfriendssolver,Subscription,prosub,cheetah,US,FL,32455,USD,2.49,6.317200,DKK,15.73,prosub,,4994183596643847628,Yes,,,,In-app
GPA.3381-8794-7425-61422,"Feb 3, 2026",8:43:05 PM PST,,Google fee,,Pro Subscription (Words With Friends Solver),com.deepinkcode.wordswithfriendssolver,Subscription,prosub,cheetah,US,FL,32455,USD,-0.37,6.317200,DKK,-2.34,prosub,,4994183596643847628,Yes,15,SUBSCRIPTIONS,,In-app
GPA.3302-3530-1513-58923..4,"Feb 3, 2026",8:54:17 PM PST,,Charge,,Pro Subscription (Words With Friends Solver),com.deepinkcode.wordswithfriendssolver,Subscription,prosub,,US,GA,30680,USD,1.99,6.317200,DKK,12.57,prosub,,4994183596643847628,Yes,,,,
GPA.3302-3530-1513-58923..4,"Feb 3, 2026",8:54:17 PM PST,,Google fee,,Pro Subscription (Words With Friends Solver),com.deepinkcode.wordswithfriendssolver,Subscription,prosub,,US,GA,30680,USD,-0.30,6.317200,DKK,-1.90,prosub,,4994183596643847628,Yes,15,SUBSCRIPTIONS,,
GPA.3335-9801-3024-20108..6,"Feb 3, 2026",9:23:11 PM PST,,Charge,,Pro Subscription (WF Solver),com.deepinkcode.wordfeudsolver,Subscription,prosub,,SE,,74142,SEK,23.20,0.709860,DKK,16.47,prosubmonth,,4994183596643847628,Yes,,,,
GPA.3335-9801-3024-20108..6,"Feb 3, 2026",9:23:11 PM PST,,Google fee,,Pro Subscription (WF Solver),com.deepinkcode.wordfeudsolver,Subscription,prosub,,SE,,74142,SEK,-3.48,0.709860,DKK,-2.47,prosubmonth,,4994183596643847628,Yes,15,SUBSCRIPTIONS,,
GPA.3304-9329-3393-42078..8,"Feb 3, 2026",9:34:44 PM PST,,Charge,,Pro Subscription (Words With Friends Solver),com.deepinkcode.wordswithfriendssolver,Subscription,prosub,,GB,,M26 1AQ,GBP,1.66,8.654500,DKK,14.37,prosub,,4994183596643847628,Yes,,,,
GPA.3304-9329-3393-42078..8,"Feb 3, 2026",9:34:44 PM PST,,Google fee,,Pro Subscription (Words With Friends Solver),com.deepinkcode.wordswithfriendssolver,Subscription,prosub,,GB,,M26 1AQ,GBP,-0.25,8.654500,DKK,-2.17,prosub,,4994183596643847628,Yes,15,SUBSCRIPTIONS,,
GPA.3316-9376-0528-77924,"Feb 3, 2026",9:47:04 PM PST,,Charge,,Pro (WF Solver),com.deepinkcode.wordfeudsolver,One-time product,pro,OP5F02L1,NL,,1764AV,EUR,23.96,7.468700,DKK,178.95,legacy-base,,4994183596643847628,Yes,,,,In-app
GPA.3316-9376-0528-77924,"Feb 3, 2026",9:47:04 PM PST,,Google fee,,Pro (WF Solver),com.deepinkcode.wordfeudsolver,One-time product,pro,OP5F02L1,NL,,1764AV,EUR,-3.59,7.468700,DKK,-26.81,legacy-base,,4994183596643847628,Yes,15,,,In-app
GPA.3314-5425-6263-06984..8,"Feb 3, 2026",11:22:18 PM PST,,Charge,,Pro Subscription (WF Solver),com.deepinkcode.wordfeudsolver,Subscription,prosub,,RO,,820175,RON,9.91,1.465800,DKK,14.53,prosubmonth,,4994183596643847628,Yes,,,,
GPA.3314-5425-6263-06984..8,"Feb 3, 2026",11:22:18 PM PST,,Google fee,,Pro Subscription (WF Solver),com.deepinkcode.wordfeudsolver,Subscription,prosub,,RO,,820175,RON,-1.49,1.465800,DKK,-2.19,prosubmonth,,4994183596643847628,Yes,15,SUBSCRIPTIONS,,
GPA.3318-5004-1057-48824,"Feb 4, 2026",12:44:50 AM PST,,Charge refund,Full,Pro Subscription (WF Solver),com.deepinkcode.wordfeudsolver,Subscription,prosub,a35x,NL,,8022 RR,EUR,-1.98,7.469200,DKK,-14.79,prosubmonth,,4994183596643847628,Yes,,,,In-app
GPA.3318-5004-1057-48824,"Feb 4, 2026",12:44:50 AM PST,,Google fee refund,Full,Pro Subscription (WF Solver),com.deepinkcode.wordfeudsolver,Subscription,prosub,a35x,NL,,8022 RR,EUR,0.30,7.469200,DKK,2.24,prosubmonth,,4994183596643847628,Yes,15,SUBSCRIPTIONS,,In-app
GPA.3379-0352-5158-25972..1,"Feb 4, 2026",1:01:10 AM PST,,Charge,,Pro Subscription (WF Solver),com.deepinkcode.wordfeudsolver,Subscription,prosub,,SE,,24134,SEK,22.40,0.709480,DKK,15.89,prosubmonth,,4994183596643847628,Yes,,,,
GPA.3379-0352-5158-25972..1,"Feb 4, 2026",1:01:10 AM PST,,Google fee,,Pro Subscription (WF Solver),com.deepinkcode.wordfeudsolver,Subscription,prosub,,SE,,24134,SEK,-3.36,0.709480,DKK,-2.38,prosubmonth,,4994183596643847628,Yes,15,SUBSCRIPTIONS,,
GPA.3352-8069-1943-17812..12,"Feb 4, 2026",2:45:54 AM PST,,Charge,,Pro Subscription (WF Solver),com.deepinkcode.wordfeudsolver,Subscription,prosub,,NL,,5551VX,EUR,1.98,7.469000,DKK,14.79,prosubmonth,,4994183596643847628,Yes,,,,
GPA.3352-8069-1943-17812..12,"Feb 4, 2026",2:45:54 AM PST,,Google fee,,Pro Subscription (WF Solver),com.deepinkcode.wordfeudsolver,Subscription,prosub,,NL,,5551VX,EUR,-0.30,7.469000,DKK,-2.24,prosubmonth,,4994183596643847628,Yes,15,SUBSCRIPTIONS,,
GPA.3388-4040-9061-11814..1,"Feb 4, 2026",3:09:46 AM PST,,Charge,,Pro Subscription (WF Solver),com.deepinkcode.wordfeudsolver,Subscription,prosub,,SE,,713 33,SEK,22.40,0.705930,DKK,15.81,prosubmonth,,4994183596643847628,Yes,,,,
GPA.3388-4040-9061-11814..1,"Feb 4, 2026",3:09:46 AM PST,,Google fee,,Pro Subscription (WF Solver),com.deepinkcode.wordfeudsolver,Subscription,prosub,,SE,,713 33,SEK,-3.36,0.705930,DKK,-2.37,prosubmonth,,4994183596643847628,Yes,15,SUBSCRIPTIONS,,
GPA.3328-7525-0225-20940..11,"Feb 4, 2026",3:24:15 AM PST,,Charge,,Pro Subscription (WF Solver),com.deepinkcode.wordfeudsolver,Subscription,prosub,,NO,,2345,NOK,24.00,0.655130,DKK,15.72,prosubmonth,,4994183596643847628,Yes,,,,
GPA.3328-7525-0225-20940..11,"Feb 4, 2026",3:24:15 AM PST,,Google fee,,Pro Subscription (WF Solver),com.deepinkcode.wordfeudsolver,Subscription,prosub,,NO,,2345,NOK,-3.60,0.655130,DKK,-2.36,prosubmonth,,4994183596643847628,Yes,15,SUBSCRIPTIONS,,
GPA.3336-2930-2372-01791,"Feb 4, 2026",5:41:35 AM PST,,Charge,,Pro Subscription (WF Solver),com.deepinkcode.wordfeudsolver,Subscription,prosub,OP515BL1,SE,,45694,SEK,22.40,0.706300,DKK,15.82,prosubmonth,,4994183596643847628,Yes,,,,In-app
GPA.3336-2930-2372-01791,"Feb 4, 2026",5:41:35 AM PST,,Google fee,,Pro Subscription (WF Solver),com.deepinkcode.wordfeudsolver,Subscription,prosub,OP515BL1,SE,,45694,SEK,-3.36,0.706300,DKK,-2.37,prosubmonth,,4994183596643847628,Yes,15,SUBSCRIPTIONS,,In-app
GPA.3382-7194-5979-69798,"Feb 4, 2026",6:28:05 AM PST,,Charge,,Pro Subscription (WF Solver),com.deepinkcode.wordfeudsolver,Subscription,prosub,a35x,NL,,8022 RR,EUR,1.98,7.467300,DKK,14.79,prosubmonth,,4994183596643847628,Yes,,,,In-app
GPA.3382-7194-5979-69798,"Feb 4, 2026",6:28:05 AM PST,,Google fee,,Pro Subscription (WF Solver),com.deepinkcode.wordfeudsolver,Subscription,prosub,a35x,NL,,8022 RR,EUR,-0.30,7.467300,DKK,-2.24,prosubmonth,,4994183596643847628,Yes,15,SUBSCRIPTIONS,,In-app
GPA.3301-3583-1220-29948..10,"Feb 4, 2026",7:09:45 AM PST,,Charge,,Pro Subscription (WF Solver),com.deepinkcode.wordfeudsolver,Subscription,prosub,,NL,,3437NM,EUR,1.98,7.467000,DKK,14.78,prosubmonth,,4994183596643847628,Yes,,,,
GPA.3301-3583-1220-29948..10,"Feb 4, 2026",7:09:45 AM PST,,Google fee,,Pro Subscription (WF Solver),com.deepinkcode.wordfeudsolver,Subscription,prosub,,NL,,3437NM,EUR,-0.30,7.467000,DKK,-2.24,prosubmonth,,4994183596643847628,Yes,15,SUBSCRIPTIONS,,
GPA.3380-9574-4126-06868..2,"Feb 4, 2026",7:27:10 AM PST,,Charge,,Pro Subscription (WF Solver),com.deepinkcode.wordfeudsolver,Subscription,prosub,,DK,,5000,DKK,15.20,1.000000,DKK,15.20,prosubmonth,,4994183596643847628,Yes,,,,
GPA.3380-9574-4126-06868..2,"Feb 4, 2026",7:27:10 AM PST,,Google fee,,Pro Subscription (WF Solver),com.deepinkcode.wordfeudsolver,Subscription,prosub,,DK,,5000,DKK,-2.28,1.000000,DKK,-2.28,prosubmonth,,4994183596643847628,Yes,15,SUBSCRIPTIONS,,
GPA.3330-5943-3185-81053..10,"Feb 4, 2026",8:56:19 AM PST,,Charge,,Pro Subscription (WF Solver),com.deepinkcode.wordfeudsolver,Subscription,prosub,,US,MO,63112,USD,1.99,6.319000,DKK,12.57,prosubmonth,,4994183596643847628,Yes,,,,
GPA.3330-5943-3185-81053..10,"Feb 4, 2026",8:56:19 AM PST,,Google fee,,Pro Subscription (WF Solver),com.deepinkcode.wordfeudsolver,Subscription,prosub,,US,MO,63112,USD,-0.30,6.319000,DKK,-1.90,prosubmonth,,4994183596643847628,Yes,15,SUBSCRIPTIONS,,
GPA.3344-7794-5758-28839..1,"Feb 4, 2026",9:28:36 AM PST,,Charge,,Pro Subscription (WF Solver),com.deepinkcode.wordfeudsolver,Subscription,prosub,,SE,,41833,SEK,22.40,0.702700,DKK,15.74,prosubmonth,,4994183596643847628,Yes,,,,
GPA.3344-7794-5758-28839..1,"Feb 4, 2026",9:28:36 AM PST,,Google fee,,Pro Subscription (WF Solver),com.deepinkcode.wordfeudsolver,Subscription,prosub,,SE,,41833,SEK,-3.36,0.702700,DKK,-2.36,prosubmonth,,4994183596643847628,Yes,15,SUBSCRIPTIONS,,
GPA.3356-9638-0900-53841..11,"Feb 4, 2026",11:23:16 AM PST,,Charge,,Pro Subscription (WF Solver),com.deepinkcode.wordfeudsolver,Subscription,prosub,,US,CT,06385,USD,1.99,6.329800,DKK,12.60,prosubmonth,,4994183596643847628,Yes,,,,
GPA.3356-9638-0900-53841..11,"Feb 4, 2026",11:23:16 AM PST,,Google fee,,Pro Subscription (WF Solver),com.deepinkcode.wordfeudsolver,Subscription,prosub,,US,CT,06385,USD,-0.30,6.329800,DKK,-1.90,prosubmonth,,4994183596643847628,Yes,15,SUBSCRIPTIONS,,
GPA.3351-5053-8380-57219,"Feb 4, 2026",1:07:52 PM PST,,Charge,,Pro Subscription (WF Solver),com.deepinkcode.wordfeudsolver,Subscription,prosub,e3q,NL,,8016 MZ,EUR,1.98,7.467200,DKK,14.79,prosubmonth,,4994183596643847628,Yes,,,,In-app
GPA.3351-5053-8380-57219,"Feb 4, 2026",1:07:52 PM PST,,Google fee,,Pro Subscription (WF Solver),com.deepinkcode.wordfeudsolver,Subscription,prosub,e3q,NL,,8016 MZ,EUR,-0.30,7.467200,DKK,-2.25,prosubmonth,,4994183596643847628,Yes,15,SUBSCRIPTIONS,,In-app
GPA.3307-9568-7619-63730,"Feb 4, 2026",1:53:29 PM PST,,Charge,,Pro Subscription (WF Solver),com.deepinkcode.wordfeudsolver,Subscription,prosub,e1s,FR,,20090,EUR,1.99,7.467200,DKK,14.86,prosubmonth,,4994183596643847628,Yes,,,,In-app
GPA.3307-9568-7619-63730,"Feb 4, 2026",1:53:29 PM PST,,Google fee,,Pro Subscription (WF Solver),com.deepinkcode.wordfeudsolver,Subscription,prosub,e1s,FR,,20090,EUR,-0.30,7.467200,DKK,-2.24,prosubmonth,,4994183596643847628,Yes,15,SUBSCRIPTIONS,,In-app
GPA.3304-6003-4056-66477..0,"Feb 4, 2026",1:59:43 PM PST,,Charge,,Pro Subscription (WF Solver),com.deepinkcode.wordfeudsolver,Subscription,prosub,,SE,,85630,SEK,22.40,0.703690,DKK,15.76,prosubmonth,,4994183596643847628,Yes,,,,
GPA.3304-6003-4056-66477..0,"Feb 4, 2026",1:59:43 PM PST,,Google fee,,Pro Subscription (WF Solver),com.deepinkcode.wordfeudsolver,Subscription,prosub,,SE,,85630,SEK,-3.36,0.703690,DKK,-2.36,prosubmonth,,4994183596643847628,Yes,15,SUBSCRIPTIONS,,
GPA.3332-5228-4772-98654..1,"Feb 4, 2026",4:57:24 PM PST,,Charge,,Pro Subscription (Words With Friends Solver),com.deepinkcode.wordswithfriendssolver,Subscription,prosub,,US,NY,14741,USD,2.49,6.324400,DKK,15.75,prosub,,4994183596643847628,Yes,,,,
GPA.3332-5228-4772-98654..1,"Feb 4, 2026",4:57:24 PM PST,,Google fee,,Pro Subscription (Words With Friends Solver),com.deepinkcode.wordswithfriendssolver,Subscription,prosub,,US,NY,14741,USD,-0.37,6.324400,DKK,-2.34,prosub,,4994183596643847628,Yes,15,SUBSCRIPTIONS,,
GPA.3354-0217-9258-97750..9,"Feb 4, 2026",5:46:55 PM PST,,Charge,,Pro Subscription (WF Solver),com.deepinkcode.wordfeudsolver,Subscription,prosub,,US,DE,19701,USD,1.99,6.328800,DKK,12.59,prosubmonth,,4994183596643847628,Yes,,,,
GPA.3354-0217-9258-97750..9,"Feb 4, 2026",5:46:55 PM PST,,Google fee,,Pro Subscription (WF Solver),com.deepinkcode.wordfeudsolver,Subscription,prosub,,US,DE,19701,USD,-0.30,6.328800,DKK,-1.90,prosubmonth,,4994183596643847628,Yes,15,SUBSCRIPTIONS,,
GPA.3360-7004-1862-76019..10,"Feb 4, 2026",6:39:53 PM PST,,Charge,,Pro Subscription (Words With Friends Solver),com.deepinkcode.wordswithfriendssolver,Subscription,prosub,,US,FL,33066,USD,1.99,6.326400,DKK,12.59,prosub,,4994183596643847628,Yes,,,,
GPA.3360-7004-1862-76019..10,"Feb 4, 2026",6:39:53 PM PST,,Google fee,,Pro Subscription (Words With Friends Solver),com.deepinkcode.wordswithfriendssolver,Subscription,prosub,,US,FL,33066,USD,-0.30,6.326400,DKK,-1.90,prosub,,4994183596643847628,Yes,15,SUBSCRIPTIONS,,
GPA.3345-5971-8291-28363,"Feb 4, 2026",6:52:35 PM PST,,Charge refund,Full,Pro Subscription (WF Solver),com.deepinkcode.wordfeudsolver,Subscription,prosub,dm3q,DK,,5883,DKK,-15.20,1.000000,DKK,-15.20,prosubmonth,,4994183596643847628,Yes,,,,Play store
GPA.3345-5971-8291-28363,"Feb 4, 2026",6:52:35 PM PST,,Google fee refund,Full,Pro Subscription (WF Solver),com.deepinkcode.wordfeudsolver,Subscription,prosub,dm3q,DK,,5883,DKK,2.28,1.000000,DKK,2.28,prosubmonth,,4994183596643847628,Yes,15,SUBSCRIPTIONS,,Play store
GPA.3330-0763-5599-74481..4,"Feb 4, 2026",8:31:07 PM PST,,Charge,,Pro Subscription (WF Solver),com.deepinkcode.wordfeudsolver,Subscription,prosub,,DK,,9500,DKK,15.20,1.000000,DKK,15.20,prosubmonth,,4994183596643847628,Yes,,,,
GPA.3330-0763-5599-74481..4,"Feb 4, 2026",8:31:07 PM PST,,Google fee,,Pro Subscription (WF Solver),com.deepinkcode.wordfeudsolver,Subscription,prosub,,DK,,9500,DKK,-2.28,1.000000,DKK,-2.28,prosubmonth,,4994183596643847628,Yes,15,SUBSCRIPTIONS,,
GPA.3321-5433-2474-01277..5,"Feb 4, 2026",10:41:17 PM PST,,Charge,,Pro Subscription (WF Solver),com.deepinkcode.wordfeudsolver,Subscription,prosub,,NL,,5702 SR,EUR,1.98,7.468100,DKK,14.79,prosubmonth,,4994183596643847628,Yes,,,,
GPA.3321-5433-2474-01277..5,"Feb 4, 2026",10:41:17 PM PST,,Google fee,,Pro Subscription (WF Solver),com.deepinkcode.wordfeudsolver,Subscription,prosub,,NL,,5702 SR,EUR,-0.30,7.468100,DKK,-2.24,prosubmonth,,4994183596643847628,Yes,15,SUBSCRIPTIONS,,
GPA.3363-4002-0604-46397..0,"Feb 4, 2026",11:12:53 PM PST,,Charge,,Pro Subscription (WF Solver),com.deepinkcode.wordfeudsolver,Subscription,prosub,,US,TX,77520,USD,2.49,6.334400,DKK,15.77,prosubmonth,,4994183596643847628,Yes,,,,
GPA.3363-4002-0604-46397..0,"Feb 4, 2026",11:12:53 PM PST,,Google fee,,Pro Subscription (WF Solver),com.deepinkcode.wordfeudsolver,Subscription,prosub,,US,TX,77520,USD,-0.37,6.334400,DKK,-2.34,prosubmonth,,4994183596643847628,Yes,15,SUBSCRIPTIONS,,
GPA.3337-5844-5685-06238..5,"Feb 4, 2026",11:13:42 PM PST,,Charge,,Pro Subscription (WF Solver),com.deepinkcode.wordfeudsolver,Subscription,prosub,,SE,,171 73,SEK,22.40,0.703380,DKK,15.76,prosubmonth,,4994183596643847628,Yes,,,,
GPA.3337-5844-5685-06238..5,"Feb 4, 2026",11:13:42 PM PST,,Google fee,,Pro Subscription (WF Solver),com.deepinkcode.wordfeudsolver,Subscription,prosub,,SE,,171 73,SEK,-3.36,0.703380,DKK,-2.37,prosubmonth,,4994183596643847628,Yes,15,SUBSCRIPTIONS,,
GPA.3355-4311-7210-93177,"Feb 4, 2026",11:51:45 PM PST,,Charge,,Pro Subscription (WF Solver),com.deepinkcode.wordfeudsolver,Subscription,prosub,komodo,DK,,5700,DKK,15.20,1.000000,DKK,15.20,prosubmonth,,4994183596643847628,Yes,,,,In-app
GPA.3355-4311-7210-93177,"Feb 4, 2026",11:51:45 PM PST,,Google fee,,Pro Subscription (WF Solver),com.deepinkcode.wordfeudsolver,Subscription,prosub,komodo,DK,,5700,DKK,-2.28,1.000000,DKK,-2.28,prosubmonth,,4994183596643847628,Yes,15,SUBSCRIPTIONS,,In-app
GPA.3323-8433-0656-44607..0,"Feb 4, 2026",11:54:54 PM PST,,Charge,,Pro Subscription (WF Solver),com.deepinkcode.wordfeudsolver,Subscription,prosub,,SE,,70592,SEK,22.40,0.703380,DKK,15.76,prosubmonth,,4994183596643847628,Yes,,,,
GPA.3323-8433-0656-44607..0,"Feb 4, 2026",11:54:54 PM PST,,Google fee,,Pro Subscription (WF Solver),com.deepinkcode.wordfeudsolver,Subscription,prosub,,SE,,70592,SEK,-3.36,0.703380,DKK,-2.37,prosubmonth,,4994183596643847628,Yes,15,SUBSCRIPTIONS,,
GPA.3383-7237-8454-09808..5,"Feb 5, 2026",12:34:26 AM PST,,Charge,,Pro Subscription (WF Solver),com.deepinkcode.wordfeudsolver,Subscription,prosub,,DK,,8361,DKK,15.20,1.000000,DKK,15.20,prosubmonth,,4994183596643847628,Yes,,,,
GPA.3383-7237-8454-09808..5,"Feb 5, 2026",12:34:26 AM PST,,Google fee,,Pro Subscription (WF Solver),com.deepinkcode.wordfeudsolver,Subscription,prosub,,DK,,8361,DKK,-2.28,1.000000,DKK,-2.28,prosubmonth,,4994183596643847628,Yes,15,SUBSCRIPTIONS,,
GPA.3333-6315-2696-39747..8,"Feb 5, 2026",1:14:27 AM PST,,Charge,,Pro Subscription (WF Solver),com.deepinkcode.wordfeudsolver,Subscription,prosub,,NL,,5912 KJ,EUR,1.98,7.467500,DKK,14.79,prosubmonth,,4994183596643847628,Yes,,,,
GPA.3333-6315-2696-39747..8,"Feb 5, 2026",1:14:27 AM PST,,Google fee,,Pro Subscription (WF Solver),com.deepinkcode.wordfeudsolver,Subscription,prosub,,NL,,5912 KJ,EUR,-0.30,7.467500,DKK,-2.24,prosubmonth,,4994183596643847628,Yes,15,SUBSCRIPTIONS,,
GPA.3364-6526-8368-40220..11,"Feb 5, 2026",1:39:48 AM PST,,Charge,,Pro Subscription (WF Solver),com.deepinkcode.wordfeudsolver,Subscription,prosub,,DK,,4180,DKK,15.20,1.000000,DKK,15.20,prosubmonth,,4994183596643847628,Yes,,,,
GPA.3364-6526-8368-40220..11,"Feb 5, 2026",1:39:48 AM PST,,Google fee,,Pro Subscription (WF Solver),com.deepinkcode.wordfeudsolver,Subscription,prosub,,DK,,4180,DKK,-2.28,1.000000,DKK,-2.28,prosubmonth,,4994183596643847628,Yes,15,SUBSCRIPTIONS,,
GPA.3309-8766-3185-95225,"Feb 5, 2026",2:38:53 AM PST,,Charge,,Pro Subscription (WF Solver),com.deepinkcode.wordfeudsolver,Subscription,prosub,OP594DL1,BE,,2880,EUR,1.98,7.467100,DKK,14.78,prosubmonth,,4994183596643847628,Yes,,,,In-app
GPA.3309-8766-3185-95225,"Feb 5, 2026",2:38:53 AM PST,,Google fee,,Pro Subscription (WF Solver),com.deepinkcode.wordfeudsolver,Subscription,prosub,OP594DL1,BE,,2880,EUR,-0.30,7.467100,DKK,-2.24,prosubmonth,,4994183596643847628,Yes,15,SUBSCRIPTIONS,,In-app
GPA.3336-7042-9594-17722,"Feb 5, 2026",4:50:52 AM PST,,Charge,,Pro Subscription (WF Solver),com.deepinkcode.wordfeudsolver,Subscription,prosub,e3q,NL,,1826JW,EUR,1.98,7.466300,DKK,14.78,prosubmonth,,4994183596643847628,Yes,,,,In-app
GPA.3336-7042-9594-17722,"Feb 5, 2026",4:50:52 AM PST,,Google fee,,Pro Subscription (WF Solver),com.deepinkcode.wordfeudsolver,Subscription,prosub,e3q,NL,,1826JW,EUR,-0.30,7.466300,DKK,-2.24,prosubmonth,,4994183596643847628,Yes,15,SUBSCRIPTIONS,,In-app
GPA.3340-6680-4993-74868..3,"Feb 5, 2026",5:09:09 AM PST,,Charge,,Pro Subscription (Words With Friends Solver),com.deepinkcode.wordswithfriendssolver,Subscription,prosub,,US,FL,32712,USD,2.49,6.332600,DKK,15.77,prosub,,4994183596643847628,Yes,,,,
GPA.3340-6680-4993-74868..3,"Feb 5, 2026",5:09:09 AM PST,,Google fee,,Pro Subscription (Words With Friends Solver),com.deepinkcode.wordswithfriendssolver,Subscription,prosub,,US,FL,32712,USD,-0.37,6.332600,DKK,-2.34,prosub,,4994183596643847628,Yes,15,SUBSCRIPTIONS,,
GPA.3314-8769-3656-20266..1,"Feb 5, 2026",5:25:28 AM PST,,Charge,,Pro Subscription (WF Solver),com.deepinkcode.wordfeudsolver,Subscription,prosub,,NL,,2282BJ,EUR,1.98,7.465900,DKK,14.78,prosubmonth,,4994183596643847628,Yes,,,,
GPA.3314-8769-3656-20266..1,"Feb 5, 2026",5:25:28 AM PST,,Google fee,,Pro Subscription (WF Solver),com.deepinkcode.wordfeudsolver,Subscription,prosub,,NL,,2282BJ,EUR,-0.30,7.465900,DKK,-2.24,prosubmonth,,4994183596643847628,Yes,15,SUBSCRIPTIONS,,
GPA.3379-9951-4367-01461,"Feb 5, 2026",5:29:16 AM PST,,Charge,,Pro Subscription (WF Solver),com.deepinkcode.wordfeudsolver,Subscription,prosub,dm3q,US,WI,54304,USD,2.49,6.332600,DKK,15.77,prosubmonth,,4994183596643847628,Yes,,,,In-app
GPA.3379-9951-4367-01461,"Feb 5, 2026",5:29:16 AM PST,,Google fee,,Pro Subscription (WF Solver),com.deepinkcode.wordfeudsolver,Subscription,prosub,dm3q,US,WI,54304,USD,-0.37,6.332600,DKK,-2.34,prosubmonth,,4994183596643847628,Yes,15,SUBSCRIPTIONS,,In-app
GPA.3362-3905-4735-13436,"Feb 5, 2026",6:15:44 AM PST,,Charge,,Pro Subscription (WF Solver),com.deepinkcode.wordfeudsolver,Subscription,prosub,dm3q,DK,,5883,DKK,15.20,1.000000,DKK,15.20,prosubmonth,,4994183596643847628,Yes,,,,In-app
GPA.3362-3905-4735-13436,"Feb 5, 2026",6:15:44 AM PST,,Google fee,,Pro Subscription (WF Solver),com.deepinkcode.wordfeudsolver,Subscription,prosub,dm3q,DK,,5883,DKK,-2.28,1.000000,DKK,-2.28,prosubmonth,,4994183596643847628,Yes,15,SUBSCRIPTIONS,,In-app
GPA.3393-8723-7070-63041..8,"Feb 5, 2026",7:10:04 AM PST,,Charge,,Pro Subscription (WF Solver),com.deepinkcode.wordfeudsolver,Subscription,prosub,,SE,,16868,SEK,23.20,0.701260,DKK,16.27,prosubmonth,,4994183596643847628,Yes,,,,
GPA.3393-8723-7070-63041..8,"Feb 5, 2026",7:10:04 AM PST,,Google fee,,Pro Subscription (WF Solver),com.deepinkcode.wordfeudsolver,Subscription,prosub,,SE,,16868,SEK,-3.48,0.701260,DKK,-2.44,prosubmonth,,4994183596643847628,Yes,15,SUBSCRIPTIONS,,
GPA.3368-7247-4336-85169,"Feb 5, 2026",9:54:00 AM PST,,Charge,,Pro Subscription (Scrabble GO Cheat),com.deepinkcode.scrabblegocheat,Subscription,prosub,pa1q,FR,,54610,EUR,1.99,7.466500,DKK,14.86,prosubmonth,,4994183596643847628,Yes,,,,In-app
GPA.3368-7247-4336-85169,"Feb 5, 2026",9:54:00 AM PST,,Google fee,,Pro Subscription (Scrabble GO Cheat),com.deepinkcode.scrabblegocheat,Subscription,prosub,pa1q,FR,,54610,EUR,-0.30,7.466500,DKK,-2.24,prosubmonth,,4994183596643847628,Yes,15,SUBSCRIPTIONS,,In-app
GPA.3362-9897-9879-34912..2,"Feb 5, 2026",10:04:24 AM PST,,Charge,,Pro Subscription (Words With Friends Solver),com.deepinkcode.wordswithfriendssolver,Subscription,prosub,,US,FL,32257,USD,2.49,6.326600,DKK,15.75,prosub,,4994183596643847628,Yes,,,,
GPA.3362-9897-9879-34912..2,"Feb 5, 2026",10:04:24 AM PST,,Google fee,,Pro Subscription (Words With Friends Solver),com.deepinkcode.wordswithfriendssolver,Subscription,prosub,,US,FL,32257,USD,-0.37,6.326600,DKK,-2.34,prosub,,4994183596643847628,Yes,15,SUBSCRIPTIONS,,
GPA.3383-9433-8469-65145..14,"Feb 5, 2026",10:21:50 AM PST,,Charge,,Pro Subscription (WF Solver),com.deepinkcode.wordfeudsolver,Subscription,prosub,,SE,,41266,SEK,23.20,0.701760,DKK,16.28,prosubmonth,,4994183596643847628,Yes,,,,
GPA.3383-9433-8469-65145..14,"Feb 5, 2026",10:21:50 AM PST,,Google fee,,Pro Subscription (WF Solver),com.deepinkcode.wordfeudsolver,Subscription,prosub,,SE,,41266,SEK,-3.48,0.701760,DKK,-2.44,prosubmonth,,4994183596643847628,Yes,15,SUBSCRIPTIONS,,
GPA.3320-3544-0965-39827..4,"Feb 5, 2026",10:55:30 AM PST,,Charge,,Pro Subscription (WF Solver),com.deepinkcode.wordfeudsolver,Subscription,prosub,,DK,,3140,DKK,15.20,1.000000,DKK,15.20,prosubmonth,,4994183596643847628,Yes,,,,
GPA.3320-3544-0965-39827..4,"Feb 5, 2026",10:55:30 AM PST,,Google fee,,Pro Subscription (WF Solver),com.deepinkcode.wordfeudsolver,Subscription,prosub,,DK,,3140,DKK,-2.28,1.000000,DKK,-2.28,prosubmonth,,4994183596643847628,Yes,15,SUBSCRIPTIONS,,
GPA.3326-1474-1830-97333,"Feb 5, 2026",11:22:59 AM PST,,Charge,,Pro Subscription (WF Solver),com.deepinkcode.wordfeudsolver,Subscription,prosub,dm1q,DK,,4160,DKK,15.20,1.000000,DKK,15.20,prosubmonth,,4994183596643847628,Yes,,,,In-app
GPA.3326-1474-1830-97333,"Feb 5, 2026",11:22:59 AM PST,,Google fee,,Pro Subscription (WF Solver),com.deepinkcode.wordfeudsolver,Subscription,prosub,dm1q,DK,,4160,DKK,-2.28,1.000000,DKK,-2.28,prosubmonth,,4994183596643847628,Yes,15,SUBSCRIPTIONS,,In-app
GPA.3397-8004-6422-67173..2,"Feb 5, 2026",12:16:56 PM PST,,Charge,,Pro Subscription (Scrabble GO Cheat),com.deepinkcode.scrabblegocheat,Subscription,prosub,,US,MN,55421,USD,2.49,6.331000,DKK,15.76,prosubmonth,,4994183596643847628,Yes,,,,
GPA.3397-8004-6422-67173..2,"Feb 5, 2026",12:16:56 PM PST,,Google fee,,Pro Subscription (Scrabble GO Cheat),com.deepinkcode.scrabblegocheat,Subscription,prosub,,US,MN,55421,USD,-0.37,6.331000,DKK,-2.34,prosubmonth,,4994183596643847628,Yes,15,SUBSCRIPTIONS,,
GPA.3364-7089-7358-42866..0,"Feb 5, 2026",2:07:57 PM PST,,Charge,,Pro Subscription (WF Solver),com.deepinkcode.wordfeudsolver,Subscription,prosub,,NL,,2033 DD,EUR,1.98,7.467200,DKK,14.79,prosubmonth,,4994183596643847628,Yes,,,,
GPA.3364-7089-7358-42866..0,"Feb 5, 2026",2:07:57 PM PST,,Google fee,,Pro Subscription (WF Solver),com.deepinkcode.wordfeudsolver,Subscription,prosub,,NL,,2033 DD,EUR,-0.30,7.467200,DKK,-2.25,prosubmonth,,4994183596643847628,Yes,15,SUBSCRIPTIONS,,
GPA.3358-5452-3185-08456,"Feb 5, 2026",4:35:16 PM PST,,Charge,,Pro Subscription (WF Solver),com.deepinkcode.wordfeudsolver,Subscription,prosub,e3q,DK,,5672,DKK,15.20,1.000000,DKK,15.20,prosubmonth,,4994183596643847628,Yes,,,,In-app
GPA.3358-5452-3185-08456,"Feb 5, 2026",4:35:16 PM PST,,Google fee,,Pro Subscription (WF Solver),com.deepinkcode.wordfeudsolver,Subscription,prosub,e3q,DK,,5672,DKK,-2.28,1.000000,DKK,-2.28,prosubmonth,,4994183596643847628,Yes,15,SUBSCRIPTIONS,,In-app
GPA.3373-2116-9579-01627,"Feb 5, 2026",6:36:07 PM PST,,Charge,,Pro Subscription (WF Solver),com.deepinkcode.wordfeudsolver,Subscription,prosub,b0s,NO,,1523,NOK,24.00,0.645830,DKK,15.50,prosubmonth,,4994183596643847628,Yes,,,,In-app
GPA.3373-2116-9579-01627,"Feb 5, 2026",6:36:07 PM PST,,Google fee,,Pro Subscription (WF Solver),com.deepinkcode.wordfeudsolver,Subscription,prosub,b0s,NO,,1523,NOK,-3.60,0.645830,DKK,-2.33,prosubmonth,,4994183596643847628,Yes,15,SUBSCRIPTIONS,,In-app
GPA.3306-3268-0671-98919,"Feb 5, 2026",8:14:49 PM PST,,Charge,,Pro Subscription (WF Solver),com.deepinkcode.wordfeudsolver,Subscription,prosub,a52sxq,SE,,81470,SEK,22.40,0.699840,DKK,15.68,prosubmonth,,4994183596643847628,Yes,,,,In-app
GPA.3306-3268-0671-98919,"Feb 5, 2026",8:14:49 PM PST,,Google fee,,Pro Subscription (WF Solver),com.deepinkcode.wordfeudsolver,Subscription,prosub,a52sxq,SE,,81470,SEK,-3.36,0.699840,DKK,-2.36,prosubmonth,,4994183596643847628,Yes,15,SUBSCRIPTIONS,,In-app
GPA.3336-4589-1314-98831..0,"Feb 5, 2026",11:26:44 PM PST,,Charge,,Pro Subscription (WF Solver),com.deepinkcode.wordfeudsolver,Subscription,prosub,,SE,,21125,SEK,22.40,0.700600,DKK,15.69,prosubmonth,,4994183596643847628,Yes,,,,
GPA.3336-4589-1314-98831..0,"Feb 5, 2026",11:26:44 PM PST,,Google fee,,Pro Subscription (WF Solver),com.deepinkcode.wordfeudsolver,Subscription,prosub,,SE,,21125,SEK,-3.36,0.700600,DKK,-2.35,prosubmonth,,4994183596643847628,Yes,15,SUBSCRIPTIONS,,
GPA.3394-3456-8767-34681,"Feb 5, 2026",11:38:50 PM PST,,Charge,,Pro Subscription (WF Solver),com.deepinkcode.wordfeudsolver,Subscription,prosub,pa2q,NL,,2411 TE,EUR,1.98,7.467600,DKK,14.79,prosubmonth,,4994183596643847628,Yes,,,,In-app
GPA.3394-3456-8767-34681,"Feb 5, 2026",11:38:50 PM PST,,Google fee,,Pro Subscription (WF Solver),com.deepinkcode.wordfeudsolver,Subscription,prosub,pa2q,NL,,2411 TE,EUR,-0.30,7.467600,DKK,-2.24,prosubmonth,,4994183596643847628,Yes,15,SUBSCRIPTIONS,,In-app
GPA.3304-4038-2821-01376,"Feb 5, 2026",11:38:57 PM PST,,Charge,,Pro Subscription (Words With Friends Solver),com.deepinkcode.wordswithfriendssolver,Subscription,prosub,garnet,FR,,84840,EUR,1.99,7.467600,DKK,14.86,prosub,,4994183596643847628,Yes,,,,In-app
GPA.3304-4038-2821-01376,"Feb 5, 2026",11:38:57 PM PST,,Google fee,,Pro Subscription (Words With Friends Solver),com.deepinkcode.wordswithfriendssolver,Subscription,prosub,garnet,FR,,84840,EUR,-0.30,7.467600,DKK,-2.24,prosub,,4994183596643847628,Yes,15,SUBSCRIPTIONS,,In-app
GPA.3310-3678-6981-30334,"Feb 6, 2026",3:10:37 AM PST,,Charge,,Pro Subscription (WF Solver),com.deepinkcode.wordfeudsolver,Subscription,prosub,r9q,SE,,784 44,SEK,22.40,0.699670,DKK,15.67,prosubmonth,,4994183596643847628,Yes,,,,In-app
GPA.3310-3678-6981-30334,"Feb 6, 2026",3:10:37 AM PST,,Google fee,,Pro Subscription (WF Solver),com.deepinkcode.wordfeudsolver,Subscription,prosub,r9q,SE,,784 44,SEK,-3.36,0.699670,DKK,-2.35,prosubmonth,,4994183596643847628,Yes,15,SUBSCRIPTIONS,,In-app
GPA.3305-6079-3577-38237..5,"Feb 6, 2026",4:17:26 AM PST,,Charge,,Pro Subscription (WF Solver),com.deepinkcode.wordfeudsolver,Subscription,prosub,,GB,,DH78NB,GBP,1.74,8.598700,DKK,14.96,prosubmonth,,4994183596643847628,Yes,,,,
GPA.3305-6079-3577-38237..5,"Feb 6, 2026",4:17:26 AM PST,,Google fee,,Pro Subscription (WF Solver),com.deepinkcode.wordfeudsolver,Subscription,prosub,,GB,,DH78NB,GBP,-0.26,8.598700,DKK,-2.23,prosubmonth,,4994183596643847628,Yes,15,SUBSCRIPTIONS,,
GPA.3327-3681-1720-39668..12,"Feb 6, 2026",4:35:22 AM PST,,Charge,,Pro Subscription (WF Solver),com.deepinkcode.wordfeudsolver,Subscription,prosub,,NL,,0621ER,EUR,1.98,7.467100,DKK,14.78,prosubmonth,,4994183596643847628,Yes,,,,
GPA.3327-3681-1720-39668..12,"Feb 6, 2026",4:35:22 AM PST,,Google fee,,Pro Subscription (WF Solver),com.deepinkcode.wordfeudsolver,Subscription,prosub,,NL,,0621ER,EUR,-0.30,7.467100,DKK,-2.24,prosubmonth,,4994183596643847628,Yes,15,SUBSCRIPTIONS,,
GPA.3312-3478-6904-38987,"Feb 6, 2026",5:34:55 AM PST,,Charge,,Pro Subscription (WF Solver),com.deepinkcode.wordfeudsolver,Subscription,prosub,lake,SE,,532 35,SEK,22.40,0.699860,DKK,15.68,prosubmonth,,4994183596643847628,Yes,,,,In-app
GPA.3312-3478-6904-38987,"Feb 6, 2026",5:34:55 AM PST,,Google fee,,Pro Subscription (WF Solver),com.deepinkcode.wordfeudsolver,Subscription,prosub,lake,SE,,532 35,SEK,-3.36,0.699860,DKK,-2.35,prosubmonth,,4994183596643847628,Yes,15,SUBSCRIPTIONS,,In-app
GPA.3308-5562-3356-20165..1,"Feb 6, 2026",5:48:53 AM PST,,Charge,,Pro Subscription (WF Solver),com.deepinkcode.wordfeudsolver,Subscription,prosub,,NO,,3735,NOK,24.00,0.651460,DKK,15.64,prosubmonth,,4994183596643847628,Yes,,,,
GPA.3308-5562-3356-20165..1,"Feb 6, 2026",5:48:53 AM PST,,Google fee,,Pro Subscription (WF Solver),com.deepinkcode.wordfeudsolver,Subscription,prosub,,NO,,3735,NOK,-3.60,0.651460,DKK,-2.35,prosubmonth,,4994183596643847628,Yes,15,SUBSCRIPTIONS,,
GPA.3330-5336-6111-11490..0,"Feb 6, 2026",6:48:04 AM PST,,Charge,,Pro Subscription (WF Solver),com.deepinkcode.wordfeudsolver,Subscription,prosub,,SE,,80433,SEK,22.40,0.699530,DKK,15.67,prosubmonth,,4994183596643847628,Yes,,,,
GPA.3330-5336-6111-11490..0,"Feb 6, 2026",6:48:04 AM PST,,Google fee,,Pro Subscription (WF Solver),com.deepinkcode.wordfeudsolver,Subscription,prosub,,SE,,80433,SEK,-3.36,0.699530,DKK,-2.35,prosubmonth,,4994183596643847628,Yes,15,SUBSCRIPTIONS,,
GPA.3329-7890-1102-76515..0,"Feb 6, 2026",7:12:51 AM PST,,Charge,,Pro Subscription (WF Solver),com.deepinkcode.wordfeudsolver,Subscription,prosub,,NL,,6991WV,EUR,1.98,7.467200,DKK,14.79,prosubmonth,,4994183596643847628,Yes,,,,
GPA.3329-7890-1102-76515..0,"Feb 6, 2026",7:12:51 AM PST,,Google fee,,Pro Subscription (WF Solver),com.deepinkcode.wordfeudsolver,Subscription,prosub,,NL,,6991WV,EUR,-0.30,7.467200,DKK,-2.25,prosubmonth,,4994183596643847628,Yes,15,SUBSCRIPTIONS,,
GPA.3325-8671-2672-09864,"Feb 6, 2026",7:14:39 AM PST,,Charge,,Pro Subscription (WF Solver),com.deepinkcode.wordfeudsolver,Subscription,prosub,e3q,NL,,8303 AS,EUR,1.98,7.467200,DKK,14.79,prosubmonth,,4994183596643847628,Yes,,,,In-app
GPA.3325-8671-2672-09864,"Feb 6, 2026",7:14:39 AM PST,,Google fee,,Pro Subscription (WF Solver),com.deepinkcode.wordfeudsolver,Subscription,prosub,e3q,NL,,8303 AS,EUR,-0.30,7.467200,DKK,-2.25,prosubmonth,,4994183596643847628,Yes,15,SUBSCRIPTIONS,,In-app
GPA.3360-5032-2166-15179..10,"Feb 6, 2026",7:39:02 AM PST,,Charge,,Pro Subscription (WF Solver),com.deepinkcode.wordfeudsolver,Subscription,prosub,,NL,,4617 NW,EUR,1.98,7.467200,DKK,14.79,prosubmonth,,4994183596643847628,Yes,,,,
GPA.3360-5032-2166-15179..10,"Feb 6, 2026",7:39:02 AM PST,,Google fee,,Pro Subscription (WF Solver),com.deepinkcode.wordfeudsolver,Subscription,prosub,,NL,,4617 NW,EUR,-0.30,7.467200,DKK,-2.25,prosubmonth,,4994183596643847628,Yes,15,SUBSCRIPTIONS,,
GPA.3347-5257-3637-13933..9,"Feb 6, 2026",9:48:36 AM PST,,Charge,,Pro Subscription (WF Solver),com.deepinkcode.wordfeudsolver,Subscription,prosub,,NL,,6866BE,EUR,1.98,7.468200,DKK,14.79,prosubmonth,,4994183596643847628,Yes,,,,
GPA.3347-5257-3637-13933..9,"Feb 6, 2026",9:48:36 AM PST,,Google fee,,Pro Subscription (WF Solver),com.deepinkcode.wordfeudsolver,Subscription,prosub,,NL,,6866BE,EUR,-0.30,7.468200,DKK,-2.24,prosubmonth,,4994183596643847628,Yes,15,SUBSCRIPTIONS,,
GPA.3396-6206-4400-58725..12,"Feb 6, 2026",10:06:05 AM PST,,Charge,,Pro Subscription (WF Solver),com.deepinkcode.wordfeudsolver,Subscription,prosub,,FR,,17137,EUR,1.99,7.467200,DKK,14.86,prosubmonth,,4994183596643847628,Yes,,,,
GPA.3396-6206-4400-58725..12,"Feb 6, 2026",10:06:05 AM PST,,Google fee,,Pro Subscription (WF Solver),com.deepinkcode.wordfeudsolver,Subscription,prosub,,FR,,17137,EUR,-0.30,7.467200,DKK,-2.24,prosubmonth,,4994183596643847628,Yes,15,SUBSCRIPTIONS,,
GPA.3381-6800-9834-36627..2,"Feb 6, 2026",10:09:18 AM PST,,Charge,,Pro Subscription (WF Solver),com.deepinkcode.wordfeudsolver,Subscription,prosub,,NG,,,NGN,3618.60,0.004625,DKK,16.74,prosubmonth,,4994183596643847628,Yes,,,,
GPA.3381-6800-9834-36627..2,"Feb 6, 2026",10:09:18 AM PST,,Google fee,,Pro Subscription (WF Solver),com.deepinkcode.wordfeudsolver,Subscription,prosub,,NG,,,NGN,-542.79,0.004625,DKK,-2.51,prosubmonth,,4994183596643847628,Yes,15,SUBSCRIPTIONS,,
GPA.3348-9058-1636-78320..7,"Feb 6, 2026",10:28:58 AM PST,,Charge,,Pro Subscription (Words With Friends Solver),com.deepinkcode.wordswithfriendssolver,Subscription,prosub,,US,MI,48192,USD,1.99,6.322400,DKK,12.58,prosub,,4994183596643847628,Yes,,,,
GPA.3348-9058-1636-78320..7,"Feb 6, 2026",10:28:58 AM PST,,Google fee,,Pro Subscription (Words With Friends Solver),com.deepinkcode.wordswithfriendssolver,Subscription,prosub,,US,MI,48192,USD,-0.30,6.322400,DKK,-1.90,prosub,,4994183596643847628,Yes,15,SUBSCRIPTIONS,,
GPA.3329-9170-4859-68994..0,"Feb 6, 2026",11:02:55 AM PST,,Charge,,Pro Subscription (WF Solver),com.deepinkcode.wordfeudsolver,Subscription,prosub,,FR,,14420,EUR,1.99,7.467400,DKK,14.86,prosubmonth,,4994183596643847628,Yes,,,,
GPA.3329-9170-4859-68994..0,"Feb 6, 2026",11:02:55 AM PST,,Google fee,,Pro Subscription (WF Solver),com.deepinkcode.wordfeudsolver,Subscription,prosub,,FR,,14420,EUR,-0.30,7.467400,DKK,-2.24,prosubmonth,,4994183596643847628,Yes,15,SUBSCRIPTIONS,,
GPA.3369-1410-3401-60551,"Feb 6, 2026",11:29:38 AM PST,,Charge,,Pro Subscription (WF Solver),com.deepinkcode.wordfeudsolver,Subscription,prosub,pa3q,SE,,53150,SEK,22.40,0.701550,DKK,15.71,prosubmonth,,4994183596643847628,Yes,,,,In-app
GPA.3369-1410-3401-60551,"Feb 6, 2026",11:29:38 AM PST,,Google fee,,Pro Subscription (WF Solver),com.deepinkcode.wordfeudsolver,Subscription,prosub,pa3q,SE,,53150,SEK,-3.36,0.701550,DKK,-2.35,prosubmonth,,4994183596643847628,Yes,15,SUBSCRIPTIONS,,In-app
GPA.3362-5810-9107-40130..12,"Feb 6, 2026",11:46:56 AM PST,,Charge,,Pro Subscription (WF Solver),com.deepinkcode.wordfeudsolver,Subscription,prosub,,NL,,1503 JK,EUR,1.98,7.467400,DKK,14.79,prosubmonth,,4994183596643847628,Yes,,,,
GPA.3362-5810-9107-40130..12,"Feb 6, 2026",11:46:56 AM PST,,Google fee,,Pro Subscription (WF Solver),com.deepinkcode.wordfeudsolver,Subscription,prosub,,NL,,1503 JK,EUR,-0.30,7.467400,DKK,-2.24,prosubmonth,,4994183596643847628,Yes,15,SUBSCRIPTIONS,,
GPA.3341-1475-0733-86116..0,"Feb 6, 2026",11:53:52 AM PST,,Charge,,Pro Subscription (WF Solver),com.deepinkcode.wordfeudsolver,Subscription,prosub,,NL,,6581 EG,EUR,1.98,7.467400,DKK,14.79,prosubmonth,,4994183596643847628,Yes,,,,
GPA.3341-1475-0733-86116..0,"Feb 6, 2026",11:53:52 AM PST,,Google fee,,Pro Subscription (WF Solver),com.deepinkcode.wordfeudsolver,Subscription,prosub,,NL,,6581 EG,EUR,-0.30,7.467400,DKK,-2.24,prosubmonth,,4994183596643847628,Yes,15,SUBSCRIPTIONS,,
GPA.3379-0241-1719-19768..4,"Feb 6, 2026",12:32:43 PM PST,,Charge,,Pro Subscription (Scrabble GO Cheat),com.deepinkcode.scrabblegocheat,Subscription,prosub,,CA,YT,Y1A6N7,CAD,3.19,4.628800,DKK,14.77,prosubmonth,,4994183596643847628,Yes,,,,
GPA.3379-0241-1719-19768..4,"Feb 6, 2026",12:32:43 PM PST,,Google fee,,Pro Subscription (Scrabble GO Cheat),com.deepinkcode.scrabblegocheat,Subscription,prosub,,CA,YT,Y1A6N7,CAD,-0.48,4.628800,DKK,-2.22,prosubmonth,,4994183596643847628,Yes,15,SUBSCRIPTIONS,,
GPA.3380-9499-7488-81139..12,"Feb 6, 2026",12:33:00 PM PST,,Charge,,Pro Subscription (WF Solver),com.deepinkcode.wordfeudsolver,Subscription,prosub,,BE,,9940,EUR,1.98,7.468200,DKK,14.79,prosubmonth,,4994183596643847628,Yes,,,,
GPA.3380-9499-7488-81139..12,"Feb 6, 2026",12:33:00 PM PST,,Google fee,,Pro Subscription (WF Solver),com.deepinkcode.wordfeudsolver,Subscription,prosub,,BE,,9940,EUR,-0.30,7.468200,DKK,-2.24,prosubmonth,,4994183596643847628,Yes,15,SUBSCRIPTIONS,,
GPA.3309-9228-9565-49904,"Feb 6, 2026",12:53:27 PM PST,,Charge,,Pro Subscription (WF Solver),com.deepinkcode.wordfeudsolver,Subscription,prosub,a55x,NL,,1973XJ,EUR,1.98,7.468200,DKK,14.79,prosubmonth,,4994183596643847628,Yes,,,,In-app
GPA.3309-9228-9565-49904,"Feb 6, 2026",12:53:27 PM PST,,Google fee,,Pro Subscription (WF Solver),com.deepinkcode.wordfeudsolver,Subscription,prosub,a55x,NL,,1973XJ,EUR,-0.30,7.468200,DKK,-2.24,prosubmonth,,4994183596643847628,Yes,15,SUBSCRIPTIONS,,In-app
GPA.3355-2850-4374-36308,"Feb 6, 2026",1:33:28 PM PST,,Charge,,Pro (Words With Friends Solver),com.deepinkcode.wordswithfriendssolver,One-time product,pro,mona,US,CA,92055,USD,27.99,6.317800,DKK,176.84,legacy-base,,4994183596643847628,Yes,,,,In-app
GPA.3355-2850-4374-36308,"Feb 6, 2026",1:33:28 PM PST,,Google fee,,Pro (Words With Friends Solver),com.deepinkcode.wordswithfriendssolver,One-time product,pro,mona,US,CA,92055,USD,-4.20,6.317800,DKK,-26.53,legacy-base,,4994183596643847628,Yes,15,,,In-app
GPA.3317-8504-5111-97074..2,"Feb 6, 2026",1:40:55 PM PST,,Charge,,Pro Subscription (Scrabble GO Cheat),com.deepinkcode.scrabblegocheat,Subscription,prosub,,US,WI,53572,USD,2.49,6.317800,DKK,15.73,prosubmonth,,4994183596643847628,Yes,,,,
GPA.3317-8504-5111-97074..2,"Feb 6, 2026",1:40:55 PM PST,,Google fee,,Pro Subscription (Scrabble GO Cheat),com.deepinkcode.scrabblegocheat,Subscription,prosub,,US,WI,53572,USD,-0.37,6.317800,DKK,-2.34,prosubmonth,,4994183596643847628,Yes,15,SUBSCRIPTIONS,,
GPA.3396-2996-5159-39948..1,"Feb 6, 2026",2:17:49 PM PST,,Charge,,Pro Subscription (WF Solver),com.deepinkcode.wordfeudsolver,Subscription,prosub,,DK,,9900,DKK,15.20,1.000000,DKK,15.20,prosubmonth,,4994183596643847628,Yes,,,,
GPA.3396-2996-5159-39948..1,"Feb 6, 2026",2:17:49 PM PST,,Google fee,,Pro Subscription (WF Solver),com.deepinkcode.wordfeudsolver,Subscription,prosub,,DK,,9900,DKK,-2.28,1.000000,DKK,-2.28,prosubmonth,,4994183596643847628,Yes,15,SUBSCRIPTIONS,,
GPA.3349-7285-1551-73689..6,"Feb 6, 2026",3:00:25 PM PST,,Charge,,Pro Subscription (WF Solver),com.deepinkcode.wordfeudsolver,Subscription,prosub,,SE,,283 41,SEK,23.20,0.700250,DKK,16.25,prosubmonth,,4994183596643847628,Yes,,,,
GPA.3349-7285-1551-73689..6,"Feb 6, 2026",3:00:25 PM PST,,Google fee,,Pro Subscription (WF Solver),com.deepinkcode.wordfeudsolver,Subscription,prosub,,SE,,283 41,SEK,-3.48,0.700250,DKK,-2.44,prosubmonth,,4994183596643847628,Yes,15,SUBSCRIPTIONS,,
GPA.3321-6125-2427-86803..1,"Feb 6, 2026",5:26:43 PM PST,,Charge,,Pro Subscription (Words With Friends Solver),com.deepinkcode.wordswithfriendssolver,Subscription,prosub,,US,NC,27330,USD,2.49,6.321300,DKK,15.74,prosub,,4994183596643847628,Yes,,,,
GPA.3321-6125-2427-86803..1,"Feb 6, 2026",5:26:43 PM PST,,Google fee,,Pro Subscription (Words With Friends Solver),com.deepinkcode.wordswithfriendssolver,Subscription,prosub,,US,NC,27330,USD,-0.37,6.321300,DKK,-2.34,prosub,,4994183596643847628,Yes,15,SUBSCRIPTIONS,,
GPA.3314-7573-0375-76144..12,"Feb 6, 2026",7:39:06 PM PST,,Charge,,Pro Subscription (WF Solver),com.deepinkcode.wordfeudsolver,Subscription,prosub,,US,TX,75165,USD,1.99,6.321300,DKK,12.58,prosubmonth,,4994183596643847628,Yes,,,,
GPA.3314-7573-0375-76144..12,"Feb 6, 2026",7:39:06 PM PST,,Google fee,,Pro Subscription (WF Solver),com.deepinkcode.wordfeudsolver,Subscription,prosub,,US,TX,75165,USD,-0.30,6.321300,DKK,-1.90,prosubmonth,,4994183596643847628,Yes,15,SUBSCRIPTIONS,,
GPA.3326-6230-7440-73671..1,"Feb 6, 2026",8:26:00 PM PST,,Charge,,Pro Subscription (Scrabble GO Cheat),com.deepinkcode.scrabblegocheat,Subscription,prosub,,US,OR,97756,USD,2.49,6.321300,DKK,15.74,prosubmonth,,4994183596643847628,Yes,,,,
GPA.3326-6230-7440-73671..1,"Feb 6, 2026",8:26:00 PM PST,,Google fee,,Pro Subscription (Scrabble GO Cheat),com.deepinkcode.scrabblegocheat,Subscription,prosub,,US,OR,97756,USD,-0.37,6.321300,DKK,-2.34,prosubmonth,,4994183596643847628,Yes,15,SUBSCRIPTIONS,,
GPA.3379-0833-0535-59210,"Feb 6, 2026",8:33:02 PM PST,,Charge,,Pro Subscription (Words With Friends Solver),com.deepinkcode.wordswithfriendssolver,Subscription,prosub,e3q,AU,,3041,AUD,3.63,4.433200,DKK,16.09,prosub,,4994183596643847628,Yes,,,,In-app
GPA.3379-0833-0535-59210,"Feb 6, 2026",8:33:02 PM PST,,Google fee,,Pro Subscription (Words With Friends Solver),com.deepinkcode.wordswithfriendssolver,Subscription,prosub,e3q,AU,,3041,AUD,-0.54,4.433200,DKK,-2.39,prosub,,4994183596643847628,Yes,15,SUBSCRIPTIONS,,In-app
GPA.3315-2568-5133-10065..6,"Feb 6, 2026",8:37:42 PM PST,,Charge,,Pro Subscription (Words With Friends Solver),com.deepinkcode.wordswithfriendssolver,Subscription,prosub,,US,WA,98031,USD,1.99,6.321300,DKK,12.58,prosub,,4994183596643847628,Yes,,,,
GPA.3315-2568-5133-10065..6,"Feb 6, 2026",8:37:42 PM PST,,Google fee,,Pro Subscription (Words With Friends Solver),com.deepinkcode.wordswithfriendssolver,Subscription,prosub,,US,WA,98031,USD,-0.30,6.321300,DKK,-1.90,prosub,,4994183596643847628,Yes,15,SUBSCRIPTIONS,,
GPA.3353-2260-8909-14556..12,"Feb 6, 2026",10:14:03 PM PST,,Charge,,Pro Subscription (WF Solver),com.deepinkcode.wordfeudsolver,Subscription,prosub,,NO,,4130,NOK,24.00,0.652970,DKK,15.67,prosubmonth,,4994183596643847628,Yes,,,,
GPA.3353-2260-8909-14556..12,"Feb 6, 2026",10:14:03 PM PST,,Google fee,,Pro Subscription (WF Solver),com.deepinkcode.wordfeudsolver,Subscription,prosub,,NO,,4130,NOK,-3.60,0.652970,DKK,-2.35,prosubmonth,,4994183596643847628,Yes,15,SUBSCRIPTIONS,,
GPA.3353-3191-1740-44172..12,"Feb 6, 2026",11:13:39 PM PST,,Charge,,Pro Subscription (WF Solver),com.deepinkcode.wordfeudsolver,Subscription,prosub,,DK,,4571,DKK,15.20,1.000000,DKK,15.20,prosubmonth,,4994183596643847628,Yes,,,,
GPA.3353-3191-1740-44172..12,"Feb 6, 2026",11:13:39 PM PST,,Google fee,,Pro Subscription (WF Solver),com.deepinkcode.wordfeudsolver,Subscription,prosub,,DK,,4571,DKK,-2.28,1.000000,DKK,-2.28,prosubmonth,,4994183596643847628,Yes,15,SUBSCRIPTIONS,,
GPA.3341-0827-3386-14474..6,"Feb 6, 2026",11:51:13 PM PST,,Charge,,Pro Subscription (WF Solver),com.deepinkcode.wordfeudsolver,Subscription,prosub,,NL,,6971 XT,EUR,1.98,7.468900,DKK,14.79,prosubmonth,,4994183596643847628,Yes,,,,
GPA.3341-0827-3386-14474..6,"Feb 6, 2026",11:51:13 PM PST,,Google fee,,Pro Subscription (WF Solver),com.deepinkcode.wordfeudsolver,Subscription,prosub,,NL,,6971 XT,EUR,-0.30,7.468900,DKK,-2.24,prosubmonth,,4994183596643847628,Yes,15,SUBSCRIPTIONS,,
GPA.3319-2710-1130-93084..2,"Feb 7, 2026",1:13:08 AM PST,,Charge,,Pro Subscription (WF Solver),com.deepinkcode.wordfeudsolver,Subscription,prosub,,NL,,3065GE,EUR,1.98,7.468900,DKK,14.79,prosubmonth,,4994183596643847628,Yes,,,,
GPA.3319-2710-1130-93084..2,"Feb 7, 2026",1:13:08 AM PST,,Google fee,,Pro Subscription (WF Solver),com.deepinkcode.wordfeudsolver,Subscription,prosub,,NL,,3065GE,EUR,-0.30,7.468900,DKK,-2.24,prosubmonth,,4994183596643847628,Yes,15,SUBSCRIPTIONS,,
GPA.3338-5820-7917-21553..10,"Feb 7, 2026",1:47:21 AM PST,,Charge,,Pro Subscription (WF Solver),com.deepinkcode.wordfeudsolver,Subscription,prosub,,NL,,3141 HE,EUR,1.98,7.468900,DKK,14.79,prosubmonth,,4994183596643847628,Yes,,,,
GPA.3338-5820-7917-21553..10,"Feb 7, 2026",1:47:21 AM PST,,Google fee,,Pro Subscription (WF Solver),com.deepinkcode.wordfeudsolver,Subscription,prosub,,NL,,3141 HE,EUR,-0.30,7.468900,DKK,-2.24,prosubmonth,,4994183596643847628,Yes,15,SUBSCRIPTIONS,,
GPA.3347-0038-7291-79015..0,"Feb 7, 2026",2:20:58 AM PST,,Charge,,Pro Subscription (WF Solver),com.deepinkcode.wordfeudsolver,Subscription,prosub,,SE,,16268,SEK,22.40,0.700250,DKK,15.69,prosubmonth,,4994183596643847628,Yes,,,,
GPA.3347-0038-7291-79015..0,"Feb 7, 2026",2:20:58 AM PST,,Google fee,,Pro Subscription (WF Solver),com.deepinkcode.wordfeudsolver,Subscription,prosub,,SE,,16268,SEK,-3.36,0.700250,DKK,-2.36,prosubmonth,,4994183596643847628,Yes,15,SUBSCRIPTIONS,,
GPA.3387-0727-4322-49648..12,"Feb 7, 2026",3:00:26 AM PST,,Charge,,Pro Subscription (WF Solver),com.deepinkcode.wordfeudsolver,Subscription,prosub,,SE,,82434,SEK,23.20,0.700250,DKK,16.25,prosubmonth,,4994183596643847628,Yes,,,,
GPA.3387-0727-4322-49648..12,"Feb 7, 2026",3:00:26 AM PST,,Google fee,,Pro Subscription (WF Solver),com.deepinkcode.wordfeudsolver,Subscription,prosub,,SE,,82434,SEK,-3.48,0.700250,DKK,-2.44,prosubmonth,,4994183596643847628,Yes,15,SUBSCRIPTIONS,,
GPA.3332-2659-3001-21138..1,"Feb 7, 2026",3:04:05 AM PST,,Charge,,Pro Subscription (WF Solver),com.deepinkcode.wordfeudsolver,Subscription,prosub,,BE,,3010,EUR,1.98,7.468900,DKK,14.79,prosubmonth,,4994183596643847628,Yes,,,,
GPA.3332-2659-3001-21138..1,"Feb 7, 2026",3:04:05 AM PST,,Google fee,,Pro Subscription (WF Solver),com.deepinkcode.wordfeudsolver,Subscription,prosub,,BE,,3010,EUR,-0.30,7.468900,DKK,-2.24,prosubmonth,,4994183596643847628,Yes,15,SUBSCRIPTIONS,,
GPA.3351-5228-1630-87564,"Feb 7, 2026",3:32:45 AM PST,,Charge,,Pro Subscription (WF Solver),com.deepinkcode.wordfeudsolver,Subscription,prosub,a55x,SE,,44534,SEK,22.40,0.700250,DKK,15.69,prosubmonth,,4994183596643847628,Yes,,,,In-app
GPA.3351-5228-1630-87564,"Feb 7, 2026",3:32:45 AM PST,,Google fee,,Pro Subscription (WF Solver),com.deepinkcode.wordfeudsolver,Subscription,prosub,a55x,SE,,44534,SEK,-3.36,0.700250,DKK,-2.36,prosubmonth,,4994183596643847628,Yes,15,SUBSCRIPTIONS,,In-app
GPA.3330-8283-4799-09756..0,"Feb 7, 2026",4:00:07 AM PST,,Charge,,Pro Subscription (WF Solver),com.deepinkcode.wordfeudsolver,Subscription,prosub,,NL,,5751 EG,EUR,1.98,7.468900,DKK,14.79,prosubmonth,,4994183596643847628,Yes,,,,
GPA.3330-8283-4799-09756..0,"Feb 7, 2026",4:00:07 AM PST,,Google fee,,Pro Subscription (WF Solver),com.deepinkcode.wordfeudsolver,Subscription,prosub,,NL,,5751 EG,EUR,-0.30,7.468900,DKK,-2.24,prosubmonth,,4994183596643847628,Yes,15,SUBSCRIPTIONS,,
GPA.3395-0529-9226-74655..2,"Feb 7, 2026",4:33:40 AM PST,,Charge,,Pro Subscription (WF Solver),com.deepinkcode.wordfeudsolver,Subscription,prosub,,GB,,HA9 8DQ,GBP,1.74,8.603300,DKK,14.97,prosubmonth,,4994183596643847628,Yes,,,,
GPA.3395-0529-9226-74655..2,"Feb 7, 2026",4:33:40 AM PST,,Google fee,,Pro Subscription (WF Solver),com.deepinkcode.wordfeudsolver,Subscription,prosub,,GB,,HA9 8DQ,GBP,-0.26,8.603300,DKK,-2.24,prosubmonth,,4994183596643847628,Yes,15,SUBSCRIPTIONS,,
GPA.3353-0313-1386-47236..7,"Feb 7, 2026",5:18:47 AM PST,,Charge,,Pro Subscription (WF Solver),com.deepinkcode.wordfeudsolver,Subscription,prosub,,NL,,1507 SZ,EUR,1.98,7.468900,DKK,14.79,prosubmonth,,4994183596643847628,Yes,,,,
GPA.3353-0313-1386-47236..7,"Feb 7, 2026",5:18:47 AM PST,,Google fee,,Pro Subscription (WF Solver),com.deepinkcode.wordfeudsolver,Subscription,prosub,,NL,,1507 SZ,EUR,-0.30,7.468900,DKK,-2.24,prosubmonth,,4994183596643847628,Yes,15,SUBSCRIPTIONS,,
GPA.3389-0489-2467-60883,"Feb 7, 2026",5:40:07 AM PST,,Charge,,Pro Subscription (WF Solver),com.deepinkcode.wordfeudsolver,Subscription,prosub,a56x,NL,,1234AB,EUR,1.98,7.468900,DKK,14.79,prosubmonth,,4994183596643847628,Yes,,,,In-app
GPA.3389-0489-2467-60883,"Feb 7, 2026",5:40:07 AM PST,,Google fee,,Pro Subscription (WF Solver),com.deepinkcode.wordfeudsolver,Subscription,prosub,a56x,NL,,1234AB,EUR,-0.30,7.468900,DKK,-2.24,prosubmonth,,4994183596643847628,Yes,15,SUBSCRIPTIONS,,In-app
GPA.3313-2018-8448-40274..1,"Feb 7, 2026",5:59:46 AM PST,,Charge,,Pro Subscription (WF Solver),com.deepinkcode.wordfeudsolver,Subscription,prosub,,NL,,1187 EG,EUR,1.98,7.468900,DKK,14.79,prosubmonth,,4994183596643847628,Yes,,,,
GPA.3313-2018-8448-40274..1,"Feb 7, 2026",5:59:46 AM PST,,Google fee,,Pro Subscription (WF Solver),com.deepinkcode.wordfeudsolver,Subscription,prosub,,NL,,1187 EG,EUR,-0.30,7.468900,DKK,-2.24,prosubmonth,,4994183596643847628,Yes,15,SUBSCRIPTIONS,,
GPA.3391-6839-8883-94035..1,"Feb 7, 2026",6:51:20 AM PST,,Charge,,Pro Subscription (WF Solver),com.deepinkcode.wordfeudsolver,Subscription,prosub,,SE,,91193,SEK,22.40,0.700250,DKK,15.69,prosubmonth,,4994183596643847628,Yes,,,,
GPA.3391-6839-8883-94035..1,"Feb 7, 2026",6:51:20 AM PST,,Google fee,,Pro Subscription (WF Solver),com.deepinkcode.wordfeudsolver,Subscription,prosub,,SE,,91193,SEK,-3.36,0.700250,DKK,-2.36,prosubmonth,,4994183596643847628,Yes,15,SUBSCRIPTIONS,,
GPA.3398-4694-0369-56420,"Feb 7, 2026",7:25:06 AM PST,,Charge,,Pro Subscription (WF Solver),com.deepinkcode.wordfeudsolver,Subscription,prosub,e3q,NL,,7041SL,EUR,1.98,7.468900,DKK,14.79,prosubmonth,,4994183596643847628,Yes,,,,In-app
GPA.3398-4694-0369-56420,"Feb 7, 2026",7:25:06 AM PST,,Google fee,,Pro Subscription (WF Solver),com.deepinkcode.wordfeudsolver,Subscription,prosub,e3q,NL,,7041SL,EUR,-0.30,7.468900,DKK,-2.24,prosubmonth,,4994183596643847628,Yes,15,SUBSCRIPTIONS,,In-app
GPA.3362-1549-3785-95657,"Feb 7, 2026",7:57:04 AM PST,,Charge,,Pro Subscription (Scrabble GO Cheat),com.deepinkcode.scrabblegocheat,Subscription,prosub,q6q,GB,,E95BN,GBP,1.74,8.603300,DKK,14.97,prosubmonth,,4994183596643847628,Yes,,,,In-app
GPA.3362-1549-3785-95657,"Feb 7, 2026",7:57:04 AM PST,,Google fee,,Pro Subscription (Scrabble GO Cheat),com.deepinkcode.scrabblegocheat,Subscription,prosub,q6q,GB,,E95BN,GBP,-0.26,8.603300,DKK,-2.24,prosubmonth,,4994183596643847628,Yes,15,SUBSCRIPTIONS,,In-app
GPA.3345-2455-2601-26190,"Feb 7, 2026",8:48:38 AM PST,,Charge,,Pro Subscription (WF Solver),com.deepinkcode.wordfeudsolver,Subscription,prosub,dm3q,GB,,BT53 7RG,GBP,1.74,8.603300,DKK,14.97,prosubmonth,,4994183596643847628,Yes,,,,In-app
GPA.3345-2455-2601-26190,"Feb 7, 2026",8:48:38 AM PST,,Google fee,,Pro Subscription (WF Solver),com.deepinkcode.wordfeudsolver,Subscription,prosub,dm3q,GB,,BT53 7RG,GBP,-0.26,8.603300,DKK,-2.24,prosubmonth,,4994183596643847628,Yes,15,SUBSCRIPTIONS,,In-app
GPA.3331-8382-0274-68872..10,"Feb 7, 2026",9:05:39 AM PST,,Charge,,Pro Subscription (WF Solver),com.deepinkcode.wordfeudsolver,Subscription,prosub,,SE,,21216,SEK,23.20,0.700250,DKK,16.25,prosubmonth,,4994183596643847628,Yes,,,,
GPA.3331-8382-0274-68872..10,"Feb 7, 2026",9:05:39 AM PST,,Google fee,,Pro Subscription (WF Solver),com.deepinkcode.wordfeudsolver,Subscription,prosub,,SE,,21216,SEK,-3.48,0.700250,DKK,-2.44,prosubmonth,,4994183596643847628,Yes,15,SUBSCRIPTIONS,,
GPA.3317-9785-9390-44038..2,"Feb 7, 2026",10:02:46 AM PST,,Charge,,Pro Subscription (WF Solver),com.deepinkcode.wordfeudsolver,Subscription,prosub,,NL,,1562 TS,EUR,1.98,7.468900,DKK,14.79,prosubmonth,,4994183596643847628,Yes,,,,
GPA.3317-9785-9390-44038..2,"Feb 7, 2026",10:02:46 AM PST,,Google fee,,Pro Subscription (WF Solver),com.deepinkcode.wordfeudsolver,Subscription,prosub,,NL,,1562 TS,EUR,-0.30,7.468900,DKK,-2.24,prosubmonth,,4994183596643847628,Yes,15,SUBSCRIPTIONS,,
GPA.3394-6909-9631-96794..12,"Feb 7, 2026",10:43:52 AM PST,,Charge,,Pro Subscription (WF Solver),com.deepinkcode.wordfeudsolver,Subscription,prosub,,NO,,7045,NOK,24.00,0.652970,DKK,15.67,prosubmonth,,4994183596643847628,Yes,,,,
GPA.3394-6909-9631-96794..12,"Feb 7, 2026",10:43:52 AM PST,,Google fee,,Pro Subscription (WF Solver),com.deepinkcode.wordfeudsolver,Subscription,prosub,,NO,,7045,NOK,-3.60,0.652970,DKK,-2.35,prosubmonth,,4994183596643847628,Yes,15,SUBSCRIPTIONS,,
GPA.3306-3349-3575-34012,"Feb 7, 2026",11:13:18 AM PST,,Charge,,Pro (WF Solver),com.deepinkcode.wordfeudsolver,One-time product,pro,r9q,FO,,,DKK,225.00,1.000000,DKK,225.00,legacy-base,,4994183596643847628,Yes,,,,In-app
GPA.3306-3349-3575-34012,"Feb 7, 2026",11:13:18 AM PST,,Google fee,,Pro (WF Solver),com.deepinkcode.wordfeudsolver,One-time product,pro,r9q,FO,,,DKK,-33.75,1.000000,DKK,-33.75,legacy-base,,4994183596643847628,Yes,15,,,In-app
GPA.3349-1002-4480-54502..5,"Feb 7, 2026",11:14:04 AM PST,,Charge,,Pro Subscription (WF Solver),com.deepinkcode.wordfeudsolver,Subscription,prosub,,NO,,1792,NOK,24.00,0.652970,DKK,15.67,prosubmonth,,4994183596643847628,Yes,,,,
GPA.3349-1002-4480-54502..5,"Feb 7, 2026",11:14:04 AM PST,,Google fee,,Pro Subscription (WF Solver),com.deepinkcode.wordfeudsolver,Subscription,prosub,,NO,,1792,NOK,-3.60,0.652970,DKK,-2.35,prosubmonth,,4994183596643847628,Yes,15,SUBSCRIPTIONS,,
GPA.3378-9822-2837-35970,"Feb 7, 2026",11:39:10 AM PST,,Charge,,Pro Subscription (WF Solver),com.deepinkcode.wordfeudsolver,Subscription,prosub,husky,SE,,565 34,SEK,22.40,0.700250,DKK,15.69,prosubmonth,,4994183596643847628,Yes,,,,In-app
GPA.3378-9822-2837-35970,"Feb 7, 2026",11:39:10 AM PST,,Google fee,,Pro Subscription (WF Solver),com.deepinkcode.wordfeudsolver,Subscription,prosub,husky,SE,,565 34,SEK,-3.36,0.700250,DKK,-2.36,prosubmonth,,4994183596643847628,Yes,15,SUBSCRIPTIONS,,In-app
GPA.3355-2792-0662-10154..12,"Feb 7, 2026",12:49:51 PM PST,,Charge,,Pro Subscription (WF Solver),com.deepinkcode.wordfeudsolver,Subscription,prosub,,NL,,3741XW,EUR,1.98,7.468900,DKK,14.79,prosubmonth,,4994183596643847628,Yes,,,,
GPA.3355-2792-0662-10154..12,"Feb 7, 2026",12:49:51 PM PST,,Google fee,,Pro Subscription (WF Solver),com.deepinkcode.wordfeudsolver,Subscription,prosub,,NL,,3741XW,EUR,-0.30,7.468900,DKK,-2.24,prosubmonth,,4994183596643847628,Yes,15,SUBSCRIPTIONS,,
GPA.3370-9983-3938-92829..0,"Feb 7, 2026",1:55:44 PM PST,,Charge,,Pro Subscription (WF Solver),com.deepinkcode.wordfeudsolver,Subscription,prosub,,SE,,463 31,SEK,22.40,0.700250,DKK,15.69,prosubmonth,,4994183596643847628,Yes,,,,
GPA.3370-9983-3938-92829..0,"Feb 7, 2026",1:55:44 PM PST,,Google fee,,Pro Subscription (WF Solver),com.deepinkcode.wordfeudsolver,Subscription,prosub,,SE,,463 31,SEK,-3.36,0.700250,DKK,-2.36,prosubmonth,,4994183596643847628,Yes,15,SUBSCRIPTIONS,,
GPA.3386-6488-2017-10834,"Feb 7, 2026",6:32:25 PM PST,,Charge,,Pro Subscription (Words With Friends Solver),com.deepinkcode.wordswithfriendssolver,Subscription,prosub,pa2q,US,MD,21215,USD,2.49,6.321300,DKK,15.74,prosub,,4994183596643847628,Yes,,,,In-app
GPA.3386-6488-2017-10834,"Feb 7, 2026",6:32:25 PM PST,,Google fee,,Pro Subscription (Words With Friends Solver),com.deepinkcode.wordswithfriendssolver,Subscription,prosub,pa2q,US,MD,21215,USD,-0.37,6.321300,DKK,-2.34,prosub,,4994183596643847628,Yes,15,SUBSCRIPTIONS,,In-app
GPA.3367-0971-2121-17406..16,"Feb 7, 2026",8:44:39 PM PST,,Charge,,Pro Subscription (WF Solver),com.deepinkcode.wordfeudsolver,Subscription,prosub,,SE,,937 31,SEK,23.20,0.700250,DKK,16.25,prosubmonth,,4994183596643847628,Yes,,,,
GPA.3367-0971-2121-17406..16,"Feb 7, 2026",8:44:39 PM PST,,Google fee,,Pro Subscription (WF Solver),com.deepinkcode.wordfeudsolver,Subscription,prosub,,SE,,937 31,SEK,-3.48,0.700250,DKK,-2.44,prosubmonth,,4994183596643847628,Yes,15,SUBSCRIPTIONS,,
GPA.3329-9785-2223-81120..5,"Feb 7, 2026",9:32:29 PM PST,,Charge,,Pro Subscription (WF Solver),com.deepinkcode.wordfeudsolver,Subscription,prosub,,US,FL,33162,USD,2.49,6.321300,DKK,15.74,prosubmonth,,4994183596643847628,Yes,,,,
GPA.3329-9785-2223-81120..5,"Feb 7, 2026",9:32:29 PM PST,,Google fee,,Pro Subscription (WF Solver),com.deepinkcode.wordfeudsolver,Subscription,prosub,,US,FL,33162,USD,-0.37,6.321300,DKK,-2.34,prosubmonth,,4994183596643847628,Yes,15,SUBSCRIPTIONS,,
GPA.3336-2236-2477-10528..5,"Feb 7, 2026",9:49:33 PM PST,,Charge,,Pro Subscription (Words With Friends Solver),com.deepinkcode.wordswithfriendssolver,Subscription,prosub,,US,OK,73703,USD,1.99,6.321300,DKK,12.58,prosub,,4994183596643847628,Yes,,,,
GPA.3336-2236-2477-10528..5,"Feb 7, 2026",9:49:33 PM PST,,Google fee,,Pro Subscription (Words With Friends Solver),com.deepinkcode.wordswithfriendssolver,Subscription,prosub,,US,OK,73703,USD,-0.30,6.321300,DKK,-1.90,prosub,,4994183596643847628,Yes,15,SUBSCRIPTIONS,,
GPA.3315-8976-4762-80522..0,"Feb 7, 2026",10:19:20 PM PST,,Charge,,Pro Subscription (WF Solver),com.deepinkcode.wordfeudsolver,Subscription,prosub,,NO,,4436,NOK,24.00,0.652970,DKK,15.67,prosubmonth,,4994183596643847628,Yes,,,,
GPA.3315-8976-4762-80522..0,"Feb 7, 2026",10:19:20 PM PST,,Google fee,,Pro Subscription (WF Solver),com.deepinkcode.wordfeudsolver,Subscription,prosub,,NO,,4436,NOK,-3.60,0.652970,DKK,-2.35,prosubmonth,,4994183596643847628,Yes,15,SUBSCRIPTIONS,,
GPA.3326-7420-7668-46118..2,"Feb 8, 2026",12:01:10 AM PST,,Charge,,Pro Subscription (WF Solver),com.deepinkcode.wordfeudsolver,Subscription,prosub,,NL,,3029 AL,EUR,1.98,7.468900,DKK,14.79,prosubmonth,,4994183596643847628,Yes,,,,
GPA.3326-7420-7668-46118..2,"Feb 8, 2026",12:01:10 AM PST,,Google fee,,Pro Subscription (WF Solver),com.deepinkcode.wordfeudsolver,Subscription,prosub,,NL,,3029 AL,EUR,-0.30,7.468900,DKK,-2.24,prosubmonth,,4994183596643847628,Yes,15,SUBSCRIPTIONS,,
GPA.3387-9156-5418-23073,"Feb 8, 2026",12:40:12 AM PST,,Charge,,Pro Subscription (WF Solver),com.deepinkcode.wordfeudsolver,Subscription,prosub,nice,DK,,9330,DKK,15.20,1.000000,DKK,15.20,prosubmonth,,4994183596643847628,Yes,,,,In-app
GPA.3387-9156-5418-23073,"Feb 8, 2026",12:40:12 AM PST,,Google fee,,Pro Subscription (WF Solver),com.deepinkcode.wordfeudsolver,Subscription,prosub,nice,DK,,9330,DKK,-2.28,1.000000,DKK,-2.28,prosubmonth,,4994183596643847628,Yes,15,SUBSCRIPTIONS,,In-app
GPA.3306-3633-6793-32018..14,"Feb 8, 2026",12:50:31 AM PST,,Charge,,Pro Subscription (WF Solver),com.deepinkcode.wordfeudsolver,Subscription,prosub,,SE,,424 50,SEK,23.20,0.700250,DKK,16.25,prosubmonth,,4994183596643847628,Yes,,,,
GPA.3306-3633-6793-32018..14,"Feb 8, 2026",12:50:31 AM PST,,Google fee,,Pro Subscription (WF Solver),com.deepinkcode.wordfeudsolver,Subscription,prosub,,SE,,424 50,SEK,-3.48,0.700250,DKK,-2.44,prosubmonth,,4994183596643847628,Yes,15,SUBSCRIPTIONS,,
GPA.3362-0392-0409-67328..1,"Feb 8, 2026",1:08:08 AM PST,,Charge,,Pro Subscription (Words With Friends Solver),com.deepinkcode.wordswithfriendssolver,Subscription,prosub,,GB,,BT61 8JU,GBP,1.74,8.603300,DKK,14.97,prosub,,4994183596643847628,Yes,,,,
GPA.3362-0392-0409-67328..1,"Feb 8, 2026",1:08:08 AM PST,,Google fee,,Pro Subscription (Words With Friends Solver),com.deepinkcode.wordswithfriendssolver,Subscription,prosub,,GB,,BT61 8JU,GBP,-0.26,8.603300,DKK,-2.24,prosub,,4994183596643847628,Yes,15,SUBSCRIPTIONS,,
GPA.3399-6070-8256-50213,"Feb 8, 2026",1:10:28 AM PST,,Charge,,Pro Subscription (WF Solver),com.deepinkcode.wordfeudsolver,Subscription,prosub,OP5958L1,DK,,9300,DKK,15.20,1.000000,DKK,15.20,prosubmonth,,4994183596643847628,Yes,,,,In-app
GPA.3399-6070-8256-50213,"Feb 8, 2026",1:10:28 AM PST,,Google fee,,Pro Subscription (WF Solver),com.deepinkcode.wordfeudsolver,Subscription,prosub,OP5958L1,DK,,9300,DKK,-2.28,1.000000,DKK,-2.28,prosubmonth,,4994183596643847628,Yes,15,SUBSCRIPTIONS,,In-app
GPA.3395-6796-3353-36662..6,"Feb 8, 2026",2:30:00 AM PST,,Charge,,Pro Subscription (WF Solver),com.deepinkcode.wordfeudsolver,Subscription,prosub,,NL,,2035XS,EUR,1.98,7.468900,DKK,14.79,prosubmonth,,4994183596643847628,Yes,,,,
GPA.3395-6796-3353-36662..6,"Feb 8, 2026",2:30:00 AM PST,,Google fee,,Pro Subscription (WF Solver),com.deepinkcode.wordfeudsolver,Subscription,prosub,,NL,,2035XS,EUR,-0.30,7.468900,DKK,-2.24,prosubmonth,,4994183596643847628,Yes,15,SUBSCRIPTIONS,,
GPA.3318-0971-7831-68704..4,"Feb 8, 2026",2:36:22 AM PST,,Charge,,Pro Subscription (Words With Friends Solver),com.deepinkcode.wordswithfriendssolver,Subscription,prosub,,AU,VIC,3630,AUD,3.63,4.433200,DKK,16.09,prosub,,4994183596643847628,Yes,,,,
GPA.3318-0971-7831-68704..4,"Feb 8, 2026",2:36:22 AM PST,,Google fee,,Pro Subscription (Words With Friends Solver),com.deepinkcode.wordswithfriendssolver,Subscription,prosub,,AU,VIC,3630,AUD,-0.54,4.433200,DKK,-2.39,prosub,,4994183596643847628,Yes,15,SUBSCRIPTIONS,,
GPA.3327-8192-7052-82794..9,"Feb 8, 2026",2:39:37 AM PST,,Charge,,Pro Subscription (WF Solver),com.deepinkcode.wordfeudsolver,Subscription,prosub,,SE,,771 41,SEK,23.20,0.700250,DKK,16.25,prosubmonth,,4994183596643847628,Yes,,,,
GPA.3327-8192-7052-82794..9,"Feb 8, 2026",2:39:37 AM PST,,Google fee,,Pro Subscription (WF Solver),com.deepinkcode.wordfeudsolver,Subscription,prosub,,SE,,771 41,SEK,-3.48,0.700250,DKK,-2.44,prosubmonth,,4994183596643847628,Yes,15,SUBSCRIPTIONS,,
GPA.3395-2386-8305-25033..1,"Feb 8, 2026",2:42:44 AM PST,,Charge,,Pro Subscription (Words With Friends Solver),com.deepinkcode.wordswithfriendssolver,Subscription,prosub,,AU,,7250,AUD,3.63,4.433200,DKK,16.09,prosub,,4994183596643847628,Yes,,,,
GPA.3395-2386-8305-25033..1,"Feb 8, 2026",2:42:44 AM PST,,Google fee,,Pro Subscription (Words With Friends Solver),com.deepinkcode.wordswithfriendssolver,Subscription,prosub,,AU,,7250,AUD,-0.54,4.433200,DKK,-2.39,prosub,,4994183596643847628,Yes,15,SUBSCRIPTIONS,,
GPA.3380-0258-5744-92501,"Feb 8, 2026",2:43:43 AM PST,,Charge,,Pro Subscription (WF Solver),com.deepinkcode.wordfeudsolver,Subscription,prosub,e3q,NL,,5508MT,EUR,1.98,7.468900,DKK,14.79,prosubmonth,,4994183596643847628,Yes,,,,In-app
GPA.3380-0258-5744-92501,"Feb 8, 2026",2:43:43 AM PST,,Google fee,,Pro Subscription (WF Solver),com.deepinkcode.wordfeudsolver,Subscription,prosub,e3q,NL,,5508MT,EUR,-0.30,7.468900,DKK,-2.24,prosubmonth,,4994183596643847628,Yes,15,SUBSCRIPTIONS,,In-app
GPA.3373-3204-8772-17964,"Feb 8, 2026",3:19:43 AM PST,,Charge,,Pro Subscription (WF Solver),com.deepinkcode.wordfeudsolver,Subscription,prosub,r8q,SE,,97751,SEK,22.40,0.700250,DKK,15.69,prosubmonth,,4994183596643847628,Yes,,,,In-app
GPA.3373-3204-8772-17964,"Feb 8, 2026",3:19:43 AM PST,,Google fee,,Pro Subscription (WF Solver),com.deepinkcode.wordfeudsolver,Subscription,prosub,r8q,SE,,97751,SEK,-3.36,0.700250,DKK,-2.36,prosubmonth,,4994183596643847628,Yes,15,SUBSCRIPTIONS,,In-app
GPA.3391-7118-5744-92829,"Feb 8, 2026",3:26:59 AM PST,,Charge,,Pro Subscription (Words With Friends Solver),com.deepinkcode.wordswithfriendssolver,Subscription,prosub,pa3q,GB,,HP25TF,GBP,1.74,8.603300,DKK,14.97,prosub,,4994183596643847628,Yes,,,,In-app
GPA.3391-7118-5744-92829,"Feb 8, 2026",3:26:59 AM PST,,Google fee,,Pro Subscription (Words With Friends Solver),com.deepinkcode.wordswithfriendssolver,Subscription,prosub,pa3q,GB,,HP25TF,GBP,-0.26,8.603300,DKK,-2.24,prosub,,4994183596643847628,Yes,15,SUBSCRIPTIONS,,In-app
GPA.3300-7415-8687-06087..0,"Feb 8, 2026",4:32:55 AM PST,,Charge,,Pro Subscription (WF Solver),com.deepinkcode.wordfeudsolver,Subscription,prosub,,DK,,7500,DKK,15.20,1.000000,DKK,15.20,prosubmonth,,4994183596643847628,Yes,,,,
GPA.3300-7415-8687-06087..0,"Feb 8, 2026",4:32:55 AM PST,,Google fee,,Pro Subscription (WF Solver),com.deepinkcode.wordfeudsolver,Subscription,prosub,,DK,,7500,DKK,-2.28,1.000000,DKK,-2.28,prosubmonth,,4994183596643847628,Yes,15,SUBSCRIPTIONS,,
GPA.3383-3555-6869-89642..0,"Feb 8, 2026",5:14:28 AM PST,,Charge,,Pro Subscription (WF Solver),com.deepinkcode.wordfeudsolver,Subscription,prosub,,NL,,9601 EW,EUR,1.98,7.468900,DKK,14.79,prosubmonth,,4994183596643847628,Yes,,,,
GPA.3383-3555-6869-89642..0,"Feb 8, 2026",5:14:28 AM PST,,Google fee,,Pro Subscription (WF Solver),com.deepinkcode.wordfeudsolver,Subscription,prosub,,NL,,9601 EW,EUR,-0.30,7.468900,DKK,-2.24,prosubmonth,,4994183596643847628,Yes,15,SUBSCRIPTIONS,,
GPA.3353-7617-1719-95793,"Feb 8, 2026",5:16:01 AM PST,,Charge,,Pro Subscription (WF Solver),com.deepinkcode.wordfeudsolver,Subscription,prosub,e3q,NL,,7101 ZE,EUR,1.98,7.468900,DKK,14.79,prosubmonth,,4994183596643847628,Yes,,,,In-app
GPA.3353-7617-1719-95793,"Feb 8, 2026",5:16:01 AM PST,,Google fee,,Pro Subscription (WF Solver),com.deepinkcode.wordfeudsolver,Subscription,prosub,e3q,NL,,7101 ZE,EUR,-0.30,7.468900,DKK,-2.24,prosubmonth,,4994183596643847628,Yes,15,SUBSCRIPTIONS,,In-app
GPA.3329-9269-5933-11259..7,"Feb 8, 2026",5:19:02 AM PST,,Charge,,Pro Subscription (WF Solver),com.deepinkcode.wordfeudsolver,Subscription,prosub,,DK,,4340,DKK,15.20,1.000000,DKK,15.20,prosubmonth,,4994183596643847628,Yes,,,,
GPA.3329-9269-5933-11259..7,"Feb 8, 2026",5:19:02 AM PST,,Google fee,,Pro Subscription (WF Solver),com.deepinkcode.wordfeudsolver,Subscription,prosub,,DK,,4340,DKK,-2.28,1.000000,DKK,-2.28,prosubmonth,,4994183596643847628,Yes,15,SUBSCRIPTIONS,,
GPA.3396-1899-6653-70133..3,"Feb 8, 2026",6:23:14 AM PST,,Charge,,Pro Subscription (WF Solver),com.deepinkcode.wordfeudsolver,Subscription,prosub,,DK,,8620,DKK,15.20,1.000000,DKK,15.20,prosubmonth,,4994183596643847628,Yes,,,,
GPA.3396-1899-6653-70133..3,"Feb 8, 2026",6:23:14 AM PST,,Google fee,,Pro Subscription (WF Solver),com.deepinkcode.wordfeudsolver,Subscription,prosub,,DK,,8620,DKK,-2.28,1.000000,DKK,-2.28,prosubmonth,,4994183596643847628,Yes,15,SUBSCRIPTIONS,,
GPA.3321-5697-7762-96033..4,"Feb 8, 2026",6:33:07 AM PST,,Charge,,Pro Subscription (WF Solver),com.deepinkcode.wordfeudsolver,Subscription,prosub,,SE,,117 59,SEK,22.40,0.700250,DKK,15.69,prosubmonth,,4994183596643847628,Yes,,,,
GPA.3321-5697-7762-96033..4,"Feb 8, 2026",6:33:07 AM PST,,Google fee,,Pro Subscription (WF Solver),com.deepinkcode.wordfeudsolver,Subscription,prosub,,SE,,117 59,SEK,-3.36,0.700250,DKK,-2.36,prosubmonth,,4994183596643847628,Yes,15,SUBSCRIPTIONS,,
GPA.3367-3837-9032-33622,"Feb 8, 2026",8:00:43 AM PST,,Charge,,Pro Subscription (Words With Friends Solver),com.deepinkcode.wordswithfriendssolver,Subscription,prosub,a16x,US,IL,60435,USD,2.49,6.321300,DKK,15.74,prosub,,4994183596643847628,Yes,,,,In-app
GPA.3367-3837-9032-33622,"Feb 8, 2026",8:00:43 AM PST,,Google fee,,Pro Subscription (Words With Friends Solver),com.deepinkcode.wordswithfriendssolver,Subscription,prosub,a16x,US,IL,60435,USD,-0.37,6.321300,DKK,-2.34,prosub,,4994183596643847628,Yes,15,SUBSCRIPTIONS,,In-app
GPA.3309-4015-3500-03145..14,"Feb 8, 2026",8:26:48 AM PST,,Charge,,Pro Subscription (WF Solver),com.deepinkcode.wordfeudsolver,Subscription,prosub,,SE,,91342,SEK,23.20,0.700250,DKK,16.25,prosubmonth,,4994183596643847628,Yes,,,,
GPA.3309-4015-3500-03145..14,"Feb 8, 2026",8:26:48 AM PST,,Google fee,,Pro Subscription (WF Solver),com.deepinkcode.wordfeudsolver,Subscription,prosub,,SE,,91342,SEK,-3.48,0.700250,DKK,-2.44,prosubmonth,,4994183596643847628,Yes,15,SUBSCRIPTIONS,,
GPA.3301-3291-7381-39769..2,"Feb 8, 2026",10:14:25 AM PST,,Charge,,Pro Subscription (WF Solver),com.deepinkcode.wordfeudsolver,Subscription,prosub,,DK,,7500,DKK,15.20,1.000000,DKK,15.20,prosubmonth,,4994183596643847628,Yes,,,,
GPA.3301-3291-7381-39769..2,"Feb 8, 2026",10:14:25 AM PST,,Google fee,,Pro Subscription (WF Solver),com.deepinkcode.wordfeudsolver,Subscription,prosub,,DK,,7500,DKK,-2.28,1.000000,DKK,-2.28,prosubmonth,,4994183596643847628,Yes,15,SUBSCRIPTIONS,,
GPA.3386-6758-4839-99055..3,"Feb 8, 2026",10:35:19 AM PST,,Charge,,Pro Subscription (WF Solver),com.deepinkcode.wordfeudsolver,Subscription,prosub,,SE,,15391,SEK,23.20,0.700250,DKK,16.25,prosubmonth,,4994183596643847628,Yes,,,,
GPA.3386-6758-4839-99055..3,"Feb 8, 2026",10:35:19 AM PST,,Google fee,,Pro Subscription (WF Solver),com.deepinkcode.wordfeudsolver,Subscription,prosub,,SE,,15391,SEK,-3.48,0.700250,DKK,-2.44,prosubmonth,,4994183596643847628,Yes,15,SUBSCRIPTIONS,,
GPA.3353-8816-4672-34199,"Feb 8, 2026",10:42:57 AM PST,,Charge,,Pro Subscription (WF Solver),com.deepinkcode.wordfeudsolver,Subscription,prosub,b0s,NL,,3162 SB,EUR,1.98,7.468900,DKK,14.79,prosubmonth,,4994183596643847628,Yes,,,,In-app
GPA.3353-8816-4672-34199,"Feb 8, 2026",10:42:57 AM PST,,Google fee,,Pro Subscription (WF Solver),com.deepinkcode.wordfeudsolver,Subscription,prosub,b0s,NL,,3162 SB,EUR,-0.30,7.468900,DKK,-2.24,prosubmonth,,4994183596643847628,Yes,15,SUBSCRIPTIONS,,In-app
GPA.3373-4530-7845-98777..1,"Feb 8, 2026",11:07:03 AM PST,,Charge,,Pro Subscription (WF Solver),com.deepinkcode.wordfeudsolver,Subscription,prosub,,NL,,3069 DJ,EUR,1.98,7.468900,DKK,14.79,prosubmonth,,4994183596643847628,Yes,,,,
GPA.3373-4530-7845-98777..1,"Feb 8, 2026",11:07:03 AM PST,,Google fee,,Pro Subscription (WF Solver),com.deepinkcode.wordfeudsolver,Subscription,prosub,,NL,,3069 DJ,EUR,-0.30,7.468900,DKK,-2.24,prosubmonth,,4994183596643847628,Yes,15,SUBSCRIPTIONS,,
GPA.3368-6744-6969-93976..6,"Feb 8, 2026",11:10:52 AM PST,,Charge,,Pro Subscription (Words With Friends Solver),com.deepinkcode.wordswithfriendssolver,Subscription,prosub,,US,CA,92345,USD,1.99,6.321300,DKK,12.58,prosub,,4994183596643847628,Yes,,,,
GPA.3368-6744-6969-93976..6,"Feb 8, 2026",11:10:52 AM PST,,Google fee,,Pro Subscription (Words With Friends Solver),com.deepinkcode.wordswithfriendssolver,Subscription,prosub,,US,CA,92345,USD,-0.30,6.321300,DKK,-1.90,prosub,,4994183596643847628,Yes,15,SUBSCRIPTIONS,,
GPA.3335-5823-6165-82544..5,"Feb 8, 2026",11:37:07 AM PST,,Charge,,Pro Subscription (WF Solver),com.deepinkcode.wordfeudsolver,Subscription,prosub,,SE,,11244,SEK,22.40,0.700250,DKK,15.69,prosubmonth,,4994183596643847628,Yes,,,,
GPA.3335-5823-6165-82544..5,"Feb 8, 2026",11:37:07 AM PST,,Google fee,,Pro Subscription (WF Solver),com.deepinkcode.wordfeudsolver,Subscription,prosub,,SE,,11244,SEK,-3.36,0.700250,DKK,-2.36,prosubmonth,,4994183596643847628,Yes,15,SUBSCRIPTIONS,,
GPA.3387-8578-5052-33099..3,"Feb 8, 2026",11:48:54 AM PST,,Charge,,Pro Subscription (WF Solver),com.deepinkcode.wordfeudsolver,Subscription,prosub,,SE,,68154,SEK,22.40,0.700250,DKK,15.69,prosubmonth,,4994183596643847628,Yes,,,,
GPA.3387-8578-5052-33099..3,"Feb 8, 2026",11:48:54 AM PST,,Google fee,,Pro Subscription (WF Solver),com.deepinkcode.wordfeudsolver,Subscription,prosub,,SE,,68154,SEK,-3.36,0.700250,DKK,-2.36,prosubmonth,,4994183596643847628,Yes,15,SUBSCRIPTIONS,,
GPA.3311-1590-0931-36661..7,"Feb 8, 2026",11:52:58 AM PST,,Charge,,Pro Subscription (WF Solver),com.deepinkcode.wordfeudsolver,Subscription,prosub,,SE,,22472,SEK,23.20,0.700250,DKK,16.25,prosubmonth,,4994183596643847628,Yes,,,,
GPA.3311-1590-0931-36661..7,"Feb 8, 2026",11:52:58 AM PST,,Google fee,,Pro Subscription (WF Solver),com.deepinkcode.wordfeudsolver,Subscription,prosub,,SE,,22472,SEK,-3.48,0.700250,DKK,-2.44,prosubmonth,,4994183596643847628,Yes,15,SUBSCRIPTIONS,,
GPA.3308-4473-3736-98438..4,"Feb 8, 2026",12:24:44 PM PST,,Charge,,Pro Subscription (WF Solver),com.deepinkcode.wordfeudsolver,Subscription,prosub,,NL,,3431EM,EUR,1.98,7.473800,DKK,14.80,prosubmonth,,4994183596643847628,Yes,,,,
GPA.3308-4473-3736-98438..4,"Feb 8, 2026",12:24:44 PM PST,,Google fee,,Pro Subscription (WF Solver),com.deepinkcode.wordfeudsolver,Subscription,prosub,,NL,,3431EM,EUR,-0.30,7.473800,DKK,-2.24,prosubmonth,,4994183596643847628,Yes,15,SUBSCRIPTIONS,,
GPA.3323-3791-3528-54913..6,"Feb 8, 2026",12:44:05 PM PST,,Charge,,Pro Subscription (Words With Friends Solver),com.deepinkcode.wordswithfriendssolver,Subscription,prosub,,US,CA,95675,USD,1.99,6.321300,DKK,12.58,prosub,,4994183596643847628,Yes,,,,
GPA.3323-3791-3528-54913..6,"Feb 8, 2026",12:44:05 PM PST,,Google fee,,Pro Subscription (Words With Friends Solver),com.deepinkcode.wordswithfriendssolver,Subscription,prosub,,US,CA,95675,USD,-0.30,6.321300,DKK,-1.90,prosub,,4994183596643847628,Yes,15,SUBSCRIPTIONS,,
GPA.3392-3020-0674-66667..0,"Feb 8, 2026",1:29:24 PM PST,,Charge,,Pro Subscription (WF Solver),com.deepinkcode.wordfeudsolver,Subscription,prosub,,NL,,2001AB,EUR,1.98,7.469300,DKK,14.79,prosubmonth,,4994183596643847628,Yes,,,,
GPA.3392-3020-0674-66667..0,"Feb 8, 2026",1:29:24 PM PST,,Google fee,,Pro Subscription (WF Solver),com.deepinkcode.wordfeudsolver,Subscription,prosub,,NL,,2001AB,EUR,-0.30,7.469300,DKK,-2.24,prosubmonth,,4994183596643847628,Yes,15,SUBSCRIPTIONS,,
GPA.3374-0173-8226-99933..9,"Feb 8, 2026",2:06:23 PM PST,,Charge,,Pro Subscription (Words With Friends Solver),com.deepinkcode.wordswithfriendssolver,Subscription,prosub,,US,WI,53228,USD,1.99,6.322300,DKK,12.58,prosub,,4994183596643847628,Yes,,,,
GPA.3374-0173-8226-99933..9,"Feb 8, 2026",2:06:23 PM PST,,Google fee,,Pro Subscription (Words With Friends Solver),com.deepinkcode.wordswithfriendssolver,Subscription,prosub,,US,WI,53228,USD,-0.30,6.322300,DKK,-1.90,prosub,,4994183596643847628,Yes,15,SUBSCRIPTIONS,,
GPA.3382-6482-3554-20424..7,"Feb 8, 2026",4:38:50 PM PST,,Charge,,Pro Subscription (WF Solver),com.deepinkcode.wordfeudsolver,Subscription,prosub,,US,PA,19073,USD,1.99,6.320900,DKK,12.58,prosubmonth,,4994183596643847628,Yes,,,,
GPA.3382-6482-3554-20424..7,"Feb 8, 2026",4:38:50 PM PST,,Google fee,,Pro Subscription (WF Solver),com.deepinkcode.wordfeudsolver,Subscription,prosub,,US,PA,19073,USD,-0.30,6.320900,DKK,-1.90,prosubmonth,,4994183596643847628,Yes,15,SUBSCRIPTIONS,,
GPA.3326-9041-0977-11387..0,"Feb 8, 2026",5:13:37 PM PST,,Charge,,Pro Subscription (WF Solver),com.deepinkcode.wordfeudsolver,Subscription,prosub,,SE,,82691,SEK,22.40,0.701160,DKK,15.71,prosubmonth,,4994183596643847628,Yes,,,,
GPA.3326-9041-0977-11387..0,"Feb 8, 2026",5:13:37 PM PST,,Google fee,,Pro Subscription (WF Solver),com.deepinkcode.wordfeudsolver,Subscription,prosub,,SE,,82691,SEK,-3.36,0.701160,DKK,-2.36,prosubmonth,,4994183596643847628,Yes,15,SUBSCRIPTIONS,,
GPA.3333-6295-0869-72612..1,"Feb 8, 2026",5:22:10 PM PST,,Charge,,Pro Subscription (WF Solver),com.deepinkcode.wordfeudsolver,Subscription,prosub,,IN,Kerala,680002,INR,203.39,0.069640,DKK,14.16,prosubmonth,,4994183596643847628,Yes,,,,
GPA.3333-6295-0869-72612..1,"Feb 8, 2026",5:22:10 PM PST,,Google fee,,Pro Subscription (WF Solver),com.deepinkcode.wordfeudsolver,Subscription,prosub,,IN,Kerala,680002,INR,-30.51,0.069640,DKK,-2.12,prosubmonth,,4994183596643847628,Yes,15,SUBSCRIPTIONS,,
GPA.3319-7317-8883-19182,"Feb 8, 2026",9:08:57 PM PST,,Charge,,Pro Subscription (WF Solver),com.deepinkcode.wordfeudsolver,Subscription,prosub,a15x,US,SC,29445,USD,2.49,6.318600,DKK,15.73,prosubmonth,,4994183596643847628,Yes,,,,In-app
GPA.3319-7317-8883-19182,"Feb 8, 2026",9:08:57 PM PST,,Google fee,,Pro Subscription (WF Solver),com.deepinkcode.wordfeudsolver,Subscription,prosub,a15x,US,SC,29445,USD,-0.37,6.318600,DKK,-2.34,prosubmonth,,4994183596643847628,Yes,15,SUBSCRIPTIONS,,In-app
GPA.3388-1890-7761-84611..8,"Feb 8, 2026",10:21:00 PM PST,,Charge,,Pro Subscription (WF Solver),com.deepinkcode.wordfeudsolver,Subscription,prosub,,NL,,2752 AB,EUR,1.98,7.469000,DKK,14.79,prosubmonth,,4994183596643847628,Yes,,,,
GPA.3388-1890-7761-84611..8,"Feb 8, 2026",10:21:00 PM PST,,Google fee,,Pro Subscription (WF Solver),com.deepinkcode.wordfeudsolver,Subscription,prosub,,NL,,2752 AB,EUR,-0.30,7.469000,DKK,-2.24,prosubmonth,,4994183596643847628,Yes,15,SUBSCRIPTIONS,,
GPA.3356-4384-3115-45333..2,"Feb 8, 2026",10:25:43 PM PST,,Charge,,Pro Subscription (Words With Friends Solver),com.deepinkcode.wordswithfriendssolver,Subscription,prosub,,AU,,5125,AUD,3.63,4.436000,DKK,16.10,prosub,,4994183596643847628,Yes,,,,
GPA.3356-4384-3115-45333..2,"Feb 8, 2026",10:25:43 PM PST,,Google fee,,Pro Subscription (Words With Friends Solver),com.deepinkcode.wordswithfriendssolver,Subscription,prosub,,AU,,5125,AUD,-0.54,4.436000,DKK,-2.40,prosub,,4994183596643847628,Yes,15,SUBSCRIPTIONS,,
GPA.3372-4216-6879-33806..6,"Feb 9, 2026",1:03:15 AM PST,,Charge,,Pro Subscription (WF Solver),com.deepinkcode.wordfeudsolver,Subscription,prosub,,DK,,6000,DKK,15.20,1.000000,DKK,15.20,prosubmonth,,4994183596643847628,Yes,,,,
GPA.3372-4216-6879-33806..6,"Feb 9, 2026",1:03:15 AM PST,,Google fee,,Pro Subscription (WF Solver),com.deepinkcode.wordfeudsolver,Subscription,prosub,,DK,,6000,DKK,-2.28,1.000000,DKK,-2.28,prosubmonth,,4994183596643847628,Yes,15,SUBSCRIPTIONS,,
GPA.3337-1434-9578-34436..1,"Feb 9, 2026",1:58:04 AM PST,,Charge,,Pro Subscription (WF Solver),com.deepinkcode.wordfeudsolver,Subscription,prosub,,NL,,2565 vs,EUR,1.98,7.468800,DKK,14.79,prosubmonth,,4994183596643847628,Yes,,,,
GPA.3337-1434-9578-34436..1,"Feb 9, 2026",1:58:04 AM PST,,Google fee,,Pro Subscription (WF Solver),com.deepinkcode.wordfeudsolver,Subscription,prosub,,NL,,2565 vs,EUR,-0.30,7.468800,DKK,-2.24,prosubmonth,,4994183596643847628,Yes,15,SUBSCRIPTIONS,,
GPA.3383-7921-8120-22556..11,"Feb 9, 2026",2:44:43 AM PST,,Charge,,Pro Subscription (WF Solver),com.deepinkcode.wordfeudsolver,Subscription,prosub,,NL,,3284BA,EUR,1.98,7.468700,DKK,14.79,prosubmonth,,4994183596643847628,Yes,,,,
GPA.3383-7921-8120-22556..11,"Feb 9, 2026",2:44:43 AM PST,,Google fee,,Pro Subscription (WF Solver),com.deepinkcode.wordfeudsolver,Subscription,prosub,,NL,,3284BA,EUR,-0.30,7.468700,DKK,-2.24,prosubmonth,,4994183596643847628,Yes,15,SUBSCRIPTIONS,,
GPA.3356-5580-7139-27891..6,"Feb 9, 2026",3:47:50 AM PST,,Charge,,Pro Subscription (WF Solver),com.deepinkcode.wordfeudsolver,Subscription,prosub,,SE,,23238,SEK,23.20,0.699960,DKK,16.24,prosubmonth,,4994183596643847628,Yes,,,,
GPA.3356-5580-7139-27891..6,"Feb 9, 2026",3:47:50 AM PST,,Google fee,,Pro Subscription (WF Solver),com.deepinkcode.wordfeudsolver,Subscription,prosub,,SE,,23238,SEK,-3.48,0.699960,DKK,-2.44,prosubmonth,,4994183596643847628,Yes,15,SUBSCRIPTIONS,,
GPA.3370-8517-9415-43906..0,"Feb 9, 2026",3:53:50 AM PST,,Charge,,Pro Subscription (WF Solver),com.deepinkcode.wordfeudsolver,Subscription,prosub,,SE,,461 98,SEK,22.40,0.699960,DKK,15.68,prosubmonth,,4994183596643847628,Yes,,,,
GPA.3370-8517-9415-43906..0,"Feb 9, 2026",3:53:50 AM PST,,Google fee,,Pro Subscription (WF Solver),com.deepinkcode.wordfeudsolver,Subscription,prosub,,SE,,461 98,SEK,-3.36,0.699960,DKK,-2.35,prosubmonth,,4994183596643847628,Yes,15,SUBSCRIPTIONS,,
GPA.3375-7379-7596-41713,"Feb 9, 2026",5:25:48 AM PST,,Charge,,Pro (WF Solver),com.deepinkcode.wordfeudsolver,One-time product,pro,a51,NL,,2165 XN,EUR,23.96,7.469100,DKK,178.96,legacy-base,,4994183596643847628,Yes,,,,In-app
GPA.3375-7379-7596-41713,"Feb 9, 2026",5:25:48 AM PST,,Google fee,,Pro (WF Solver),com.deepinkcode.wordfeudsolver,One-time product,pro,a51,NL,,2165 XN,EUR,-3.59,7.469100,DKK,-26.81,legacy-base,,4994183596643847628,Yes,15,,,In-app
GPA.3312-3478-6904-38987,"Feb 9, 2026",5:44:56 AM PST,,Charge refund,Full,Pro Subscription (WF Solver),com.deepinkcode.wordfeudsolver,Subscription,prosub,lake,SE,,532 35,SEK,-22.40,0.699860,DKK,-15.68,prosubmonth,,4994183596643847628,Yes,,,,In-app
GPA.3312-3478-6904-38987,"Feb 9, 2026",5:44:56 AM PST,,Google fee refund,Full,Pro Subscription (WF Solver),com.deepinkcode.wordfeudsolver,Subscription,prosub,lake,SE,,532 35,SEK,3.36,0.699860,DKK,2.35,prosubmonth,,4994183596643847628,Yes,15,SUBSCRIPTIONS,,In-app
GPA.3329-6964-4617-28349,"Feb 9, 2026",7:16:29 AM PST,,Charge,,Pro Subscription (WF Solver),com.deepinkcode.wordfeudsolver,Subscription,prosub,g0s,NO,,8616,NOK,24.00,0.653480,DKK,15.68,prosubmonth,,4994183596643847628,Yes,,,,In-app
GPA.3329-6964-4617-28349,"Feb 9, 2026",7:16:29 AM PST,,Google fee,,Pro Subscription (WF Solver),com.deepinkcode.wordfeudsolver,Subscription,prosub,g0s,NO,,8616,NOK,-3.60,0.653480,DKK,-2.35,prosubmonth,,4994183596643847628,Yes,15,SUBSCRIPTIONS,,In-app
GPA.3385-3781-9026-24264,"Feb 9, 2026",7:18:58 AM PST,,Charge,,Pro (WF Solver),com.deepinkcode.wordfeudsolver,One-time product,pro,pa1q,NL,,6446XG,EUR,23.96,7.469600,DKK,178.97,legacy-base,,4994183596643847628,Yes,,,,In-app
GPA.3385-3781-9026-24264,"Feb 9, 2026",7:18:58 AM PST,,Google fee,,Pro (WF Solver),com.deepinkcode.wordfeudsolver,One-time product,pro,pa1q,NL,,6446XG,EUR,-3.59,7.469600,DKK,-26.81,legacy-base,,4994183596643847628,Yes,15,,,In-app
GPA.3303-6150-1207-55578..5,"Feb 9, 2026",7:45:15 AM PST,,Charge,,Pro Subscription (WF Solver),com.deepinkcode.wordfeudsolver,Subscription,prosub,,NL,,4651 CB,EUR,1.98,7.469600,DKK,14.79,prosubmonth,,4994183596643847628,Yes,,,,
GPA.3303-6150-1207-55578..5,"Feb 9, 2026",7:45:15 AM PST,,Google fee,,Pro Subscription (WF Solver),com.deepinkcode.wordfeudsolver,Subscription,prosub,,NL,,4651 CB,EUR,-0.30,7.469600,DKK,-2.24,prosubmonth,,4994183596643847628,Yes,15,SUBSCRIPTIONS,,
GPA.3373-1431-1357-81217..4,"Feb 9, 2026",8:44:55 AM PST,,Charge,,Pro Subscription (Words With Friends Solver),com.deepinkcode.wordswithfriendssolver,Subscription,prosub,,US,NV,89166,USD,2.49,6.264200,DKK,15.60,prosub,,4994183596643847628,Yes,,,,
GPA.3373-1431-1357-81217..4,"Feb 9, 2026",8:44:55 AM PST,,Google fee,,Pro Subscription (Words With Friends Solver),com.deepinkcode.wordswithfriendssolver,Subscription,prosub,,US,NV,89166,USD,-0.37,6.264200,DKK,-2.32,prosub,,4994183596643847628,Yes,15,SUBSCRIPTIONS,,
GPA.3326-2293-7753-92508..2,"Feb 9, 2026",8:58:48 AM PST,,Charge,,Pro Subscription (Words With Friends Solver),com.deepinkcode.wordswithfriendssolver,Subscription,prosub,,US,NC,28787,USD,2.49,6.264200,DKK,15.60,prosub,,4994183596643847628,Yes,,,,
GPA.3326-2293-7753-92508..2,"Feb 9, 2026",8:58:48 AM PST,,Google fee,,Pro Subscription (Words With Friends Solver),com.deepinkcode.wordswithfriendssolver,Subscription,prosub,,US,NC,28787,USD,-0.37,6.264200,DKK,-2.32,prosub,,4994183596643847628,Yes,15,SUBSCRIPTIONS,,
GPA.3382-4568-5024-90218,"Feb 9, 2026",9:44:23 AM PST,,Charge,,Pro Subscription (Scrabble GO Cheat),com.deepinkcode.scrabblegocheat,Subscription,prosub,dm1q,GB,,PR25 4QE,GBP,1.74,8.577500,DKK,14.92,prosubmonth,,4994183596643847628,Yes,,,,In-app
GPA.3382-4568-5024-90218,"Feb 9, 2026",9:44:23 AM PST,,Google fee,,Pro Subscription (Scrabble GO Cheat),com.deepinkcode.scrabblegocheat,Subscription,prosub,dm1q,GB,,PR25 4QE,GBP,-0.26,8.577500,DKK,-2.23,prosubmonth,,4994183596643847628,Yes,15,SUBSCRIPTIONS,,In-app
GPA.3373-0131-7326-14731..9,"Feb 9, 2026",10:59:27 AM PST,,Charge,,Pro Subscription (WF Solver),com.deepinkcode.wordfeudsolver,Subscription,prosub,,SE,,71894,SEK,23.20,0.702880,DKK,16.31,prosubmonth,,4994183596643847628,Yes,,,,
GPA.3373-0131-7326-14731..9,"Feb 9, 2026",10:59:27 AM PST,,Google fee,,Pro Subscription (WF Solver),com.deepinkcode.wordfeudsolver,Subscription,prosub,,SE,,71894,SEK,-3.48,0.702880,DKK,-2.45,prosubmonth,,4994183596643847628,Yes,15,SUBSCRIPTIONS,,
GPA.3351-4496-3644-86021..11,"Feb 9, 2026",11:04:48 AM PST,,Charge,,Pro Subscription (WF Solver),com.deepinkcode.wordfeudsolver,Subscription,prosub,,NL,,3703XB,EUR,1.98,7.471100,DKK,14.79,prosubmonth,,4994183596643847628,Yes,,,,
GPA.3351-4496-3644-86021..11,"Feb 9, 2026",11:04:48 AM PST,,Google fee,,Pro Subscription (WF Solver),com.deepinkcode.wordfeudsolver,Subscription,prosub,,NL,,3703XB,EUR,-0.30,7.471100,DKK,-2.24,prosubmonth,,4994183596643847628,Yes,15,SUBSCRIPTIONS,,
GPA.3308-0872-7026-97692,"Feb 9, 2026",11:20:22 AM PST,,Charge,,Pro Subscription (WF Solver),com.deepinkcode.wordfeudsolver,Subscription,prosub,o1s,DK,,9300,DKK,15.20,1.000000,DKK,15.20,prosubmonth,,4994183596643847628,Yes,,,,In-app
GPA.3308-0872-7026-97692,"Feb 9, 2026",11:20:22 AM PST,,Google fee,,Pro Subscription (WF Solver),com.deepinkcode.wordfeudsolver,Subscription,prosub,o1s,DK,,9300,DKK,-2.28,1.000000,DKK,-2.28,prosubmonth,,4994183596643847628,Yes,15,SUBSCRIPTIONS,,In-app
GPA.3354-3233-1715-83244..0,"Feb 9, 2026",11:21:37 AM PST,,Charge,,Pro Subscription (Words With Friends Solver),com.deepinkcode.wordswithfriendssolver,Subscription,prosub,,FR,,63270,EUR,1.99,7.471100,DKK,14.87,prosub,,4994183596643847628,Yes,,,,
GPA.3354-3233-1715-83244..0,"Feb 9, 2026",11:21:37 AM PST,,Google fee,,Pro Subscription (Words With Friends Solver),com.deepinkcode.wordswithfriendssolver,Subscription,prosub,,FR,,63270,EUR,-0.30,7.471100,DKK,-2.24,prosub,,4994183596643847628,Yes,15,SUBSCRIPTIONS,,
GPA.3306-9780-1102-90936..3,"Feb 9, 2026",12:17:03 PM PST,,Charge,,Pro Subscription (WF Solver),com.deepinkcode.wordfeudsolver,Subscription,prosub,,NL,,7607 PL,EUR,1.98,7.470900,DKK,14.79,prosubmonth,,4994183596643847628,Yes,,,,
GPA.3306-9780-1102-90936..3,"Feb 9, 2026",12:17:03 PM PST,,Google fee,,Pro Subscription (WF Solver),com.deepinkcode.wordfeudsolver,Subscription,prosub,,NL,,7607 PL,EUR,-0.30,7.470900,DKK,-2.24,prosubmonth,,4994183596643847628,Yes,15,SUBSCRIPTIONS,,
GPA.3369-3335-1240-59049..14,"Feb 9, 2026",12:18:26 PM PST,,Charge,,Pro Subscription (WF Solver),com.deepinkcode.wordfeudsolver,Subscription,prosub,,NL,,5931HJ,EUR,1.98,7.470900,DKK,14.79,prosubmonth,,4994183596643847628,Yes,,,,
GPA.3369-3335-1240-59049..14,"Feb 9, 2026",12:18:26 PM PST,,Google fee,,Pro Subscription (WF Solver),com.deepinkcode.wordfeudsolver,Subscription,prosub,,NL,,5931HJ,EUR,-0.30,7.470900,DKK,-2.24,prosubmonth,,4994183596643847628,Yes,15,SUBSCRIPTIONS,,
GPA.3363-7170-9976-40683..12,"Feb 9, 2026",1:06:10 PM PST,,Charge,,Pro Subscription (WF Solver),com.deepinkcode.wordfeudsolver,Subscription,prosub,,SE,,682 33,SEK,23.20,0.703450,DKK,16.32,prosubmonth,,4994183596643847628,Yes,,,,
GPA.3363-7170-9976-40683..12,"Feb 9, 2026",1:06:10 PM PST,,Google fee,,Pro Subscription (WF Solver),com.deepinkcode.wordfeudsolver,Subscription,prosub,,SE,,682 33,SEK,-3.48,0.703450,DKK,-2.45,prosubmonth,,4994183596643847628,Yes,15,SUBSCRIPTIONS,,
GPA.3344-0475-3328-49322..8,"Feb 9, 2026",1:09:34 PM PST,,Charge,,Pro Subscription (WF Solver),com.deepinkcode.wordfeudsolver,Subscription,prosub,,NL,,3133VM,EUR,1.98,7.470600,DKK,14.79,prosubmonth,,4994183596643847628,Yes,,,,
GPA.3344-0475-3328-49322..8,"Feb 9, 2026",1:09:34 PM PST,,Google fee,,Pro Subscription (WF Solver),com.deepinkcode.wordfeudsolver,Subscription,prosub,,NL,,3133VM,EUR,-0.30,7.470600,DKK,-2.24,prosubmonth,,4994183596643847628,Yes,15,SUBSCRIPTIONS,,
GPA.3355-5600-8390-85595,"Feb 9, 2026",1:53:40 PM PST,,Charge,,Pro Subscription (WF Solver),com.deepinkcode.wordfeudsolver,Subscription,prosub,a55x,SE,,63226,SEK,22.40,0.703450,DKK,15.76,prosubmonth,,4994183596643847628,Yes,,,,In-app
GPA.3355-5600-8390-85595,"Feb 9, 2026",1:53:40 PM PST,,Google fee,,Pro Subscription (WF Solver),com.deepinkcode.wordfeudsolver,Subscription,prosub,a55x,SE,,63226,SEK,-3.36,0.703450,DKK,-2.37,prosubmonth,,4994183596643847628,Yes,15,SUBSCRIPTIONS,,In-app
GPA.3315-9969-9551-08541..2,"Feb 9, 2026",1:55:19 PM PST,,Charge,,Pro Subscription (WF Solver),com.deepinkcode.wordfeudsolver,Subscription,prosub,,NL,,1816 TD,EUR,1.98,7.470600,DKK,14.79,prosubmonth,,4994183596643847628,Yes,,,,
GPA.3315-9969-9551-08541..2,"Feb 9, 2026",1:55:19 PM PST,,Google fee,,Pro Subscription (WF Solver),com.deepinkcode.wordfeudsolver,Subscription,prosub,,NL,,1816 TD,EUR,-0.30,7.470600,DKK,-2.24,prosubmonth,,4994183596643847628,Yes,15,SUBSCRIPTIONS,,
GPA.3352-0977-0603-57946..12,"Feb 9, 2026",2:11:33 PM PST,,Charge,,Pro Subscription (WF Solver),com.deepinkcode.wordfeudsolver,Subscription,prosub,,GB,,PO19 6ER,GBP,1.66,8.587500,DKK,14.26,prosubmonth,,4994183596643847628,Yes,,,,
GPA.3352-0977-0603-57946..12,"Feb 9, 2026",2:11:33 PM PST,,Google fee,,Pro Subscription (WF Solver),com.deepinkcode.wordfeudsolver,Subscription,prosub,,GB,,PO19 6ER,GBP,-0.25,8.587500,DKK,-2.15,prosubmonth,,4994183596643847628,Yes,15,SUBSCRIPTIONS,,
GPA.3323-7409-8666-69530..0,"Feb 9, 2026",2:15:51 PM PST,,Charge,,Pro Subscription (WF Solver),com.deepinkcode.wordfeudsolver,Subscription,prosub,,CH,,8134,CHF,1.90,8.180300,DKK,15.54,prosubmonth,,4994183596643847628,Yes,,,,
GPA.3323-7409-8666-69530..0,"Feb 9, 2026",2:15:51 PM PST,,Google fee,,Pro Subscription (WF Solver),com.deepinkcode.wordfeudsolver,Subscription,prosub,,CH,,8134,CHF,-0.28,8.180300,DKK,-2.29,prosubmonth,,4994183596643847628,Yes,15,SUBSCRIPTIONS,,
GPA.3360-5010-4788-58790,"Feb 9, 2026",3:16:16 PM PST,,Charge,,Pro Subscription (Words With Friends Solver),com.deepinkcode.wordswithfriendssolver,Subscription,prosub,dm3q,US,WI,53511,USD,2.49,6.271300,DKK,15.62,prosub,,4994183596643847628,Yes,,,,In-app
GPA.3360-5010-4788-58790,"Feb 9, 2026",3:16:16 PM PST,,Google fee,,Pro Subscription (Words With Friends Solver),com.deepinkcode.wordswithfriendssolver,Subscription,prosub,dm3q,US,WI,53511,USD,-0.37,6.271300,DKK,-2.32,prosub,,4994183596643847628,Yes,15,SUBSCRIPTIONS,,In-app
GPA.3310-6377-2595-15187,"Feb 9, 2026",3:38:39 PM PST,,Charge,,Pro Subscription (Words With Friends Solver),com.deepinkcode.wordswithfriendssolver,Subscription,prosub,b0q,US,NY,13206,USD,2.49,6.271300,DKK,15.62,prosub,,4994183596643847628,Yes,,,,In-app
GPA.3310-6377-2595-15187,"Feb 9, 2026",3:38:39 PM PST,,Google fee,,Pro Subscription (Words With Friends Solver),com.deepinkcode.wordswithfriendssolver,Subscription,prosub,b0q,US,NY,13206,USD,-0.37,6.271300,DKK,-2.32,prosub,,4994183596643847628,Yes,15,SUBSCRIPTIONS,,In-app
GPA.3336-9805-3499-93949..0,"Feb 9, 2026",5:31:48 PM PST,,Charge,,Pro Subscription (WF Solver),com.deepinkcode.wordfeudsolver,Subscription,prosub,,SE,,95532,SEK,22.40,0.703020,DKK,15.75,prosubmonth,,4994183596643847628,Yes,,,,
GPA.3336-9805-3499-93949..0,"Feb 9, 2026",5:31:48 PM PST,,Google fee,,Pro Subscription (WF Solver),com.deepinkcode.wordfeudsolver,Subscription,prosub,,SE,,95532,SEK,-3.36,0.703020,DKK,-2.36,prosubmonth,,4994183596643847628,Yes,15,SUBSCRIPTIONS,,
GPA.3362-0371-0045-56046..4,"Feb 9, 2026",9:39:47 PM PST,,Charge,,Pro Subscription (WF Solver),com.deepinkcode.wordfeudsolver,Subscription,prosub,,SE,,217 43,SEK,22.40,0.702450,DKK,15.73,prosubmonth,,4994183596643847628,Yes,,,,
GPA.3362-0371-0045-56046..4,"Feb 9, 2026",9:39:47 PM PST,,Google fee,,Pro Subscription (WF Solver),com.deepinkcode.wordfeudsolver,Subscription,prosub,,SE,,217 43,SEK,-3.36,0.702450,DKK,-2.36,prosubmonth,,4994183596643847628,Yes,15,SUBSCRIPTIONS,,
GPA.3302-3412-9201-49747..5,"Feb 9, 2026",9:52:55 PM PST,,Charge,,Pro Subscription (WF Solver),com.deepinkcode.wordfeudsolver,Subscription,prosub,,SE,,12945,SEK,22.40,0.702450,DKK,15.73,prosubmonth,,4994183596643847628,Yes,,,,
GPA.3302-3412-9201-49747..5,"Feb 9, 2026",9:52:55 PM PST,,Google fee,,Pro Subscription (WF Solver),com.deepinkcode.wordfeudsolver,Subscription,prosub,,SE,,12945,SEK,-3.36,0.702450,DKK,-2.36,prosubmonth,,4994183596643847628,Yes,15,SUBSCRIPTIONS,,
GPA.3392-6981-7863-59565..2,"Feb 9, 2026",10:21:28 PM PST,,Charge,,Pro Subscription (WF Solver),com.deepinkcode.wordfeudsolver,Subscription,prosub,,NL,,1448WL,EUR,1.98,7.471300,DKK,14.79,prosubmonth,,4994183596643847628,Yes,,,,
GPA.3392-6981-7863-59565..2,"Feb 9, 2026",10:21:28 PM PST,,Google fee,,Pro Subscription (WF Solver),com.deepinkcode.wordfeudsolver,Subscription,prosub,,NL,,1448WL,EUR,-0.30,7.471300,DKK,-2.24,prosubmonth,,4994183596643847628,Yes,15,SUBSCRIPTIONS,,
GPA.3325-2261-5971-70649,"Feb 10, 2026",12:01:29 AM PST,,Charge,,Pro Subscription (Words With Friends Solver),com.deepinkcode.wordswithfriendssolver,Subscription,prosub,a56x,AU,VIC,3824,AUD,3.63,4.435900,DKK,16.10,prosub,,4994183596643847628,Yes,,,,In-app
GPA.3325-2261-5971-70649,"Feb 10, 2026",12:01:29 AM PST,,Google fee,,Pro Subscription (Words With Friends Solver),com.deepinkcode.wordswithfriendssolver,Subscription,prosub,a56x,AU,VIC,3824,AUD,-0.54,4.435900,DKK,-2.40,prosub,,4994183596643847628,Yes,15,SUBSCRIPTIONS,,In-app
GPA.3316-7525-2642-01571..3,"Feb 10, 2026",1:14:53 AM PST,,Charge,,Pro Subscription (Words With Friends Solver),com.deepinkcode.wordswithfriendssolver,Subscription,prosub,,NZ,,7055,NZD,3.90,3.789400,DKK,14.78,prosub,,4994183596643847628,Yes,,,,
GPA.3316-7525-2642-01571..3,"Feb 10, 2026",1:14:53 AM PST,,Google fee,,Pro Subscription (Words With Friends Solver),com.deepinkcode.wordswithfriendssolver,Subscription,prosub,,NZ,,7055,NZD,-0.58,3.789400,DKK,-2.20,prosub,,4994183596643847628,Yes,15,SUBSCRIPTIONS,,
GPA.3319-6873-6043-77230,"Feb 10, 2026",1:24:23 AM PST,,Charge,,Pro Subscription (Words With Friends Solver),com.deepinkcode.wordswithfriendssolver,Subscription,prosub,pa3q,US,FL,34746,USD,2.49,6.274700,DKK,15.62,prosub,,4994183596643847628,Yes,,,,In-app
GPA.3319-6873-6043-77230,"Feb 10, 2026",1:24:23 AM PST,,Google fee,,Pro Subscription (Words With Friends Solver),com.deepinkcode.wordswithfriendssolver,Subscription,prosub,pa3q,US,FL,34746,USD,-0.37,6.274700,DKK,-2.32,prosub,,4994183596643847628,Yes,15,SUBSCRIPTIONS,,In-app
GPA.3321-1871-1437-64058..7,"Feb 10, 2026",1:36:51 AM PST,,Charge,,Pro Subscription (WF Solver),com.deepinkcode.wordfeudsolver,Subscription,prosub,,SE,,60217,SEK,23.20,0.701950,DKK,16.29,prosubmonth,,4994183596643847628,Yes,,,,
GPA.3321-1871-1437-64058..7,"Feb 10, 2026",1:36:51 AM PST,,Google fee,,Pro Subscription (WF Solver),com.deepinkcode.wordfeudsolver,Subscription,prosub,,SE,,60217,SEK,-3.48,0.701950,DKK,-2.45,prosubmonth,,4994183596643847628,Yes,15,SUBSCRIPTIONS,,
GPA.3346-2717-2864-33280,"Feb 10, 2026",3:03:34 AM PST,,Charge,,Pro Subscription (WF Solver),com.deepinkcode.wordfeudsolver,Subscription,prosub,b2q,SE,,782 34,SEK,22.40,0.702210,DKK,15.73,prosubmonth,,4994183596643847628,Yes,,,,In-app
GPA.3346-2717-2864-33280,"Feb 10, 2026",3:03:34 AM PST,,Google fee,,Pro Subscription (WF Solver),com.deepinkcode.wordfeudsolver,Subscription,prosub,b2q,SE,,782 34,SEK,-3.36,0.702210,DKK,-2.36,prosubmonth,,4994183596643847628,Yes,15,SUBSCRIPTIONS,,In-app
GPA.3374-3471-8487-02050,"Feb 10, 2026",3:12:13 AM PST,,Charge,,Pro Subscription (Words With Friends Solver),com.deepinkcode.wordswithfriendssolver,Subscription,prosub,pa3q,US,MI,48310,USD,2.49,6.269800,DKK,15.61,prosub,,4994183596643847628,Yes,,,,In-app
GPA.3374-3471-8487-02050,"Feb 10, 2026",3:12:13 AM PST,,Google fee,,Pro Subscription (Words With Friends Solver),com.deepinkcode.wordswithfriendssolver,Subscription,prosub,pa3q,US,MI,48310,USD,-0.37,6.269800,DKK,-2.32,prosub,,4994183596643847628,Yes,15,SUBSCRIPTIONS,,In-app
GPA.3324-7090-4203-65993..8,"Feb 10, 2026",3:13:21 AM PST,,Charge,,Pro Subscription (WF Solver),com.deepinkcode.wordfeudsolver,Subscription,prosub,,NO,,1053,NOK,24.00,0.657240,DKK,15.77,prosubmonth,,4994183596643847628,Yes,,,,
GPA.3324-7090-4203-65993..8,"Feb 10, 2026",3:13:21 AM PST,,Google fee,,Pro Subscription (WF Solver),com.deepinkcode.wordfeudsolver,Subscription,prosub,,NO,,1053,NOK,-3.60,0.657240,DKK,-2.36,prosubmonth,,4994183596643847628,Yes,15,SUBSCRIPTIONS,,
GPA.3377-0249-6480-63289,"Feb 10, 2026",4:11:09 AM PST,,Charge,,Pro Subscription (Words With Friends Solver),com.deepinkcode.wordswithfriendssolver,Subscription,prosub,e3q,GB,,WF10 5TB,GBP,1.74,8.571700,DKK,14.91,prosub,,4994183596643847628,Yes,,,,In-app
GPA.3377-0249-6480-63289,"Feb 10, 2026",4:11:09 AM PST,,Google fee,,Pro Subscription (Words With Friends Solver),com.deepinkcode.wordswithfriendssolver,Subscription,prosub,e3q,GB,,WF10 5TB,GBP,-0.26,8.571700,DKK,-2.22,prosub,,4994183596643847628,Yes,15,SUBSCRIPTIONS,,In-app
GPA.3349-0908-8870-74549..10,"Feb 10, 2026",5:34:46 AM PST,,Charge,,Pro Subscription (WF Solver),com.deepinkcode.wordfeudsolver,Subscription,prosub,,SE,,66731,SEK,23.20,0.702900,DKK,16.31,prosubmonth,,4994183596643847628,Yes,,,,
GPA.3349-0908-8870-74549..10,"Feb 10, 2026",5:34:46 AM PST,,Google fee,,Pro Subscription (WF Solver),com.deepinkcode.wordfeudsolver,Subscription,prosub,,SE,,66731,SEK,-3.48,0.702900,DKK,-2.45,prosubmonth,,4994183596643847628,Yes,15,SUBSCRIPTIONS,,
GPA.3378-7406-9523-14419..1,"Feb 10, 2026",6:20:14 AM PST,,Charge,,Pro Subscription (Scrabble GO Cheat),com.deepinkcode.scrabblegocheat,Subscription,prosub,,US,MI,48088,USD,2.49,6.283000,DKK,15.64,prosubmonth,,4994183596643847628,Yes,,,,
GPA.3378-7406-9523-14419..1,"Feb 10, 2026",6:20:14 AM PST,,Google fee,,Pro Subscription (Scrabble GO Cheat),com.deepinkcode.scrabblegocheat,Subscription,prosub,,US,MI,48088,USD,-0.37,6.283000,DKK,-2.32,prosubmonth,,4994183596643847628,Yes,15,SUBSCRIPTIONS,,
GPA.3360-5243-0463-59401,"Feb 10, 2026",6:42:25 AM PST,,Charge,,Pro (WF Solver),com.deepinkcode.wordfeudsolver,One-time product,pro,dm1q,BE,,9000,EUR,23.96,7.471400,DKK,179.01,legacy-base,,4994183596643847628,Yes,,,,In-app
GPA.3360-5243-0463-59401,"Feb 10, 2026",6:42:25 AM PST,,Google fee,,Pro (WF Solver),com.deepinkcode.wordfeudsolver,One-time product,pro,dm1q,BE,,9000,EUR,-3.59,7.471400,DKK,-26.82,legacy-base,,4994183596643847628,Yes,15,,,In-app
GPA.3367-9363-2678-60471..3,"Feb 10, 2026",7:00:11 AM PST,,Charge,,Pro Subscription (WF Solver),com.deepinkcode.wordfeudsolver,Subscription,prosub,,US,TX,75075,USD,2.49,6.274300,DKK,15.62,prosubmonth,,4994183596643847628,Yes,,,,
GPA.3367-9363-2678-60471..3,"Feb 10, 2026",7:00:11 AM PST,,Google fee,,Pro Subscription (WF Solver),com.deepinkcode.wordfeudsolver,Subscription,prosub,,US,TX,75075,USD,-0.37,6.274300,DKK,-2.32,prosubmonth,,4994183596643847628,Yes,15,SUBSCRIPTIONS,,
GPA.3369-5595-6836-11836..1,"Feb 10, 2026",7:00:12 AM PST,,Charge,,Pro Subscription (Words With Friends Solver),com.deepinkcode.wordswithfriendssolver,Subscription,prosub,,US,UT,84042,USD,2.49,6.274300,DKK,15.62,prosub,,4994183596643847628,Yes,,,,
GPA.3369-5595-6836-11836..1,"Feb 10, 2026",7:00:12 AM PST,,Google fee,,Pro Subscription (Words With Friends Solver),com.deepinkcode.wordswithfriendssolver,Subscription,prosub,,US,UT,84042,USD,-0.37,6.274300,DKK,-2.32,prosub,,4994183596643847628,Yes,15,SUBSCRIPTIONS,,
GPA.3350-6559-4940-55524,"Feb 10, 2026",7:01:46 AM PST,,Charge,,Pro Subscription (WF Solver),com.deepinkcode.wordfeudsolver,Subscription,prosub,dm3q,DK,,6440,DKK,15.20,1.000000,DKK,15.20,prosubmonth,,4994183596643847628,Yes,,,,In-app
GPA.3350-6559-4940-55524,"Feb 10, 2026",7:01:46 AM PST,,Google fee,,Pro Subscription (WF Solver),com.deepinkcode.wordfeudsolver,Subscription,prosub,dm3q,DK,,6440,DKK,-2.28,1.000000,DKK,-2.28,prosubmonth,,4994183596643847628,Yes,15,SUBSCRIPTIONS,,In-app
GPA.3348-2187-8953-25852..5,"Feb 10, 2026",7:27:03 AM PST,,Charge,,Pro Subscription (Words With Friends Solver),com.deepinkcode.wordswithfriendssolver,Subscription,prosub,,US,LA,70364,USD,2.49,6.274300,DKK,15.62,prosub,,4994183596643847628,Yes,,,,
GPA.3348-2187-8953-25852..5,"Feb 10, 2026",7:27:03 AM PST,,Google fee,,Pro Subscription (Words With Friends Solver),com.deepinkcode.wordswithfriendssolver,Subscription,prosub,,US,LA,70364,USD,-0.37,6.274300,DKK,-2.32,prosub,,4994183596643847628,Yes,15,SUBSCRIPTIONS,,
GPA.3367-4893-3084-96620..8,"Feb 10, 2026",8:27:38 AM PST,,Charge,,Pro Subscription (WF Solver),com.deepinkcode.wordfeudsolver,Subscription,prosub,,SE,,702 11,SEK,23.20,0.705330,DKK,16.36,prosubmonth,,4994183596643847628,Yes,,,,
GPA.3367-4893-3084-96620..8,"Feb 10, 2026",8:27:38 AM PST,,Google fee,,Pro Subscription (WF Solver),com.deepinkcode.wordfeudsolver,Subscription,prosub,,SE,,702 11,SEK,-3.48,0.705330,DKK,-2.45,prosubmonth,,4994183596643847628,Yes,15,SUBSCRIPTIONS,,
GPA.3307-8789-0265-49197..0,"Feb 10, 2026",8:42:14 AM PST,,Charge,,Pro Subscription (WF Solver),com.deepinkcode.wordfeudsolver,Subscription,prosub,,SE,,96144,SEK,22.40,0.705330,DKK,15.80,prosubmonth,,4994183596643847628,Yes,,,,
GPA.3307-8789-0265-49197..0,"Feb 10, 2026",8:42:14 AM PST,,Google fee,,Pro Subscription (WF Solver),com.deepinkcode.wordfeudsolver,Subscription,prosub,,SE,,96144,SEK,-3.36,0.705330,DKK,-2.37,prosubmonth,,4994183596643847628,Yes,15,SUBSCRIPTIONS,,
GPA.3308-7594-2414-62305,"Feb 10, 2026",9:33:56 AM PST,,Charge,,Pro Subscription (WF Solver),com.deepinkcode.wordfeudsolver,Subscription,prosub,dm1q,NL,,2645GN,EUR,1.98,7.471700,DKK,14.79,prosubmonth,,4994183596643847628,Yes,,,,In-app
GPA.3308-7594-2414-62305,"Feb 10, 2026",9:33:56 AM PST,,Google fee,,Pro Subscription (WF Solver),com.deepinkcode.wordfeudsolver,Subscription,prosub,dm1q,NL,,2645GN,EUR,-0.30,7.471700,DKK,-2.24,prosubmonth,,4994183596643847628,Yes,15,SUBSCRIPTIONS,,In-app
GPA.3399-2534-2006-75890..4,"Feb 10, 2026",10:18:05 AM PST,,Charge,,Pro Subscription (WF Solver),com.deepinkcode.wordfeudsolver,Subscription,prosub,,SE,,123 32,SEK,22.40,0.706060,DKK,15.82,prosubmonth,,4994183596643847628,Yes,,,,
GPA.3399-2534-2006-75890..4,"Feb 10, 2026",10:18:05 AM PST,,Google fee,,Pro Subscription (WF Solver),com.deepinkcode.wordfeudsolver,Subscription,prosub,,SE,,123 32,SEK,-3.36,0.706060,DKK,-2.38,prosubmonth,,4994183596643847628,Yes,15,SUBSCRIPTIONS,,
GPA.3348-3811-7615-87861..0,"Feb 10, 2026",10:35:20 AM PST,,Charge,,Pro Subscription (WF Solver),com.deepinkcode.wordfeudsolver,Subscription,prosub,,DK,,4800,DKK,15.20,1.000000,DKK,15.20,prosubmonth,,4994183596643847628,Yes,,,,
GPA.3348-3811-7615-87861..0,"Feb 10, 2026",10:35:20 AM PST,,Google fee,,Pro Subscription (WF Solver),com.deepinkcode.wordfeudsolver,Subscription,prosub,,DK,,4800,DKK,-2.28,1.000000,DKK,-2.28,prosubmonth,,4994183596643847628,Yes,15,SUBSCRIPTIONS,,
GPA.3342-0867-0114-33540..1,"Feb 10, 2026",11:41:37 AM PST,,Charge,,Pro Subscription (Words With Friends Solver),com.deepinkcode.wordswithfriendssolver,Subscription,prosub,,US,WA,98023,USD,2.49,6.280600,DKK,15.64,prosub,,4994183596643847628,Yes,,,,
GPA.3342-0867-0114-33540..1,"Feb 10, 2026",11:41:37 AM PST,,Google fee,,Pro Subscription (Words With Friends Solver),com.deepinkcode.wordswithfriendssolver,Subscription,prosub,,US,WA,98023,USD,-0.37,6.280600,DKK,-2.32,prosub,,4994183596643847628,Yes,15,SUBSCRIPTIONS,,
GPA.3310-8950-7167-33028..6,"Feb 10, 2026",11:56:35 AM PST,,Charge,,Pro Subscription (WF Solver),com.deepinkcode.wordfeudsolver,Subscription,prosub,,NO,,2340,NOK,24.00,0.659350,DKK,15.82,prosubmonth,,4994183596643847628,Yes,,,,
GPA.3310-8950-7167-33028..6,"Feb 10, 2026",11:56:35 AM PST,,Google fee,,Pro Subscription (WF Solver),com.deepinkcode.wordfeudsolver,Subscription,prosub,,NO,,2340,NOK,-3.60,0.659350,DKK,-2.37,prosubmonth,,4994183596643847628,Yes,15,SUBSCRIPTIONS,,
GPA.3319-9353-9744-31212,"Feb 10, 2026",1:32:14 PM PST,,Charge,,Pro (WF Solver),com.deepinkcode.wordfeudsolver,One-time product,pro,dm3q,NL,,9718 JE,EUR,23.96,7.471000,DKK,179.01,legacy-base,,4994183596643847628,Yes,,,,In-app
GPA.3319-9353-9744-31212,"Feb 10, 2026",1:32:14 PM PST,,Google fee,,Pro (WF Solver),com.deepinkcode.wordfeudsolver,One-time product,pro,dm3q,NL,,9718 JE,EUR,-3.59,7.471000,DKK,-26.83,legacy-base,,4994183596643847628,Yes,15,,,In-app
GPA.3367-8470-4483-26919..14,"Feb 10, 2026",1:36:35 PM PST,,Charge,,Pro Subscription (WF Solver),com.deepinkcode.wordfeudsolver,Subscription,prosub,,NO,,3530,NOK,23.20,0.660250,DKK,15.32,prosubmonth,,4994183596643847628,Yes,,,,
GPA.3367-8470-4483-26919..14,"Feb 10, 2026",1:36:35 PM PST,,Google fee,,Pro Subscription (WF Solver),com.deepinkcode.wordfeudsolver,Subscription,prosub,,NO,,3530,NOK,-3.48,0.660250,DKK,-2.30,prosubmonth,,4994183596643847628,Yes,15,SUBSCRIPTIONS,,
GPA.3353-9654-3437-17475..12,"Feb 10, 2026",2:04:36 PM PST,,Charge,,Pro Subscription (WF Solver),com.deepinkcode.wordfeudsolver,Subscription,prosub,,BE,,3320,EUR,1.98,7.470900,DKK,14.79,prosubmonth,,4994183596643847628,Yes,,,,
GPA.3353-9654-3437-17475..12,"Feb 10, 2026",2:04:36 PM PST,,Google fee,,Pro Subscription (WF Solver),com.deepinkcode.wordfeudsolver,Subscription,prosub,,BE,,3320,EUR,-0.30,7.470900,DKK,-2.24,prosubmonth,,4994183596643847628,Yes,15,SUBSCRIPTIONS,,
GPA.3301-5486-4852-82473..16,"Feb 10, 2026",2:25:34 PM PST,,Charge,,Pro Subscription (WF Solver),com.deepinkcode.wordfeudsolver,Subscription,prosub,,DK,,3921,DKK,15.20,1.000000,DKK,15.20,prosubmonth,,4994183596643847628,Yes,,,,
GPA.3301-5486-4852-82473..16,"Feb 10, 2026",2:25:34 PM PST,,Google fee,,Pro Subscription (WF Solver),com.deepinkcode.wordfeudsolver,Subscription,prosub,,DK,,3921,DKK,-2.28,1.000000,DKK,-2.28,prosubmonth,,4994183596643847628,Yes,15,SUBSCRIPTIONS,,
GPA.3368-7310-3357-51856..11,"Feb 10, 2026",4:45:58 PM PST,,Charge,,Pro Subscription (WF Solver),com.deepinkcode.wordfeudsolver,Subscription,prosub,,DK,,6800,DKK,15.20,1.000000,DKK,15.20,prosubmonth,,4994183596643847628,Yes,,,,
GPA.3368-7310-3357-51856..11,"Feb 10, 2026",4:45:58 PM PST,,Google fee,,Pro Subscription (WF Solver),com.deepinkcode.wordfeudsolver,Subscription,prosub,,DK,,6800,DKK,-2.28,1.000000,DKK,-2.28,prosubmonth,,4994183596643847628,Yes,15,SUBSCRIPTIONS,,
GPA.3345-4574-9366-11238..12,"Feb 10, 2026",5:00:35 PM PST,,Charge,,Pro Subscription (WF Solver),com.deepinkcode.wordfeudsolver,Subscription,prosub,,DK,,4200,DKK,15.20,1.000000,DKK,15.20,prosubmonth,,4994183596643847628,Yes,,,,
GPA.3345-4574-9366-11238..12,"Feb 10, 2026",5:00:35 PM PST,,Google fee,,Pro Subscription (WF Solver),com.deepinkcode.wordfeudsolver,Subscription,prosub,,DK,,4200,DKK,-2.28,1.000000,DKK,-2.28,prosubmonth,,4994183596643847628,Yes,15,SUBSCRIPTIONS,,
GPA.3354-4453-2547-47273,"Feb 10, 2026",8:25:38 PM PST,,Charge,,Pro Subscription (Scrabble GO Cheat),com.deepinkcode.scrabblegocheat,Subscription,prosub,e3q,US,NE,68123,USD,2.49,6.273800,DKK,15.62,prosubmonth,,4994183596643847628,Yes,,,,In-app
GPA.3354-4453-2547-47273,"Feb 10, 2026",8:25:38 PM PST,,Google fee,,Pro Subscription (Scrabble GO Cheat),com.deepinkcode.scrabblegocheat,Subscription,prosub,e3q,US,NE,68123,USD,-0.37,6.273800,DKK,-2.32,prosubmonth,,4994183596643847628,Yes,15,SUBSCRIPTIONS,,In-app
GPA.3369-9697-7387-77325..7,"Feb 10, 2026",8:52:42 PM PST,,Charge,,Pro Subscription (WF Solver),com.deepinkcode.wordfeudsolver,Subscription,prosub,,NL,,1942AN,EUR,1.98,7.471000,DKK,14.79,prosubmonth,,4994183596643847628,Yes,,,,
GPA.3369-9697-7387-77325..7,"Feb 10, 2026",8:52:42 PM PST,,Google fee,,Pro Subscription (WF Solver),com.deepinkcode.wordfeudsolver,Subscription,prosub,,NL,,1942AN,EUR,-0.30,7.471000,DKK,-2.24,prosubmonth,,4994183596643847628,Yes,15,SUBSCRIPTIONS,,
GPA.3359-8571-9948-14977..4,"Feb 10, 2026",11:24:24 PM PST,,Charge,,Pro Subscription (WF Solver),com.deepinkcode.wordfeudsolver,Subscription,prosub,,NO,,5522,NOK,24.00,0.660900,DKK,15.86,prosubmonth,,4994183596643847628,Yes,,,,
GPA.3359-8571-9948-14977..4,"Feb 10, 2026",11:24:24 PM PST,,Google fee,,Pro Subscription (WF Solver),com.deepinkcode.wordfeudsolver,Subscription,prosub,,NO,,5522,NOK,-3.60,0.660900,DKK,-2.38,prosubmonth,,4994183596643847628,Yes,15,SUBSCRIPTIONS,,
GPA.3336-2610-8299-77492..0,"Feb 10, 2026",11:30:11 PM PST,,Charge,,Pro Subscription (WF Solver),com.deepinkcode.wordfeudsolver,Subscription,prosub,,NO,,2890,NOK,24.00,0.660900,DKK,15.86,prosubmonth,,4994183596643847628,Yes,,,,
GPA.3336-2610-8299-77492..0,"Feb 10, 2026",11:30:11 PM PST,,Google fee,,Pro Subscription (WF Solver),com.deepinkcode.wordfeudsolver,Subscription,prosub,,NO,,2890,NOK,-3.60,0.660900,DKK,-2.38,prosubmonth,,4994183596643847628,Yes,15,SUBSCRIPTIONS,,
GPA.3385-2371-2998-26926..7,"Feb 10, 2026",11:36:44 PM PST,,Charge,,Pro Subscription (WF Solver),com.deepinkcode.wordfeudsolver,Subscription,prosub,,DK,,4400,DKK,15.20,1.000000,DKK,15.20,prosubmonth,,4994183596643847628,Yes,,,,
GPA.3385-2371-2998-26926..7,"Feb 10, 2026",11:36:44 PM PST,,Google fee,,Pro Subscription (WF Solver),com.deepinkcode.wordfeudsolver,Subscription,prosub,,DK,,4400,DKK,-2.28,1.000000,DKK,-2.28,prosubmonth,,4994183596643847628,Yes,15,SUBSCRIPTIONS,,
GPA.3380-6686-0797-14046..2,"Feb 10, 2026",11:51:08 PM PST,,Charge,,Pro Subscription (WF Solver),com.deepinkcode.wordfeudsolver,Subscription,prosub,,SE,,453 35,SEK,22.40,0.708360,DKK,15.87,prosubmonth,,4994183596643847628,Yes,,,,
GPA.3380-6686-0797-14046..2,"Feb 10, 2026",11:51:08 PM PST,,Google fee,,Pro Subscription (WF Solver),com.deepinkcode.wordfeudsolver,Subscription,prosub,,SE,,453 35,SEK,-3.36,0.708360,DKK,-2.38,prosubmonth,,4994183596643847628,Yes,15,SUBSCRIPTIONS,,
GPA.3375-2106-8042-56534..0,"Feb 11, 2026",1:21:38 AM PST,,Charge,,Pro Subscription (WF Solver),com.deepinkcode.wordfeudsolver,Subscription,prosub,,NL,,7881LP,EUR,1.98,7.470500,DKK,14.79,prosubmonth,,4994183596643847628,Yes,,,,
GPA.3375-2106-8042-56534..0,"Feb 11, 2026",1:21:38 AM PST,,Google fee,,Pro Subscription (WF Solver),com.deepinkcode.wordfeudsolver,Subscription,prosub,,NL,,7881LP,EUR,-0.30,7.470500,DKK,-2.24,prosubmonth,,4994183596643847628,Yes,15,SUBSCRIPTIONS,,
GPA.3385-6423-6918-51114..11,"Feb 11, 2026",1:45:09 AM PST,,Charge,,Pro Subscription (WF Solver),com.deepinkcode.wordfeudsolver,Subscription,prosub,,SE,,771 41,SEK,23.20,0.706840,DKK,16.40,prosubmonth,,4994183596643847628,Yes,,,,
GPA.3385-6423-6918-51114..11,"Feb 11, 2026",1:45:09 AM PST,,Google fee,,Pro Subscription (WF Solver),com.deepinkcode.wordfeudsolver,Subscription,prosub,,SE,,771 41,SEK,-3.48,0.706840,DKK,-2.46,prosubmonth,,4994183596643847628,Yes,15,SUBSCRIPTIONS,,
GPA.3355-3314-2515-52886..6,"Feb 11, 2026",1:58:21 AM PST,,Charge,,Pro Subscription (WF Solver),com.deepinkcode.wordfeudsolver,Subscription,prosub,,DK,,6100,DKK,15.20,1.000000,DKK,15.20,prosubmonth,,4994183596643847628,Yes,,,,
GPA.3355-3314-2515-52886..6,"Feb 11, 2026",1:58:21 AM PST,,Google fee,,Pro Subscription (WF Solver),com.deepinkcode.wordfeudsolver,Subscription,prosub,,DK,,6100,DKK,-2.28,1.000000,DKK,-2.28,prosubmonth,,4994183596643847628,Yes,15,SUBSCRIPTIONS,,
GPA.3377-8790-2471-12499..2,"Feb 11, 2026",2:00:42 AM PST,,Charge,,Pro Subscription (WF Solver),com.deepinkcode.wordfeudsolver,Subscription,prosub,,NO,,7970,NOK,24.00,0.662570,DKK,15.90,prosubmonth,,4994183596643847628,Yes,,,,
GPA.3377-8790-2471-12499..2,"Feb 11, 2026",2:00:42 AM PST,,Google fee,,Pro Subscription (WF Solver),com.deepinkcode.wordfeudsolver,Subscription,prosub,,NO,,7970,NOK,-3.60,0.662570,DKK,-2.38,prosubmonth,,4994183596643847628,Yes,15,SUBSCRIPTIONS,,
GPA.3321-5290-2445-87022..7,"Feb 11, 2026",2:08:07 AM PST,,Charge,,Pro Subscription (WF Solver),com.deepinkcode.wordfeudsolver,Subscription,prosub,,SE,,36254,SEK,23.20,0.707420,DKK,16.41,prosubmonth,,4994183596643847628,Yes,,,,
GPA.3321-5290-2445-87022..7,"Feb 11, 2026",2:08:07 AM PST,,Google fee,,Pro Subscription (WF Solver),com.deepinkcode.wordfeudsolver,Subscription,prosub,,SE,,36254,SEK,-3.48,0.707420,DKK,-2.46,prosubmonth,,4994183596643847628,Yes,15,SUBSCRIPTIONS,,
GPA.3343-4281-3740-91034..1,"Feb 11, 2026",3:20:10 AM PST,,Charge,,Pro Subscription (WF Solver),com.deepinkcode.wordfeudsolver,Subscription,prosub,,DK,,8464,DKK,15.20,1.000000,DKK,15.20,prosubmonth,,4994183596643847628,Yes,,,,
GPA.3343-4281-3740-91034..1,"Feb 11, 2026",3:20:10 AM PST,,Google fee,,Pro Subscription (WF Solver),com.deepinkcode.wordfeudsolver,Subscription,prosub,,DK,,8464,DKK,-2.28,1.000000,DKK,-2.28,prosubmonth,,4994183596643847628,Yes,15,SUBSCRIPTIONS,,
GPA.3392-2245-3709-13686..4,"Feb 11, 2026",4:13:59 AM PST,,Charge,,Pro Subscription (WF Solver),com.deepinkcode.wordfeudsolver,Subscription,prosub,,SE,,633 55,SEK,22.40,0.707890,DKK,15.86,prosubmonth,,4994183596643847628,Yes,,,,
GPA.3392-2245-3709-13686..4,"Feb 11, 2026",4:13:59 AM PST,,Google fee,,Pro Subscription (WF Solver),com.deepinkcode.wordfeudsolver,Subscription,prosub,,SE,,633 55,SEK,-3.36,0.707890,DKK,-2.38,prosubmonth,,4994183596643847628,Yes,15,SUBSCRIPTIONS,,
GPA.3396-9314-7039-46659,"Feb 11, 2026",5:38:16 AM PST,,Charge,,Pro Subscription (Words With Friends Solver),com.deepinkcode.wordswithfriendssolver,Subscription,prosub,gta11wifi,GB,,WA4 6DE,GBP,1.74,8.587900,DKK,14.94,prosub,,4994183596643847628,Yes,,,,In-app
GPA.3396-9314-7039-46659,"Feb 11, 2026",5:38:16 AM PST,,Google fee,,Pro Subscription (Words With Friends Solver),com.deepinkcode.wordswithfriendssolver,Subscription,prosub,gta11wifi,GB,,WA4 6DE,GBP,-0.26,8.587900,DKK,-2.23,prosub,,4994183596643847628,Yes,15,SUBSCRIPTIONS,,In-app
GPA.3398-2032-0518-84599..12,"Feb 11, 2026",6:06:44 AM PST,,Charge,,Pro Subscription (WF Solver),com.deepinkcode.wordfeudsolver,Subscription,prosub,,DK,,8766,DKK,15.20,1.000000,DKK,15.20,prosubmonth,,4994183596643847628,Yes,,,,
GPA.3398-2032-0518-84599..12,"Feb 11, 2026",6:06:44 AM PST,,Google fee,,Pro Subscription (WF Solver),com.deepinkcode.wordfeudsolver,Subscription,prosub,,DK,,8766,DKK,-2.28,1.000000,DKK,-2.28,prosubmonth,,4994183596643847628,Yes,15,SUBSCRIPTIONS,,
GPA.3309-3057-2969-18273..5,"Feb 11, 2026",7:16:08 AM PST,,Charge,,Pro Subscription (WF Solver),com.deepinkcode.wordfeudsolver,Subscription,prosub,,SE,,371 62,SEK,22.40,0.706800,DKK,15.83,prosubmonth,,4994183596643847628,Yes,,,,
GPA.3309-3057-2969-18273..5,"Feb 11, 2026",7:16:08 AM PST,,Google fee,,Pro Subscription (WF Solver),com.deepinkcode.wordfeudsolver,Subscription,prosub,,SE,,371 62,SEK,-3.36,0.706800,DKK,-2.37,prosubmonth,,4994183596643847628,Yes,15,SUBSCRIPTIONS,,
GPA.3366-8388-1843-80011,"Feb 11, 2026",7:16:48 AM PST,,Charge,,Pro Subscription (WF Solver),com.deepinkcode.wordfeudsolver,Subscription,prosub,husky,DK,,4330,DKK,15.20,1.000000,DKK,15.20,prosubmonth,,4994183596643847628,Yes,,,,In-app
GPA.3366-8388-1843-80011,"Feb 11, 2026",7:16:48 AM PST,,Google fee,,Pro Subscription (WF Solver),com.deepinkcode.wordfeudsolver,Subscription,prosub,husky,DK,,4330,DKK,-2.28,1.000000,DKK,-2.28,prosubmonth,,4994183596643847628,Yes,15,SUBSCRIPTIONS,,In-app
GPA.3361-6414-4444-07338..5,"Feb 11, 2026",9:11:19 AM PST,,Charge,,Pro Subscription (WF Solver),com.deepinkcode.wordfeudsolver,Subscription,prosub,,NL,,2635 EH,EUR,1.98,7.470300,DKK,14.79,prosubmonth,,4994183596643847628,Yes,,,,
GPA.3361-6414-4444-07338..5,"Feb 11, 2026",9:11:19 AM PST,,Google fee,,Pro Subscription (WF Solver),com.deepinkcode.wordfeudsolver,Subscription,prosub,,NL,,2635 EH,EUR,-0.30,7.470300,DKK,-2.24,prosubmonth,,4994183596643847628,Yes,15,SUBSCRIPTIONS,,
GPA.3388-8396-9302-42940..11,"Feb 11, 2026",9:21:58 AM PST,,Charge,,Pro Subscription (WF Solver),com.deepinkcode.wordfeudsolver,Subscription,prosub,,NL,,4884AX,EUR,1.98,7.470300,DKK,14.79,prosubmonth,,4994183596643847628,Yes,,,,
GPA.3388-8396-9302-42940..11,"Feb 11, 2026",9:21:58 AM PST,,Google fee,,Pro Subscription (WF Solver),com.deepinkcode.wordfeudsolver,Subscription,prosub,,NL,,4884AX,EUR,-0.30,7.470300,DKK,-2.24,prosubmonth,,4994183596643847628,Yes,15,SUBSCRIPTIONS,,
GPA.3367-0504-1072-29911..0,"Feb 11, 2026",9:39:15 AM PST,,Charge,,Pro Subscription (WF Solver),com.deepinkcode.wordfeudsolver,Subscription,prosub,,GB,,HU3 6QT,GBP,1.74,8.587900,DKK,14.94,prosubmonth,,4994183596643847628,Yes,,,,
GPA.3367-0504-1072-29911..0,"Feb 11, 2026",9:39:15 AM PST,,Google fee,,Pro Subscription (WF Solver),com.deepinkcode.wordfeudsolver,Subscription,prosub,,GB,,HU3 6QT,GBP,-0.26,8.587900,DKK,-2.23,prosubmonth,,4994183596643847628,Yes,15,SUBSCRIPTIONS,,
GPA.3365-2970-2633-58701,"Feb 11, 2026",10:10:31 AM PST,,Charge,,Pro (WF Solver),com.deepinkcode.wordfeudsolver,One-time product,pro,e1s,SE,,56393,SEK,271.20,0.707400,DKK,191.85,legacy-base,,4994183596643847628,Yes,,,,In-app
GPA.3365-2970-2633-58701,"Feb 11, 2026",10:10:31 AM PST,,Google fee,,Pro (WF Solver),com.deepinkcode.wordfeudsolver,One-time product,pro,e1s,SE,,56393,SEK,-40.68,0.707400,DKK,-28.78,legacy-base,,4994183596643847628,Yes,15,,,In-app
GPA.3311-9646-8592-92869..11,"Feb 11, 2026",10:17:44 AM PST,,Charge,,Pro Subscription (WF Solver),com.deepinkcode.wordfeudsolver,Subscription,prosub,,DK,,6100,DKK,15.20,1.000000,DKK,15.20,prosubmonth,,4994183596643847628,Yes,,,,
GPA.3311-9646-8592-92869..11,"Feb 11, 2026",10:17:44 AM PST,,Google fee,,Pro Subscription (WF Solver),com.deepinkcode.wordfeudsolver,Subscription,prosub,,DK,,6100,DKK,-2.28,1.000000,DKK,-2.28,prosubmonth,,4994183596643847628,Yes,15,SUBSCRIPTIONS,,
GPA.3372-3790-8397-70203..3,"Feb 11, 2026",10:58:14 AM PST,,Charge,,Pro Subscription (WF Solver),com.deepinkcode.wordfeudsolver,Subscription,prosub,,NL,,5241 LH,EUR,1.98,7.471200,DKK,14.79,prosubmonth,,4994183596643847628,Yes,,,,
GPA.3372-3790-8397-70203..3,"Feb 11, 2026",10:58:14 AM PST,,Google fee,,Pro Subscription (WF Solver),com.deepinkcode.wordfeudsolver,Subscription,prosub,,NL,,5241 LH,EUR,-0.30,7.471200,DKK,-2.24,prosubmonth,,4994183596643847628,Yes,15,SUBSCRIPTIONS,,
GPA.3360-7736-5717-89176..8,"Feb 11, 2026",11:23:48 AM PST,,Charge,,Pro Subscription (WF Solver),com.deepinkcode.wordfeudsolver,Subscription,prosub,,NL,,2718 JT,EUR,1.98,7.472000,DKK,14.79,prosubmonth,,4994183596643847628,Yes,,,,
GPA.3360-7736-5717-89176..8,"Feb 11, 2026",11:23:48 AM PST,,Google fee,,Pro Subscription (WF Solver),com.deepinkcode.wordfeudsolver,Subscription,prosub,,NL,,2718 JT,EUR,-0.30,7.472000,DKK,-2.24,prosubmonth,,4994183596643847628,Yes,15,SUBSCRIPTIONS,,
GPA.3333-9210-2099-85039..10,"Feb 11, 2026",11:26:46 AM PST,,Charge,,Pro Subscription (WF Solver),com.deepinkcode.wordfeudsolver,Subscription,prosub,,NL,,6176 AJ,EUR,1.98,7.472000,DKK,14.79,prosubmonth,,4994183596643847628,Yes,,,,
GPA.3333-9210-2099-85039..10,"Feb 11, 2026",11:26:46 AM PST,,Google fee,,Pro Subscription (WF Solver),com.deepinkcode.wordfeudsolver,Subscription,prosub,,NL,,6176 AJ,EUR,-0.30,7.472000,DKK,-2.24,prosubmonth,,4994183596643847628,Yes,15,SUBSCRIPTIONS,,
GPA.3361-1053-7762-07512..10,"Feb 11, 2026",12:15:30 PM PST,,Charge,,Pro Subscription (WF Solver),com.deepinkcode.wordfeudsolver,Subscription,prosub,,NL,,7961NR,EUR,1.98,7.471600,DKK,14.79,prosubmonth,,4994183596643847628,Yes,,,,
GPA.3361-1053-7762-07512..10,"Feb 11, 2026",12:15:30 PM PST,,Google fee,,Pro Subscription (WF Solver),com.deepinkcode.wordfeudsolver,Subscription,prosub,,NL,,7961NR,EUR,-0.30,7.471600,DKK,-2.24,prosubmonth,,4994183596643847628,Yes,15,SUBSCRIPTIONS,,
GPA.3374-8931-0472-28525..1,"Feb 11, 2026",12:16:01 PM PST,,Charge,,Pro Subscription (WF Solver),com.deepinkcode.wordfeudsolver,Subscription,prosub,,NL,,9408JJ,EUR,1.98,7.471600,DKK,14.79,prosubmonth,,4994183596643847628,Yes,,,,
GPA.3374-8931-0472-28525..1,"Feb 11, 2026",12:16:01 PM PST,,Google fee,,Pro Subscription (WF Solver),com.deepinkcode.wordfeudsolver,Subscription,prosub,,NL,,9408JJ,EUR,-0.30,7.471600,DKK,-2.24,prosubmonth,,4994183596643847628,Yes,15,SUBSCRIPTIONS,,
GPA.3310-3273-4435-61647..0,"Feb 11, 2026",12:25:43 PM PST,,Charge,,Pro Subscription (WF Solver),com.deepinkcode.wordfeudsolver,Subscription,prosub,,NL,,1566BK,EUR,1.98,7.471600,DKK,14.79,prosubmonth,,4994183596643847628,Yes,,,,
GPA.3310-3273-4435-61647..0,"Feb 11, 2026",12:25:43 PM PST,,Google fee,,Pro Subscription (WF Solver),com.deepinkcode.wordfeudsolver,Subscription,prosub,,NL,,1566BK,EUR,-0.30,7.471600,DKK,-2.24,prosubmonth,,4994183596643847628,Yes,15,SUBSCRIPTIONS,,
GPA.3364-5348-0414-07789,"Feb 11, 2026",12:44:13 PM PST,,Charge,,Pro Subscription (Words With Friends Solver),com.deepinkcode.wordswithfriendssolver,Subscription,prosub,pnangn,US,TX,75088,USD,2.49,6.289200,DKK,15.66,prosub,,4994183596643847628,Yes,,,,In-app
GPA.3364-5348-0414-07789,"Feb 11, 2026",12:44:13 PM PST,,Google fee,,Pro Subscription (Words With Friends Solver),com.deepinkcode.wordswithfriendssolver,Subscription,prosub,pnangn,US,TX,75088,USD,-0.37,6.289200,DKK,-2.33,prosub,,4994183596643847628,Yes,15,SUBSCRIPTIONS,,In-app
GPA.3300-9471-8356-99741..12,"Feb 11, 2026",12:52:57 PM PST,,Charge,,Pro Subscription (WF Solver),com.deepinkcode.wordfeudsolver,Subscription,prosub,,SE,,16478,SEK,23.20,0.707960,DKK,16.42,prosubmonth,,4994183596643847628,Yes,,,,
GPA.3300-9471-8356-99741..12,"Feb 11, 2026",12:52:57 PM PST,,Google fee,,Pro Subscription (WF Solver),com.deepinkcode.wordfeudsolver,Subscription,prosub,,SE,,16478,SEK,-3.48,0.707960,DKK,-2.46,prosubmonth,,4994183596643847628,Yes,15,SUBSCRIPTIONS,,
GPA.3361-2063-6285-41943..0,"Feb 11, 2026",1:07:24 PM PST,,Charge,,Pro Subscription (WF Solver),com.deepinkcode.wordfeudsolver,Subscription,prosub,,NL,,3059 RA,EUR,1.98,7.471100,DKK,14.79,prosubmonth,,4994183596643847628,Yes,,,,
GPA.3361-2063-6285-41943..0,"Feb 11, 2026",1:07:24 PM PST,,Google fee,,Pro Subscription (WF Solver),com.deepinkcode.wordfeudsolver,Subscription,prosub,,NL,,3059 RA,EUR,-0.30,7.471100,DKK,-2.24,prosubmonth,,4994183596643847628,Yes,15,SUBSCRIPTIONS,,
GPA.3373-9747-1708-91818..6,"Feb 11, 2026",2:03:04 PM PST,,Charge,,Pro Subscription (WF Solver),com.deepinkcode.wordfeudsolver,Subscription,prosub,,DK,,4720,DKK,15.20,1.000000,DKK,15.20,prosubmonth,,4994183596643847628,Yes,,,,
GPA.3373-9747-1708-91818..6,"Feb 11, 2026",2:03:04 PM PST,,Google fee,,Pro Subscription (WF Solver),com.deepinkcode.wordfeudsolver,Subscription,prosub,,DK,,4720,DKK,-2.28,1.000000,DKK,-2.28,prosubmonth,,4994183596643847628,Yes,15,SUBSCRIPTIONS,,
GPA.3359-9682-3875-27404..2,"Feb 11, 2026",2:42:14 PM PST,,Charge,,Pro Subscription (Words With Friends Solver),com.deepinkcode.wordswithfriendssolver,Subscription,prosub,,US,GA,30263,USD,2.49,6.294200,DKK,15.67,prosub,,4994183596643847628,Yes,,,,
GPA.3359-9682-3875-27404..2,"Feb 11, 2026",2:42:14 PM PST,,Google fee,,Pro Subscription (Words With Friends Solver),com.deepinkcode.wordswithfriendssolver,Subscription,prosub,,US,GA,30263,USD,-0.37,6.294200,DKK,-2.33,prosub,,4994183596643847628,Yes,15,SUBSCRIPTIONS,,
GPA.3367-3026-4474-91508,"Feb 11, 2026",2:57:38 PM PST,,Charge,,Pro Subscription (Scrabble GO Cheat),com.deepinkcode.scrabblegocheat,Subscription,prosub,shiba,GB,,EX31 2HA,GBP,1.74,8.573400,DKK,14.92,prosubmonth,,4994183596643847628,Yes,,,,In-app
GPA.3367-3026-4474-91508,"Feb 11, 2026",2:57:38 PM PST,,Google fee,,Pro Subscription (Scrabble GO Cheat),com.deepinkcode.scrabblegocheat,Subscription,prosub,shiba,GB,,EX31 2HA,GBP,-0.26,8.573400,DKK,-2.23,prosubmonth,,4994183596643847628,Yes,15,SUBSCRIPTIONS,,In-app
GPA.3303-4640-4499-01362..12,"Feb 11, 2026",5:43:08 PM PST,,Charge,,Pro Subscription (WF Solver),com.deepinkcode.wordfeudsolver,Subscription,prosub,,FR,,75016,EUR,1.99,7.471300,DKK,14.87,prosubmonth,,4994183596643847628,Yes,,,,
GPA.3303-4640-4499-01362..12,"Feb 11, 2026",5:43:08 PM PST,,Google fee,,Pro Subscription (WF Solver),com.deepinkcode.wordfeudsolver,Subscription,prosub,,FR,,75016,EUR,-0.30,7.471300,DKK,-2.24,prosubmonth,,4994183596643847628,Yes,15,SUBSCRIPTIONS,,
GPA.3300-7632-7959-35033..4,"Feb 11, 2026",9:49:21 PM PST,,Charge,,Pro Subscription (WF Solver),com.deepinkcode.wordfeudsolver,Subscription,prosub,,NL,,4614JG,EUR,1.98,7.471400,DKK,14.79,prosubmonth,,4994183596643847628,Yes,,,,
GPA.3300-7632-7959-35033..4,"Feb 11, 2026",9:49:21 PM PST,,Google fee,,Pro Subscription (WF Solver),com.deepinkcode.wordfeudsolver,Subscription,prosub,,NL,,4614JG,EUR,-0.30,7.471400,DKK,-2.24,prosubmonth,,4994183596643847628,Yes,15,SUBSCRIPTIONS,,
GPA.3377-9224-9406-65418..4,"Feb 11, 2026",10:18:51 PM PST,,Charge,,Pro Subscription (WF Solver),com.deepinkcode.wordfeudsolver,Subscription,prosub,,DK,,2650,DKK,15.20,1.000000,DKK,15.20,prosubmonth,,4994183596643847628,Yes,,,,
GPA.3377-9224-9406-65418..4,"Feb 11, 2026",10:18:51 PM PST,,Google fee,,Pro Subscription (WF Solver),com.deepinkcode.wordfeudsolver,Subscription,prosub,,DK,,2650,DKK,-2.28,1.000000,DKK,-2.28,prosubmonth,,4994183596643847628,Yes,15,SUBSCRIPTIONS,,
GPA.3317-3258-7824-41376..7,"Feb 12, 2026",12:02:15 AM PST,,Charge,,Pro Subscription (WF Solver),com.deepinkcode.wordfeudsolver,Subscription,prosub,,SE,,44341,SEK,23.20,0.707620,DKK,16.42,prosubmonth,,4994183596643847628,Yes,,,,
GPA.3317-3258-7824-41376..7,"Feb 12, 2026",12:02:15 AM PST,,Google fee,,Pro Subscription (WF Solver),com.deepinkcode.wordfeudsolver,Subscription,prosub,,SE,,44341,SEK,-3.48,0.707620,DKK,-2.47,prosubmonth,,4994183596643847628,Yes,15,SUBSCRIPTIONS,,
GPA.3316-4181-1825-60705..8,"Feb 12, 2026",12:49:42 AM PST,,Charge,,Pro Subscription (WF Solver),com.deepinkcode.wordfeudsolver,Subscription,prosub,,NL,,8051NN,EUR,1.98,7.471100,DKK,14.79,prosubmonth,,4994183596643847628,Yes,,,,
GPA.3316-4181-1825-60705..8,"Feb 12, 2026",12:49:42 AM PST,,Google fee,,Pro Subscription (WF Solver),com.deepinkcode.wordfeudsolver,Subscription,prosub,,NL,,8051NN,EUR,-0.30,7.471100,DKK,-2.24,prosubmonth,,4994183596643847628,Yes,15,SUBSCRIPTIONS,,
GPA.3353-3400-5209-87407..9,"Feb 12, 2026",1:43:25 AM PST,,Charge,,Pro Subscription (WF Solver),com.deepinkcode.wordfeudsolver,Subscription,prosub,,NL,,2265 AH,EUR,1.98,7.470600,DKK,14.79,prosubmonth,,4994183596643847628,Yes,,,,
GPA.3353-3400-5209-87407..9,"Feb 12, 2026",1:43:25 AM PST,,Google fee,,Pro Subscription (WF Solver),com.deepinkcode.wordfeudsolver,Subscription,prosub,,NL,,2265 AH,EUR,-0.30,7.470600,DKK,-2.24,prosubmonth,,4994183596643847628,Yes,15,SUBSCRIPTIONS,,
GPA.3361-6994-2485-66360..12,"Feb 12, 2026",2:18:13 AM PST,,Charge,,Pro Subscription (WF Solver),com.deepinkcode.wordfeudsolver,Subscription,prosub,,NL,,6367 BZ,EUR,1.98,7.470500,DKK,14.79,prosubmonth,,4994183596643847628,Yes,,,,
GPA.3361-6994-2485-66360..12,"Feb 12, 2026",2:18:13 AM PST,,Google fee,,Pro Subscription (WF Solver),com.deepinkcode.wordfeudsolver,Subscription,prosub,,NL,,6367 BZ,EUR,-0.30,7.470500,DKK,-2.24,prosubmonth,,4994183596643847628,Yes,15,SUBSCRIPTIONS,,
GPA.3359-2310-8799-37172,"Feb 12, 2026",2:39:06 AM PST,,Charge,,Pro Subscription (WF Solver),com.deepinkcode.wordfeudsolver,Subscription,prosub,e3q,NL,,6361 BN,EUR,1.98,7.470500,DKK,14.79,prosubmonth,,4994183596643847628,Yes,,,,In-app
GPA.3359-2310-8799-37172,"Feb 12, 2026",2:39:06 AM PST,,Google fee,,Pro Subscription (WF Solver),com.deepinkcode.wordfeudsolver,Subscription,prosub,e3q,NL,,6361 BN,EUR,-0.30,7.470500,DKK,-2.24,prosubmonth,,4994183596643847628,Yes,15,SUBSCRIPTIONS,,In-app
GPA.3323-0414-0656-95674..4,"Feb 12, 2026",2:54:24 AM PST,,Charge,,Pro Subscription (WF Solver),com.deepinkcode.wordfeudsolver,Subscription,prosub,,SE,,27563,SEK,22.40,0.706050,DKK,15.82,prosubmonth,,4994183596643847628,Yes,,,,
GPA.3323-0414-0656-95674..4,"Feb 12, 2026",2:54:24 AM PST,,Google fee,,Pro Subscription (WF Solver),com.deepinkcode.wordfeudsolver,Subscription,prosub,,SE,,27563,SEK,-3.36,0.706050,DKK,-2.38,prosubmonth,,4994183596643847628,Yes,15,SUBSCRIPTIONS,,
GPA.3320-3239-2597-43083,"Feb 12, 2026",2:58:37 AM PST,,Charge,,Pro Subscription (WF Solver),com.deepinkcode.wordfeudsolver,Subscription,prosub,nevada,US,LA,70802,USD,2.49,6.287600,DKK,15.66,prosubmonth,,4994183596643847628,Yes,,,,In-app
GPA.3320-3239-2597-43083,"Feb 12, 2026",2:58:37 AM PST,,Google fee,,Pro Subscription (WF Solver),com.deepinkcode.wordfeudsolver,Subscription,prosub,nevada,US,LA,70802,USD,-0.37,6.287600,DKK,-2.33,prosubmonth,,4994183596643847628,Yes,15,SUBSCRIPTIONS,,In-app
GPA.3314-2636-0993-64009..11,"Feb 12, 2026",3:04:40 AM PST,,Charge,,Pro Subscription (WF Solver),com.deepinkcode.wordfeudsolver,Subscription,prosub,,SE,,50261,SEK,23.20,0.707290,DKK,16.41,prosubmonth,,4994183596643847628,Yes,,,,
GPA.3314-2636-0993-64009..11,"Feb 12, 2026",3:04:40 AM PST,,Google fee,,Pro Subscription (WF Solver),com.deepinkcode.wordfeudsolver,Subscription,prosub,,SE,,50261,SEK,-3.48,0.707290,DKK,-2.46,prosubmonth,,4994183596643847628,Yes,15,SUBSCRIPTIONS,,
GPA.3335-8642-7026-05598..7,"Feb 12, 2026",4:09:41 AM PST,,Charge,,Pro Subscription (Words With Friends Solver),com.deepinkcode.wordswithfriendssolver,Subscription,prosub,,US,IL,60626,USD,1.99,6.290500,DKK,12.52,prosub,,4994183596643847628,Yes,,,,
GPA.3335-8642-7026-05598..7,"Feb 12, 2026",4:09:41 AM PST,,Google fee,,Pro Subscription (Words With Friends Solver),com.deepinkcode.wordswithfriendssolver,Subscription,prosub,,US,IL,60626,USD,-0.30,6.290500,DKK,-1.89,prosub,,4994183596643847628,Yes,15,SUBSCRIPTIONS,,
GPA.3380-5199-6480-41179..0,"Feb 12, 2026",4:13:43 AM PST,,Charge,,Pro Subscription (WF Solver),com.deepinkcode.wordfeudsolver,Subscription,prosub,,DK,,1420,DKK,15.20,1.000000,DKK,15.20,prosubmonth,,4994183596643847628,Yes,,,,
GPA.3380-5199-6480-41179..0,"Feb 12, 2026",4:13:43 AM PST,,Google fee,,Pro Subscription (WF Solver),com.deepinkcode.wordfeudsolver,Subscription,prosub,,DK,,1420,DKK,-2.28,1.000000,DKK,-2.28,prosubmonth,,4994183596643847628,Yes,15,SUBSCRIPTIONS,,
GPA.3354-9731-4286-64615,"Feb 12, 2026",4:15:13 AM PST,,Charge,,Pro Subscription (WF Solver),com.deepinkcode.wordfeudsolver,Subscription,prosub,a53x,SE,,93146,SEK,22.40,0.707850,DKK,15.86,prosubmonth,,4994183596643847628,Yes,,,,In-app
GPA.3354-9731-4286-64615,"Feb 12, 2026",4:15:13 AM PST,,Google fee,,Pro Subscription (WF Solver),com.deepinkcode.wordfeudsolver,Subscription,prosub,a53x,SE,,93146,SEK,-3.36,0.707850,DKK,-2.38,prosubmonth,,4994183596643847628,Yes,15,SUBSCRIPTIONS,,In-app
GPA.3319-8140-8017-04095,"Feb 12, 2026",4:27:39 AM PST,,Charge,,Pro Subscription (WF Solver),com.deepinkcode.wordfeudsolver,Subscription,prosub,pa1q,NL,,1721JD,EUR,1.98,7.470900,DKK,14.79,prosubmonth,,4994183596643847628,Yes,,,,In-app
GPA.3319-8140-8017-04095,"Feb 12, 2026",4:27:39 AM PST,,Google fee,,Pro Subscription (WF Solver),com.deepinkcode.wordfeudsolver,Subscription,prosub,pa1q,NL,,1721JD,EUR,-0.30,7.470900,DKK,-2.24,prosubmonth,,4994183596643847628,Yes,15,SUBSCRIPTIONS,,In-app
GPA.3392-6312-0938-16023..7,"Feb 12, 2026",5:01:56 AM PST,,Charge,,Pro Subscription (WF Solver),com.deepinkcode.wordfeudsolver,Subscription,prosub,,NL,,1325 NB,EUR,1.98,7.471100,DKK,14.79,prosubmonth,,4994183596643847628,Yes,,,,
GPA.3392-6312-0938-16023..7,"Feb 12, 2026",5:01:56 AM PST,,Google fee,,Pro Subscription (WF Solver),com.deepinkcode.wordfeudsolver,Subscription,prosub,,NL,,1325 NB,EUR,-0.30,7.471100,DKK,-2.24,prosubmonth,,4994183596643847628,Yes,15,SUBSCRIPTIONS,,
GPA.3367-1749-1791-19086..5,"Feb 12, 2026",5:39:50 AM PST,,Charge,,Pro Subscription (Words With Friends Solver),com.deepinkcode.wordswithfriendssolver,Subscription,prosub,,GB,,SK1 3LP,GBP,1.74,8.579500,DKK,14.93,prosub,,4994183596643847628,Yes,,,,
GPA.3367-1749-1791-19086..5,"Feb 12, 2026",5:39:50 AM PST,,Google fee,,Pro Subscription (Words With Friends Solver),com.deepinkcode.wordswithfriendssolver,Subscription,prosub,,GB,,SK1 3LP,GBP,-0.26,8.579500,DKK,-2.23,prosub,,4994183596643847628,Yes,15,SUBSCRIPTIONS,,
GPA.3396-8409-1133-42433..15,"Feb 12, 2026",6:16:36 AM PST,,Charge,,Pro Subscription (WF Solver),com.deepinkcode.wordfeudsolver,Subscription,prosub,,NO,,0588,NOK,23.20,0.663640,DKK,15.40,prosubmonth,,4994183596643847628,Yes,,,,
GPA.3396-8409-1133-42433..15,"Feb 12, 2026",6:16:36 AM PST,,Google fee,,Pro Subscription (WF Solver),com.deepinkcode.wordfeudsolver,Subscription,prosub,,NO,,0588,NOK,-3.48,0.663640,DKK,-2.31,prosubmonth,,4994183596643847628,Yes,15,SUBSCRIPTIONS,,
GPA.3399-2409-0391-60431..11,"Feb 12, 2026",6:51:58 AM PST,,Charge,,Pro Subscription (WF Solver),com.deepinkcode.wordfeudsolver,Subscription,prosub,,SE,,553 31,SEK,23.20,0.707210,DKK,16.41,prosubmonth,,4994183596643847628,Yes,,,,
GPA.3399-2409-0391-60431..11,"Feb 12, 2026",6:51:58 AM PST,,Google fee,,Pro Subscription (WF Solver),com.deepinkcode.wordfeudsolver,Subscription,prosub,,SE,,553 31,SEK,-3.48,0.707210,DKK,-2.46,prosubmonth,,4994183596643847628,Yes,15,SUBSCRIPTIONS,,
GPA.3350-0729-9794-78256..2,"Feb 12, 2026",7:28:51 AM PST,,Charge,,Pro Subscription (WF Solver),com.deepinkcode.wordfeudsolver,Subscription,prosub,,NL,,9679 TR,EUR,1.98,7.471200,DKK,14.79,prosubmonth,,4994183596643847628,Yes,,,,
GPA.3350-0729-9794-78256..2,"Feb 12, 2026",7:28:51 AM PST,,Google fee,,Pro Subscription (WF Solver),com.deepinkcode.wordfeudsolver,Subscription,prosub,,NL,,9679 TR,EUR,-0.30,7.471200,DKK,-2.24,prosubmonth,,4994183596643847628,Yes,15,SUBSCRIPTIONS,,
GPA.3385-4660-4901-96399..1,"Feb 12, 2026",7:33:51 AM PST,,Charge,,Pro Subscription (WF Solver),com.deepinkcode.wordfeudsolver,Subscription,prosub,,NL,,7559LM,EUR,1.98,7.471200,DKK,14.79,prosubmonth,,4994183596643847628,Yes,,,,
GPA.3385-4660-4901-96399..1,"Feb 12, 2026",7:33:51 AM PST,,Google fee,,Pro Subscription (WF Solver),com.deepinkcode.wordfeudsolver,Subscription,prosub,,NL,,7559LM,EUR,-0.30,7.471200,DKK,-2.24,prosubmonth,,4994183596643847628,Yes,15,SUBSCRIPTIONS,,
GPA.3361-7829-0517-00540..0,"Feb 12, 2026",9:25:44 AM PST,,Charge,,Pro Subscription (WF Solver),com.deepinkcode.wordfeudsolver,Subscription,prosub,,DE,,26826,EUR,2.01,7.471600,DKK,15.02,prosubmonth,,4994183596643847628,Yes,,,,
GPA.3361-7829-0517-00540..0,"Feb 12, 2026",9:25:44 AM PST,,Google fee,,Pro Subscription (WF Solver),com.deepinkcode.wordfeudsolver,Subscription,prosub,,DE,,26826,EUR,-0.30,7.471600,DKK,-2.24,prosubmonth,,4994183596643847628,Yes,15,SUBSCRIPTIONS,,
GPA.3378-9136-4256-15733..2,"Feb 12, 2026",9:51:54 AM PST,,Charge,,Pro Subscription (WF Solver),com.deepinkcode.wordfeudsolver,Subscription,prosub,,SE,,18740,SEK,22.40,0.706850,DKK,15.83,prosubmonth,,4994183596643847628,Yes,,,,
GPA.3378-9136-4256-15733..2,"Feb 12, 2026",9:51:54 AM PST,,Google fee,,Pro Subscription (WF Solver),com.deepinkcode.wordfeudsolver,Subscription,prosub,,SE,,18740,SEK,-3.36,0.706850,DKK,-2.37,prosubmonth,,4994183596643847628,Yes,15,SUBSCRIPTIONS,,
GPA.3336-7432-5032-35776..15,"Feb 12, 2026",10:19:58 AM PST,,Charge,,Pro Subscription (WF Solver),com.deepinkcode.wordfeudsolver,Subscription,prosub,,NL,,2211 DL,EUR,1.98,7.471500,DKK,14.79,prosubmonth,,4994183596643847628,Yes,,,,
GPA.3336-7432-5032-35776..15,"Feb 12, 2026",10:19:58 AM PST,,Google fee,,Pro Subscription (WF Solver),com.deepinkcode.wordfeudsolver,Subscription,prosub,,NL,,2211 DL,EUR,-0.30,7.471500,DKK,-2.24,prosubmonth,,4994183596643847628,Yes,15,SUBSCRIPTIONS,,
GPA.3352-4212-3068-13055..11,"Feb 12, 2026",10:23:00 AM PST,,Charge,,Pro Subscription (WF Solver),com.deepinkcode.wordfeudsolver,Subscription,prosub,,NO,,7711,NOK,24.00,0.660260,DKK,15.85,prosubmonth,,4994183596643847628,Yes,,,,
GPA.3352-4212-3068-13055..11,"Feb 12, 2026",10:23:00 AM PST,,Google fee,,Pro Subscription (WF Solver),com.deepinkcode.wordfeudsolver,Subscription,prosub,,NO,,7711,NOK,-3.60,0.660260,DKK,-2.38,prosubmonth,,4994183596643847628,Yes,15,SUBSCRIPTIONS,,
GPA.3314-9409-9930-29388..0,"Feb 12, 2026",11:28:15 AM PST,,Charge,,Pro Subscription (WF Solver),com.deepinkcode.wordfeudsolver,Subscription,prosub,,DK,,4100,DKK,15.20,1.000000,DKK,15.20,prosubmonth,,4994183596643847628,Yes,,,,
GPA.3314-9409-9930-29388..0,"Feb 12, 2026",11:28:15 AM PST,,Google fee,,Pro Subscription (WF Solver),com.deepinkcode.wordfeudsolver,Subscription,prosub,,DK,,4100,DKK,-2.28,1.000000,DKK,-2.28,prosubmonth,,4994183596643847628,Yes,15,SUBSCRIPTIONS,,
GPA.3373-7173-8494-92559,"Feb 12, 2026",11:30:54 AM PST,,Charge,,Pro Subscription (WF Solver),com.deepinkcode.wordfeudsolver,Subscription,prosub,pa2q,NO,,7560,NOK,24.00,0.659840,DKK,15.84,prosubmonth,,4994183596643847628,Yes,,,,In-app
GPA.3373-7173-8494-92559,"Feb 12, 2026",11:30:54 AM PST,,Google fee,,Pro Subscription (WF Solver),com.deepinkcode.wordfeudsolver,Subscription,prosub,pa2q,NO,,7560,NOK,-3.60,0.659840,DKK,-2.38,prosubmonth,,4994183596643847628,Yes,15,SUBSCRIPTIONS,,In-app
GPA.3335-2819-5120-69564,"Feb 12, 2026",11:39:17 AM PST,,Charge,,Pro Subscription (WF Solver),com.deepinkcode.wordfeudsolver,Subscription,prosub,r11s,NL,,7741WE,EUR,1.98,7.471600,DKK,14.79,prosubmonth,,4994183596643847628,Yes,,,,In-app
GPA.3335-2819-5120-69564,"Feb 12, 2026",11:39:17 AM PST,,Google fee,,Pro Subscription (WF Solver),com.deepinkcode.wordfeudsolver,Subscription,prosub,r11s,NL,,7741WE,EUR,-0.30,7.471600,DKK,-2.24,prosubmonth,,4994183596643847628,Yes,15,SUBSCRIPTIONS,,In-app
GPA.3316-9043-1016-76896..12,"Feb 12, 2026",11:55:54 AM PST,,Charge,,Pro Subscription (WF Solver),com.deepinkcode.wordfeudsolver,Subscription,prosub,,GB,,SP8 4ST,GBP,1.66,8.575600,DKK,14.24,prosubmonth,,4994183596643847628,Yes,,,,
GPA.3316-9043-1016-76896..12,"Feb 12, 2026",11:55:54 AM PST,,Google fee,,Pro Subscription (WF Solver),com.deepinkcode.wordfeudsolver,Subscription,prosub,,GB,,SP8 4ST,GBP,-0.25,8.575600,DKK,-2.15,prosubmonth,,4994183596643847628,Yes,15,SUBSCRIPTIONS,,
GPA.3322-6267-6603-72944..0,"Feb 12, 2026",12:30:04 PM PST,,Charge,,Pro Subscription (WF Solver),com.deepinkcode.wordfeudsolver,Subscription,prosub,,DK,,7400,DKK,15.20,1.000000,DKK,15.20,prosubmonth,,4994183596643847628,Yes,,,,
GPA.3322-6267-6603-72944..0,"Feb 12, 2026",12:30:04 PM PST,,Google fee,,Pro Subscription (WF Solver),com.deepinkcode.wordfeudsolver,Subscription,prosub,,DK,,7400,DKK,-2.28,1.000000,DKK,-2.28,prosubmonth,,4994183596643847628,Yes,15,SUBSCRIPTIONS,,
GPA.3313-5814-0404-74192..8,"Feb 12, 2026",1:26:09 PM PST,,Charge,,Pro Subscription (WF Solver),com.deepinkcode.wordfeudsolver,Subscription,prosub,,NL,,6017 BL,EUR,1.98,7.470300,DKK,14.79,prosubmonth,,4994183596643847628,Yes,,,,
GPA.3313-5814-0404-74192..8,"Feb 12, 2026",1:26:09 PM PST,,Google fee,,Pro Subscription (WF Solver),com.deepinkcode.wordfeudsolver,Subscription,prosub,,NL,,6017 BL,EUR,-0.30,7.470300,DKK,-2.24,prosubmonth,,4994183596643847628,Yes,15,SUBSCRIPTIONS,,
GPA.3377-3331-8104-32002..2,"Feb 12, 2026",1:58:28 PM PST,,Charge,,Pro Subscription (WF Solver),com.deepinkcode.wordfeudsolver,Subscription,prosub,,NO,,6150,NOK,24.00,0.659970,DKK,15.84,prosubmonth,,4994183596643847628,Yes,,,,
GPA.3377-3331-8104-32002..2,"Feb 12, 2026",1:58:28 PM PST,,Google fee,,Pro Subscription (WF Solver),com.deepinkcode.wordfeudsolver,Subscription,prosub,,NO,,6150,NOK,-3.60,0.659970,DKK,-2.38,prosubmonth,,4994183596643847628,Yes,15,SUBSCRIPTIONS,,
GPA.3340-6752-1657-56980,"Feb 12, 2026",2:15:49 PM PST,,Charge,,Pro Subscription (Words With Friends Solver),com.deepinkcode.wordswithfriendssolver,Subscription,prosub,boston,US,OR,97304,USD,2.49,6.293200,DKK,15.67,prosub,,4994183596643847628,Yes,,,,In-app
GPA.3340-6752-1657-56980,"Feb 12, 2026",2:15:49 PM PST,,Google fee,,Pro Subscription (Words With Friends Solver),com.deepinkcode.wordswithfriendssolver,Subscription,prosub,boston,US,OR,97304,USD,-0.37,6.293200,DKK,-2.33,prosub,,4994183596643847628,Yes,15,SUBSCRIPTIONS,,In-app
GPA.3393-9600-1815-82610,"Feb 12, 2026",2:55:01 PM PST,,Charge,,Pro Subscription (WF Solver),com.deepinkcode.wordfeudsolver,Subscription,prosub,g0s,DK,,8544,DKK,15.20,1.000000,DKK,15.20,prosubmonth,,4994183596643847628,Yes,,,,In-app
GPA.3393-9600-1815-82610,"Feb 12, 2026",2:55:01 PM PST,,Google fee,,Pro Subscription (WF Solver),com.deepinkcode.wordfeudsolver,Subscription,prosub,g0s,DK,,8544,DKK,-2.28,1.000000,DKK,-2.28,prosubmonth,,4994183596643847628,Yes,15,SUBSCRIPTIONS,,In-app
GPA.3301-9176-9348-85351..10,"Feb 12, 2026",3:00:26 PM PST,,Charge,,Pro Subscription (WF Solver),com.deepinkcode.wordfeudsolver,Subscription,prosub,,NO,,4275,NOK,24.00,0.660170,DKK,15.84,prosubmonth,,4994183596643847628,Yes,,,,
GPA.3301-9176-9348-85351..10,"Feb 12, 2026",3:00:26 PM PST,,Google fee,,Pro Subscription (WF Solver),com.deepinkcode.wordfeudsolver,Subscription,prosub,,NO,,4275,NOK,-3.60,0.660170,DKK,-2.37,prosubmonth,,4994183596643847628,Yes,15,SUBSCRIPTIONS,,
GPA.3331-2719-7277-51745..2,"Feb 12, 2026",6:24:58 PM PST,,Charge,,Pro Subscription (Words With Friends Solver),com.deepinkcode.wordswithfriendssolver,Subscription,prosub,,US,CT,06901,USD,2.49,6.292000,DKK,15.67,prosub,,4994183596643847628,Yes,,,,
GPA.3331-2719-7277-51745..2,"Feb 12, 2026",6:24:58 PM PST,,Google fee,,Pro Subscription (Words With Friends Solver),com.deepinkcode.wordswithfriendssolver,Subscription,prosub,,US,CT,06901,USD,-0.37,6.292000,DKK,-2.33,prosub,,4994183596643847628,Yes,15,SUBSCRIPTIONS,,
GPA.3366-7216-9937-97626..11,"Feb 12, 2026",8:12:26 PM PST,,Charge,,Pro Subscription (WF Solver),com.deepinkcode.wordfeudsolver,Subscription,prosub,,SE,,21211,SEK,23.20,0.705170,DKK,16.36,prosubmonth,,4994183596643847628,Yes,,,,
GPA.3366-7216-9937-97626..11,"Feb 12, 2026",8:12:26 PM PST,,Google fee,,Pro Subscription (WF Solver),com.deepinkcode.wordfeudsolver,Subscription,prosub,,SE,,21211,SEK,-3.48,0.705170,DKK,-2.45,prosubmonth,,4994183596643847628,Yes,15,SUBSCRIPTIONS,,
GPA.3373-8884-2127-40485..3,"Feb 12, 2026",10:12:17 PM PST,,Charge,,Pro Subscription (WF Solver),com.deepinkcode.wordfeudsolver,Subscription,prosub,,NO,,7290,NOK,24.00,0.660010,DKK,15.84,prosubmonth,,4994183596643847628,Yes,,,,
GPA.3373-8884-2127-40485..3,"Feb 12, 2026",10:12:17 PM PST,,Google fee,,Pro Subscription (WF Solver),com.deepinkcode.wordfeudsolver,Subscription,prosub,,NO,,7290,NOK,-3.60,0.660010,DKK,-2.38,prosubmonth,,4994183596643847628,Yes,15,SUBSCRIPTIONS,,
GPA.3325-5534-8945-56960..14,"Feb 12, 2026",10:44:15 PM PST,,Charge,,Pro Subscription (WF Solver),com.deepinkcode.wordfeudsolver,Subscription,prosub,,NL,,6077AC,EUR,1.98,7.469800,DKK,14.79,prosubmonth,,4994183596643847628,Yes,,,,
GPA.3325-5534-8945-56960..14,"Feb 12, 2026",10:44:15 PM PST,,Google fee,,Pro Subscription (WF Solver),com.deepinkcode.wordfeudsolver,Subscription,prosub,,NL,,6077AC,EUR,-0.30,7.469800,DKK,-2.24,prosubmonth,,4994183596643847628,Yes,15,SUBSCRIPTIONS,,
GPA.3300-9889-2208-05259..7,"Feb 12, 2026",11:04:03 PM PST,,Charge,,Pro Subscription (WF Solver),com.deepinkcode.wordfeudsolver,Subscription,prosub,,NL,,7417 CL,EUR,1.98,7.469800,DKK,14.79,prosubmonth,,4994183596643847628,Yes,,,,
GPA.3300-9889-2208-05259..7,"Feb 12, 2026",11:04:03 PM PST,,Google fee,,Pro Subscription (WF Solver),com.deepinkcode.wordfeudsolver,Subscription,prosub,,NL,,7417 CL,EUR,-0.30,7.469800,DKK,-2.24,prosubmonth,,4994183596643847628,Yes,15,SUBSCRIPTIONS,,
GPA.3307-2047-8739-54555..1,"Feb 13, 2026",12:11:19 AM PST,,Charge,,Pro Subscription (Words With Friends Solver),com.deepinkcode.wordswithfriendssolver,Subscription,prosub,,US,UT,84720,USD,2.49,6.300800,DKK,15.69,prosub,,4994183596643847628,Yes,,,,
GPA.3307-2047-8739-54555..1,"Feb 13, 2026",12:11:19 AM PST,,Google fee,,Pro Subscription (Words With Friends Solver),com.deepinkcode.wordswithfriendssolver,Subscription,prosub,,US,UT,84720,USD,-0.37,6.300800,DKK,-2.33,prosub,,4994183596643847628,Yes,15,SUBSCRIPTIONS,,
GPA.3339-4955-5472-44874..8,"Feb 13, 2026",12:14:24 AM PST,,Charge,,Pro Subscription (WF Solver),com.deepinkcode.wordfeudsolver,Subscription,prosub,,SE,,41876,SEK,23.20,0.704080,DKK,16.33,prosubmonth,,4994183596643847628,Yes,,,,
GPA.3339-4955-5472-44874..8,"Feb 13, 2026",12:14:24 AM PST,,Google fee,,Pro Subscription (WF Solver),com.deepinkcode.wordfeudsolver,Subscription,prosub,,SE,,41876,SEK,-3.48,0.704080,DKK,-2.45,prosubmonth,,4994183596643847628,Yes,15,SUBSCRIPTIONS,,
GPA.3307-9173-6435-86095,"Feb 13, 2026",12:39:13 AM PST,,Charge,,Pro Subscription (WF Solver),com.deepinkcode.wordfeudsolver,Subscription,prosub,a17x,SE,,11424,SEK,22.40,0.704080,DKK,15.77,prosubmonth,,4994183596643847628,Yes,,,,In-app
GPA.3307-9173-6435-86095,"Feb 13, 2026",12:39:13 AM PST,,Google fee,,Pro Subscription (WF Solver),com.deepinkcode.wordfeudsolver,Subscription,prosub,a17x,SE,,11424,SEK,-3.36,0.704080,DKK,-2.36,prosubmonth,,4994183596643847628,Yes,15,SUBSCRIPTIONS,,In-app
GPA.3389-2187-6058-28102,"Feb 13, 2026",12:40:37 AM PST,,Charge,,Pro (WF Solver),com.deepinkcode.wordfeudsolver,One-time product,pro,b6q,NL,,1521TX,EUR,23.96,7.469900,DKK,178.98,legacy-base,,4994183596643847628,Yes,,,,In-app
GPA.3389-2187-6058-28102,"Feb 13, 2026",12:40:37 AM PST,,Google fee,,Pro (WF Solver),com.deepinkcode.wordfeudsolver,One-time product,pro,b6q,NL,,1521TX,EUR,-3.59,7.469900,DKK,-26.82,legacy-base,,4994183596643847628,Yes,15,,,In-app
GPA.3310-6022-7656-79135..10,"Feb 13, 2026",3:33:09 AM PST,,Charge,,Pro Subscription (Words With Friends Solver),com.deepinkcode.wordswithfriendssolver,Subscription,prosub,,US,TN,37221,USD,1.99,6.298200,DKK,12.53,prosub,,4994183596643847628,Yes,,,,
GPA.3310-6022-7656-79135..10,"Feb 13, 2026",3:33:09 AM PST,,Google fee,,Pro Subscription (Words With Friends Solver),com.deepinkcode.wordswithfriendssolver,Subscription,prosub,,US,TN,37221,USD,-0.30,6.298200,DKK,-1.89,prosub,,4994183596643847628,Yes,15,SUBSCRIPTIONS,,
GPA.3358-7174-8020-85669..12,"Feb 13, 2026",4:33:36 AM PST,,Charge,,Pro Subscription (WF Solver),com.deepinkcode.wordfeudsolver,Subscription,prosub,,DK,,2770,DKK,15.20,1.000000,DKK,15.20,prosubmonth,,4994183596643847628,Yes,,,,
GPA.3358-7174-8020-85669..12,"Feb 13, 2026",4:33:36 AM PST,,Google fee,,Pro Subscription (WF Solver),com.deepinkcode.wordfeudsolver,Subscription,prosub,,DK,,2770,DKK,-2.28,1.000000,DKK,-2.28,prosubmonth,,4994183596643847628,Yes,15,SUBSCRIPTIONS,,
GPA.3328-5663-2739-99851..3,"Feb 13, 2026",5:55:25 AM PST,,Charge,,Pro Subscription (Scrabble GO Cheat),com.deepinkcode.scrabblegocheat,Subscription,prosub,,US,GA,31907,USD,2.49,6.300400,DKK,15.69,prosubmonth,,4994183596643847628,Yes,,,,
GPA.3328-5663-2739-99851..3,"Feb 13, 2026",5:55:25 AM PST,,Google fee,,Pro Subscription (Scrabble GO Cheat),com.deepinkcode.scrabblegocheat,Subscription,prosub,,US,GA,31907,USD,-0.37,6.300400,DKK,-2.33,prosubmonth,,4994183596643847628,Yes,15,SUBSCRIPTIONS,,
GPA.3342-4605-9824-87218..2,"Feb 13, 2026",7:36:08 AM PST,,Charge,,Pro Subscription (Words With Friends Solver),com.deepinkcode.wordswithfriendssolver,Subscription,prosub,,US,NV,89044,USD,2.49,6.294200,DKK,15.67,prosub,,4994183596643847628,Yes,,,,
GPA.3342-4605-9824-87218..2,"Feb 13, 2026",7:36:08 AM PST,,Google fee,,Pro Subscription (Words With Friends Solver),com.deepinkcode.wordswithfriendssolver,Subscription,prosub,,US,NV,89044,USD,-0.37,6.294200,DKK,-2.33,prosub,,4994183596643847628,Yes,15,SUBSCRIPTIONS,,
GPA.3321-1164-7809-71125..7,"Feb 13, 2026",7:39:05 AM PST,,Charge,,Pro Subscription (WF Solver),com.deepinkcode.wordfeudsolver,Subscription,prosub,,SE,,13237,SEK,23.20,0.703490,DKK,16.32,prosubmonth,,4994183596643847628,Yes,,,,
GPA.3321-1164-7809-71125..7,"Feb 13, 2026",7:39:05 AM PST,,Google fee,,Pro Subscription (WF Solver),com.deepinkcode.wordfeudsolver,Subscription,prosub,,SE,,13237,SEK,-3.48,0.703490,DKK,-2.45,prosubmonth,,4994183596643847628,Yes,15,SUBSCRIPTIONS,,
GPA.3393-1806-3520-78434,"Feb 13, 2026",9:43:25 AM PST,,Charge,,Pro Subscription (WF Solver),com.deepinkcode.wordfeudsolver,Subscription,prosub,b6q,NL,,3137 CV,EUR,1.98,7.471400,DKK,14.79,prosubmonth,,4994183596643847628,Yes,,,,In-app
GPA.3393-1806-3520-78434,"Feb 13, 2026",9:43:25 AM PST,,Google fee,,Pro Subscription (WF Solver),com.deepinkcode.wordfeudsolver,Subscription,prosub,b6q,NL,,3137 CV,EUR,-0.30,7.471400,DKK,-2.24,prosubmonth,,4994183596643847628,Yes,15,SUBSCRIPTIONS,,In-app
GPA.3352-3893-1129-66894..2,"Feb 13, 2026",10:44:55 AM PST,,Charge,,Pro Subscription (Scrabble GO Cheat),com.deepinkcode.scrabblegocheat,Subscription,prosub,,US,MA,01040,USD,2.49,6.294600,DKK,15.67,prosubmonth,,4994183596643847628,Yes,,,,
GPA.3352-3893-1129-66894..2,"Feb 13, 2026",10:44:55 AM PST,,Google fee,,Pro Subscription (Scrabble GO Cheat),com.deepinkcode.scrabblegocheat,Subscription,prosub,,US,MA,01040,USD,-0.37,6.294600,DKK,-2.33,prosubmonth,,4994183596643847628,Yes,15,SUBSCRIPTIONS,,
GPA.3359-2749-7194-71677..0,"Feb 13, 2026",10:45:28 AM PST,,Charge,,Pro Subscription (WF Solver),com.deepinkcode.wordfeudsolver,Subscription,prosub,,DK,,2300,DKK,15.20,1.000000,DKK,15.20,prosubmonth,,4994183596643847628,Yes,,,,
GPA.3359-2749-7194-71677..0,"Feb 13, 2026",10:45:28 AM PST,,Google fee,,Pro Subscription (WF Solver),com.deepinkcode.wordfeudsolver,Subscription,prosub,,DK,,2300,DKK,-2.28,1.000000,DKK,-2.28,prosubmonth,,4994183596643847628,Yes,15,SUBSCRIPTIONS,,
GPA.3355-1554-2217-35422..0,"Feb 13, 2026",11:30:16 AM PST,,Charge,,Pro Subscription (Words With Friends Solver),com.deepinkcode.wordswithfriendssolver,Subscription,prosub,,AU,NSW,2204,AUD,3.63,4.452600,DKK,16.16,prosub,,4994183596643847628,Yes,,,,
GPA.3355-1554-2217-35422..0,"Feb 13, 2026",11:30:16 AM PST,,Google fee,,Pro Subscription (Words With Friends Solver),com.deepinkcode.wordswithfriendssolver,Subscription,prosub,,AU,NSW,2204,AUD,-0.54,4.452600,DKK,-2.40,prosub,,4994183596643847628,Yes,15,SUBSCRIPTIONS,,
GPA.3374-6353-0141-81282..0,"Feb 13, 2026",11:46:54 AM PST,,Charge,,Pro Subscription (Words With Friends Solver),com.deepinkcode.wordswithfriendssolver,Subscription,prosub,,GB,,M19 2GJ,GBP,1.74,8.586700,DKK,14.94,prosub,,4994183596643847628,Yes,,,,
GPA.3374-6353-0141-81282..0,"Feb 13, 2026",11:46:54 AM PST,,Google fee,,Pro Subscription (Words With Friends Solver),com.deepinkcode.wordswithfriendssolver,Subscription,prosub,,GB,,M19 2GJ,GBP,-0.26,8.586700,DKK,-2.23,prosub,,4994183596643847628,Yes,15,SUBSCRIPTIONS,,
GPA.3339-2045-9598-60612..9,"Feb 13, 2026",12:45:35 PM PST,,Charge,,Pro Subscription (WF Solver),com.deepinkcode.wordfeudsolver,Subscription,prosub,,SE,,132 43,SEK,23.20,0.705050,DKK,16.36,prosubmonth,,4994183596643847628,Yes,,,,
GPA.3339-2045-9598-60612..9,"Feb 13, 2026",12:45:35 PM PST,,Google fee,,Pro Subscription (WF Solver),com.deepinkcode.wordfeudsolver,Subscription,prosub,,SE,,132 43,SEK,-3.48,0.705050,DKK,-2.46,prosubmonth,,4994183596643847628,Yes,15,SUBSCRIPTIONS,,
GPA.3399-1726-9521-71962..0,"Feb 13, 2026",1:18:17 PM PST,,Charge,,Pro Subscription (Words With Friends Solver),com.deepinkcode.wordswithfriendssolver,Subscription,prosub,,US,IA,52404,USD,2.49,6.296000,DKK,15.68,prosub,,4994183596643847628,Yes,,,,
GPA.3399-1726-9521-71962..0,"Feb 13, 2026",1:18:17 PM PST,,Google fee,,Pro Subscription (Words With Friends Solver),com.deepinkcode.wordswithfriendssolver,Subscription,prosub,,US,IA,52404,USD,-0.37,6.296000,DKK,-2.33,prosub,,4994183596643847628,Yes,15,SUBSCRIPTIONS,,
GPA.3391-8018-9422-19554..7,"Feb 13, 2026",1:21:36 PM PST,,Charge,,Pro Subscription (Words With Friends Solver),com.deepinkcode.wordswithfriendssolver,Subscription,prosub,,GB,,E13 0LF,GBP,1.66,8.589400,DKK,14.26,prosub,,4994183596643847628,Yes,,,,
GPA.3391-8018-9422-19554..7,"Feb 13, 2026",1:21:36 PM PST,,Google fee,,Pro Subscription (Words With Friends Solver),com.deepinkcode.wordswithfriendssolver,Subscription,prosub,,GB,,E13 0LF,GBP,-0.25,8.589400,DKK,-2.15,prosub,,4994183596643847628,Yes,15,SUBSCRIPTIONS,,
GPA.3389-0416-3160-13333,"Feb 13, 2026",4:00:55 PM PST,,Charge,,Pro Subscription (WF Solver),com.deepinkcode.wordfeudsolver,Subscription,prosub,XQ-BT52,SE,,83296,SEK,22.40,0.705400,DKK,15.80,prosubmonth,,4994183596643847628,Yes,,,,In-app
GPA.3389-0416-3160-13333,"Feb 13, 2026",4:00:55 PM PST,,Google fee,,Pro Subscription (WF Solver),com.deepinkcode.wordfeudsolver,Subscription,prosub,XQ-BT52,SE,,83296,SEK,-3.36,0.705400,DKK,-2.37,prosubmonth,,4994183596643847628,Yes,15,SUBSCRIPTIONS,,In-app
GPA.3336-3499-4678-08236..8,"Feb 13, 2026",4:47:14 PM PST,,Charge,,Pro Subscription (Words With Friends Solver),com.deepinkcode.wordswithfriendssolver,Subscription,prosub,,US,MA,01420,USD,1.99,6.294000,DKK,12.52,prosub,,4994183596643847628,Yes,,,,
GPA.3336-3499-4678-08236..8,"Feb 13, 2026",4:47:14 PM PST,,Google fee,,Pro Subscription (Words With Friends Solver),com.deepinkcode.wordswithfriendssolver,Subscription,prosub,,US,MA,01420,USD,-0.30,6.294000,DKK,-1.89,prosub,,4994183596643847628,Yes,15,SUBSCRIPTIONS,,
GPA.3331-0787-7025-36223..1,"Feb 13, 2026",5:12:46 PM PST,,Charge,,Pro Subscription (WF Solver),com.deepinkcode.wordfeudsolver,Subscription,prosub,,SE,,35231,SEK,22.40,0.705400,DKK,15.80,prosubmonth,,4994183596643847628,Yes,,,,
GPA.3331-0787-7025-36223..1,"Feb 13, 2026",5:12:46 PM PST,,Google fee,,Pro Subscription (WF Solver),com.deepinkcode.wordfeudsolver,Subscription,prosub,,SE,,35231,SEK,-3.36,0.705400,DKK,-2.37,prosubmonth,,4994183596643847628,Yes,15,SUBSCRIPTIONS,,
GPA.3377-7170-1102-89175,"Feb 13, 2026",10:32:20 PM PST,,Charge,,Pro Subscription (WF Solver),com.deepinkcode.wordfeudsolver,Subscription,prosub,dm3q,SE,,98136,SEK,22.40,0.705400,DKK,15.80,prosubmonth,,4994183596643847628,Yes,,,,In-app
GPA.3377-7170-1102-89175,"Feb 13, 2026",10:32:20 PM PST,,Google fee,,Pro Subscription (WF Solver),com.deepinkcode.wordfeudsolver,Subscription,prosub,dm3q,SE,,98136,SEK,-3.36,0.705400,DKK,-2.37,prosubmonth,,4994183596643847628,Yes,15,SUBSCRIPTIONS,,In-app
GPA.3344-7633-2792-49885..10,"Feb 13, 2026",10:36:01 PM PST,,Charge,,Pro Subscription (WF Solver),com.deepinkcode.wordfeudsolver,Subscription,prosub,,NL,,8501 JW,EUR,1.98,7.469700,DKK,14.79,prosubmonth,,4994183596643847628,Yes,,,,
GPA.3344-7633-2792-49885..10,"Feb 13, 2026",10:36:01 PM PST,,Google fee,,Pro Subscription (WF Solver),com.deepinkcode.wordfeudsolver,Subscription,prosub,,NL,,8501 JW,EUR,-0.30,7.469700,DKK,-2.24,prosubmonth,,4994183596643847628,Yes,15,SUBSCRIPTIONS,,
GPA.3302-6695-6053-31840..6,"Feb 13, 2026",11:35:12 PM PST,,Charge,,Pro Subscription (WF Solver),com.deepinkcode.wordfeudsolver,Subscription,prosub,,SE,,43853,SEK,23.20,0.705400,DKK,16.37,prosubmonth,,4994183596643847628,Yes,,,,
GPA.3302-6695-6053-31840..6,"Feb 13, 2026",11:35:12 PM PST,,Google fee,,Pro Subscription (WF Solver),com.deepinkcode.wordfeudsolver,Subscription,prosub,,SE,,43853,SEK,-3.48,0.705400,DKK,-2.46,prosubmonth,,4994183596643847628,Yes,15,SUBSCRIPTIONS,,
GPA.3312-0638-8629-50604..12,"Feb 13, 2026",11:52:59 PM PST,,Charge,,Pro Subscription (WF Solver),com.deepinkcode.wordfeudsolver,Subscription,prosub,,NO,,4325,NOK,24.00,0.661810,DKK,15.88,prosubmonth,,4994183596643847628,Yes,,,,
GPA.3312-0638-8629-50604..12,"Feb 13, 2026",11:52:59 PM PST,,Google fee,,Pro Subscription (WF Solver),com.deepinkcode.wordfeudsolver,Subscription,prosub,,NO,,4325,NOK,-3.60,0.661810,DKK,-2.38,prosubmonth,,4994183596643847628,Yes,15,SUBSCRIPTIONS,,
GPA.3321-2369-5049-06232..4,"Feb 13, 2026",11:56:26 PM PST,,Charge,,Pro Subscription (WF Solver),com.deepinkcode.wordfeudsolver,Subscription,prosub,,SE,,30561,SEK,22.40,0.705400,DKK,15.80,prosubmonth,,4994183596643847628,Yes,,,,
GPA.3321-2369-5049-06232..4,"Feb 13, 2026",11:56:26 PM PST,,Google fee,,Pro Subscription (WF Solver),com.deepinkcode.wordfeudsolver,Subscription,prosub,,SE,,30561,SEK,-3.36,0.705400,DKK,-2.37,prosubmonth,,4994183596643847628,Yes,15,SUBSCRIPTIONS,,
GPA.3318-5671-6254-44988..3,"Feb 14, 2026",1:07:37 AM PST,,Charge,,Pro Subscription (WF Solver),com.deepinkcode.wordfeudsolver,Subscription,prosub,,US,CA,93433,USD,2.49,6.294000,DKK,15.67,prosubmonth,,4994183596643847628,Yes,,,,
GPA.3318-5671-6254-44988..3,"Feb 14, 2026",1:07:37 AM PST,,Google fee,,Pro Subscription (WF Solver),com.deepinkcode.wordfeudsolver,Subscription,prosub,,US,CA,93433,USD,-0.37,6.294000,DKK,-2.33,prosubmonth,,4994183596643847628,Yes,15,SUBSCRIPTIONS,,
GPA.3327-5497-7916-05213..12,"Feb 14, 2026",1:37:49 AM PST,,Charge,,Pro Subscription (WF Solver),com.deepinkcode.wordfeudsolver,Subscription,prosub,,NL,,6951lz,EUR,1.98,7.469700,DKK,14.79,prosubmonth,,4994183596643847628,Yes,,,,
GPA.3327-5497-7916-05213..12,"Feb 14, 2026",1:37:49 AM PST,,Google fee,,Pro Subscription (WF Solver),com.deepinkcode.wordfeudsolver,Subscription,prosub,,NL,,6951lz,EUR,-0.30,7.469700,DKK,-2.24,prosubmonth,,4994183596643847628,Yes,15,SUBSCRIPTIONS,,
GPA.3311-7304-0833-60604..2,"Feb 14, 2026",1:51:20 AM PST,,Charge,,Pro Subscription (WF Solver),com.deepinkcode.wordfeudsolver,Subscription,prosub,,NO,,4049,NOK,24.00,0.661810,DKK,15.88,prosubmonth,,4994183596643847628,Yes,,,,
GPA.3311-7304-0833-60604..2,"Feb 14, 2026",1:51:20 AM PST,,Google fee,,Pro Subscription (WF Solver),com.deepinkcode.wordfeudsolver,Subscription,prosub,,NO,,4049,NOK,-3.60,0.661810,DKK,-2.38,prosubmonth,,4994183596643847628,Yes,15,SUBSCRIPTIONS,,
GPA.3300-9881-0260-65957..7,"Feb 14, 2026",2:02:40 AM PST,,Charge,,Pro Subscription (WF Solver),com.deepinkcode.wordfeudsolver,Subscription,prosub,,NL,,4328 CM,EUR,1.98,7.469700,DKK,14.79,prosubmonth,,4994183596643847628,Yes,,,,
GPA.3300-9881-0260-65957..7,"Feb 14, 2026",2:02:40 AM PST,,Google fee,,Pro Subscription (WF Solver),com.deepinkcode.wordfeudsolver,Subscription,prosub,,NL,,4328 CM,EUR,-0.30,7.469700,DKK,-2.24,prosubmonth,,4994183596643847628,Yes,15,SUBSCRIPTIONS,,
GPA.3304-8514-7629-06329..9,"Feb 14, 2026",3:06:31 AM PST,,Charge,,Pro Subscription (WF Solver),com.deepinkcode.wordfeudsolver,Subscription,prosub,,NL,,6844DV,EUR,1.98,7.469700,DKK,14.79,prosubmonth,,4994183596643847628,Yes,,,,
GPA.3304-8514-7629-06329..9,"Feb 14, 2026",3:06:31 AM PST,,Google fee,,Pro Subscription (WF Solver),com.deepinkcode.wordfeudsolver,Subscription,prosub,,NL,,6844DV,EUR,-0.30,7.469700,DKK,-2.24,prosubmonth,,4994183596643847628,Yes,15,SUBSCRIPTIONS,,
GPA.3369-3040-0672-50508..9,"Feb 14, 2026",4:20:32 AM PST,,Charge,,Pro Subscription (WF Solver),com.deepinkcode.wordfeudsolver,Subscription,prosub,,NO,,3320,NOK,24.00,0.661810,DKK,15.88,prosubmonth,,4994183596643847628,Yes,,,,
GPA.3369-3040-0672-50508..9,"Feb 14, 2026",4:20:32 AM PST,,Google fee,,Pro Subscription (WF Solver),com.deepinkcode.wordfeudsolver,Subscription,prosub,,NO,,3320,NOK,-3.60,0.661810,DKK,-2.38,prosubmonth,,4994183596643847628,Yes,15,SUBSCRIPTIONS,,
GPA.3325-7185-7364-37069..5,"Feb 14, 2026",4:39:41 AM PST,,Charge,,Pro Subscription (WF Solver),com.deepinkcode.wordfeudsolver,Subscription,prosub,,DK,,4000,DKK,15.20,1.000000,DKK,15.20,prosubmonth,,4994183596643847628,Yes,,,,
GPA.3325-7185-7364-37069..5,"Feb 14, 2026",4:39:41 AM PST,,Google fee,,Pro Subscription (WF Solver),com.deepinkcode.wordfeudsolver,Subscription,prosub,,DK,,4000,DKK,-2.28,1.000000,DKK,-2.28,prosubmonth,,4994183596643847628,Yes,15,SUBSCRIPTIONS,,
GPA.3396-9314-7039-46659,"Feb 14, 2026",5:48:16 AM PST,,Charge refund,Full,Pro Subscription (Words With Friends Solver),com.deepinkcode.wordswithfriendssolver,Subscription,prosub,gta11wifi,GB,,WA4 6DE,GBP,-1.74,8.587900,DKK,-14.94,prosub,,4994183596643847628,Yes,,,,In-app
GPA.3396-9314-7039-46659,"Feb 14, 2026",5:48:16 AM PST,,Google fee refund,Full,Pro Subscription (Words With Friends Solver),com.deepinkcode.wordswithfriendssolver,Subscription,prosub,gta11wifi,GB,,WA4 6DE,GBP,0.26,8.587900,DKK,2.23,prosub,,4994183596643847628,Yes,15,SUBSCRIPTIONS,,In-app
GPA.3316-3795-7351-46568,"Feb 14, 2026",6:37:56 AM PST,,Charge,,Pro Subscription (WF Solver),com.deepinkcode.wordfeudsolver,Subscription,prosub,r8q,NL,,1056EV,EUR,1.98,7.469700,DKK,14.79,prosubmonth,,4994183596643847628,Yes,,,,In-app
GPA.3316-3795-7351-46568,"Feb 14, 2026",6:37:56 AM PST,,Google fee,,Pro Subscription (WF Solver),com.deepinkcode.wordfeudsolver,Subscription,prosub,r8q,NL,,1056EV,EUR,-0.30,7.469700,DKK,-2.24,prosubmonth,,4994183596643847628,Yes,15,SUBSCRIPTIONS,,In-app
GPA.3380-8281-6561-80033..0,"Feb 14, 2026",7:19:54 AM PST,,Charge,,Pro Subscription (WF Solver),com.deepinkcode.wordfeudsolver,Subscription,prosub,,NL,,1742BA,EUR,1.98,7.469700,DKK,14.79,prosubmonth,,4994183596643847628,Yes,,,,
GPA.3380-8281-6561-80033..0,"Feb 14, 2026",7:19:54 AM PST,,Google fee,,Pro Subscription (WF Solver),com.deepinkcode.wordfeudsolver,Subscription,prosub,,NL,,1742BA,EUR,-0.30,7.469700,DKK,-2.24,prosubmonth,,4994183596643847628,Yes,15,SUBSCRIPTIONS,,
GPA.3372-8213-9307-81108,"Feb 14, 2026",7:29:34 AM PST,,Charge,,Pro Subscription (WF Solver),com.deepinkcode.wordfeudsolver,Subscription,prosub,veux,NL,,8347JS,EUR,1.98,7.469700,DKK,14.79,prosubmonth,,4994183596643847628,Yes,,,,In-app
GPA.3372-8213-9307-81108,"Feb 14, 2026",7:29:34 AM PST,,Google fee,,Pro Subscription (WF Solver),com.deepinkcode.wordfeudsolver,Subscription,prosub,veux,NL,,8347JS,EUR,-0.30,7.469700,DKK,-2.24,prosubmonth,,4994183596643847628,Yes,15,SUBSCRIPTIONS,,In-app
GPA.3308-5348-2884-01292..9,"Feb 14, 2026",9:24:55 AM PST,,Charge,,Pro Subscription (WF Solver),com.deepinkcode.wordfeudsolver,Subscription,prosub,,NL,,2981 GB,EUR,1.98,7.469700,DKK,14.79,prosubmonth,,4994183596643847628,Yes,,,,
GPA.3308-5348-2884-01292..9,"Feb 14, 2026",9:24:55 AM PST,,Google fee,,Pro Subscription (WF Solver),com.deepinkcode.wordfeudsolver,Subscription,prosub,,NL,,2981 GB,EUR,-0.30,7.469700,DKK,-2.24,prosubmonth,,4994183596643847628,Yes,15,SUBSCRIPTIONS,,
GPA.3392-3276-0867-81212..1,"Feb 14, 2026",9:26:51 AM PST,,Charge,,Pro Subscription (WF Solver),com.deepinkcode.wordfeudsolver,Subscription,prosub,,NL,,6991BS,EUR,1.98,7.469700,DKK,14.79,prosubmonth,,4994183596643847628,Yes,,,,
GPA.3392-3276-0867-81212..1,"Feb 14, 2026",9:26:51 AM PST,,Google fee,,Pro Subscription (WF Solver),com.deepinkcode.wordfeudsolver,Subscription,prosub,,NL,,6991BS,EUR,-0.30,7.469700,DKK,-2.24,prosubmonth,,4994183596643847628,Yes,15,SUBSCRIPTIONS,,
GPA.3357-0573-1209-64837..8,"Feb 14, 2026",9:34:27 AM PST,,Charge,,Pro Subscription (WF Solver),com.deepinkcode.wordfeudsolver,Subscription,prosub,,NL,,9649 JV,EUR,1.98,7.469700,DKK,14.79,prosubmonth,,4994183596643847628,Yes,,,,
GPA.3357-0573-1209-64837..8,"Feb 14, 2026",9:34:27 AM PST,,Google fee,,Pro Subscription (WF Solver),com.deepinkcode.wordfeudsolver,Subscription,prosub,,NL,,9649 JV,EUR,-0.30,7.469700,DKK,-2.24,prosubmonth,,4994183596643847628,Yes,15,SUBSCRIPTIONS,,
GPA.3379-4163-9352-46138..1,"Feb 14, 2026",10:32:47 AM PST,,Charge,,Pro Subscription (WF Solver),com.deepinkcode.wordfeudsolver,Subscription,prosub,,SE,,78444,SEK,22.40,0.705400,DKK,15.80,prosubmonth,,4994183596643847628,Yes,,,,
GPA.3379-4163-9352-46138..1,"Feb 14, 2026",10:32:47 AM PST,,Google fee,,Pro Subscription (WF Solver),com.deepinkcode.wordfeudsolver,Subscription,prosub,,SE,,78444,SEK,-3.36,0.705400,DKK,-2.37,prosubmonth,,4994183596643847628,Yes,15,SUBSCRIPTIONS,,
GPA.3392-0901-9880-12022..7,"Feb 14, 2026",10:48:41 AM PST,,Charge,,Pro Subscription (WF Solver),com.deepinkcode.wordfeudsolver,Subscription,prosub,,NO,,7300,NOK,24.00,0.661810,DKK,15.88,prosubmonth,,4994183596643847628,Yes,,,,
GPA.3392-0901-9880-12022..7,"Feb 14, 2026",10:48:41 AM PST,,Google fee,,Pro Subscription (WF Solver),com.deepinkcode.wordfeudsolver,Subscription,prosub,,NO,,7300,NOK,-3.60,0.661810,DKK,-2.38,prosubmonth,,4994183596643847628,Yes,15,SUBSCRIPTIONS,,
GPA.3323-9532-5277-63910,"Feb 14, 2026",11:01:42 AM PST,,Charge,,Pro Subscription (WF Solver),com.deepinkcode.wordfeudsolver,Subscription,prosub,e1s,NL,,9291MS,EUR,1.98,7.469700,DKK,14.79,prosubmonth,,4994183596643847628,Yes,,,,In-app
GPA.3323-9532-5277-63910,"Feb 14, 2026",11:01:42 AM PST,,Google fee,,Pro Subscription (WF Solver),com.deepinkcode.wordfeudsolver,Subscription,prosub,e1s,NL,,9291MS,EUR,-0.30,7.469700,DKK,-2.24,prosubmonth,,4994183596643847628,Yes,15,SUBSCRIPTIONS,,In-app
GPA.3307-0996-0174-19487,"Feb 14, 2026",11:53:16 AM PST,,Charge,,Pro Subscription (WF Solver),com.deepinkcode.wordfeudsolver,Subscription,prosub,pa2q,NL,,3738TT,EUR,1.98,7.469700,DKK,14.79,prosubmonth,,4994183596643847628,Yes,,,,In-app
GPA.3307-0996-0174-19487,"Feb 14, 2026",11:53:16 AM PST,,Google fee,,Pro Subscription (WF Solver),com.deepinkcode.wordfeudsolver,Subscription,prosub,pa2q,NL,,3738TT,EUR,-0.30,7.469700,DKK,-2.24,prosubmonth,,4994183596643847628,Yes,15,SUBSCRIPTIONS,,In-app
GPA.3341-7640-2979-20478,"Feb 14, 2026",12:07:20 PM PST,,Charge,,Pro Subscription (Words With Friends Solver),com.deepinkcode.wordswithfriendssolver,Subscription,prosub,dm1q,US,IN,46901,USD,2.49,6.294000,DKK,15.67,prosub,,4994183596643847628,Yes,,,,In-app
GPA.3341-7640-2979-20478,"Feb 14, 2026",12:07:20 PM PST,,Google fee,,Pro Subscription (Words With Friends Solver),com.deepinkcode.wordswithfriendssolver,Subscription,prosub,dm1q,US,IN,46901,USD,-0.37,6.294000,DKK,-2.33,prosub,,4994183596643847628,Yes,15,SUBSCRIPTIONS,,In-app
GPA.3357-0985-0147-27660..0,"Feb 14, 2026",1:00:30 PM PST,,Charge,,Pro Subscription (WF Solver),com.deepinkcode.wordfeudsolver,Subscription,prosub,,NL,,3829AP,EUR,1.98,7.469700,DKK,14.79,prosubmonth,,4994183596643847628,Yes,,,,
GPA.3357-0985-0147-27660..0,"Feb 14, 2026",1:00:30 PM PST,,Google fee,,Pro Subscription (WF Solver),com.deepinkcode.wordfeudsolver,Subscription,prosub,,NL,,3829AP,EUR,-0.30,7.469700,DKK,-2.24,prosubmonth,,4994183596643847628,Yes,15,SUBSCRIPTIONS,,
GPA.3331-9480-9797-37061..12,"Feb 14, 2026",1:12:43 PM PST,,Charge,,Pro Subscription (WF Solver),com.deepinkcode.wordfeudsolver,Subscription,prosub,,NL,,2172HX,EUR,1.98,7.469700,DKK,14.79,prosubmonth,,4994183596643847628,Yes,,,,
GPA.3331-9480-9797-37061..12,"Feb 14, 2026",1:12:43 PM PST,,Google fee,,Pro Subscription (WF Solver),com.deepinkcode.wordfeudsolver,Subscription,prosub,,NL,,2172HX,EUR,-0.30,7.469700,DKK,-2.24,prosubmonth,,4994183596643847628,Yes,15,SUBSCRIPTIONS,,
GPA.3394-1154-6164-37071..0,"Feb 14, 2026",1:24:27 PM PST,,Charge,,Pro Subscription (WF Solver),com.deepinkcode.wordfeudsolver,Subscription,prosub,,DK,,9400,DKK,15.20,1.000000,DKK,15.20,prosubmonth,,4994183596643847628,Yes,,,,
GPA.3394-1154-6164-37071..0,"Feb 14, 2026",1:24:27 PM PST,,Google fee,,Pro Subscription (WF Solver),com.deepinkcode.wordfeudsolver,Subscription,prosub,,DK,,9400,DKK,-2.28,1.000000,DKK,-2.28,prosubmonth,,4994183596643847628,Yes,15,SUBSCRIPTIONS,,
GPA.3382-0260-1464-58528..0,"Feb 14, 2026",2:36:21 PM PST,,Charge,,Pro Subscription (WF Solver),com.deepinkcode.wordfeudsolver,Subscription,prosub,,NO,,6440,NOK,24.00,0.661810,DKK,15.88,prosubmonth,,4994183596643847628,Yes,,,,
GPA.3382-0260-1464-58528..0,"Feb 14, 2026",2:36:21 PM PST,,Google fee,,Pro Subscription (WF Solver),com.deepinkcode.wordfeudsolver,Subscription,prosub,,NO,,6440,NOK,-3.60,0.661810,DKK,-2.38,prosubmonth,,4994183596643847628,Yes,15,SUBSCRIPTIONS,,
GPA.3335-9099-7457-16610,"Feb 14, 2026",2:59:12 PM PST,,Charge,,Pro (Words With Friends Solver),com.deepinkcode.wordswithfriendssolver,One-time product,pro,dm3q,US,CA,92123,USD,27.99,6.294000,DKK,176.17,legacy-base,,4994183596643847628,Yes,,,,In-app
GPA.3335-9099-7457-16610,"Feb 14, 2026",2:59:12 PM PST,,Google fee,,Pro (Words With Friends Solver),com.deepinkcode.wordswithfriendssolver,One-time product,pro,dm3q,US,CA,92123,USD,-4.20,6.294000,DKK,-26.43,legacy-base,,4994183596643847628,Yes,15,,,In-app
GPA.3382-4193-7017-41879..0,"Feb 14, 2026",5:04:07 PM PST,,Charge,,Pro Subscription (WF Solver),com.deepinkcode.wordfeudsolver,Subscription,prosub,,SE,,43231,SEK,22.40,0.705400,DKK,15.80,prosubmonth,,4994183596643847628,Yes,,,,
GPA.3382-4193-7017-41879..0,"Feb 14, 2026",5:04:07 PM PST,,Google fee,,Pro Subscription (WF Solver),com.deepinkcode.wordfeudsolver,Subscription,prosub,,SE,,43231,SEK,-3.36,0.705400,DKK,-2.37,prosubmonth,,4994183596643847628,Yes,15,SUBSCRIPTIONS,,
GPA.3312-5372-8114-42412..3,"Feb 14, 2026",5:37:34 PM PST,,Charge,,Pro Subscription (Words With Friends Solver),com.deepinkcode.wordswithfriendssolver,Subscription,prosub,,US,PA,17311,USD,2.49,6.294000,DKK,15.67,prosub,,4994183596643847628,Yes,,,,
GPA.3312-5372-8114-42412..3,"Feb 14, 2026",5:37:34 PM PST,,Google fee,,Pro Subscription (Words With Friends Solver),com.deepinkcode.wordswithfriendssolver,Subscription,prosub,,US,PA,17311,USD,-0.37,6.294000,DKK,-2.33,prosub,,4994183596643847628,Yes,15,SUBSCRIPTIONS,,
GPA.3385-3720-6211-42262..6,"Feb 14, 2026",5:37:35 PM PST,,Charge,,Pro Subscription (WF Solver),com.deepinkcode.wordfeudsolver,Subscription,prosub,,SE,,69335,SEK,23.20,0.705400,DKK,16.37,prosubmonth,,4994183596643847628,Yes,,,,
GPA.3385-3720-6211-42262..6,"Feb 14, 2026",5:37:35 PM PST,,Google fee,,Pro Subscription (WF Solver),com.deepinkcode.wordfeudsolver,Subscription,prosub,,SE,,69335,SEK,-3.48,0.705400,DKK,-2.46,prosubmonth,,4994183596643847628,Yes,15,SUBSCRIPTIONS,,
GPA.3395-0158-2842-50372,"Feb 14, 2026",5:53:32 PM PST,,Charge,,Pro Subscription (Scrabble GO Cheat),com.deepinkcode.scrabblegocheat,Subscription,prosub,pa3q,CA,NS,B3J 2E9,CAD,3.19,4.622100,DKK,14.74,prosubmonth,,4994183596643847628,Yes,,,,In-app
GPA.3395-0158-2842-50372,"Feb 14, 2026",5:53:32 PM PST,,Google fee,,Pro Subscription (Scrabble GO Cheat),com.deepinkcode.scrabblegocheat,Subscription,prosub,pa3q,CA,NS,B3J 2E9,CAD,-0.48,4.622100,DKK,-2.22,prosubmonth,,4994183596643847628,Yes,15,SUBSCRIPTIONS,,In-app
GPA.3336-5518-9437-80912..0,"Feb 14, 2026",6:18:20 PM PST,,Charge,,Pro Subscription (Words With Friends Solver),com.deepinkcode.wordswithfriendssolver,Subscription,prosub,,US,AL,36507,USD,2.49,6.294000,DKK,15.67,prosub,,4994183596643847628,Yes,,,,
GPA.3336-5518-9437-80912..0,"Feb 14, 2026",6:18:20 PM PST,,Google fee,,Pro Subscription (Words With Friends Solver),com.deepinkcode.wordswithfriendssolver,Subscription,prosub,,US,AL,36507,USD,-0.37,6.294000,DKK,-2.33,prosub,,4994183596643847628,Yes,15,SUBSCRIPTIONS,,
GPA.3336-6282-7230-07326,"Feb 14, 2026",6:54:07 PM PST,,Charge,,Pro Subscription (Words With Friends Solver),com.deepinkcode.wordswithfriendssolver,Subscription,prosub,pa3q,AU,,2233,AUD,3.63,4.451800,DKK,16.16,prosub,,4994183596643847628,Yes,,,,In-app
GPA.3336-6282-7230-07326,"Feb 14, 2026",6:54:07 PM PST,,Google fee,,Pro Subscription (Words With Friends Solver),com.deepinkcode.wordswithfriendssolver,Subscription,prosub,pa3q,AU,,2233,AUD,-0.54,4.451800,DKK,-2.40,prosub,,4994183596643847628,Yes,15,SUBSCRIPTIONS,,In-app
GPA.3304-7823-1355-80043..12,"Feb 14, 2026",8:26:47 PM PST,,Charge,,Pro Subscription (WF Solver),com.deepinkcode.wordfeudsolver,Subscription,prosub,,SE,,56591,SEK,23.20,0.705400,DKK,16.37,prosubmonth,,4994183596643847628,Yes,,,,
GPA.3304-7823-1355-80043..12,"Feb 14, 2026",8:26:47 PM PST,,Google fee,,Pro Subscription (WF Solver),com.deepinkcode.wordfeudsolver,Subscription,prosub,,SE,,56591,SEK,-3.48,0.705400,DKK,-2.46,prosubmonth,,4994183596643847628,Yes,15,SUBSCRIPTIONS,,
GPA.3384-2754-1670-89539..6,"Feb 14, 2026",9:24:11 PM PST,,Charge,,Pro Subscription (WF Solver),com.deepinkcode.wordfeudsolver,Subscription,prosub,,SE,,94142,SEK,23.20,0.705400,DKK,16.37,prosubmonth,,4994183596643847628,Yes,,,,
GPA.3384-2754-1670-89539..6,"Feb 14, 2026",9:24:11 PM PST,,Google fee,,Pro Subscription (WF Solver),com.deepinkcode.wordfeudsolver,Subscription,prosub,,SE,,94142,SEK,-3.48,0.705400,DKK,-2.46,prosubmonth,,4994183596643847628,Yes,15,SUBSCRIPTIONS,,
GPA.3366-5877-9545-33415..12,"Feb 14, 2026",10:15:27 PM PST,,Charge,,Pro Subscription (WF Solver),com.deepinkcode.wordfeudsolver,Subscription,prosub,,SE,,215 27,SEK,23.20,0.705400,DKK,16.37,prosubmonth,,4994183596643847628,Yes,,,,
GPA.3366-5877-9545-33415..12,"Feb 14, 2026",10:15:27 PM PST,,Google fee,,Pro Subscription (WF Solver),com.deepinkcode.wordfeudsolver,Subscription,prosub,,SE,,215 27,SEK,-3.48,0.705400,DKK,-2.46,prosubmonth,,4994183596643847628,Yes,15,SUBSCRIPTIONS,,
GPA.3350-8601-7567-63600..3,"Feb 14, 2026",10:57:40 PM PST,,Charge,,Pro Subscription (WF Solver),com.deepinkcode.wordfeudsolver,Subscription,prosub,,SE,,503 30,SEK,22.40,0.705400,DKK,15.80,prosubmonth,,4994183596643847628,Yes,,,,
GPA.3350-8601-7567-63600..3,"Feb 14, 2026",10:57:40 PM PST,,Google fee,,Pro Subscription (WF Solver),com.deepinkcode.wordfeudsolver,Subscription,prosub,,SE,,503 30,SEK,-3.36,0.705400,DKK,-2.37,prosubmonth,,4994183596643847628,Yes,15,SUBSCRIPTIONS,,
GPA.3304-1430-3257-46367..12,"Feb 14, 2026",11:38:41 PM PST,,Charge,,Pro Subscription (WF Solver),com.deepinkcode.wordfeudsolver,Subscription,prosub,,NO,,6050,NOK,24.00,0.661810,DKK,15.88,prosubmonth,,4994183596643847628,Yes,,,,
GPA.3304-1430-3257-46367..12,"Feb 14, 2026",11:38:41 PM PST,,Google fee,,Pro Subscription (WF Solver),com.deepinkcode.wordfeudsolver,Subscription,prosub,,NO,,6050,NOK,-3.60,0.661810,DKK,-2.38,prosubmonth,,4994183596643847628,Yes,15,SUBSCRIPTIONS,,
GPA.3384-0891-9807-99658,"Feb 14, 2026",11:47:03 PM PST,,Charge,,Pro Subscription (WF Solver),com.deepinkcode.wordfeudsolver,Subscription,prosub,e2s,NO,,3516,NOK,24.00,0.661810,DKK,15.88,prosubmonth,,4994183596643847628,Yes,,,,In-app
GPA.3384-0891-9807-99658,"Feb 14, 2026",11:47:03 PM PST,,Google fee,,Pro Subscription (WF Solver),com.deepinkcode.wordfeudsolver,Subscription,prosub,e2s,NO,,3516,NOK,-3.60,0.661810,DKK,-2.38,prosubmonth,,4994183596643847628,Yes,15,SUBSCRIPTIONS,,In-app
GPA.3328-5305-0601-65111..7,"Feb 15, 2026",12:08:05 AM PST,,Charge,,Pro Subscription (Words With Friends Solver),com.deepinkcode.wordswithfriendssolver,Subscription,prosub,,US,CA,94587,USD,1.99,6.294000,DKK,12.52,prosub,,4994183596643847628,Yes,,,,
GPA.3328-5305-0601-65111..7,"Feb 15, 2026",12:08:05 AM PST,,Google fee,,Pro Subscription (Words With Friends Solver),com.deepinkcode.wordswithfriendssolver,Subscription,prosub,,US,CA,94587,USD,-0.30,6.294000,DKK,-1.89,prosub,,4994183596643847628,Yes,15,SUBSCRIPTIONS,,
GPA.3349-9185-8754-77612..5,"Feb 15, 2026",12:20:08 AM PST,,Charge,,Pro Subscription (WF Solver),com.deepinkcode.wordfeudsolver,Subscription,prosub,,NL,,9351 ET,EUR,1.98,7.469700,DKK,14.79,prosubmonth,,4994183596643847628,Yes,,,,
GPA.3349-9185-8754-77612..5,"Feb 15, 2026",12:20:08 AM PST,,Google fee,,Pro Subscription (WF Solver),com.deepinkcode.wordfeudsolver,Subscription,prosub,,NL,,9351 ET,EUR,-0.30,7.469700,DKK,-2.24,prosubmonth,,4994183596643847628,Yes,15,SUBSCRIPTIONS,,
GPA.3368-9625-3056-81072..2,"Feb 15, 2026",12:33:27 AM PST,,Charge,,Pro Subscription (WF Solver),com.deepinkcode.wordfeudsolver,Subscription,prosub,,DK,,2300,DKK,15.20,1.000000,DKK,15.20,prosubmonth,,4994183596643847628,Yes,,,,
GPA.3368-9625-3056-81072..2,"Feb 15, 2026",12:33:27 AM PST,,Google fee,,Pro Subscription (WF Solver),com.deepinkcode.wordfeudsolver,Subscription,prosub,,DK,,2300,DKK,-2.28,1.000000,DKK,-2.28,prosubmonth,,4994183596643847628,Yes,15,SUBSCRIPTIONS,,
GPA.3301-6898-0563-45178,"Feb 15, 2026",12:33:27 AM PST,,Charge,,Pro Subscription (WF Solver),com.deepinkcode.wordfeudsolver,Subscription,prosub,gts9pwifi,NO,,4375,NOK,24.00,0.661810,DKK,15.88,prosubmonth,,4994183596643847628,Yes,,,,In-app
GPA.3301-6898-0563-45178,"Feb 15, 2026",12:33:27 AM PST,,Google fee,,Pro Subscription (WF Solver),com.deepinkcode.wordfeudsolver,Subscription,prosub,gts9pwifi,NO,,4375,NOK,-3.60,0.661810,DKK,-2.38,prosubmonth,,4994183596643847628,Yes,15,SUBSCRIPTIONS,,In-app
GPA.3391-7391-7441-56475..11,"Feb 15, 2026",12:42:40 AM PST,,Charge,,Pro Subscription (WF Solver),com.deepinkcode.wordfeudsolver,Subscription,prosub,,SE,,22240,SEK,23.20,0.705400,DKK,16.37,prosubmonth,,4994183596643847628,Yes,,,,
GPA.3391-7391-7441-56475..11,"Feb 15, 2026",12:42:40 AM PST,,Google fee,,Pro Subscription (WF Solver),com.deepinkcode.wordfeudsolver,Subscription,prosub,,SE,,22240,SEK,-3.48,0.705400,DKK,-2.46,prosubmonth,,4994183596643847628,Yes,15,SUBSCRIPTIONS,,
GPA.3326-8759-4174-86960..2,"Feb 15, 2026",12:43:20 AM PST,,Charge,,Pro Subscription (WF Solver),com.deepinkcode.wordfeudsolver,Subscription,prosub,,SE,,90420,SEK,22.40,0.705400,DKK,15.80,prosubmonth,,4994183596643847628,Yes,,,,
GPA.3326-8759-4174-86960..2,"Feb 15, 2026",12:43:20 AM PST,,Google fee,,Pro Subscription (WF Solver),com.deepinkcode.wordfeudsolver,Subscription,prosub,,SE,,90420,SEK,-3.36,0.705400,DKK,-2.37,prosubmonth,,4994183596643847628,Yes,15,SUBSCRIPTIONS,,
GPA.3343-7963-1535-90154..0,"Feb 15, 2026",12:48:53 AM PST,,Charge,,Pro Subscription (Words With Friends Solver),com.deepinkcode.wordswithfriendssolver,Subscription,prosub,,AU,,,AUD,3.63,4.451800,DKK,16.16,prosub,,4994183596643847628,Yes,,,,
GPA.3343-7963-1535-90154..0,"Feb 15, 2026",12:48:53 AM PST,,Google fee,,Pro Subscription (Words With Friends Solver),com.deepinkcode.wordswithfriendssolver,Subscription,prosub,,AU,,,AUD,-0.54,4.451800,DKK,-2.40,prosub,,4994183596643847628,Yes,15,SUBSCRIPTIONS,,
GPA.3373-9657-3273-18608,"Feb 15, 2026",1:01:58 AM PST,,Charge,,Pro (WF Solver),com.deepinkcode.wordfeudsolver,One-time product,pro,b4q,NL,,3994 VH,EUR,23.96,7.469700,DKK,178.97,legacy-base,,4994183596643847628,Yes,,,,In-app
GPA.3373-9657-3273-18608,"Feb 15, 2026",1:01:58 AM PST,,Google fee,,Pro (WF Solver),com.deepinkcode.wordfeudsolver,One-time product,pro,b4q,NL,,3994 VH,EUR,-3.59,7.469700,DKK,-26.81,legacy-base,,4994183596643847628,Yes,15,,,In-app
GPA.3389-0775-8261-09261..12,"Feb 15, 2026",1:52:34 AM PST,,Charge,,Pro Subscription (WF Solver),com.deepinkcode.wordfeudsolver,Subscription,prosub,,NL,,1017 VM,EUR,1.98,7.469700,DKK,14.79,prosubmonth,,4994183596643847628,Yes,,,,
GPA.3389-0775-8261-09261..12,"Feb 15, 2026",1:52:34 AM PST,,Google fee,,Pro Subscription (WF Solver),com.deepinkcode.wordfeudsolver,Subscription,prosub,,NL,,1017 VM,EUR,-0.30,7.469700,DKK,-2.24,prosubmonth,,4994183596643847628,Yes,15,SUBSCRIPTIONS,,
GPA.3353-5764-5433-16635..0,"Feb 15, 2026",3:20:30 AM PST,,Charge,,Pro Subscription (WF Solver),com.deepinkcode.wordfeudsolver,Subscription,prosub,,SE,,681 91,SEK,22.40,0.705400,DKK,15.80,prosubmonth,,4994183596643847628,Yes,,,,
GPA.3353-5764-5433-16635..0,"Feb 15, 2026",3:20:30 AM PST,,Google fee,,Pro Subscription (WF Solver),com.deepinkcode.wordfeudsolver,Subscription,prosub,,SE,,681 91,SEK,-3.36,0.705400,DKK,-2.37,prosubmonth,,4994183596643847628,Yes,15,SUBSCRIPTIONS,,
GPA.3307-1022-7572-11234..2,"Feb 15, 2026",3:44:43 AM PST,,Charge,,Pro Subscription (WF Solver),com.deepinkcode.wordfeudsolver,Subscription,prosub,,SE,,66832,SEK,22.40,0.705400,DKK,15.80,prosubmonth,,4994183596643847628,Yes,,,,
GPA.3307-1022-7572-11234..2,"Feb 15, 2026",3:44:43 AM PST,,Google fee,,Pro Subscription (WF Solver),com.deepinkcode.wordfeudsolver,Subscription,prosub,,SE,,66832,SEK,-3.36,0.705400,DKK,-2.37,prosubmonth,,4994183596643847628,Yes,15,SUBSCRIPTIONS,,
GPA.3378-4043-5332-30633..0,"Feb 15, 2026",3:52:17 AM PST,,Charge,,Pro Subscription (WF Solver),com.deepinkcode.wordfeudsolver,Subscription,prosub,,DK,,2640,DKK,15.20,1.000000,DKK,15.20,prosubmonth,,4994183596643847628,Yes,,,,
GPA.3378-4043-5332-30633..0,"Feb 15, 2026",3:52:17 AM PST,,Google fee,,Pro Subscription (WF Solver),com.deepinkcode.wordfeudsolver,Subscription,prosub,,DK,,2640,DKK,-2.28,1.000000,DKK,-2.28,prosubmonth,,4994183596643847628,Yes,15,SUBSCRIPTIONS,,
GPA.3371-0379-0970-58762..2,"Feb 15, 2026",4:36:11 AM PST,,Charge,,Pro Subscription (WF Solver),com.deepinkcode.wordfeudsolver,Subscription,prosub,,DK,,4200,DKK,15.20,1.000000,DKK,15.20,prosubmonth,,4994183596643847628,Yes,,,,
GPA.3371-0379-0970-58762..2,"Feb 15, 2026",4:36:11 AM PST,,Google fee,,Pro Subscription (WF Solver),com.deepinkcode.wordfeudsolver,Subscription,prosub,,DK,,4200,DKK,-2.28,1.000000,DKK,-2.28,prosubmonth,,4994183596643847628,Yes,15,SUBSCRIPTIONS,,
GPA.3393-3205-5818-79586..0,"Feb 15, 2026",4:57:06 AM PST,,Charge,,Pro Subscription (WF Solver),com.deepinkcode.wordfeudsolver,Subscription,prosub,,NL,,4906ME,EUR,1.98,7.469700,DKK,14.79,prosubmonth,,4994183596643847628,Yes,,,,
GPA.3393-3205-5818-79586..0,"Feb 15, 2026",4:57:06 AM PST,,Google fee,,Pro Subscription (WF Solver),com.deepinkcode.wordfeudsolver,Subscription,prosub,,NL,,4906ME,EUR,-0.30,7.469700,DKK,-2.24,prosubmonth,,4994183596643847628,Yes,15,SUBSCRIPTIONS,,
GPA.3398-4642-1151-62822..3,"Feb 15, 2026",6:37:15 AM PST,,Charge,,Pro Subscription (WF Solver),com.deepinkcode.wordfeudsolver,Subscription,prosub,,NL,,8011 JN,EUR,1.98,7.469700,DKK,14.79,prosubmonth,,4994183596643847628,Yes,,,,
GPA.3398-4642-1151-62822..3,"Feb 15, 2026",6:37:15 AM PST,,Google fee,,Pro Subscription (WF Solver),com.deepinkcode.wordfeudsolver,Subscription,prosub,,NL,,8011 JN,EUR,-0.30,7.469700,DKK,-2.24,prosubmonth,,4994183596643847628,Yes,15,SUBSCRIPTIONS,,
GPA.3390-5627-0830-67064,"Feb 15, 2026",6:59:41 AM PST,,Charge,,Pro (Words With Friends Solver),com.deepinkcode.wordswithfriendssolver,One-time product,pro,dm1q,GB,,LS28 7PS,GBP,21.24,8.592400,DKK,182.50,legacy-base,,4994183596643847628,Yes,,,,In-app
GPA.3390-5627-0830-67064,"Feb 15, 2026",6:59:41 AM PST,,Google fee,,Pro (Words With Friends Solver),com.deepinkcode.wordswithfriendssolver,One-time product,pro,dm1q,GB,,LS28 7PS,GBP,-3.19,8.592400,DKK,-27.41,legacy-base,,4994183596643847628,Yes,15,,,In-app
GPA.3349-8787-5923-95011,"Feb 15, 2026",7:01:07 AM PST,,Charge,,Pro Subscription (WF Solver),com.deepinkcode.wordfeudsolver,Subscription,prosub,dm1q,NL,,4824 JK,EUR,1.98,7.469700,DKK,14.79,prosubmonth,,4994183596643847628,Yes,,,,In-app
GPA.3349-8787-5923-95011,"Feb 15, 2026",7:01:07 AM PST,,Google fee,,Pro Subscription (WF Solver),com.deepinkcode.wordfeudsolver,Subscription,prosub,dm1q,NL,,4824 JK,EUR,-0.30,7.469700,DKK,-2.24,prosubmonth,,4994183596643847628,Yes,15,SUBSCRIPTIONS,,In-app
GPA.3358-8205-9608-12968..12,"Feb 15, 2026",7:18:58 AM PST,,Charge,,Pro Subscription (WF Solver),com.deepinkcode.wordfeudsolver,Subscription,prosub,,US,TX,78750,USD,1.99,6.294000,DKK,12.52,prosubmonth,,4994183596643847628,Yes,,,,
GPA.3358-8205-9608-12968..12,"Feb 15, 2026",7:18:58 AM PST,,Google fee,,Pro Subscription (WF Solver),com.deepinkcode.wordfeudsolver,Subscription,prosub,,US,TX,78750,USD,-0.30,6.294000,DKK,-1.89,prosubmonth,,4994183596643847628,Yes,15,SUBSCRIPTIONS,,
GPA.3355-0651-0299-33664..0,"Feb 15, 2026",7:27:40 AM PST,,Charge,,Pro Subscription (WF Solver),com.deepinkcode.wordfeudsolver,Subscription,prosub,,NL,,5621ED,EUR,1.98,7.469700,DKK,14.79,prosubmonth,,4994183596643847628,Yes,,,,
GPA.3355-0651-0299-33664..0,"Feb 15, 2026",7:27:40 AM PST,,Google fee,,Pro Subscription (WF Solver),com.deepinkcode.wordfeudsolver,Subscription,prosub,,NL,,5621ED,EUR,-0.30,7.469700,DKK,-2.24,prosubmonth,,4994183596643847628,Yes,15,SUBSCRIPTIONS,,
GPA.3359-7901-7037-74229..12,"Feb 15, 2026",8:23:53 AM PST,,Charge,,Pro Subscription (WF Solver),com.deepinkcode.wordfeudsolver,Subscription,prosub,,NO,,2006,NOK,24.00,0.661810,DKK,15.88,prosubmonth,,4994183596643847628,Yes,,,,
GPA.3359-7901-7037-74229..12,"Feb 15, 2026",8:23:53 AM PST,,Google fee,,Pro Subscription (WF Solver),com.deepinkcode.wordfeudsolver,Subscription,prosub,,NO,,2006,NOK,-3.60,0.661810,DKK,-2.38,prosubmonth,,4994183596643847628,Yes,15,SUBSCRIPTIONS,,
GPA.3393-2450-6740-78738..15,"Feb 15, 2026",8:25:34 AM PST,,Charge,,Pro Subscription (WF Solver),com.deepinkcode.wordfeudsolver,Subscription,prosub,,NL,,1971ZJ,EUR,1.98,7.469700,DKK,14.79,prosubmonth,,4994183596643847628,Yes,,,,
GPA.3393-2450-6740-78738..15,"Feb 15, 2026",8:25:34 AM PST,,Google fee,,Pro Subscription (WF Solver),com.deepinkcode.wordfeudsolver,Subscription,prosub,,NL,,1971ZJ,EUR,-0.30,7.469700,DKK,-2.24,prosubmonth,,4994183596643847628,Yes,15,SUBSCRIPTIONS,,
GPA.3315-6637-8709-75256..6,"Feb 15, 2026",8:30:09 AM PST,,Charge,,Pro Subscription (WF Solver),com.deepinkcode.wordfeudsolver,Subscription,prosub,,DK,,9460,DKK,15.20,1.000000,DKK,15.20,prosubmonth,,4994183596643847628,Yes,,,,
GPA.3315-6637-8709-75256..6,"Feb 15, 2026",8:30:09 AM PST,,Google fee,,Pro Subscription (WF Solver),com.deepinkcode.wordfeudsolver,Subscription,prosub,,DK,,9460,DKK,-2.28,1.000000,DKK,-2.28,prosubmonth,,4994183596643847628,Yes,15,SUBSCRIPTIONS,,
GPA.3353-5454-7609-46787..0,"Feb 15, 2026",9:38:54 AM PST,,Charge,,Pro Subscription (Words With Friends Solver),com.deepinkcode.wordswithfriendssolver,Subscription,prosub,,US,MN,55746,USD,2.49,6.294000,DKK,15.67,prosub,,4994183596643847628,Yes,,,,
GPA.3353-5454-7609-46787..0,"Feb 15, 2026",9:38:54 AM PST,,Google fee,,Pro Subscription (Words With Friends Solver),com.deepinkcode.wordswithfriendssolver,Subscription,prosub,,US,MN,55746,USD,-0.37,6.294000,DKK,-2.33,prosub,,4994183596643847628,Yes,15,SUBSCRIPTIONS,,
GPA.3363-7969-0699-12953..6,"Feb 15, 2026",10:41:49 AM PST,,Charge,,Pro Subscription (WF Solver),com.deepinkcode.wordfeudsolver,Subscription,prosub,,NL,,7035BA,EUR,1.98,7.469700,DKK,14.79,prosubmonth,,4994183596643847628,Yes,,,,
GPA.3363-7969-0699-12953..6,"Feb 15, 2026",10:41:49 AM PST,,Google fee,,Pro Subscription (WF Solver),com.deepinkcode.wordfeudsolver,Subscription,prosub,,NL,,7035BA,EUR,-0.30,7.469700,DKK,-2.24,prosubmonth,,4994183596643847628,Yes,15,SUBSCRIPTIONS,,
GPA.3361-0374-6273-91244..15,"Feb 15, 2026",11:43:58 AM PST,,Charge,,Pro Subscription (WF Solver),com.deepinkcode.wordfeudsolver,Subscription,prosub,,SE,,51157,SEK,23.20,0.705400,DKK,16.37,prosubmonth,,4994183596643847628,Yes,,,,
GPA.3361-0374-6273-91244..15,"Feb 15, 2026",11:43:58 AM PST,,Google fee,,Pro Subscription (WF Solver),com.deepinkcode.wordfeudsolver,Subscription,prosub,,SE,,51157,SEK,-3.48,0.705400,DKK,-2.46,prosubmonth,,4994183596643847628,Yes,15,SUBSCRIPTIONS,,
GPA.3316-8912-9492-12763..12,"Feb 15, 2026",1:02:43 PM PST,,Charge,,Pro Subscription (WF Solver),com.deepinkcode.wordfeudsolver,Subscription,prosub,,DK,,4660,DKK,15.20,1.000000,DKK,15.20,prosubmonth,,4994183596643847628,Yes,,,,
GPA.3316-8912-9492-12763..12,"Feb 15, 2026",1:02:43 PM PST,,Google fee,,Pro Subscription (WF Solver),com.deepinkcode.wordfeudsolver,Subscription,prosub,,DK,,4660,DKK,-2.28,1.000000,DKK,-2.28,prosubmonth,,4994183596643847628,Yes,15,SUBSCRIPTIONS,,
GPA.3350-5842-6619-75540..1,"Feb 15, 2026",1:24:22 PM PST,,Charge,,Pro Subscription (WF Solver),com.deepinkcode.wordfeudsolver,Subscription,prosub,,NL,,4416 CA,EUR,1.98,7.472400,DKK,14.80,prosubmonth,,4994183596643847628,Yes,,,,
GPA.3350-5842-6619-75540..1,"Feb 15, 2026",1:24:22 PM PST,,Google fee,,Pro Subscription (WF Solver),com.deepinkcode.wordfeudsolver,Subscription,prosub,,NL,,4416 CA,EUR,-0.30,7.472400,DKK,-2.25,prosubmonth,,4994183596643847628,Yes,15,SUBSCRIPTIONS,,
GPA.3355-7867-6727-09202,"Feb 15, 2026",1:38:18 PM PST,,Charge,,Pro Subscription (WF Solver),com.deepinkcode.wordfeudsolver,Subscription,prosub,e3q,NL,,1441JN,EUR,1.98,7.472400,DKK,14.80,prosubmonth,,4994183596643847628,Yes,,,,In-app
GPA.3355-7867-6727-09202,"Feb 15, 2026",1:38:18 PM PST,,Google fee,,Pro Subscription (WF Solver),com.deepinkcode.wordfeudsolver,Subscription,prosub,e3q,NL,,1441JN,EUR,-0.30,7.472400,DKK,-2.25,prosubmonth,,4994183596643847628,Yes,15,SUBSCRIPTIONS,,In-app
GPA.3308-8792-8385-71438..1,"Feb 15, 2026",1:39:31 PM PST,,Charge,,Pro Subscription (WF Solver),com.deepinkcode.wordfeudsolver,Subscription,prosub,,SE,,77130,SEK,22.40,0.705290,DKK,15.80,prosubmonth,,4994183596643847628,Yes,,,,
GPA.3308-8792-8385-71438..1,"Feb 15, 2026",1:39:31 PM PST,,Google fee,,Pro Subscription (WF Solver),com.deepinkcode.wordfeudsolver,Subscription,prosub,,SE,,77130,SEK,-3.36,0.705290,DKK,-2.37,prosubmonth,,4994183596643847628,Yes,15,SUBSCRIPTIONS,,
GPA.3373-0074-7917-93306,"Feb 15, 2026",2:38:27 PM PST,,Charge,,Pro (Words With Friends Solver),com.deepinkcode.wordswithfriendssolver,One-time product,pro,panther,US,LA,70506,USD,27.99,6.292400,DKK,176.12,legacy-base,,4994183596643847628,Yes,,,,In-app
GPA.3373-0074-7917-93306,"Feb 15, 2026",2:38:27 PM PST,,Google fee,,Pro (Words With Friends Solver),com.deepinkcode.wordswithfriendssolver,One-time product,pro,panther,US,LA,70506,USD,-4.20,6.292400,DKK,-26.43,legacy-base,,4994183596643847628,Yes,15,,,In-app
GPA.3305-3032-9094-22471..0,"Feb 15, 2026",4:58:22 PM PST,,Charge,,Pro Subscription (Words With Friends Solver),com.deepinkcode.wordswithfriendssolver,Subscription,prosub,,US,TN,37931,USD,2.49,6.294600,DKK,15.67,prosub,,4994183596643847628,Yes,,,,
GPA.3305-3032-9094-22471..0,"Feb 15, 2026",4:58:22 PM PST,,Google fee,,Pro Subscription (Words With Friends Solver),com.deepinkcode.wordswithfriendssolver,Subscription,prosub,,US,TN,37931,USD,-0.37,6.294600,DKK,-2.33,prosub,,4994183596643847628,Yes,15,SUBSCRIPTIONS,,
GPA.3320-5112-5415-95214..2,"Feb 15, 2026",5:33:14 PM PST,,Charge,,Pro Subscription (Words With Friends Solver),com.deepinkcode.wordswithfriendssolver,Subscription,prosub,,US,NY,14043,USD,2.49,6.295500,DKK,15.68,prosub,,4994183596643847628,Yes,,,,
GPA.3320-5112-5415-95214..2,"Feb 15, 2026",5:33:14 PM PST,,Google fee,,Pro Subscription (Words With Friends Solver),com.deepinkcode.wordswithfriendssolver,Subscription,prosub,,US,NY,14043,USD,-0.37,6.295500,DKK,-2.33,prosub,,4994183596643847628,Yes,15,SUBSCRIPTIONS,,
GPA.3368-2419-5725-15216..3,"Feb 15, 2026",6:24:55 PM PST,,Charge,,Pro Subscription (Words With Friends Solver),com.deepinkcode.wordswithfriendssolver,Subscription,prosub,,US,IL,61801,USD,2.49,6.298400,DKK,15.68,prosub,,4994183596643847628,Yes,,,,
GPA.3368-2419-5725-15216..3,"Feb 15, 2026",6:24:55 PM PST,,Google fee,,Pro Subscription (Words With Friends Solver),com.deepinkcode.wordswithfriendssolver,Subscription,prosub,,US,IL,61801,USD,-0.37,6.298400,DKK,-2.33,prosub,,4994183596643847628,Yes,15,SUBSCRIPTIONS,,
GPA.3335-1273-9062-08648..12,"Feb 15, 2026",6:40:54 PM PST,,Charge,,Pro Subscription (WF Solver),com.deepinkcode.wordfeudsolver,Subscription,prosub,,SE,,13466,SEK,23.20,0.704600,DKK,16.35,prosubmonth,,4994183596643847628,Yes,,,,
GPA.3335-1273-9062-08648..12,"Feb 15, 2026",6:40:54 PM PST,,Google fee,,Pro Subscription (WF Solver),com.deepinkcode.wordfeudsolver,Subscription,prosub,,SE,,13466,SEK,-3.48,0.704600,DKK,-2.46,prosubmonth,,4994183596643847628,Yes,15,SUBSCRIPTIONS,,
GPA.3398-0327-6223-53070..12,"Feb 15, 2026",9:21:55 PM PST,,Charge,,Pro Subscription (WF Solver),com.deepinkcode.wordfeudsolver,Subscription,prosub,,NL,,3769 Bs,EUR,1.98,7.470600,DKK,14.79,prosubmonth,,4994183596643847628,Yes,,,,
GPA.3398-0327-6223-53070..12,"Feb 15, 2026",9:21:55 PM PST,,Google fee,,Pro Subscription (WF Solver),com.deepinkcode.wordfeudsolver,Subscription,prosub,,NL,,3769 Bs,EUR,-0.30,7.470600,DKK,-2.24,prosubmonth,,4994183596643847628,Yes,15,SUBSCRIPTIONS,,
GPA.3320-5018-1669-61567..3,"Feb 15, 2026",11:21:31 PM PST,,Charge,,Pro Subscription (WF Solver),com.deepinkcode.wordfeudsolver,Subscription,prosub,,NL,,5012GK,EUR,1.98,7.470400,DKK,14.79,prosubmonth,,4994183596643847628,Yes,,,,
GPA.3320-5018-1669-61567..3,"Feb 15, 2026",11:21:31 PM PST,,Google fee,,Pro Subscription (WF Solver),com.deepinkcode.wordfeudsolver,Subscription,prosub,,NL,,5012GK,EUR,-0.30,7.470400,DKK,-2.24,prosubmonth,,4994183596643847628,Yes,15,SUBSCRIPTIONS,,
GPA.3303-1794-0815-46926,"Feb 15, 2026",11:26:28 PM PST,,Charge,,Pro (WF Solver),com.deepinkcode.wordfeudsolver,One-time product,pro,bogota,DK,,3660,DKK,180.00,1.000000,DKK,180.00,legacy-base,,4994183596643847628,Yes,,,,In-app
GPA.3303-1794-0815-46926,"Feb 15, 2026",11:26:28 PM PST,,Google fee,,Pro (WF Solver),com.deepinkcode.wordfeudsolver,One-time product,pro,bogota,DK,,3660,DKK,-27.00,1.000000,DKK,-27.00,legacy-base,,4994183596643847628,Yes,15,,,In-app
GPA.3335-0000-4756-12582..9,"Feb 16, 2026",12:29:31 AM PST,,Charge,,Pro Subscription (Words With Friends Solver),com.deepinkcode.wordswithfriendssolver,Subscription,prosub,,US,MI,48051,USD,1.99,6.296200,DKK,12.53,prosub,,4994183596643847628,Yes,,,,
GPA.3335-0000-4756-12582..9,"Feb 16, 2026",12:29:31 AM PST,,Google fee,,Pro Subscription (Words With Friends Solver),com.deepinkcode.wordswithfriendssolver,Subscription,prosub,,US,MI,48051,USD,-0.30,6.296200,DKK,-1.89,prosub,,4994183596643847628,Yes,15,SUBSCRIPTIONS,,
GPA.3345-0004-4671-88284..4,"Feb 16, 2026",12:38:58 AM PST,,Charge,,Pro Subscription (WF Solver),com.deepinkcode.wordfeudsolver,Subscription,prosub,,NL,,6522BL,EUR,1.98,7.471000,DKK,14.79,prosubmonth,,4994183596643847628,Yes,,,,
GPA.3345-0004-4671-88284..4,"Feb 16, 2026",12:38:58 AM PST,,Google fee,,Pro Subscription (WF Solver),com.deepinkcode.wordfeudsolver,Subscription,prosub,,NL,,6522BL,EUR,-0.30,7.471000,DKK,-2.24,prosubmonth,,4994183596643847628,Yes,15,SUBSCRIPTIONS,,
GPA.3363-2580-8330-22280..12,"Feb 16, 2026",1:35:08 AM PST,,Charge,,Pro Subscription (WF Solver),com.deepinkcode.wordfeudsolver,Subscription,prosub,,NL,,2612 gj,EUR,1.98,7.470300,DKK,14.79,prosubmonth,,4994183596643847628,Yes,,,,
GPA.3363-2580-8330-22280..12,"Feb 16, 2026",1:35:08 AM PST,,Google fee,,Pro Subscription (WF Solver),com.deepinkcode.wordfeudsolver,Subscription,prosub,,NL,,2612 gj,EUR,-0.30,7.470300,DKK,-2.24,prosubmonth,,4994183596643847628,Yes,15,SUBSCRIPTIONS,,
GPA.3391-2911-5833-94511..7,"Feb 16, 2026",2:08:06 AM PST,,Charge,,Pro Subscription (WF Solver),com.deepinkcode.wordfeudsolver,Subscription,prosub,,NL,,2211CX,EUR,1.98,7.470200,DKK,14.79,prosubmonth,,4994183596643847628,Yes,,,,
GPA.3391-2911-5833-94511..7,"Feb 16, 2026",2:08:06 AM PST,,Google fee,,Pro Subscription (WF Solver),com.deepinkcode.wordfeudsolver,Subscription,prosub,,NL,,2211CX,EUR,-0.30,7.470200,DKK,-2.24,prosubmonth,,4994183596643847628,Yes,15,SUBSCRIPTIONS,,
GPA.3305-1665-3996-52792..11,"Feb 16, 2026",3:05:46 AM PST,,Charge,,Pro Subscription (WF Solver),com.deepinkcode.wordfeudsolver,Subscription,prosub,,SE,,89137,SEK,23.20,0.704330,DKK,16.34,prosubmonth,,4994183596643847628,Yes,,,,
GPA.3305-1665-3996-52792..11,"Feb 16, 2026",3:05:46 AM PST,,Google fee,,Pro Subscription (WF Solver),com.deepinkcode.wordfeudsolver,Subscription,prosub,,SE,,89137,SEK,-3.48,0.704330,DKK,-2.45,prosubmonth,,4994183596643847628,Yes,15,SUBSCRIPTIONS,,
GPA.3313-4540-3613-78700,"Feb 16, 2026",3:19:35 AM PST,,Charge,,Pro Subscription (Words With Friends Solver),com.deepinkcode.wordswithfriendssolver,Subscription,prosub,mustang,GB,,DY4 8SX,GBP,1.74,8.591400,DKK,14.95,prosub,,4994183596643847628,Yes,,,,In-app
GPA.3313-4540-3613-78700,"Feb 16, 2026",3:19:35 AM PST,,Google fee,,Pro Subscription (Words With Friends Solver),com.deepinkcode.wordswithfriendssolver,Subscription,prosub,mustang,GB,,DY4 8SX,GBP,-0.26,8.591400,DKK,-2.23,prosub,,4994183596643847628,Yes,15,SUBSCRIPTIONS,,In-app
GPA.3344-3174-5975-70004..0,"Feb 16, 2026",4:47:25 AM PST,,Charge,,Pro Subscription (Words With Friends Solver),com.deepinkcode.wordswithfriendssolver,Subscription,prosub,,US,NM,88201,USD,2.49,6.296100,DKK,15.68,prosub,,4994183596643847628,Yes,,,,
GPA.3344-3174-5975-70004..0,"Feb 16, 2026",4:47:25 AM PST,,Google fee,,Pro Subscription (Words With Friends Solver),com.deepinkcode.wordswithfriendssolver,Subscription,prosub,,US,NM,88201,USD,-0.37,6.296100,DKK,-2.33,prosub,,4994183596643847628,Yes,15,SUBSCRIPTIONS,,
GPA.3369-4112-7896-66415..6,"Feb 16, 2026",4:57:37 AM PST,,Charge,,Pro Subscription (WF Solver),com.deepinkcode.wordfeudsolver,Subscription,prosub,,NL,,2665 XD,EUR,1.98,7.471300,DKK,14.79,prosubmonth,,4994183596643847628,Yes,,,,
GPA.3369-4112-7896-66415..6,"Feb 16, 2026",4:57:37 AM PST,,Google fee,,Pro Subscription (WF Solver),com.deepinkcode.wordfeudsolver,Subscription,prosub,,NL,,2665 XD,EUR,-0.30,7.471300,DKK,-2.24,prosubmonth,,4994183596643847628,Yes,15,SUBSCRIPTIONS,,
GPA.3307-7788-6985-37290..3,"Feb 16, 2026",5:38:19 AM PST,,Charge,,Pro Subscription (WF Solver),com.deepinkcode.wordfeudsolver,Subscription,prosub,,NL,,1338SP,EUR,1.98,7.471600,DKK,14.79,prosubmonth,,4994183596643847628,Yes,,,,
GPA.3307-7788-6985-37290..3,"Feb 16, 2026",5:38:19 AM PST,,Google fee,,Pro Subscription (WF Solver),com.deepinkcode.wordfeudsolver,Subscription,prosub,,NL,,1338SP,EUR,-0.30,7.471600,DKK,-2.24,prosubmonth,,4994183596643847628,Yes,15,SUBSCRIPTIONS,,
GPA.3351-3451-5965-58983..9,"Feb 16, 2026",6:51:52 AM PST,,Charge,,Pro Subscription (WF Solver),com.deepinkcode.wordfeudsolver,Subscription,prosub,,NL,,6932 AC,EUR,1.98,7.471300,DKK,14.79,prosubmonth,,4994183596643847628,Yes,,,,
GPA.3351-3451-5965-58983..9,"Feb 16, 2026",6:51:52 AM PST,,Google fee,,Pro Subscription (WF Solver),com.deepinkcode.wordfeudsolver,Subscription,prosub,,NL,,6932 AC,EUR,-0.30,7.471300,DKK,-2.24,prosubmonth,,4994183596643847628,Yes,15,SUBSCRIPTIONS,,
GPA.3321-1599-4823-75191..8,"Feb 16, 2026",6:54:52 AM PST,,Charge,,Pro Subscription (WF Solver),com.deepinkcode.wordfeudsolver,Subscription,prosub,,NL,,7242DA,EUR,1.98,7.471300,DKK,14.79,prosubmonth,,4994183596643847628,Yes,,,,
GPA.3321-1599-4823-75191..8,"Feb 16, 2026",6:54:52 AM PST,,Google fee,,Pro Subscription (WF Solver),com.deepinkcode.wordfeudsolver,Subscription,prosub,,NL,,7242DA,EUR,-0.30,7.471300,DKK,-2.24,prosubmonth,,4994183596643847628,Yes,15,SUBSCRIPTIONS,,
GPA.3330-4285-3595-62635..0,"Feb 16, 2026",7:21:00 AM PST,,Charge,,Pro Subscription (WF Solver),com.deepinkcode.wordfeudsolver,Subscription,prosub,,DK,,3400,DKK,15.20,1.000000,DKK,15.20,prosubmonth,,4994183596643847628,Yes,,,,
GPA.3330-4285-3595-62635..0,"Feb 16, 2026",7:21:00 AM PST,,Google fee,,Pro Subscription (WF Solver),com.deepinkcode.wordfeudsolver,Subscription,prosub,,DK,,3400,DKK,-2.28,1.000000,DKK,-2.28,prosubmonth,,4994183596643847628,Yes,15,SUBSCRIPTIONS,,
GPA.3338-6567-4502-49106..15,"Feb 16, 2026",8:07:53 AM PST,,Charge,,Pro Subscription (WF Solver),com.deepinkcode.wordfeudsolver,Subscription,prosub,,NL,,3723 GS,EUR,1.98,7.470500,DKK,14.79,prosubmonth,,4994183596643847628,Yes,,,,
GPA.3338-6567-4502-49106..15,"Feb 16, 2026",8:07:53 AM PST,,Google fee,,Pro Subscription (WF Solver),com.deepinkcode.wordfeudsolver,Subscription,prosub,,NL,,3723 GS,EUR,-0.30,7.470500,DKK,-2.24,prosubmonth,,4994183596643847628,Yes,15,SUBSCRIPTIONS,,
GPA.3354-9135-5065-11904..8,"Feb 16, 2026",8:21:28 AM PST,,Charge,,Pro Subscription (WF Solver),com.deepinkcode.wordfeudsolver,Subscription,prosub,,SE,,731 40,SEK,23.20,0.704250,DKK,16.34,prosubmonth,,4994183596643847628,Yes,,,,
GPA.3354-9135-5065-11904..8,"Feb 16, 2026",8:21:28 AM PST,,Google fee,,Pro Subscription (WF Solver),com.deepinkcode.wordfeudsolver,Subscription,prosub,,SE,,731 40,SEK,-3.48,0.704250,DKK,-2.45,prosubmonth,,4994183596643847628,Yes,15,SUBSCRIPTIONS,,
GPA.3319-9949-6583-32594..4,"Feb 16, 2026",9:02:56 AM PST,,Charge,,Pro Subscription (WF Solver),com.deepinkcode.wordfeudsolver,Subscription,prosub,,SE,,252 69,SEK,22.40,0.704330,DKK,15.78,prosubmonth,,4994183596643847628,Yes,,,,
GPA.3319-9949-6583-32594..4,"Feb 16, 2026",9:02:56 AM PST,,Google fee,,Pro Subscription (WF Solver),com.deepinkcode.wordfeudsolver,Subscription,prosub,,SE,,252 69,SEK,-3.36,0.704330,DKK,-2.37,prosubmonth,,4994183596643847628,Yes,15,SUBSCRIPTIONS,,
GPA.3315-0725-8971-62263..0,"Feb 16, 2026",9:30:53 AM PST,,Charge,,Pro Subscription (WF Solver),com.deepinkcode.wordfeudsolver,Subscription,prosub,,SE,,78061,SEK,22.40,0.704330,DKK,15.78,prosubmonth,,4994183596643847628,Yes,,,,
GPA.3315-0725-8971-62263..0,"Feb 16, 2026",9:30:53 AM PST,,Google fee,,Pro Subscription (WF Solver),com.deepinkcode.wordfeudsolver,Subscription,prosub,,SE,,78061,SEK,-3.36,0.704330,DKK,-2.37,prosubmonth,,4994183596643847628,Yes,15,SUBSCRIPTIONS,,
GPA.3389-1808-8266-58352..14,"Feb 16, 2026",9:39:25 AM PST,,Charge,,Pro Subscription (WF Solver),com.deepinkcode.wordfeudsolver,Subscription,prosub,,SE,,97238,SEK,23.20,0.704330,DKK,16.34,prosubmonth,,4994183596643847628,Yes,,,,
GPA.3389-1808-8266-58352..14,"Feb 16, 2026",9:39:25 AM PST,,Google fee,,Pro Subscription (WF Solver),com.deepinkcode.wordfeudsolver,Subscription,prosub,,SE,,97238,SEK,-3.48,0.704330,DKK,-2.45,prosubmonth,,4994183596643847628,Yes,15,SUBSCRIPTIONS,,
GPA.3377-3231-4369-66502..2,"Feb 16, 2026",10:52:40 AM PST,,Charge,,Pro Subscription (WF Solver),com.deepinkcode.wordfeudsolver,Subscription,prosub,,NO,,1409,NOK,24.00,0.663750,DKK,15.93,prosubmonth,,4994183596643847628,Yes,,,,
GPA.3377-3231-4369-66502..2,"Feb 16, 2026",10:52:40 AM PST,,Google fee,,Pro Subscription (WF Solver),com.deepinkcode.wordfeudsolver,Subscription,prosub,,NO,,1409,NOK,-3.60,0.663750,DKK,-2.39,prosubmonth,,4994183596643847628,Yes,15,SUBSCRIPTIONS,,
GPA.3396-4121-3027-54881,"Feb 16, 2026",11:27:42 AM PST,,Charge,,Pro Subscription (WF Solver),com.deepinkcode.wordfeudsolver,Subscription,prosub,xcoverpro2,NL,,4814 TL,EUR,1.98,7.470500,DKK,14.79,prosubmonth,,4994183596643847628,Yes,,,,In-app
GPA.3396-4121-3027-54881,"Feb 16, 2026",11:27:42 AM PST,,Google fee,,Pro Subscription (WF Solver),com.deepinkcode.wordfeudsolver,Subscription,prosub,xcoverpro2,NL,,4814 TL,EUR,-0.30,7.470500,DKK,-2.24,prosubmonth,,4994183596643847628,Yes,15,SUBSCRIPTIONS,,In-app
GPA.3308-1922-4377-20638..6,"Feb 16, 2026",1:05:58 PM PST,,Charge,,Pro Subscription (WF Solver),com.deepinkcode.wordfeudsolver,Subscription,prosub,,DK,,7800,DKK,15.20,1.000000,DKK,15.20,prosubmonth,,4994183596643847628,Yes,,,,
GPA.3308-1922-4377-20638..6,"Feb 16, 2026",1:05:58 PM PST,,Google fee,,Pro Subscription (WF Solver),com.deepinkcode.wordfeudsolver,Subscription,prosub,,DK,,7800,DKK,-2.28,1.000000,DKK,-2.28,prosubmonth,,4994183596643847628,Yes,15,SUBSCRIPTIONS,,
GPA.3358-2443-8141-24416..1,"Feb 16, 2026",1:07:01 PM PST,,Charge,,Pro Subscription (WF Solver),com.deepinkcode.wordfeudsolver,Subscription,prosub,,NO,,4735,NOK,24.00,0.663540,DKK,15.92,prosubmonth,,4994183596643847628,Yes,,,,
GPA.3358-2443-8141-24416..1,"Feb 16, 2026",1:07:01 PM PST,,Google fee,,Pro Subscription (WF Solver),com.deepinkcode.wordfeudsolver,Subscription,prosub,,NO,,4735,NOK,-3.60,0.663540,DKK,-2.38,prosubmonth,,4994183596643847628,Yes,15,SUBSCRIPTIONS,,
GPA.3384-8948-5780-03274..8,"Feb 16, 2026",2:02:38 PM PST,,Charge,,Pro Subscription (Scrabble GO Cheat),com.deepinkcode.scrabblegocheat,Subscription,prosub,,US,MN,55124,USD,1.99,6.302300,DKK,12.54,prosubmonth,,4994183596643847628,Yes,,,,
GPA.3384-8948-5780-03274..8,"Feb 16, 2026",2:02:38 PM PST,,Google fee,,Pro Subscription (Scrabble GO Cheat),com.deepinkcode.scrabblegocheat,Subscription,prosub,,US,MN,55124,USD,-0.30,6.302300,DKK,-1.89,prosubmonth,,4994183596643847628,Yes,15,SUBSCRIPTIONS,,
GPA.3370-6512-9125-79749,"Feb 16, 2026",2:17:15 PM PST,,Charge,,Pro Subscription (WF Solver),com.deepinkcode.wordfeudsolver,Subscription,prosub,a55x,NL,,2865 AL,EUR,1.98,7.470300,DKK,14.79,prosubmonth,,4994183596643847628,Yes,,,,In-app
GPA.3370-6512-9125-79749,"Feb 16, 2026",2:17:15 PM PST,,Google fee,,Pro Subscription (WF Solver),com.deepinkcode.wordfeudsolver,Subscription,prosub,a55x,NL,,2865 AL,EUR,-0.30,7.470300,DKK,-2.24,prosubmonth,,4994183596643847628,Yes,15,SUBSCRIPTIONS,,In-app
GPA.3394-3320-4876-12517..6,"Feb 16, 2026",6:16:37 PM PST,,Charge,,Pro Subscription (Words With Friends Solver),com.deepinkcode.wordswithfriendssolver,Subscription,prosub,,US,NC,27028,USD,1.99,6.307200,DKK,12.55,prosub,,4994183596643847628,Yes,,,,
GPA.3394-3320-4876-12517..6,"Feb 16, 2026",6:16:37 PM PST,,Google fee,,Pro Subscription (Words With Friends Solver),com.deepinkcode.wordswithfriendssolver,Subscription,prosub,,US,NC,27028,USD,-0.30,6.307200,DKK,-1.89,prosub,,4994183596643847628,Yes,15,SUBSCRIPTIONS,,
GPA.3357-5886-9855-43560..6,"Feb 16, 2026",9:37:39 PM PST,,Charge,,Pro Subscription (WF Solver),com.deepinkcode.wordfeudsolver,Subscription,prosub,,SE,,831 74,SEK,23.20,0.704530,DKK,16.35,prosubmonth,,4994183596643847628,Yes,,,,
GPA.3357-5886-9855-43560..6,"Feb 16, 2026",9:37:39 PM PST,,Google fee,,Pro Subscription (WF Solver),com.deepinkcode.wordfeudsolver,Subscription,prosub,,SE,,831 74,SEK,-3.48,0.704530,DKK,-2.46,prosubmonth,,4994183596643847628,Yes,15,SUBSCRIPTIONS,,
GPA.3327-7596-0028-61220..0,"Feb 16, 2026",11:37:42 PM PST,,Charge,,Pro Subscription (Words With Friends Solver),com.deepinkcode.wordswithfriendssolver,Subscription,prosub,,AU,,5125,AUD,3.63,4.455500,DKK,16.17,prosub,,4994183596643847628,Yes,,,,
GPA.3327-7596-0028-61220..0,"Feb 16, 2026",11:37:42 PM PST,,Google fee,,Pro Subscription (Words With Friends Solver),com.deepinkcode.wordswithfriendssolver,Subscription,prosub,,AU,,5125,AUD,-0.54,4.455500,DKK,-2.41,prosub,,4994183596643847628,Yes,15,SUBSCRIPTIONS,,
GPA.3358-5006-0946-86408..2,"Feb 17, 2026",1:54:34 AM PST,,Charge,,Pro Subscription (WF Solver),com.deepinkcode.wordfeudsolver,Subscription,prosub,,NO,,4049,NOK,24.00,0.662800,DKK,15.91,prosubmonth,,4994183596643847628,Yes,,,,
GPA.3358-5006-0946-86408..2,"Feb 17, 2026",1:54:34 AM PST,,Google fee,,Pro Subscription (WF Solver),com.deepinkcode.wordfeudsolver,Subscription,prosub,,NO,,4049,NOK,-3.60,0.662800,DKK,-2.39,prosubmonth,,4994183596643847628,Yes,15,SUBSCRIPTIONS,,
GPA.3353-1438-6314-50661,"Feb 17, 2026",4:46:12 AM PST,,Charge,,Pro (WF Solver),com.deepinkcode.wordfeudsolver,One-time product,pro,pa2q,NL,,1703 AL,EUR,23.96,7.470700,DKK,179.00,legacy-base,,4994183596643847628,Yes,,,,In-app
GPA.3353-1438-6314-50661,"Feb 17, 2026",4:46:12 AM PST,,Google fee,,Pro (WF Solver),com.deepinkcode.wordfeudsolver,One-time product,pro,pa2q,NL,,1703 AL,EUR,-3.59,7.470700,DKK,-26.82,legacy-base,,4994183596643847628,Yes,15,,,In-app
GPA.3310-7679-5252-52886..7,"Feb 17, 2026",5:01:55 AM PST,,Charge,,Pro Subscription (WF Solver),com.deepinkcode.wordfeudsolver,Subscription,prosub,,SE,,13664,SEK,23.20,0.702520,DKK,16.30,prosubmonth,,4994183596643847628,Yes,,,,
GPA.3310-7679-5252-52886..7,"Feb 17, 2026",5:01:55 AM PST,,Google fee,,Pro Subscription (WF Solver),com.deepinkcode.wordfeudsolver,Subscription,prosub,,SE,,13664,SEK,-3.48,0.702520,DKK,-2.45,prosubmonth,,4994183596643847628,Yes,15,SUBSCRIPTIONS,,
GPA.3391-4030-2584-59404..2,"Feb 17, 2026",5:07:28 AM PST,,Charge,,Pro Subscription (WF Solver),com.deepinkcode.wordfeudsolver,Subscription,prosub,,NO,,6413,NOK,24.00,0.663540,DKK,15.92,prosubmonth,,4994183596643847628,Yes,,,,
GPA.3391-4030-2584-59404..2,"Feb 17, 2026",5:07:28 AM PST,,Google fee,,Pro Subscription (WF Solver),com.deepinkcode.wordfeudsolver,Subscription,prosub,,NO,,6413,NOK,-3.60,0.663540,DKK,-2.38,prosubmonth,,4994183596643847628,Yes,15,SUBSCRIPTIONS,,
GPA.3336-1331-3246-73904..6,"Feb 17, 2026",5:23:22 AM PST,,Charge,,Pro Subscription (WF Solver),com.deepinkcode.wordfeudsolver,Subscription,prosub,,NL,,4615 HC,EUR,1.98,7.470900,DKK,14.79,prosubmonth,,4994183596643847628,Yes,,,,
GPA.3336-1331-3246-73904..6,"Feb 17, 2026",5:23:22 AM PST,,Google fee,,Pro Subscription (WF Solver),com.deepinkcode.wordfeudsolver,Subscription,prosub,,NL,,4615 HC,EUR,-0.30,7.470900,DKK,-2.24,prosubmonth,,4994183596643847628,Yes,15,SUBSCRIPTIONS,,
GPA.3369-3124-2742-13856..1,"Feb 17, 2026",7:22:44 AM PST,,Charge,,Pro Subscription (WF Solver),com.deepinkcode.wordfeudsolver,Subscription,prosub,,DK,,8500,DKK,15.20,1.000000,DKK,15.20,prosubmonth,,4994183596643847628,Yes,,,,
GPA.3369-3124-2742-13856..1,"Feb 17, 2026",7:22:44 AM PST,,Google fee,,Pro Subscription (WF Solver),com.deepinkcode.wordfeudsolver,Subscription,prosub,,DK,,8500,DKK,-2.28,1.000000,DKK,-2.28,prosubmonth,,4994183596643847628,Yes,15,SUBSCRIPTIONS,,
GPA.3396-1798-6520-57977..0,"Feb 17, 2026",7:36:52 AM PST,,Charge,,Pro Subscription (WF Solver),com.deepinkcode.wordfeudsolver,Subscription,prosub,,SE,,289 92,SEK,22.40,0.700850,DKK,15.70,prosubmonth,,4994183596643847628,Yes,,,,
GPA.3396-1798-6520-57977..0,"Feb 17, 2026",7:36:52 AM PST,,Google fee,,Pro Subscription (WF Solver),com.deepinkcode.wordfeudsolver,Subscription,prosub,,SE,,289 92,SEK,-3.36,0.700850,DKK,-2.36,prosubmonth,,4994183596643847628,Yes,15,SUBSCRIPTIONS,,
GPA.3343-6115-6938-77048,"Feb 17, 2026",7:52:20 AM PST,,Charge,,Pro Subscription (WF Solver),com.deepinkcode.wordfeudsolver,Subscription,prosub,r13s,SE,,151 37,SEK,22.40,0.700850,DKK,15.70,prosubmonth,,4994183596643847628,Yes,,,,In-app
GPA.3343-6115-6938-77048,"Feb 17, 2026",7:52:20 AM PST,,Google fee,,Pro Subscription (WF Solver),com.deepinkcode.wordfeudsolver,Subscription,prosub,r13s,SE,,151 37,SEK,-3.36,0.700850,DKK,-2.36,prosubmonth,,4994183596643847628,Yes,15,SUBSCRIPTIONS,,In-app
GPA.3390-6434-7075-81296..3,"Feb 17, 2026",8:05:09 AM PST,,Charge,,Pro Subscription (WF Solver),com.deepinkcode.wordfeudsolver,Subscription,prosub,,NL,,1722 HH,EUR,1.98,7.470800,DKK,14.79,prosubmonth,,4994183596643847628,Yes,,,,
GPA.3390-6434-7075-81296..3,"Feb 17, 2026",8:05:09 AM PST,,Google fee,,Pro Subscription (WF Solver),com.deepinkcode.wordfeudsolver,Subscription,prosub,,NL,,1722 HH,EUR,-0.30,7.470800,DKK,-2.24,prosubmonth,,4994183596643847628,Yes,15,SUBSCRIPTIONS,,
GPA.3382-9727-5108-03861..5,"Feb 17, 2026",8:16:43 AM PST,,Charge,,Pro Subscription (WF Solver),com.deepinkcode.wordfeudsolver,Subscription,prosub,,NL,,1705 ST,EUR,1.98,7.470800,DKK,14.79,prosubmonth,,4994183596643847628,Yes,,,,
GPA.3382-9727-5108-03861..5,"Feb 17, 2026",8:16:43 AM PST,,Google fee,,Pro Subscription (WF Solver),com.deepinkcode.wordfeudsolver,Subscription,prosub,,NL,,1705 ST,EUR,-0.30,7.470800,DKK,-2.24,prosubmonth,,4994183596643847628,Yes,15,SUBSCRIPTIONS,,
GPA.3327-6709-2586-28473..12,"Feb 17, 2026",8:48:10 AM PST,,Charge,,Pro Subscription (WF Solver),com.deepinkcode.wordfeudsolver,Subscription,prosub,,NL,,6971 HX,EUR,1.98,7.470800,DKK,14.79,prosubmonth,,4994183596643847628,Yes,,,,
GPA.3327-6709-2586-28473..12,"Feb 17, 2026",8:48:10 AM PST,,Google fee,,Pro Subscription (WF Solver),com.deepinkcode.wordfeudsolver,Subscription,prosub,,NL,,6971 HX,EUR,-0.30,7.470800,DKK,-2.24,prosubmonth,,4994183596643847628,Yes,15,SUBSCRIPTIONS,,
GPA.3329-3161-2813-90239..15,"Feb 17, 2026",8:59:53 AM PST,,Charge,,Pro Subscription (WF Solver),com.deepinkcode.wordfeudsolver,Subscription,prosub,,NL,,9611AS,EUR,1.98,7.470800,DKK,14.79,prosubmonth,,4994183596643847628,Yes,,,,
GPA.3329-3161-2813-90239..15,"Feb 17, 2026",8:59:53 AM PST,,Google fee,,Pro Subscription (WF Solver),com.deepinkcode.wordfeudsolver,Subscription,prosub,,NL,,9611AS,EUR,-0.30,7.470800,DKK,-2.24,prosubmonth,,4994183596643847628,Yes,15,SUBSCRIPTIONS,,
GPA.3390-5584-9685-39439,"Feb 17, 2026",9:28:37 AM PST,,Charge,,Pro (WF Solver),com.deepinkcode.wordfeudsolver,One-time product,pro,a35x,NL,,5473VD,EUR,23.96,7.470900,DKK,179.00,legacy-base,,4994183596643847628,Yes,,,,In-app
GPA.3390-5584-9685-39439,"Feb 17, 2026",9:28:37 AM PST,,Google fee,,Pro (WF Solver),com.deepinkcode.wordfeudsolver,One-time product,pro,a35x,NL,,5473VD,EUR,-3.59,7.470900,DKK,-26.82,legacy-base,,4994183596643847628,Yes,15,,,In-app
GPA.3366-0909-0965-74927..1,"Feb 17, 2026",9:37:17 AM PST,,Charge,,Pro Subscription (WF Solver),com.deepinkcode.wordfeudsolver,Subscription,prosub,,NL,,7325AP,EUR,1.98,7.470900,DKK,14.79,prosubmonth,,4994183596643847628,Yes,,,,
GPA.3366-0909-0965-74927..1,"Feb 17, 2026",9:37:17 AM PST,,Google fee,,Pro Subscription (WF Solver),com.deepinkcode.wordfeudsolver,Subscription,prosub,,NL,,7325AP,EUR,-0.30,7.470900,DKK,-2.24,prosubmonth,,4994183596643847628,Yes,15,SUBSCRIPTIONS,,
GPA.3323-7095-0468-40576..7,"Feb 17, 2026",9:42:28 AM PST,,Charge,,Pro Subscription (WF Solver),com.deepinkcode.wordfeudsolver,Subscription,prosub,,NL,,3281SV,EUR,1.98,7.470900,DKK,14.79,prosubmonth,,4994183596643847628,Yes,,,,
GPA.3323-7095-0468-40576..7,"Feb 17, 2026",9:42:28 AM PST,,Google fee,,Pro Subscription (WF Solver),com.deepinkcode.wordfeudsolver,Subscription,prosub,,NL,,3281SV,EUR,-0.30,7.470900,DKK,-2.24,prosubmonth,,4994183596643847628,Yes,15,SUBSCRIPTIONS,,
GPA.3367-6951-3324-00753,"Feb 17, 2026",10:13:36 AM PST,,Charge,,Pro Subscription (WF Solver),com.deepinkcode.wordfeudsolver,Subscription,prosub,b7r,SE,,63517,SEK,22.40,0.701470,DKK,15.71,prosubmonth,,4994183596643847628,Yes,,,,In-app
GPA.3367-6951-3324-00753,"Feb 17, 2026",10:13:36 AM PST,,Google fee,,Pro Subscription (WF Solver),com.deepinkcode.wordfeudsolver,Subscription,prosub,b7r,SE,,63517,SEK,-3.36,0.701470,DKK,-2.35,prosubmonth,,4994183596643847628,Yes,15,SUBSCRIPTIONS,,In-app
GPA.3396-2044-2077-82434,"Feb 17, 2026",10:36:29 AM PST,,Charge,,Pro (Words With Friends Solver),com.deepinkcode.wordswithfriendssolver,One-time product,pro,r0q,US,CT,06082,USD,27.99,6.314400,DKK,176.74,legacy-base,,4994183596643847628,Yes,,,,In-app
GPA.3396-2044-2077-82434,"Feb 17, 2026",10:36:29 AM PST,,Google fee,,Pro (Words With Friends Solver),com.deepinkcode.wordswithfriendssolver,One-time product,pro,r0q,US,CT,06082,USD,-4.20,6.314400,DKK,-26.52,legacy-base,,4994183596643847628,Yes,15,,,In-app
GPA.3321-0716-9923-13050..12,"Feb 17, 2026",11:11:35 AM PST,,Charge,,Pro Subscription (WF Solver),com.deepinkcode.wordfeudsolver,Subscription,prosub,,SE,,41720,SEK,23.20,0.701760,DKK,16.28,prosubmonth,,4994183596643847628,Yes,,,,
GPA.3321-0716-9923-13050..12,"Feb 17, 2026",11:11:35 AM PST,,Google fee,,Pro Subscription (WF Solver),com.deepinkcode.wordfeudsolver,Subscription,prosub,,SE,,41720,SEK,-3.48,0.701760,DKK,-2.44,prosubmonth,,4994183596643847628,Yes,15,SUBSCRIPTIONS,,
GPA.3303-4855-0897-27148..7,"Feb 17, 2026",11:33:22 AM PST,,Charge,,Pro Subscription (WF Solver),com.deepinkcode.wordfeudsolver,Subscription,prosub,,NL,,1065 HG,EUR,1.98,7.471100,DKK,14.79,prosubmonth,,4994183596643847628,Yes,,,,
GPA.3303-4855-0897-27148..7,"Feb 17, 2026",11:33:22 AM PST,,Google fee,,Pro Subscription (WF Solver),com.deepinkcode.wordfeudsolver,Subscription,prosub,,NL,,1065 HG,EUR,-0.30,7.471100,DKK,-2.24,prosubmonth,,4994183596643847628,Yes,15,SUBSCRIPTIONS,,
GPA.3373-8868-8811-26876,"Feb 17, 2026",11:35:06 AM PST,,Charge,,Pro Subscription (WF Solver),com.deepinkcode.wordfeudsolver,Subscription,prosub,pa1q,SE,,54138,SEK,22.40,0.701760,DKK,15.72,prosubmonth,,4994183596643847628,Yes,,,,In-app
GPA.3373-8868-8811-26876,"Feb 17, 2026",11:35:06 AM PST,,Google fee,,Pro Subscription (WF Solver),com.deepinkcode.wordfeudsolver,Subscription,prosub,pa1q,SE,,54138,SEK,-3.36,0.701760,DKK,-2.36,prosubmonth,,4994183596643847628,Yes,15,SUBSCRIPTIONS,,In-app
GPA.3319-1435-2391-93140..6,"Feb 17, 2026",12:08:56 PM PST,,Charge,,Pro Subscription (WF Solver),com.deepinkcode.wordfeudsolver,Subscription,prosub,,NL,,3811 BJ,EUR,1.98,7.471100,DKK,14.79,prosubmonth,,4994183596643847628,Yes,,,,
GPA.3319-1435-2391-93140..6,"Feb 17, 2026",12:08:56 PM PST,,Google fee,,Pro Subscription (WF Solver),com.deepinkcode.wordfeudsolver,Subscription,prosub,,NL,,3811 BJ,EUR,-0.30,7.471100,DKK,-2.24,prosubmonth,,4994183596643847628,Yes,15,SUBSCRIPTIONS,,
GPA.3348-2248-0922-58205..9,"Feb 17, 2026",12:32:06 PM PST,,Charge,,Pro Subscription (WF Solver),com.deepinkcode.wordfeudsolver,Subscription,prosub,,NO,,3933,NOK,24.00,0.661250,DKK,15.87,prosubmonth,,4994183596643847628,Yes,,,,
GPA.3348-2248-0922-58205..9,"Feb 17, 2026",12:32:06 PM PST,,Google fee,,Pro Subscription (WF Solver),com.deepinkcode.wordfeudsolver,Subscription,prosub,,NO,,3933,NOK,-3.60,0.661250,DKK,-2.38,prosubmonth,,4994183596643847628,Yes,15,SUBSCRIPTIONS,,
GPA.3384-5772-1623-10581..15,"Feb 17, 2026",12:32:23 PM PST,,Charge,,Pro Subscription (WF Solver),com.deepinkcode.wordfeudsolver,Subscription,prosub,,NL,,5014 AD,EUR,1.98,7.471100,DKK,14.79,prosubmonth,,4994183596643847628,Yes,,,,
GPA.3384-5772-1623-10581..15,"Feb 17, 2026",12:32:23 PM PST,,Google fee,,Pro Subscription (WF Solver),com.deepinkcode.wordfeudsolver,Subscription,prosub,,NL,,5014 AD,EUR,-0.30,7.471100,DKK,-2.24,prosubmonth,,4994183596643847628,Yes,15,SUBSCRIPTIONS,,
GPA.3309-3932-0646-61025..3,"Feb 17, 2026",12:54:06 PM PST,,Charge,,Pro Subscription (WF Solver),com.deepinkcode.wordfeudsolver,Subscription,prosub,,NL,,1363LT,EUR,1.98,7.471100,DKK,14.79,prosubmonth,,4994183596643847628,Yes,,,,
GPA.3309-3932-0646-61025..3,"Feb 17, 2026",12:54:06 PM PST,,Google fee,,Pro Subscription (WF Solver),com.deepinkcode.wordfeudsolver,Subscription,prosub,,NL,,1363LT,EUR,-0.30,7.471100,DKK,-2.24,prosubmonth,,4994183596643847628,Yes,15,SUBSCRIPTIONS,,
GPA.3363-7047-0256-63465,"Feb 17, 2026",12:56:56 PM PST,,Charge,,Pro Subscription (Words With Friends Solver),com.deepinkcode.wordswithfriendssolver,Subscription,prosub,p3q,US,NJ,08201,USD,2.49,6.305600,DKK,15.70,prosub,,4994183596643847628,Yes,,,,In-app
GPA.3363-7047-0256-63465,"Feb 17, 2026",12:56:56 PM PST,,Google fee,,Pro Subscription (Words With Friends Solver),com.deepinkcode.wordswithfriendssolver,Subscription,prosub,p3q,US,NJ,08201,USD,-0.37,6.305600,DKK,-2.33,prosub,,4994183596643847628,Yes,15,SUBSCRIPTIONS,,In-app
GPA.3386-2137-2584-85771,"Feb 17, 2026",1:35:38 PM PST,,Charge,,Pro Subscription (WF Solver),com.deepinkcode.wordfeudsolver,Subscription,prosub,pa3q,NL,,5401 ZL,EUR,1.98,7.471400,DKK,14.79,prosubmonth,,4994183596643847628,Yes,,,,In-app
GPA.3386-2137-2584-85771,"Feb 17, 2026",1:35:38 PM PST,,Google fee,,Pro Subscription (WF Solver),com.deepinkcode.wordfeudsolver,Subscription,prosub,pa3q,NL,,5401 ZL,EUR,-0.30,7.471400,DKK,-2.24,prosubmonth,,4994183596643847628,Yes,15,SUBSCRIPTIONS,,In-app
GPA.3389-3065-1147-99908..2,"Feb 17, 2026",1:36:08 PM PST,,Charge,,Pro Subscription (WF Solver),com.deepinkcode.wordfeudsolver,Subscription,prosub,,CA,QC,H1E 7A7,CAD,3.19,4.624000,DKK,14.75,prosubmonth,,4994183596643847628,Yes,,,,
GPA.3389-3065-1147-99908..2,"Feb 17, 2026",1:36:08 PM PST,,Google fee,,Pro Subscription (WF Solver),com.deepinkcode.wordfeudsolver,Subscription,prosub,,CA,QC,H1E 7A7,CAD,-0.48,4.624000,DKK,-2.22,prosubmonth,,4994183596643847628,Yes,15,SUBSCRIPTIONS,,
GPA.3346-1767-7523-33396,"Feb 17, 2026",1:51:26 PM PST,,Charge,,Pro Subscription (WF Solver),com.deepinkcode.wordfeudsolver,Subscription,prosub,pa3q,DK,,9700,DKK,15.20,1.000000,DKK,15.20,prosubmonth,,4994183596643847628,Yes,,,,In-app
GPA.3346-1767-7523-33396,"Feb 17, 2026",1:51:26 PM PST,,Google fee,,Pro Subscription (WF Solver),com.deepinkcode.wordfeudsolver,Subscription,prosub,pa3q,DK,,9700,DKK,-2.28,1.000000,DKK,-2.28,prosubmonth,,4994183596643847628,Yes,15,SUBSCRIPTIONS,,In-app
GPA.3387-8745-2916-72623,"Feb 17, 2026",2:04:27 PM PST,,Charge,,Pro Subscription (WF Solver),com.deepinkcode.wordfeudsolver,Subscription,prosub,a05s,DK,,8220,DKK,15.20,1.000000,DKK,15.20,prosubmonth,,4994183596643847628,Yes,,,,In-app
GPA.3387-8745-2916-72623,"Feb 17, 2026",2:04:27 PM PST,,Google fee,,Pro Subscription (WF Solver),com.deepinkcode.wordfeudsolver,Subscription,prosub,a05s,DK,,8220,DKK,-2.28,1.000000,DKK,-2.28,prosubmonth,,4994183596643847628,Yes,15,SUBSCRIPTIONS,,In-app
GPA.3348-0267-0421-03675..0,"Feb 17, 2026",2:05:58 PM PST,,Charge,,Pro Subscription (WF Solver),com.deepinkcode.wordfeudsolver,Subscription,prosub,,NL,,3011BT,EUR,1.98,7.471200,DKK,14.79,prosubmonth,,4994183596643847628,Yes,,,,
GPA.3348-0267-0421-03675..0,"Feb 17, 2026",2:05:58 PM PST,,Google fee,,Pro Subscription (WF Solver),com.deepinkcode.wordfeudsolver,Subscription,prosub,,NL,,3011BT,EUR,-0.30,7.471200,DKK,-2.24,prosubmonth,,4994183596643847628,Yes,15,SUBSCRIPTIONS,,
GPA.3370-0099-7253-31054..1,"Feb 17, 2026",2:09:33 PM PST,,Charge,,Pro Subscription (Words With Friends Solver),com.deepinkcode.wordswithfriendssolver,Subscription,prosub,,US,PA,18330,USD,2.49,6.304200,DKK,15.70,prosub,,4994183596643847628,Yes,,,,
GPA.3370-0099-7253-31054..1,"Feb 17, 2026",2:09:33 PM PST,,Google fee,,Pro Subscription (Words With Friends Solver),com.deepinkcode.wordswithfriendssolver,Subscription,prosub,,US,PA,18330,USD,-0.37,6.304200,DKK,-2.33,prosub,,4994183596643847628,Yes,15,SUBSCRIPTIONS,,
GPA.3360-3358-1033-12674,"Feb 17, 2026",2:48:35 PM PST,,Charge,,Pro (Words With Friends Solver),com.deepinkcode.wordswithfriendssolver,One-time product,pro,pa3q,US,CA,92870,USD,27.99,6.304200,DKK,176.45,legacy-base,,4994183596643847628,Yes,,,,In-app
GPA.3360-3358-1033-12674,"Feb 17, 2026",2:48:35 PM PST,,Google fee,,Pro (Words With Friends Solver),com.deepinkcode.wordswithfriendssolver,One-time product,pro,pa3q,US,CA,92870,USD,-4.20,6.304200,DKK,-26.48,legacy-base,,4994183596643847628,Yes,15,,,In-app
GPA.3343-9947-5001-67687..0,"Feb 17, 2026",2:50:18 PM PST,,Charge,,Pro Subscription (Words With Friends Solver),com.deepinkcode.wordswithfriendssolver,Subscription,prosub,,US,WI,53095,USD,2.49,6.304200,DKK,15.70,prosub,,4994183596643847628,Yes,,,,
GPA.3343-9947-5001-67687..0,"Feb 17, 2026",2:50:18 PM PST,,Google fee,,Pro Subscription (Words With Friends Solver),com.deepinkcode.wordswithfriendssolver,Subscription,prosub,,US,WI,53095,USD,-0.37,6.304200,DKK,-2.33,prosub,,4994183596643847628,Yes,15,SUBSCRIPTIONS,,
GPA.3345-2774-4024-81371..3,"Feb 17, 2026",3:38:42 PM PST,,Charge,,Pro Subscription (Words With Friends Solver),com.deepinkcode.wordswithfriendssolver,Subscription,prosub,,US,OH,44515,USD,2.49,6.303100,DKK,15.69,prosub,,4994183596643847628,Yes,,,,
GPA.3345-2774-4024-81371..3,"Feb 17, 2026",3:38:42 PM PST,,Google fee,,Pro Subscription (Words With Friends Solver),com.deepinkcode.wordswithfriendssolver,Subscription,prosub,,US,OH,44515,USD,-0.37,6.303100,DKK,-2.33,prosub,,4994183596643847628,Yes,15,SUBSCRIPTIONS,,
GPA.3316-0209-3334-63172..2,"Feb 17, 2026",5:36:20 PM PST,,Charge,,Pro Subscription (WF Solver),com.deepinkcode.wordfeudsolver,Subscription,prosub,,SE,,25275,SEK,22.40,0.702920,DKK,15.75,prosubmonth,,4994183596643847628,Yes,,,,
GPA.3316-0209-3334-63172..2,"Feb 17, 2026",5:36:20 PM PST,,Google fee,,Pro Subscription (WF Solver),com.deepinkcode.wordfeudsolver,Subscription,prosub,,SE,,25275,SEK,-3.36,0.702920,DKK,-2.37,prosubmonth,,4994183596643847628,Yes,15,SUBSCRIPTIONS,,
GPA.3314-9654-6211-15172,"Feb 17, 2026",6:36:08 PM PST,,Charge,,Pro (Words With Friends Solver),com.deepinkcode.wordswithfriendssolver,One-time product,pro,pa3q,US,WA,99027,USD,27.99,6.307000,DKK,176.53,legacy-base,,4994183596643847628,Yes,,,,In-app
GPA.3314-9654-6211-15172,"Feb 17, 2026",6:36:08 PM PST,,Google fee,,Pro (Words With Friends Solver),com.deepinkcode.wordswithfriendssolver,One-time product,pro,pa3q,US,WA,99027,USD,-4.20,6.307000,DKK,-26.49,legacy-base,,4994183596643847628,Yes,15,,,In-app
GPA.3324-3396-4930-89935..7,"Feb 17, 2026",8:51:00 PM PST,,Charge,,Pro Subscription (Words With Friends Solver),com.deepinkcode.wordswithfriendssolver,Subscription,prosub,,US,NC,28269,USD,1.99,6.307000,DKK,12.55,prosub,,4994183596643847628,Yes,,,,
GPA.3324-3396-4930-89935..7,"Feb 17, 2026",8:51:00 PM PST,,Google fee,,Pro Subscription (Words With Friends Solver),com.deepinkcode.wordswithfriendssolver,Subscription,prosub,,US,NC,28269,USD,-0.30,6.307000,DKK,-1.89,prosub,,4994183596643847628,Yes,15,SUBSCRIPTIONS,,
GPA.3382-9703-4143-87889..6,"Feb 17, 2026",10:53:20 PM PST,,Charge,,Pro Subscription (WF Solver),com.deepinkcode.wordfeudsolver,Subscription,prosub,,SE,,451 51,SEK,23.20,0.702360,DKK,16.29,prosubmonth,,4994183596643847628,Yes,,,,
GPA.3382-9703-4143-87889..6,"Feb 17, 2026",10:53:20 PM PST,,Google fee,,Pro Subscription (WF Solver),com.deepinkcode.wordfeudsolver,Subscription,prosub,,SE,,451 51,SEK,-3.48,0.702360,DKK,-2.44,prosubmonth,,4994183596643847628,Yes,15,SUBSCRIPTIONS,,
GPA.3356-4518-6380-07085,"Feb 17, 2026",11:59:06 PM PST,,Charge,,Pro Subscription (Words With Friends Solver),com.deepinkcode.wordswithfriendssolver,Subscription,prosub,dm3q,US,OH,43123,USD,2.49,6.307000,DKK,15.70,prosub,,4994183596643847628,Yes,,,,In-app
GPA.3356-4518-6380-07085,"Feb 17, 2026",11:59:06 PM PST,,Google fee,,Pro Subscription (Words With Friends Solver),com.deepinkcode.wordswithfriendssolver,Subscription,prosub,dm3q,US,OH,43123,USD,-0.37,6.307000,DKK,-2.33,prosub,,4994183596643847628,Yes,15,SUBSCRIPTIONS,,In-app
GPA.3367-4293-2608-03722..11,"Feb 18, 2026",12:36:39 AM PST,,Charge,,Pro Subscription (WF Solver),com.deepinkcode.wordfeudsolver,Subscription,prosub,,NO,,0461,NOK,24.00,0.661180,DKK,15.87,prosubmonth,,4994183596643847628,Yes,,,,
GPA.3367-4293-2608-03722..11,"Feb 18, 2026",12:36:39 AM PST,,Google fee,,Pro Subscription (WF Solver),com.deepinkcode.wordfeudsolver,Subscription,prosub,,NO,,0461,NOK,-3.60,0.661180,DKK,-2.38,prosubmonth,,4994183596643847628,Yes,15,SUBSCRIPTIONS,,
GPA.3305-9528-2663-03991..0,"Feb 18, 2026",12:45:03 AM PST,,Charge,,Pro Subscription (WF Solver),com.deepinkcode.wordfeudsolver,Subscription,prosub,,NL,,6835 EM,EUR,1.98,7.471000,DKK,14.79,prosubmonth,,4994183596643847628,Yes,,,,
GPA.3305-9528-2663-03991..0,"Feb 18, 2026",12:45:03 AM PST,,Google fee,,Pro Subscription (WF Solver),com.deepinkcode.wordfeudsolver,Subscription,prosub,,NL,,6835 EM,EUR,-0.30,7.471000,DKK,-2.24,prosubmonth,,4994183596643847628,Yes,15,SUBSCRIPTIONS,,
GPA.3332-0519-5369-56585,"Feb 18, 2026",6:09:41 AM PST,,Charge,,Pro Subscription (WF Solver),com.deepinkcode.wordfeudsolver,Subscription,prosub,BM1S1B,NL,,4501HE,EUR,1.98,7.471600,DKK,14.79,prosubmonth,,4994183596643847628,Yes,,,,In-app
GPA.3332-0519-5369-56585,"Feb 18, 2026",6:09:41 AM PST,,Google fee,,Pro Subscription (WF Solver),com.deepinkcode.wordfeudsolver,Subscription,prosub,BM1S1B,NL,,4501HE,EUR,-0.30,7.471600,DKK,-2.24,prosubmonth,,4994183596643847628,Yes,15,SUBSCRIPTIONS,,In-app
GPA.3387-4912-1327-17980..2,"Feb 18, 2026",7:07:13 AM PST,,Charge,,Pro Subscription (WF Solver),com.deepinkcode.wordfeudsolver,Subscription,prosub,,NO,,4200,NOK,24.00,0.665470,DKK,15.97,prosubmonth,,4994183596643847628,Yes,,,,
GPA.3387-4912-1327-17980..2,"Feb 18, 2026",7:07:13 AM PST,,Google fee,,Pro Subscription (WF Solver),com.deepinkcode.wordfeudsolver,Subscription,prosub,,NO,,4200,NOK,-3.60,0.665470,DKK,-2.39,prosubmonth,,4994183596643847628,Yes,15,SUBSCRIPTIONS,,
GPA.3364-5939-3469-54865..11,"Feb 18, 2026",10:24:57 AM PST,,Charge,,Pro Subscription (WF Solver),com.deepinkcode.wordfeudsolver,Subscription,prosub,,NL,,2283TK,EUR,1.98,7.471200,DKK,14.79,prosubmonth,,4994183596643847628,Yes,,,,
GPA.3364-5939-3469-54865..11,"Feb 18, 2026",10:24:57 AM PST,,Google fee,,Pro Subscription (WF Solver),com.deepinkcode.wordfeudsolver,Subscription,prosub,,NL,,2283TK,EUR,-0.30,7.471200,DKK,-2.24,prosubmonth,,4994183596643847628,Yes,15,SUBSCRIPTIONS,,
GPA.3372-7817-8359-21191,"Feb 18, 2026",10:40:28 AM PST,,Charge,,Pro Subscription (WF Solver),com.deepinkcode.wordfeudsolver,Subscription,prosub,e2s,NL,,3434 CK,EUR,1.98,7.471200,DKK,14.79,prosubmonth,,4994183596643847628,Yes,,,,In-app
GPA.3372-7817-8359-21191,"Feb 18, 2026",10:40:28 AM PST,,Google fee,,Pro Subscription (WF Solver),com.deepinkcode.wordfeudsolver,Subscription,prosub,e2s,NL,,3434 CK,EUR,-0.30,7.471200,DKK,-2.24,prosubmonth,,4994183596643847628,Yes,15,SUBSCRIPTIONS,,In-app
GPA.3398-3851-1340-93061..0,"Feb 18, 2026",10:46:24 AM PST,,Charge,,Pro Subscription (WF Solver),com.deepinkcode.wordfeudsolver,Subscription,prosub,,NO,,7067,NOK,24.00,0.665440,DKK,15.97,prosubmonth,,4994183596643847628,Yes,,,,
GPA.3398-3851-1340-93061..0,"Feb 18, 2026",10:46:24 AM PST,,Google fee,,Pro Subscription (WF Solver),com.deepinkcode.wordfeudsolver,Subscription,prosub,,NO,,7067,NOK,-3.60,0.665440,DKK,-2.40,prosubmonth,,4994183596643847628,Yes,15,SUBSCRIPTIONS,,
GPA.3395-2015-8591-33540..7,"Feb 18, 2026",10:50:22 AM PST,,Charge,,Pro Subscription (WF Solver),com.deepinkcode.wordfeudsolver,Subscription,prosub,,DK,,2100,DKK,15.20,1.000000,DKK,15.20,prosubmonth,,4994183596643847628,Yes,,,,
GPA.3395-2015-8591-33540..7,"Feb 18, 2026",10:50:22 AM PST,,Google fee,,Pro Subscription (WF Solver),com.deepinkcode.wordfeudsolver,Subscription,prosub,,DK,,2100,DKK,-2.28,1.000000,DKK,-2.28,prosubmonth,,4994183596643847628,Yes,15,SUBSCRIPTIONS,,
GPA.3323-1528-7112-43716..12,"Feb 18, 2026",11:08:46 AM PST,,Charge,,Pro Subscription (WF Solver),com.deepinkcode.wordfeudsolver,Subscription,prosub,,SE,,63220,SEK,23.20,0.702970,DKK,16.31,prosubmonth,,4994183596643847628,Yes,,,,
GPA.3323-1528-7112-43716..12,"Feb 18, 2026",11:08:46 AM PST,,Google fee,,Pro Subscription (WF Solver),com.deepinkcode.wordfeudsolver,Subscription,prosub,,SE,,63220,SEK,-3.48,0.702970,DKK,-2.45,prosubmonth,,4994183596643847628,Yes,15,SUBSCRIPTIONS,,
GPA.3325-0002-5159-90927..1,"Feb 18, 2026",11:16:42 AM PST,,Charge,,Pro Subscription (Words With Friends Solver),com.deepinkcode.wordswithfriendssolver,Subscription,prosub,,US,AL,35077,USD,2.49,6.328200,DKK,15.76,prosub,,4994183596643847628,Yes,,,,
GPA.3325-0002-5159-90927..1,"Feb 18, 2026",11:16:42 AM PST,,Google fee,,Pro Subscription (Words With Friends Solver),com.deepinkcode.wordswithfriendssolver,Subscription,prosub,,US,AL,35077,USD,-0.37,6.328200,DKK,-2.34,prosub,,4994183596643847628,Yes,15,SUBSCRIPTIONS,,
GPA.3338-6474-5698-76087..9,"Feb 18, 2026",12:17:13 PM PST,,Charge,,Pro Subscription (WF Solver),com.deepinkcode.wordfeudsolver,Subscription,prosub,,DK,,2750,DKK,15.20,1.000000,DKK,15.20,prosubmonth,,4994183596643847628,Yes,,,,
GPA.3338-6474-5698-76087..9,"Feb 18, 2026",12:17:13 PM PST,,Google fee,,Pro Subscription (WF Solver),com.deepinkcode.wordfeudsolver,Subscription,prosub,,DK,,2750,DKK,-2.28,1.000000,DKK,-2.28,prosubmonth,,4994183596643847628,Yes,15,SUBSCRIPTIONS,,
GPA.3355-0672-2385-04284..13,"Feb 18, 2026",12:20:25 PM PST,,Charge,,Pro Subscription (WF Solver),com.deepinkcode.wordfeudsolver,Subscription,prosub,,NO,,3090,NOK,23.20,0.665230,DKK,15.43,prosubmonth,,4994183596643847628,Yes,,,,
GPA.3355-0672-2385-04284..13,"Feb 18, 2026",12:20:25 PM PST,,Google fee,,Pro Subscription (WF Solver),com.deepinkcode.wordfeudsolver,Subscription,prosub,,NO,,3090,NOK,-3.48,0.665230,DKK,-2.31,prosubmonth,,4994183596643847628,Yes,15,SUBSCRIPTIONS,,
GPA.3323-6640-7149-89332..11,"Feb 18, 2026",12:22:51 PM PST,,Charge,,Pro Subscription (WF Solver),com.deepinkcode.wordfeudsolver,Subscription,prosub,,NL,,6932AC,EUR,1.98,7.471600,DKK,14.79,prosubmonth,,4994183596643847628,Yes,,,,
GPA.3323-6640-7149-89332..11,"Feb 18, 2026",12:22:51 PM PST,,Google fee,,Pro Subscription (WF Solver),com.deepinkcode.wordfeudsolver,Subscription,prosub,,NL,,6932AC,EUR,-0.30,7.471600,DKK,-2.24,prosubmonth,,4994183596643847628,Yes,15,SUBSCRIPTIONS,,
GPA.3392-2130-2389-82275..3,"Feb 18, 2026",12:47:03 PM PST,,Charge,,Pro Subscription (Words With Friends Solver),com.deepinkcode.wordswithfriendssolver,Subscription,prosub,,US,CA,92545,USD,2.49,6.337800,DKK,15.78,prosub,,4994183596643847628,Yes,,,,
GPA.3392-2130-2389-82275..3,"Feb 18, 2026",12:47:03 PM PST,,Google fee,,Pro Subscription (Words With Friends Solver),com.deepinkcode.wordswithfriendssolver,Subscription,prosub,,US,CA,92545,USD,-0.37,6.337800,DKK,-2.34,prosub,,4994183596643847628,Yes,15,SUBSCRIPTIONS,,
GPA.3319-6279-7248-63302,"Feb 18, 2026",12:51:26 PM PST,,Charge,,Pro Subscription (WF Solver),com.deepinkcode.wordfeudsolver,Subscription,prosub,e3q,SE,,33132,SEK,22.40,0.702000,DKK,15.72,prosubmonth,,4994183596643847628,Yes,,,,In-app
GPA.3319-6279-7248-63302,"Feb 18, 2026",12:51:26 PM PST,,Google fee,,Pro Subscription (WF Solver),com.deepinkcode.wordfeudsolver,Subscription,prosub,e3q,SE,,33132,SEK,-3.36,0.702000,DKK,-2.35,prosubmonth,,4994183596643847628,Yes,15,SUBSCRIPTIONS,,In-app
GPA.3377-1223-1743-96147..1,"Feb 18, 2026",1:28:49 PM PST,,Charge,,Pro Subscription (Words With Friends Solver),com.deepinkcode.wordswithfriendssolver,Subscription,prosub,,US,NY,10308,USD,2.49,6.338300,DKK,15.78,prosub,,4994183596643847628,Yes,,,,
GPA.3377-1223-1743-96147..1,"Feb 18, 2026",1:28:49 PM PST,,Google fee,,Pro Subscription (Words With Friends Solver),com.deepinkcode.wordswithfriendssolver,Subscription,prosub,,US,NY,10308,USD,-0.37,6.338300,DKK,-2.35,prosub,,4994183596643847628,Yes,15,SUBSCRIPTIONS,,
GPA.3354-6988-6783-24362..5,"Feb 18, 2026",1:31:18 PM PST,,Charge,,Pro Subscription (WF Solver),com.deepinkcode.wordfeudsolver,Subscription,prosub,,NL,,4817 DE,EUR,1.98,7.471800,DKK,14.79,prosubmonth,,4994183596643847628,Yes,,,,
GPA.3354-6988-6783-24362..5,"Feb 18, 2026",1:31:18 PM PST,,Google fee,,Pro Subscription (WF Solver),com.deepinkcode.wordfeudsolver,Subscription,prosub,,NL,,4817 DE,EUR,-0.30,7.471800,DKK,-2.24,prosubmonth,,4994183596643847628,Yes,15,SUBSCRIPTIONS,,
GPA.3302-0952-5014-10332..10,"Feb 18, 2026",1:32:39 PM PST,,Charge,,Pro Subscription (WF Solver),com.deepinkcode.wordfeudsolver,Subscription,prosub,,NO,,8028,NOK,24.00,0.664830,DKK,15.96,prosubmonth,,4994183596643847628,Yes,,,,
GPA.3302-0952-5014-10332..10,"Feb 18, 2026",1:32:39 PM PST,,Google fee,,Pro Subscription (WF Solver),com.deepinkcode.wordfeudsolver,Subscription,prosub,,NO,,8028,NOK,-3.60,0.664830,DKK,-2.40,prosubmonth,,4994183596643847628,Yes,15,SUBSCRIPTIONS,,
GPA.3343-4501-7943-18357..2,"Feb 18, 2026",2:20:59 PM PST,,Charge,,Pro Subscription (Scrabble GO Cheat),com.deepinkcode.scrabblegocheat,Subscription,prosub,,GB,,KA7 3EJ,GBP,1.74,8.559000,DKK,14.89,prosubmonth,,4994183596643847628,Yes,,,,
GPA.3343-4501-7943-18357..2,"Feb 18, 2026",2:20:59 PM PST,,Google fee,,Pro Subscription (Scrabble GO Cheat),com.deepinkcode.scrabblegocheat,Subscription,prosub,,GB,,KA7 3EJ,GBP,-0.26,8.559000,DKK,-2.22,prosubmonth,,4994183596643847628,Yes,15,SUBSCRIPTIONS,,
GPA.3312-3722-2905-87893,"Feb 18, 2026",2:53:22 PM PST,,Charge,,Pro Subscription (WF Solver),com.deepinkcode.wordfeudsolver,Subscription,prosub,vayu,SE,,59838,SEK,22.40,0.701250,DKK,15.71,prosubmonth,,4994183596643847628,Yes,,,,In-app
GPA.3312-3722-2905-87893,"Feb 18, 2026",2:53:22 PM PST,,Google fee,,Pro Subscription (WF Solver),com.deepinkcode.wordfeudsolver,Subscription,prosub,vayu,SE,,59838,SEK,-3.36,0.701250,DKK,-2.36,prosubmonth,,4994183596643847628,Yes,15,SUBSCRIPTIONS,,In-app
GPA.3387-8712-2810-89895..1,"Feb 18, 2026",3:23:40 PM PST,,Charge,,Pro Subscription (WF Solver),com.deepinkcode.wordfeudsolver,Subscription,prosub,,CA,ON,L8T 2N9,CAD,3.19,4.629400,DKK,14.77,prosubmonth,,4994183596643847628,Yes,,,,
GPA.3387-8712-2810-89895..1,"Feb 18, 2026",3:23:40 PM PST,,Google fee,,Pro Subscription (WF Solver),com.deepinkcode.wordfeudsolver,Subscription,prosub,,CA,ON,L8T 2N9,CAD,-0.48,4.629400,DKK,-2.22,prosubmonth,,4994183596643847628,Yes,15,SUBSCRIPTIONS,,
GPA.3386-7764-5958-48202..1,"Feb 18, 2026",4:33:14 PM PST,,Charge,,Pro Subscription (Words With Friends Solver),com.deepinkcode.wordswithfriendssolver,Subscription,prosub,,US,MA,02189,USD,2.49,6.337400,DKK,15.78,prosub,,4994183596643847628,Yes,,,,
GPA.3386-7764-5958-48202..1,"Feb 18, 2026",4:33:14 PM PST,,Google fee,,Pro Subscription (Words With Friends Solver),com.deepinkcode.wordswithfriendssolver,Subscription,prosub,,US,MA,02189,USD,-0.37,6.337400,DKK,-2.34,prosub,,4994183596643847628,Yes,15,SUBSCRIPTIONS,,
GPA.3390-9172-8769-57901,"Feb 18, 2026",5:49:32 PM PST,,Charge,,Pro Subscription (WF Solver),com.deepinkcode.wordfeudsolver,Subscription,prosub,b7s,NO,,2430,NOK,24.00,0.665000,DKK,15.96,prosubmonth,,4994183596643847628,Yes,,,,In-app
GPA.3390-9172-8769-57901,"Feb 18, 2026",5:49:32 PM PST,,Google fee,,Pro Subscription (WF Solver),com.deepinkcode.wordfeudsolver,Subscription,prosub,b7s,NO,,2430,NOK,-3.60,0.665000,DKK,-2.39,prosubmonth,,4994183596643847628,Yes,15,SUBSCRIPTIONS,,In-app
GPA.3327-2237-8881-60427,"Feb 18, 2026",6:37:13 PM PST,,Charge,,Pro Subscription (Words With Friends Solver),com.deepinkcode.wordswithfriendssolver,Subscription,prosub,tokay,US,OK,73096,USD,2.49,6.336800,DKK,15.78,prosub,,4994183596643847628,Yes,,,,In-app
GPA.3327-2237-8881-60427,"Feb 18, 2026",6:37:13 PM PST,,Google fee,,Pro Subscription (Words With Friends Solver),com.deepinkcode.wordswithfriendssolver,Subscription,prosub,tokay,US,OK,73096,USD,-0.37,6.336800,DKK,-2.34,prosub,,4994183596643847628,Yes,15,SUBSCRIPTIONS,,In-app
GPA.3355-4944-2076-17127,"Feb 18, 2026",7:46:57 PM PST,,Charge,,Pro Subscription (Words With Friends Solver),com.deepinkcode.wordswithfriendssolver,Subscription,prosub,a54x,US,WA,99026,USD,2.49,6.334600,DKK,15.77,prosub,,4994183596643847628,Yes,,,,In-app
GPA.3355-4944-2076-17127,"Feb 18, 2026",7:46:57 PM PST,,Google fee,,Pro Subscription (Words With Friends Solver),com.deepinkcode.wordswithfriendssolver,Subscription,prosub,a54x,US,WA,99026,USD,-0.37,6.334600,DKK,-2.34,prosub,,4994183596643847628,Yes,15,SUBSCRIPTIONS,,In-app
GPA.3330-5445-1173-09354..2,"Feb 18, 2026",9:01:02 PM PST,,Charge,,Pro Subscription (Words With Friends Solver),com.deepinkcode.wordswithfriendssolver,Subscription,prosub,,US,CA,92336,USD,2.49,6.336400,DKK,15.78,prosub,,4994183596643847628,Yes,,,,
GPA.3330-5445-1173-09354..2,"Feb 18, 2026",9:01:02 PM PST,,Google fee,,Pro Subscription (Words With Friends Solver),com.deepinkcode.wordswithfriendssolver,Subscription,prosub,,US,CA,92336,USD,-0.37,6.336400,DKK,-2.34,prosub,,4994183596643847628,Yes,15,SUBSCRIPTIONS,,
GPA.3351-1029-6433-73564,"Feb 18, 2026",9:57:09 PM PST,,Charge,,Pro (WF Solver),com.deepinkcode.wordfeudsolver,One-time product,pro,zeus,DK,,9670,DKK,180.00,1.000000,DKK,180.00,legacy-base,,4994183596643847628,Yes,,,,In-app
GPA.3351-1029-6433-73564,"Feb 18, 2026",9:57:09 PM PST,,Google fee,,Pro (WF Solver),com.deepinkcode.wordfeudsolver,One-time product,pro,zeus,DK,,9670,DKK,-27.00,1.000000,DKK,-27.00,legacy-base,,4994183596643847628,Yes,15,,,In-app
GPA.3388-0924-2285-41918..1,"Feb 18, 2026",10:06:39 PM PST,,Charge,,Pro Subscription (WF Solver),com.deepinkcode.wordfeudsolver,Subscription,prosub,,US,CA,90044,USD,2.49,6.338400,DKK,15.78,prosubmonth,,4994183596643847628,Yes,,,,
GPA.3388-0924-2285-41918..1,"Feb 18, 2026",10:06:39 PM PST,,Google fee,,Pro Subscription (WF Solver),com.deepinkcode.wordfeudsolver,Subscription,prosub,,US,CA,90044,USD,-0.37,6.338400,DKK,-2.35,prosubmonth,,4994183596643847628,Yes,15,SUBSCRIPTIONS,,
GPA.3331-4292-8993-82628..3,"Feb 18, 2026",11:22:09 PM PST,,Charge,,Pro Subscription (WF Solver),com.deepinkcode.wordfeudsolver,Subscription,prosub,,NO,,4389,NOK,24.00,0.664850,DKK,15.96,prosubmonth,,4994183596643847628,Yes,,,,
GPA.3331-4292-8993-82628..3,"Feb 18, 2026",11:22:09 PM PST,,Google fee,,Pro Subscription (WF Solver),com.deepinkcode.wordfeudsolver,Subscription,prosub,,NO,,4389,NOK,-3.60,0.664850,DKK,-2.40,prosubmonth,,4994183596643847628,Yes,15,SUBSCRIPTIONS,,
GPA.3332-2055-9681-91862..3,"Feb 19, 2026",12:08:31 AM PST,,Charge,,Pro Subscription (WF Solver),com.deepinkcode.wordfeudsolver,Subscription,prosub,,NO,,3145,NOK,24.00,0.665380,DKK,15.97,prosubmonth,,4994183596643847628,Yes,,,,
GPA.3332-2055-9681-91862..3,"Feb 19, 2026",12:08:31 AM PST,,Google fee,,Pro Subscription (WF Solver),com.deepinkcode.wordfeudsolver,Subscription,prosub,,NO,,3145,NOK,-3.60,0.665380,DKK,-2.40,prosubmonth,,4994183596643847628,Yes,15,SUBSCRIPTIONS,,
GPA.3314-8410-8752-19274..3,"Feb 19, 2026",12:57:06 AM PST,,Charge,,Pro Subscription (WF Solver),com.deepinkcode.wordfeudsolver,Subscription,prosub,,AU,WA,6171,AUD,3.63,4.476200,DKK,16.25,prosubmonth,,4994183596643847628,Yes,,,,
GPA.3314-8410-8752-19274..3,"Feb 19, 2026",12:57:06 AM PST,,Google fee,,Pro Subscription (WF Solver),com.deepinkcode.wordfeudsolver,Subscription,prosub,,AU,WA,6171,AUD,-0.54,4.476200,DKK,-2.42,prosubmonth,,4994183596643847628,Yes,15,SUBSCRIPTIONS,,
GPA.3374-6914-5281-67964..3,"Feb 19, 2026",2:36:58 AM PST,,Charge,,Pro Subscription (WF Solver),com.deepinkcode.wordfeudsolver,Subscription,prosub,,SE,,74961,SEK,22.40,0.702020,DKK,15.73,prosubmonth,,4994183596643847628,Yes,,,,
GPA.3374-6914-5281-67964..3,"Feb 19, 2026",2:36:58 AM PST,,Google fee,,Pro Subscription (WF Solver),com.deepinkcode.wordfeudsolver,Subscription,prosub,,SE,,74961,SEK,-3.36,0.702020,DKK,-2.36,prosubmonth,,4994183596643847628,Yes,15,SUBSCRIPTIONS,,
GPA.3303-1909-6258-76008..12,"Feb 19, 2026",3:05:27 AM PST,,Charge,,Pro Subscription (WF Solver),com.deepinkcode.wordfeudsolver,Subscription,prosub,,DK,,3200,DKK,15.20,1.000000,DKK,15.20,prosubmonth,,4994183596643847628,Yes,,,,
GPA.3303-1909-6258-76008..12,"Feb 19, 2026",3:05:27 AM PST,,Google fee,,Pro Subscription (WF Solver),com.deepinkcode.wordfeudsolver,Subscription,prosub,,DK,,3200,DKK,-2.28,1.000000,DKK,-2.28,prosubmonth,,4994183596643847628,Yes,15,SUBSCRIPTIONS,,
GPA.3353-7900-6596-28449..2,"Feb 19, 2026",3:55:10 AM PST,,Charge,,Pro Subscription (Words With Friends Solver),com.deepinkcode.wordswithfriendssolver,Subscription,prosub,,US,AZ,85382,USD,2.49,6.331000,DKK,15.76,prosub,,4994183596643847628,Yes,,,,
GPA.3353-7900-6596-28449..2,"Feb 19, 2026",3:55:10 AM PST,,Google fee,,Pro Subscription (Words With Friends Solver),com.deepinkcode.wordswithfriendssolver,Subscription,prosub,,US,AZ,85382,USD,-0.37,6.331000,DKK,-2.34,prosub,,4994183596643847628,Yes,15,SUBSCRIPTIONS,,
GPA.3372-1403-6462-60870..6,"Feb 19, 2026",6:25:08 AM PST,,Charge,,Pro Subscription (WF Solver),com.deepinkcode.wordfeudsolver,Subscription,prosub,,NL,,7006 KP,EUR,1.98,7.471500,DKK,14.79,prosubmonth,,4994183596643847628,Yes,,,,
GPA.3372-1403-6462-60870..6,"Feb 19, 2026",6:25:08 AM PST,,Google fee,,Pro Subscription (WF Solver),com.deepinkcode.wordfeudsolver,Subscription,prosub,,NL,,7006 KP,EUR,-0.30,7.471500,DKK,-2.24,prosubmonth,,4994183596643847628,Yes,15,SUBSCRIPTIONS,,
GPA.3310-1256-6686-81586..16,"Feb 19, 2026",7:04:29 AM PST,,Charge,,Pro Subscription (WF Solver),com.deepinkcode.wordfeudsolver,Subscription,prosub,,DK,,7200,DKK,15.20,1.000000,DKK,15.20,prosubmonth,,4994183596643847628,Yes,,,,
GPA.3310-1256-6686-81586..16,"Feb 19, 2026",7:04:29 AM PST,,Google fee,,Pro Subscription (WF Solver),com.deepinkcode.wordfeudsolver,Subscription,prosub,,DK,,7200,DKK,-2.28,1.000000,DKK,-2.28,prosubmonth,,4994183596643847628,Yes,15,SUBSCRIPTIONS,,
GPA.3314-3998-1455-94771,"Feb 19, 2026",7:07:05 AM PST,,Charge,,Pro Subscription (WF Solver),com.deepinkcode.wordfeudsolver,Subscription,prosub,o1s,SE,,16552,SEK,22.40,0.699470,DKK,15.67,prosubmonth,,4994183596643847628,Yes,,,,In-app
GPA.3314-3998-1455-94771,"Feb 19, 2026",7:07:05 AM PST,,Google fee,,Pro Subscription (WF Solver),com.deepinkcode.wordfeudsolver,Subscription,prosub,o1s,SE,,16552,SEK,-3.36,0.699470,DKK,-2.35,prosubmonth,,4994183596643847628,Yes,15,SUBSCRIPTIONS,,In-app
GPA.3385-2538-5391-72655..0,"Feb 19, 2026",8:15:15 AM PST,,Charge,,Pro Subscription (Words With Friends Solver),com.deepinkcode.wordswithfriendssolver,Subscription,prosub,,US,VA,23234,USD,2.49,6.353500,DKK,15.82,prosub,,4994183596643847628,Yes,,,,
GPA.3385-2538-5391-72655..0,"Feb 19, 2026",8:15:15 AM PST,,Google fee,,Pro Subscription (Words With Friends Solver),com.deepinkcode.wordswithfriendssolver,Subscription,prosub,,US,VA,23234,USD,-0.37,6.353500,DKK,-2.35,prosub,,4994183596643847628,Yes,15,SUBSCRIPTIONS,,
GPA.3354-4720-8237-96446..2,"Feb 19, 2026",8:22:55 AM PST,,Charge,,Pro Subscription (WF Solver),com.deepinkcode.wordfeudsolver,Subscription,prosub,,DK,,7200,DKK,15.20,1.000000,DKK,15.20,prosubmonth,,4994183596643847628,Yes,,,,
GPA.3354-4720-8237-96446..2,"Feb 19, 2026",8:22:55 AM PST,,Google fee,,Pro Subscription (WF Solver),com.deepinkcode.wordfeudsolver,Subscription,prosub,,DK,,7200,DKK,-2.28,1.000000,DKK,-2.28,prosubmonth,,4994183596643847628,Yes,15,SUBSCRIPTIONS,,
GPA.3397-4750-0262-18048..11,"Feb 19, 2026",10:04:46 AM PST,,Charge,,Pro Subscription (WF Solver),com.deepinkcode.wordfeudsolver,Subscription,prosub,,NL,,2729LE,EUR,1.98,7.471700,DKK,14.79,prosubmonth,,4994183596643847628,Yes,,,,
GPA.3397-4750-0262-18048..11,"Feb 19, 2026",10:04:46 AM PST,,Google fee,,Pro Subscription (WF Solver),com.deepinkcode.wordfeudsolver,Subscription,prosub,,NL,,2729LE,EUR,-0.30,7.471700,DKK,-2.24,prosubmonth,,4994183596643847628,Yes,15,SUBSCRIPTIONS,,
GPA.3343-3134-1482-76889..11,"Feb 19, 2026",12:19:27 PM PST,,Charge,,Pro Subscription (WF Solver),com.deepinkcode.wordfeudsolver,Subscription,prosub,,GB,,WF4 1LT,GBP,1.66,8.545900,DKK,14.19,prosubmonth,,4994183596643847628,Yes,,,,
GPA.3343-3134-1482-76889..11,"Feb 19, 2026",12:19:27 PM PST,,Google fee,,Pro Subscription (WF Solver),com.deepinkcode.wordfeudsolver,Subscription,prosub,,GB,,WF4 1LT,GBP,-0.25,8.545900,DKK,-2.14,prosubmonth,,4994183596643847628,Yes,15,SUBSCRIPTIONS,,
GPA.3370-2247-9996-95513..0,"Feb 19, 2026",1:12:05 PM PST,,Charge,,Pro Subscription (Words With Friends Solver),com.deepinkcode.wordswithfriendssolver,Subscription,prosub,,AU,,6051,AUD,3.63,4.477300,DKK,16.25,prosub,,4994183596643847628,Yes,,,,
GPA.3370-2247-9996-95513..0,"Feb 19, 2026",1:12:05 PM PST,,Google fee,,Pro Subscription (Words With Friends Solver),com.deepinkcode.wordswithfriendssolver,Subscription,prosub,,AU,,6051,AUD,-0.54,4.477300,DKK,-2.42,prosub,,4994183596643847628,Yes,15,SUBSCRIPTIONS,,
GPA.3315-4051-4083-50456..11,"Feb 19, 2026",1:35:02 PM PST,,Charge,,Pro Subscription (WF Solver),com.deepinkcode.wordfeudsolver,Subscription,prosub,,NL,,7471XV,EUR,1.98,7.471800,DKK,14.79,prosubmonth,,4994183596643847628,Yes,,,,
GPA.3315-4051-4083-50456..11,"Feb 19, 2026",1:35:02 PM PST,,Google fee,,Pro Subscription (WF Solver),com.deepinkcode.wordfeudsolver,Subscription,prosub,,NL,,7471XV,EUR,-0.30,7.471800,DKK,-2.24,prosubmonth,,4994183596643847628,Yes,15,SUBSCRIPTIONS,,
GPA.3319-2961-5425-67465,"Feb 19, 2026",2:57:10 PM PST,,Charge,,Pro Subscription (WF Solver),com.deepinkcode.wordfeudsolver,Subscription,prosub,sweet,NL,,4731JG,EUR,1.98,7.471800,DKK,14.79,prosubmonth,,4994183596643847628,Yes,,,,In-app
GPA.3319-2961-5425-67465,"Feb 19, 2026",2:57:10 PM PST,,Google fee,,Pro Subscription (WF Solver),com.deepinkcode.wordfeudsolver,Subscription,prosub,sweet,NL,,4731JG,EUR,-0.30,7.471800,DKK,-2.24,prosubmonth,,4994183596643847628,Yes,15,SUBSCRIPTIONS,,In-app
GPA.3376-9722-3450-61178..15,"Feb 19, 2026",3:25:05 PM PST,,Charge,,Pro Subscription (WF Solver),com.deepinkcode.wordfeudsolver,Subscription,prosub,,NO,,3928,NOK,23.20,0.663700,DKK,15.40,prosubmonth,,4994183596643847628,Yes,,,,
GPA.3376-9722-3450-61178..15,"Feb 19, 2026",3:25:05 PM PST,,Google fee,,Pro Subscription (WF Solver),com.deepinkcode.wordfeudsolver,Subscription,prosub,,NO,,3928,NOK,-3.48,0.663700,DKK,-2.31,prosubmonth,,4994183596643847628,Yes,15,SUBSCRIPTIONS,,
GPA.3366-9653-2671-60134..0,"Feb 19, 2026",4:39:08 PM PST,,Charge,,Pro Subscription (WF Solver),com.deepinkcode.wordfeudsolver,Subscription,prosub,,US,TX,75052,USD,2.49,6.344900,DKK,15.80,prosubmonth,,4994183596643847628,Yes,,,,
GPA.3366-9653-2671-60134..0,"Feb 19, 2026",4:39:08 PM PST,,Google fee,,Pro Subscription (WF Solver),com.deepinkcode.wordfeudsolver,Subscription,prosub,,US,TX,75052,USD,-0.37,6.344900,DKK,-2.35,prosubmonth,,4994183596643847628,Yes,15,SUBSCRIPTIONS,,
GPA.3355-9891-2598-86771..0,"Feb 19, 2026",4:43:27 PM PST,,Charge,,Pro Subscription (Words With Friends Solver),com.deepinkcode.wordswithfriendssolver,Subscription,prosub,,US,TX,75150,USD,2.49,6.344900,DKK,15.80,prosub,,4994183596643847628,Yes,,,,
GPA.3355-9891-2598-86771..0,"Feb 19, 2026",4:43:27 PM PST,,Google fee,,Pro Subscription (Words With Friends Solver),com.deepinkcode.wordswithfriendssolver,Subscription,prosub,,US,TX,75150,USD,-0.37,6.344900,DKK,-2.35,prosub,,4994183596643847628,Yes,15,SUBSCRIPTIONS,,
GPA.3359-4974-4228-98170..7,"Feb 19, 2026",5:59:21 PM PST,,Charge,,Pro Subscription (WF Solver),com.deepinkcode.wordfeudsolver,Subscription,prosub,,SE,,73061,SEK,23.20,0.699520,DKK,16.23,prosubmonth,,4994183596643847628,Yes,,,,
GPA.3359-4974-4228-98170..7,"Feb 19, 2026",5:59:21 PM PST,,Google fee,,Pro Subscription (WF Solver),com.deepinkcode.wordfeudsolver,Subscription,prosub,,SE,,73061,SEK,-3.48,0.699520,DKK,-2.44,prosubmonth,,4994183596643847628,Yes,15,SUBSCRIPTIONS,,
GPA.3300-0352-6393-97303..15,"Feb 19, 2026",6:34:48 PM PST,,Charge,,Pro Subscription (WF Solver),com.deepinkcode.wordfeudsolver,Subscription,prosub,,US,FL,33169,USD,1.99,6.347600,DKK,12.63,prosubmonth,,4994183596643847628,Yes,,,,
GPA.3300-0352-6393-97303..15,"Feb 19, 2026",6:34:48 PM PST,,Google fee,,Pro Subscription (WF Solver),com.deepinkcode.wordfeudsolver,Subscription,prosub,,US,FL,33169,USD,-0.30,6.347600,DKK,-1.90,prosubmonth,,4994183596643847628,Yes,15,SUBSCRIPTIONS,,
GPA.3368-6283-7411-60113..0,"Feb 19, 2026",6:37:00 PM PST,,Charge,,Pro Subscription (Words With Friends Solver),com.deepinkcode.wordswithfriendssolver,Subscription,prosub,,US,MI,49038,USD,2.49,6.347600,DKK,15.81,prosub,,4994183596643847628,Yes,,,,
GPA.3368-6283-7411-60113..0,"Feb 19, 2026",6:37:00 PM PST,,Google fee,,Pro Subscription (Words With Friends Solver),com.deepinkcode.wordswithfriendssolver,Subscription,prosub,,US,MI,49038,USD,-0.37,6.347600,DKK,-2.35,prosub,,4994183596643847628,Yes,15,SUBSCRIPTIONS,,
GPA.3341-6288-2231-46957..2,"Feb 19, 2026",7:28:41 PM PST,,Charge,,Pro Subscription (Words With Friends Solver),com.deepinkcode.wordswithfriendssolver,Subscription,prosub,,US,CA,93610,USD,2.49,6.354200,DKK,15.82,prosub,,4994183596643847628,Yes,,,,
GPA.3341-6288-2231-46957..2,"Feb 19, 2026",7:28:41 PM PST,,Google fee,,Pro Subscription (Words With Friends Solver),com.deepinkcode.wordswithfriendssolver,Subscription,prosub,,US,CA,93610,USD,-0.37,6.354200,DKK,-2.35,prosub,,4994183596643847628,Yes,15,SUBSCRIPTIONS,,
GPA.3324-3334-6026-16133..0,"Feb 19, 2026",8:00:53 PM PST,,Charge,,Pro Subscription (WF Solver),com.deepinkcode.wordfeudsolver,Subscription,prosub,,NL,,2552 VT,EUR,1.98,7.471900,DKK,14.79,prosubmonth,,4994183596643847628,Yes,,,,
GPA.3324-3334-6026-16133..0,"Feb 19, 2026",8:00:53 PM PST,,Google fee,,Pro Subscription (WF Solver),com.deepinkcode.wordfeudsolver,Subscription,prosub,,NL,,2552 VT,EUR,-0.30,7.471900,DKK,-2.24,prosubmonth,,4994183596643847628,Yes,15,SUBSCRIPTIONS,,
GPA.3355-1544-7328-41658..12,"Feb 19, 2026",9:18:15 PM PST,,Charge,,Pro Subscription (WF Solver),com.deepinkcode.wordfeudsolver,Subscription,prosub,,SE,,75432,SEK,23.20,0.699570,DKK,16.23,prosubmonth,,4994183596643847628,Yes,,,,
GPA.3355-1544-7328-41658..12,"Feb 19, 2026",9:18:15 PM PST,,Google fee,,Pro Subscription (WF Solver),com.deepinkcode.wordfeudsolver,Subscription,prosub,,SE,,75432,SEK,-3.48,0.699570,DKK,-2.43,prosubmonth,,4994183596643847628,Yes,15,SUBSCRIPTIONS,,
GPA.3304-2043-0230-28923..0,"Feb 19, 2026",10:01:34 PM PST,,Charge,,Pro Subscription (WF Solver),com.deepinkcode.wordfeudsolver,Subscription,prosub,,NL,,3155PB,EUR,1.98,7.471400,DKK,14.79,prosubmonth,,4994183596643847628,Yes,,,,
GPA.3304-2043-0230-28923..0,"Feb 19, 2026",10:01:34 PM PST,,Google fee,,Pro Subscription (WF Solver),com.deepinkcode.wordfeudsolver,Subscription,prosub,,NL,,3155PB,EUR,-0.30,7.471400,DKK,-2.24,prosubmonth,,4994183596643847628,Yes,15,SUBSCRIPTIONS,,
GPA.3357-0510-1049-54072..7,"Feb 19, 2026",11:33:48 PM PST,,Charge,,Pro Subscription (WF Solver),com.deepinkcode.wordfeudsolver,Subscription,prosub,,NL,,1216RC,EUR,1.98,7.471400,DKK,14.79,prosubmonth,,4994183596643847628,Yes,,,,
GPA.3357-0510-1049-54072..7,"Feb 19, 2026",11:33:48 PM PST,,Google fee,,Pro Subscription (WF Solver),com.deepinkcode.wordfeudsolver,Subscription,prosub,,NL,,1216RC,EUR,-0.30,7.471400,DKK,-2.24,prosubmonth,,4994183596643847628,Yes,15,SUBSCRIPTIONS,,
GPA.3348-1805-1033-25233..2,"Feb 19, 2026",11:53:48 PM PST,,Charge,,Pro Subscription (Words With Friends Solver),com.deepinkcode.wordswithfriendssolver,Subscription,prosub,,US,AZ,85204,USD,2.49,6.356000,DKK,15.83,prosub,,4994183596643847628,Yes,,,,
GPA.3348-1805-1033-25233..2,"Feb 19, 2026",11:53:48 PM PST,,Google fee,,Pro Subscription (Words With Friends Solver),com.deepinkcode.wordswithfriendssolver,Subscription,prosub,,US,AZ,85204,USD,-0.37,6.356000,DKK,-2.35,prosub,,4994183596643847628,Yes,15,SUBSCRIPTIONS,,
GPA.3321-0844-6773-56247..0,"Feb 20, 2026",12:27:41 AM PST,,Charge,,Pro Subscription (Scrabble GO Cheat),com.deepinkcode.scrabblegocheat,Subscription,prosub,,GB,,IP27 0BS,GBP,1.74,8.551800,DKK,14.88,prosubmonth,,4994183596643847628,Yes,,,,
GPA.3321-0844-6773-56247..0,"Feb 20, 2026",12:27:41 AM PST,,Google fee,,Pro Subscription (Scrabble GO Cheat),com.deepinkcode.scrabblegocheat,Subscription,prosub,,GB,,IP27 0BS,GBP,-0.26,8.551800,DKK,-2.22,prosubmonth,,4994183596643847628,Yes,15,SUBSCRIPTIONS,,
GPA.3367-3813-4279-22131,"Feb 20, 2026",12:49:25 AM PST,,Charge,,Pro Subscription (WF Solver),com.deepinkcode.wordfeudsolver,Subscription,prosub,pa1q,SE,,63513,SEK,22.40,0.700210,DKK,15.68,prosubmonth,,4994183596643847628,Yes,,,,In-app
GPA.3367-3813-4279-22131,"Feb 20, 2026",12:49:25 AM PST,,Google fee,,Pro Subscription (WF Solver),com.deepinkcode.wordfeudsolver,Subscription,prosub,pa1q,SE,,63513,SEK,-3.36,0.700210,DKK,-2.35,prosubmonth,,4994183596643847628,Yes,15,SUBSCRIPTIONS,,In-app
GPA.3360-6638-1423-39133,"Feb 20, 2026",1:20:32 AM PST,,Charge,,Pro (WF Solver),com.deepinkcode.wordfeudsolver,One-time product,pro,a56x,NL,,1234 AB,EUR,23.96,7.471000,DKK,179.01,legacy-base,,4994183596643847628,Yes,,,,In-app
GPA.3360-6638-1423-39133,"Feb 20, 2026",1:20:32 AM PST,,Google fee,,Pro (WF Solver),com.deepinkcode.wordfeudsolver,One-time product,pro,a56x,NL,,1234 AB,EUR,-3.59,7.471000,DKK,-26.83,legacy-base,,4994183596643847628,Yes,15,,,In-app
GPA.3330-7245-9681-79600..1,"Feb 20, 2026",1:23:34 AM PST,,Charge,,Pro Subscription (WF Solver),com.deepinkcode.wordfeudsolver,Subscription,prosub,,SE,,21229,SEK,22.40,0.700970,DKK,15.70,prosubmonth,,4994183596643847628,Yes,,,,
GPA.3330-7245-9681-79600..1,"Feb 20, 2026",1:23:34 AM PST,,Google fee,,Pro Subscription (WF Solver),com.deepinkcode.wordfeudsolver,Subscription,prosub,,SE,,21229,SEK,-3.36,0.700970,DKK,-2.35,prosubmonth,,4994183596643847628,Yes,15,SUBSCRIPTIONS,,
GPA.3326-8067-6303-91090..11,"Feb 20, 2026",1:52:19 AM PST,,Charge,,Pro Subscription (WF Solver),com.deepinkcode.wordfeudsolver,Subscription,prosub,,SE,,25351,SEK,23.20,0.700970,DKK,16.26,prosubmonth,,4994183596643847628,Yes,,,,
GPA.3326-8067-6303-91090..11,"Feb 20, 2026",1:52:19 AM PST,,Google fee,,Pro Subscription (WF Solver),com.deepinkcode.wordfeudsolver,Subscription,prosub,,SE,,25351,SEK,-3.48,0.700970,DKK,-2.44,prosubmonth,,4994183596643847628,Yes,15,SUBSCRIPTIONS,,
GPA.3332-3182-7676-60453..2,"Feb 20, 2026",2:22:23 AM PST,,Charge,,Pro Subscription (WF Solver),com.deepinkcode.wordfeudsolver,Subscription,prosub,,NO,,9055,NOK,24.00,0.662850,DKK,15.91,prosubmonth,,4994183596643847628,Yes,,,,
GPA.3332-3182-7676-60453..2,"Feb 20, 2026",2:22:23 AM PST,,Google fee,,Pro Subscription (WF Solver),com.deepinkcode.wordfeudsolver,Subscription,prosub,,NO,,9055,NOK,-3.60,0.662850,DKK,-2.39,prosubmonth,,4994183596643847628,Yes,15,SUBSCRIPTIONS,,
GPA.3384-3059-2054-92268..3,"Feb 20, 2026",2:49:37 AM PST,,Charge,,Pro Subscription (Scrabble GO Cheat),com.deepinkcode.scrabblegocheat,Subscription,prosub,,CA,QC,J9T3A3,CAD,3.19,4.640200,DKK,14.80,prosubmonth,,4994183596643847628,Yes,,,,
GPA.3384-3059-2054-92268..3,"Feb 20, 2026",2:49:37 AM PST,,Google fee,,Pro Subscription (Scrabble GO Cheat),com.deepinkcode.scrabblegocheat,Subscription,prosub,,CA,QC,J9T3A3,CAD,-0.48,4.640200,DKK,-2.23,prosubmonth,,4994183596643847628,Yes,15,SUBSCRIPTIONS,,
GPA.3300-4824-7979-13929..10,"Feb 20, 2026",3:01:15 AM PST,,Charge,,Pro Subscription (Words With Friends Solver),com.deepinkcode.wordswithfriendssolver,Subscription,prosub,,US,MI,48124,USD,1.99,6.350400,DKK,12.64,prosub,,4994183596643847628,Yes,,,,
GPA.3300-4824-7979-13929..10,"Feb 20, 2026",3:01:15 AM PST,,Google fee,,Pro Subscription (Words With Friends Solver),com.deepinkcode.wordswithfriendssolver,Subscription,prosub,,US,MI,48124,USD,-0.30,6.350400,DKK,-1.91,prosub,,4994183596643847628,Yes,15,SUBSCRIPTIONS,,
GPA.3360-9980-5032-36497..2,"Feb 20, 2026",3:13:54 AM PST,,Charge,,Pro Subscription (Words With Friends Solver),com.deepinkcode.wordswithfriendssolver,Subscription,prosub,,GB,,BN16 4LJ,GBP,1.74,8.552100,DKK,14.88,prosub,,4994183596643847628,Yes,,,,
GPA.3360-9980-5032-36497..2,"Feb 20, 2026",3:13:54 AM PST,,Google fee,,Pro Subscription (Words With Friends Solver),com.deepinkcode.wordswithfriendssolver,Subscription,prosub,,GB,,BN16 4LJ,GBP,-0.26,8.552100,DKK,-2.22,prosub,,4994183596643847628,Yes,15,SUBSCRIPTIONS,,
GPA.3341-1776-3234-69401..4,"Feb 20, 2026",3:23:39 AM PST,,Charge,,Pro Subscription (WF Solver),com.deepinkcode.wordfeudsolver,Subscription,prosub,,NL,,4617GA,EUR,1.98,7.471900,DKK,14.79,prosubmonth,,4994183596643847628,Yes,,,,
GPA.3341-1776-3234-69401..4,"Feb 20, 2026",3:23:39 AM PST,,Google fee,,Pro Subscription (WF Solver),com.deepinkcode.wordfeudsolver,Subscription,prosub,,NL,,4617GA,EUR,-0.30,7.471900,DKK,-2.24,prosubmonth,,4994183596643847628,Yes,15,SUBSCRIPTIONS,,
GPA.3327-2971-3698-00570..7,"Feb 20, 2026",3:41:55 AM PST,,Charge,,Pro Subscription (WF Solver),com.deepinkcode.wordfeudsolver,Subscription,prosub,,NL,,2651 HZ,EUR,1.98,7.471900,DKK,14.79,prosubmonth,,4994183596643847628,Yes,,,,
GPA.3327-2971-3698-00570..7,"Feb 20, 2026",3:41:55 AM PST,,Google fee,,Pro Subscription (WF Solver),com.deepinkcode.wordfeudsolver,Subscription,prosub,,NL,,2651 HZ,EUR,-0.30,7.471900,DKK,-2.24,prosubmonth,,4994183596643847628,Yes,15,SUBSCRIPTIONS,,
GPA.3337-0631-0623-79032..3,"Feb 20, 2026",5:53:16 AM PST,,Charge,,Pro Subscription (WF Solver),com.deepinkcode.wordfeudsolver,Subscription,prosub,,NL,,3362 JS,EUR,1.98,7.471600,DKK,14.79,prosubmonth,,4994183596643847628,Yes,,,,
GPA.3337-0631-0623-79032..3,"Feb 20, 2026",5:53:16 AM PST,,Google fee,,Pro Subscription (WF Solver),com.deepinkcode.wordfeudsolver,Subscription,prosub,,NL,,3362 JS,EUR,-0.30,7.471600,DKK,-2.24,prosubmonth,,4994183596643847628,Yes,15,SUBSCRIPTIONS,,
GPA.3334-2967-4591-20726..0,"Feb 20, 2026",5:59:39 AM PST,,Charge,,Pro Subscription (WF Solver),com.deepinkcode.wordfeudsolver,Subscription,prosub,,DK,,2000,DKK,15.20,1.000000,DKK,15.20,prosubmonth,,4994183596643847628,Yes,,,,
GPA.3334-2967-4591-20726..0,"Feb 20, 2026",5:59:39 AM PST,,Google fee,,Pro Subscription (WF Solver),com.deepinkcode.wordfeudsolver,Subscription,prosub,,DK,,2000,DKK,-2.28,1.000000,DKK,-2.28,prosubmonth,,4994183596643847628,Yes,15,SUBSCRIPTIONS,,
GPA.3380-3534-6201-21277..1,"Feb 20, 2026",6:37:24 AM PST,,Charge,,Pro Subscription (WF Solver),com.deepinkcode.wordfeudsolver,Subscription,prosub,,SE,,45190,SEK,22.40,0.699720,DKK,15.67,prosubmonth,,4994183596643847628,Yes,,,,
GPA.3380-3534-6201-21277..1,"Feb 20, 2026",6:37:24 AM PST,,Google fee,,Pro Subscription (WF Solver),com.deepinkcode.wordfeudsolver,Subscription,prosub,,SE,,45190,SEK,-3.36,0.699720,DKK,-2.35,prosubmonth,,4994183596643847628,Yes,15,SUBSCRIPTIONS,,
GPA.3366-6222-5547-70056..0,"Feb 20, 2026",8:19:33 AM PST,,Charge,,Pro Subscription (Words With Friends Solver),com.deepinkcode.wordswithfriendssolver,Subscription,prosub,,US,MT,59414,USD,2.49,6.341100,DKK,15.79,prosub,,4994183596643847628,Yes,,,,
GPA.3366-6222-5547-70056..0,"Feb 20, 2026",8:19:33 AM PST,,Google fee,,Pro Subscription (Words With Friends Solver),com.deepinkcode.wordswithfriendssolver,Subscription,prosub,,US,MT,59414,USD,-0.37,6.341100,DKK,-2.35,prosub,,4994183596643847628,Yes,15,SUBSCRIPTIONS,,
GPA.3321-5028-0007-57921,"Feb 20, 2026",8:20:25 AM PST,,Charge,,Pro Subscription (WF Solver),com.deepinkcode.wordfeudsolver,Subscription,prosub,gts11uwifi,DK,,4640,DKK,15.20,1.000000,DKK,15.20,prosubmonth,,4994183596643847628,Yes,,,,In-app
GPA.3321-5028-0007-57921,"Feb 20, 2026",8:20:25 AM PST,,Google fee,,Pro Subscription (WF Solver),com.deepinkcode.wordfeudsolver,Subscription,prosub,gts11uwifi,DK,,4640,DKK,-2.28,1.000000,DKK,-2.28,prosubmonth,,4994183596643847628,Yes,15,SUBSCRIPTIONS,,In-app
GPA.3352-2465-6109-49287..3,"Feb 20, 2026",10:13:45 AM PST,,Charge,,Pro Subscription (WF Solver),com.deepinkcode.wordfeudsolver,Subscription,prosub,,SE,,59170,SEK,22.40,0.700100,DKK,15.68,prosubmonth,,4994183596643847628,Yes,,,,
GPA.3352-2465-6109-49287..3,"Feb 20, 2026",10:13:45 AM PST,,Google fee,,Pro Subscription (WF Solver),com.deepinkcode.wordfeudsolver,Subscription,prosub,,SE,,59170,SEK,-3.36,0.700100,DKK,-2.35,prosubmonth,,4994183596643847628,Yes,15,SUBSCRIPTIONS,,
GPA.3350-2897-6011-90400..4,"Feb 20, 2026",10:30:48 AM PST,,Charge,,Pro Subscription (WF Solver),com.deepinkcode.wordfeudsolver,Subscription,prosub,,SE,,524 92,SEK,22.40,0.700100,DKK,15.68,prosubmonth,,4994183596643847628,Yes,,,,
GPA.3350-2897-6011-90400..4,"Feb 20, 2026",10:30:48 AM PST,,Google fee,,Pro Subscription (WF Solver),com.deepinkcode.wordfeudsolver,Subscription,prosub,,SE,,524 92,SEK,-3.36,0.700100,DKK,-2.35,prosubmonth,,4994183596643847628,Yes,15,SUBSCRIPTIONS,,
GPA.3368-8973-0253-75501..3,"Feb 20, 2026",10:53:40 AM PST,,Charge,,Pro Subscription (WF Solver),com.deepinkcode.wordfeudsolver,Subscription,prosub,,NL,,6031 NC,EUR,1.98,7.470500,DKK,14.79,prosubmonth,,4994183596643847628,Yes,,,,
GPA.3368-8973-0253-75501..3,"Feb 20, 2026",10:53:40 AM PST,,Google fee,,Pro Subscription (WF Solver),com.deepinkcode.wordfeudsolver,Subscription,prosub,,NL,,6031 NC,EUR,-0.30,7.470500,DKK,-2.24,prosubmonth,,4994183596643847628,Yes,15,SUBSCRIPTIONS,,
GPA.3381-2598-2465-59371..6,"Feb 20, 2026",11:02:05 AM PST,,Charge,,Pro Subscription (Scrabble GO Cheat),com.deepinkcode.scrabblegocheat,Subscription,prosub,,GB,,SO40 2LH,GBP,1.66,8.555300,DKK,14.20,prosubmonth,,4994183596643847628,Yes,,,,
GPA.3381-2598-2465-59371..6,"Feb 20, 2026",11:02:05 AM PST,,Google fee,,Pro Subscription (Scrabble GO Cheat),com.deepinkcode.scrabblegocheat,Subscription,prosub,,GB,,SO40 2LH,GBP,-0.25,8.555300,DKK,-2.14,prosubmonth,,4994183596643847628,Yes,15,SUBSCRIPTIONS,,
GPA.3356-2616-1781-85252..1,"Feb 20, 2026",11:13:17 AM PST,,Charge,,Pro Subscription (WF Solver),com.deepinkcode.wordfeudsolver,Subscription,prosub,,NL,,6287 AB,EUR,1.98,7.470400,DKK,14.79,prosubmonth,,4994183596643847628,Yes,,,,
GPA.3356-2616-1781-85252..1,"Feb 20, 2026",11:13:17 AM PST,,Google fee,,Pro Subscription (WF Solver),com.deepinkcode.wordfeudsolver,Subscription,prosub,,NL,,6287 AB,EUR,-0.30,7.470400,DKK,-2.24,prosubmonth,,4994183596643847628,Yes,15,SUBSCRIPTIONS,,
GPA.3309-9426-1920-33002,"Feb 20, 2026",11:25:44 AM PST,,Charge,,Pro Subscription (WF Solver),com.deepinkcode.wordfeudsolver,Subscription,prosub,dm3q,US,MD,21207,USD,2.49,6.341600,DKK,15.79,prosubmonth,,4994183596643847628,Yes,,,,In-app
GPA.3309-9426-1920-33002,"Feb 20, 2026",11:25:44 AM PST,,Google fee,,Pro Subscription (WF Solver),com.deepinkcode.wordfeudsolver,Subscription,prosub,dm3q,US,MD,21207,USD,-0.37,6.341600,DKK,-2.35,prosubmonth,,4994183596643847628,Yes,15,SUBSCRIPTIONS,,In-app
GPA.3347-4773-4153-89765..6,"Feb 20, 2026",12:25:32 PM PST,,Charge,,Pro Subscription (WF Solver),com.deepinkcode.wordfeudsolver,Subscription,prosub,,NL,,3334 TJ,EUR,1.98,7.470900,DKK,14.79,prosubmonth,,4994183596643847628,Yes,,,,
GPA.3347-4773-4153-89765..6,"Feb 20, 2026",12:25:32 PM PST,,Google fee,,Pro Subscription (WF Solver),com.deepinkcode.wordfeudsolver,Subscription,prosub,,NL,,3334 TJ,EUR,-0.30,7.470900,DKK,-2.24,prosubmonth,,4994183596643847628,Yes,15,SUBSCRIPTIONS,,
GPA.3388-4645-0625-20301..0,"Feb 20, 2026",12:32:40 PM PST,,Charge,,Pro Subscription (WF Solver),com.deepinkcode.wordfeudsolver,Subscription,prosub,,NO,,7048,NOK,24.00,0.665620,DKK,15.97,prosubmonth,,4994183596643847628,Yes,,,,
GPA.3388-4645-0625-20301..0,"Feb 20, 2026",12:32:40 PM PST,,Google fee,,Pro Subscription (WF Solver),com.deepinkcode.wordfeudsolver,Subscription,prosub,,NO,,7048,NOK,-3.60,0.665620,DKK,-2.39,prosubmonth,,4994183596643847628,Yes,15,SUBSCRIPTIONS,,
GPA.3349-3633-1777-20398..0,"Feb 20, 2026",12:58:51 PM PST,,Charge,,Pro Subscription (WF Solver),com.deepinkcode.wordfeudsolver,Subscription,prosub,,NL,,6721 EP,EUR,1.98,7.470900,DKK,14.79,prosubmonth,,4994183596643847628,Yes,,,,
GPA.3349-3633-1777-20398..0,"Feb 20, 2026",12:58:51 PM PST,,Google fee,,Pro Subscription (WF Solver),com.deepinkcode.wordfeudsolver,Subscription,prosub,,NL,,6721 EP,EUR,-0.30,7.470900,DKK,-2.24,prosubmonth,,4994183596643847628,Yes,15,SUBSCRIPTIONS,,
GPA.3335-8815-0570-97268..6,"Feb 20, 2026",1:01:11 PM PST,,Charge,,Pro Subscription (WF Solver),com.deepinkcode.wordfeudsolver,Subscription,prosub,,NL,,6301 HZ,EUR,1.98,7.471100,DKK,14.79,prosubmonth,,4994183596643847628,Yes,,,,
GPA.3335-8815-0570-97268..6,"Feb 20, 2026",1:01:11 PM PST,,Google fee,,Pro Subscription (WF Solver),com.deepinkcode.wordfeudsolver,Subscription,prosub,,NL,,6301 HZ,EUR,-0.30,7.471100,DKK,-2.24,prosubmonth,,4994183596643847628,Yes,15,SUBSCRIPTIONS,,
GPA.3320-2840-4154-16486..3,"Feb 20, 2026",1:06:03 PM PST,,Charge,,Pro Subscription (WF Solver),com.deepinkcode.wordfeudsolver,Subscription,prosub,,BE,,1653,EUR,1.98,7.471100,DKK,14.79,prosubmonth,,4994183596643847628,Yes,,,,
GPA.3320-2840-4154-16486..3,"Feb 20, 2026",1:06:03 PM PST,,Google fee,,Pro Subscription (WF Solver),com.deepinkcode.wordfeudsolver,Subscription,prosub,,BE,,1653,EUR,-0.30,7.471100,DKK,-2.24,prosubmonth,,4994183596643847628,Yes,15,SUBSCRIPTIONS,,
GPA.3379-0682-3334-60584,"Feb 20, 2026",1:14:32 PM PST,,Charge,,Pro Subscription (WF Solver),com.deepinkcode.wordfeudsolver,Subscription,prosub,r13s,NL,,1973RJ,EUR,1.98,7.471100,DKK,14.79,prosubmonth,,4994183596643847628,Yes,,,,In-app
GPA.3379-0682-3334-60584,"Feb 20, 2026",1:14:32 PM PST,,Google fee,,Pro Subscription (WF Solver),com.deepinkcode.wordfeudsolver,Subscription,prosub,r13s,NL,,1973RJ,EUR,-0.30,7.471100,DKK,-2.24,prosubmonth,,4994183596643847628,Yes,15,SUBSCRIPTIONS,,In-app
GPA.3377-0677-0148-37040..6,"Feb 20, 2026",2:14:32 PM PST,,Charge,,Pro Subscription (WF Solver),com.deepinkcode.wordfeudsolver,Subscription,prosub,,SE,,59533,SEK,23.20,0.700430,DKK,16.25,prosubmonth,,4994183596643847628,Yes,,,,
GPA.3377-0677-0148-37040..6,"Feb 20, 2026",2:14:32 PM PST,,Google fee,,Pro Subscription (WF Solver),com.deepinkcode.wordfeudsolver,Subscription,prosub,,SE,,59533,SEK,-3.48,0.700430,DKK,-2.44,prosubmonth,,4994183596643847628,Yes,15,SUBSCRIPTIONS,,
GPA.3309-2514-7723-66633..12,"Feb 20, 2026",2:44:51 PM PST,,Charge,,Pro Subscription (WF Solver),com.deepinkcode.wordfeudsolver,Subscription,prosub,,NL,,6576 DS,EUR,1.98,7.471200,DKK,14.79,prosubmonth,,4994183596643847628,Yes,,,,
GPA.3309-2514-7723-66633..12,"Feb 20, 2026",2:44:51 PM PST,,Google fee,,Pro Subscription (WF Solver),com.deepinkcode.wordfeudsolver,Subscription,prosub,,NL,,6576 DS,EUR,-0.30,7.471200,DKK,-2.24,prosubmonth,,4994183596643847628,Yes,15,SUBSCRIPTIONS,,
GPA.3369-2101-9876-46720..3,"Feb 20, 2026",4:34:33 PM PST,,Charge,,Pro Subscription (WF Solver),com.deepinkcode.wordfeudsolver,Subscription,prosub,,US,MD,21001,USD,2.49,6.340200,DKK,15.79,prosubmonth,,4994183596643847628,Yes,,,,
GPA.3369-2101-9876-46720..3,"Feb 20, 2026",4:34:33 PM PST,,Google fee,,Pro Subscription (WF Solver),com.deepinkcode.wordfeudsolver,Subscription,prosub,,US,MD,21001,USD,-0.37,6.340200,DKK,-2.35,prosubmonth,,4994183596643847628,Yes,15,SUBSCRIPTIONS,,
GPA.3334-5037-1759-31055..6,"Feb 20, 2026",4:38:30 PM PST,,Charge,,Pro Subscription (WF Solver),com.deepinkcode.wordfeudsolver,Subscription,prosub,,US,VA,20191,USD,1.99,6.340200,DKK,12.62,prosubmonth,,4994183596643847628,Yes,,,,
GPA.3334-5037-1759-31055..6,"Feb 20, 2026",4:38:30 PM PST,,Google fee,,Pro Subscription (WF Solver),com.deepinkcode.wordfeudsolver,Subscription,prosub,,US,VA,20191,USD,-0.30,6.340200,DKK,-1.90,prosubmonth,,4994183596643847628,Yes,15,SUBSCRIPTIONS,,
GPA.3320-0667-6367-99907..2,"Feb 20, 2026",5:29:29 PM PST,,Charge,,Pro Subscription (WF Solver),com.deepinkcode.wordfeudsolver,Subscription,prosub,,NL,,7041 XS,EUR,1.98,7.471400,DKK,14.79,prosubmonth,,4994183596643847628,Yes,,,,
GPA.3320-0667-6367-99907..2,"Feb 20, 2026",5:29:29 PM PST,,Google fee,,Pro Subscription (WF Solver),com.deepinkcode.wordfeudsolver,Subscription,prosub,,NL,,7041 XS,EUR,-0.30,7.471400,DKK,-2.24,prosubmonth,,4994183596643847628,Yes,15,SUBSCRIPTIONS,,
GPA.3324-1472-1251-89436..9,"Feb 20, 2026",6:11:48 PM PST,,Charge,,Pro Subscription (Words With Friends Solver),com.deepinkcode.wordswithfriendssolver,Subscription,prosub,,US,IL,60104,USD,1.99,6.340200,DKK,12.62,prosub,,4994183596643847628,Yes,,,,
GPA.3324-1472-1251-89436..9,"Feb 20, 2026",6:11:48 PM PST,,Google fee,,Pro Subscription (Words With Friends Solver),com.deepinkcode.wordswithfriendssolver,Subscription,prosub,,US,IL,60104,USD,-0.30,6.340200,DKK,-1.90,prosub,,4994183596643847628,Yes,15,SUBSCRIPTIONS,,
GPA.3397-4360-5818-02125,"Feb 20, 2026",6:30:09 PM PST,,Charge,,Pro Subscription (Words With Friends Solver),com.deepinkcode.wordswithfriendssolver,Subscription,prosub,a16x,US,KY,40299,USD,2.49,6.340200,DKK,15.79,prosub,,4994183596643847628,Yes,,,,In-app
GPA.3397-4360-5818-02125,"Feb 20, 2026",6:30:09 PM PST,,Google fee,,Pro Subscription (Words With Friends Solver),com.deepinkcode.wordswithfriendssolver,Subscription,prosub,a16x,US,KY,40299,USD,-0.37,6.340200,DKK,-2.35,prosub,,4994183596643847628,Yes,15,SUBSCRIPTIONS,,In-app
GPA.3355-9468-0845-27587..11,"Feb 20, 2026",6:32:48 PM PST,,Charge,,Pro Subscription (Words With Friends Solver),com.deepinkcode.wordswithfriendssolver,Subscription,prosub,,US,CT,06710,USD,1.99,6.340200,DKK,12.62,prosub,,4994183596643847628,Yes,,,,
GPA.3355-9468-0845-27587..11,"Feb 20, 2026",6:32:48 PM PST,,Google fee,,Pro Subscription (Words With Friends Solver),com.deepinkcode.wordswithfriendssolver,Subscription,prosub,,US,CT,06710,USD,-0.30,6.340200,DKK,-1.90,prosub,,4994183596643847628,Yes,15,SUBSCRIPTIONS,,
GPA.3319-0483-2194-58113,"Feb 20, 2026",7:20:24 PM PST,,Charge,,Pro Subscription (Words With Friends Solver),com.deepinkcode.wordswithfriendssolver,Subscription,prosub,e3q,US,TX,77357,USD,2.49,6.340200,DKK,15.79,prosub,,4994183596643847628,Yes,,,,In-app
GPA.3319-0483-2194-58113,"Feb 20, 2026",7:20:24 PM PST,,Google fee,,Pro Subscription (Words With Friends Solver),com.deepinkcode.wordswithfriendssolver,Subscription,prosub,e3q,US,TX,77357,USD,-0.37,6.340200,DKK,-2.35,prosub,,4994183596643847628,Yes,15,SUBSCRIPTIONS,,In-app
GPA.3395-5967-2918-02292..5,"Feb 20, 2026",9:18:08 PM PST,,Charge,,Pro Subscription (WF Solver),com.deepinkcode.wordfeudsolver,Subscription,prosub,,SE,,41472,SEK,22.40,0.700030,DKK,15.68,prosubmonth,,4994183596643847628,Yes,,,,
GPA.3395-5967-2918-02292..5,"Feb 20, 2026",9:18:08 PM PST,,Google fee,,Pro Subscription (WF Solver),com.deepinkcode.wordfeudsolver,Subscription,prosub,,SE,,41472,SEK,-3.36,0.700030,DKK,-2.35,prosubmonth,,4994183596643847628,Yes,15,SUBSCRIPTIONS,,
GPA.3330-9063-9563-83795..4,"Feb 20, 2026",10:52:25 PM PST,,Charge,,Pro Subscription (Words With Friends Solver),com.deepinkcode.wordswithfriendssolver,Subscription,prosub,,US,CA,91403,USD,2.49,6.340200,DKK,15.79,prosub,,4994183596643847628,Yes,,,,
GPA.3330-9063-9563-83795..4,"Feb 20, 2026",10:52:25 PM PST,,Google fee,,Pro Subscription (Words With Friends Solver),com.deepinkcode.wordswithfriendssolver,Subscription,prosub,,US,CA,91403,USD,-0.37,6.340200,DKK,-2.35,prosub,,4994183596643847628,Yes,15,SUBSCRIPTIONS,,
GPA.3308-2326-9179-51855..0,"Feb 21, 2026",12:40:35 AM PST,,Charge,,Pro Subscription (WF Solver),com.deepinkcode.wordfeudsolver,Subscription,prosub,,GL,,3900,DKK,19.00,1.000000,DKK,19.00,prosubmonth,,4994183596643847628,Yes,,,,
GPA.3308-2326-9179-51855..0,"Feb 21, 2026",12:40:35 AM PST,,Google fee,,Pro Subscription (WF Solver),com.deepinkcode.wordfeudsolver,Subscription,prosub,,GL,,3900,DKK,-2.85,1.000000,DKK,-2.85,prosubmonth,,4994183596643847628,Yes,15,SUBSCRIPTIONS,,
GPA.3345-0199-7353-41086..1,"Feb 21, 2026",12:48:41 AM PST,,Charge,,Pro Subscription (WF Solver),com.deepinkcode.wordfeudsolver,Subscription,prosub,,NL,,4143BM,EUR,1.98,7.471400,DKK,14.79,prosubmonth,,4994183596643847628,Yes,,,,
GPA.3345-0199-7353-41086..1,"Feb 21, 2026",12:48:41 AM PST,,Google fee,,Pro Subscription (WF Solver),com.deepinkcode.wordfeudsolver,Subscription,prosub,,NL,,4143BM,EUR,-0.30,7.471400,DKK,-2.24,prosubmonth,,4994183596643847628,Yes,15,SUBSCRIPTIONS,,
GPA.3312-5104-7642-82114,"Feb 21, 2026",1:13:52 AM PST,,Charge,,Pro Subscription (WF Solver),com.deepinkcode.wordfeudsolver,Subscription,prosub,akita,GB,,HA7 1NQ,GBP,1.74,8.546500,DKK,14.87,prosubmonth,,4994183596643847628,Yes,,,,In-app
GPA.3312-5104-7642-82114,"Feb 21, 2026",1:13:52 AM PST,,Google fee,,Pro Subscription (WF Solver),com.deepinkcode.wordfeudsolver,Subscription,prosub,akita,GB,,HA7 1NQ,GBP,-0.26,8.546500,DKK,-2.22,prosubmonth,,4994183596643847628,Yes,15,SUBSCRIPTIONS,,In-app
GPA.3384-8142-2887-88382..7,"Feb 21, 2026",1:28:50 AM PST,,Charge,,Pro Subscription (WF Solver),com.deepinkcode.wordfeudsolver,Subscription,prosub,,NL,,3437 ZA,EUR,1.98,7.471400,DKK,14.79,prosubmonth,,4994183596643847628,Yes,,,,
GPA.3384-8142-2887-88382..7,"Feb 21, 2026",1:28:50 AM PST,,Google fee,,Pro Subscription (WF Solver),com.deepinkcode.wordfeudsolver,Subscription,prosub,,NL,,3437 ZA,EUR,-0.30,7.471400,DKK,-2.24,prosubmonth,,4994183596643847628,Yes,15,SUBSCRIPTIONS,,
GPA.3352-5086-4398-89299..3,"Feb 21, 2026",1:50:53 AM PST,,Charge,,Pro Subscription (WF Solver),com.deepinkcode.wordfeudsolver,Subscription,prosub,,DK,,3080,DKK,15.20,1.000000,DKK,15.20,prosubmonth,,4994183596643847628,Yes,,,,
GPA.3352-5086-4398-89299..3,"Feb 21, 2026",1:50:53 AM PST,,Google fee,,Pro Subscription (WF Solver),com.deepinkcode.wordfeudsolver,Subscription,prosub,,DK,,3080,DKK,-2.28,1.000000,DKK,-2.28,prosubmonth,,4994183596643847628,Yes,15,SUBSCRIPTIONS,,
GPA.3348-2195-1652-82203..1,"Feb 21, 2026",7:48:01 AM PST,,Charge,,Pro Subscription (WF Solver),com.deepinkcode.wordfeudsolver,Subscription,prosub,,SE,,152 54,SEK,22.40,0.700030,DKK,15.68,prosubmonth,,4994183596643847628,Yes,,,,
GPA.3348-2195-1652-82203..1,"Feb 21, 2026",7:48:01 AM PST,,Google fee,,Pro Subscription (WF Solver),com.deepinkcode.wordfeudsolver,Subscription,prosub,,SE,,152 54,SEK,-3.36,0.700030,DKK,-2.35,prosubmonth,,4994183596643847628,Yes,15,SUBSCRIPTIONS,,
GPA.3303-2102-7392-67099,"Feb 21, 2026",7:54:26 AM PST,,Charge,,Pro (WF Solver),com.deepinkcode.wordfeudsolver,One-time product,pro,lynx,GB,,BA9 8ET,GBP,21.24,8.546500,DKK,181.53,legacy-base,,4994183596643847628,Yes,,,,In-app
GPA.3303-2102-7392-67099,"Feb 21, 2026",7:54:26 AM PST,,Google fee,,Pro (WF Solver),com.deepinkcode.wordfeudsolver,One-time product,pro,lynx,GB,,BA9 8ET,GBP,-3.19,8.546500,DKK,-27.26,legacy-base,,4994183596643847628,Yes,15,,,In-app
GPA.3304-7239-5651-92879,"Feb 21, 2026",8:35:14 AM PST,,Charge,,Pro Subscription (Scrabble GO Cheat),com.deepinkcode.scrabblegocheat,Subscription,prosub,e2q,US,OH,44137,USD,2.49,6.340200,DKK,15.79,prosubmonth,,4994183596643847628,Yes,,,,In-app
GPA.3304-7239-5651-92879,"Feb 21, 2026",8:35:14 AM PST,,Google fee,,Pro Subscription (Scrabble GO Cheat),com.deepinkcode.scrabblegocheat,Subscription,prosub,e2q,US,OH,44137,USD,-0.37,6.340200,DKK,-2.35,prosubmonth,,4994183596643847628,Yes,15,SUBSCRIPTIONS,,In-app
GPA.3346-4952-1851-21895..4,"Feb 21, 2026",8:52:21 AM PST,,Charge,,Pro Subscription (WF Solver),com.deepinkcode.wordfeudsolver,Subscription,prosub,,NL,,6015 AV,EUR,1.98,7.471400,DKK,14.79,prosubmonth,,4994183596643847628,Yes,,,,
GPA.3346-4952-1851-21895..4,"Feb 21, 2026",8:52:21 AM PST,,Google fee,,Pro Subscription (WF Solver),com.deepinkcode.wordfeudsolver,Subscription,prosub,,NL,,6015 AV,EUR,-0.30,7.471400,DKK,-2.24,prosubmonth,,4994183596643847628,Yes,15,SUBSCRIPTIONS,,
GPA.3319-0440-7120-40697..9,"Feb 21, 2026",8:58:01 AM PST,,Charge,,Pro Subscription (Words With Friends Solver),com.deepinkcode.wordswithfriendssolver,Subscription,prosub,,GB,,SW4 0QB,GBP,1.66,8.546500,DKK,14.19,prosub,,4994183596643847628,Yes,,,,
GPA.3319-0440-7120-40697..9,"Feb 21, 2026",8:58:01 AM PST,,Google fee,,Pro Subscription (Words With Friends Solver),com.deepinkcode.wordswithfriendssolver,Subscription,prosub,,GB,,SW4 0QB,GBP,-0.25,8.546500,DKK,-2.14,prosub,,4994183596643847628,Yes,15,SUBSCRIPTIONS,,
GPA.3317-4113-8111-24773,"Feb 21, 2026",9:24:53 AM PST,,Charge,,Pro Subscription (WF Solver),com.deepinkcode.wordfeudsolver,Subscription,prosub,r8s,NL,,7552 ZP,EUR,1.98,7.471400,DKK,14.79,prosubmonth,,4994183596643847628,Yes,,,,In-app
GPA.3317-4113-8111-24773,"Feb 21, 2026",9:24:53 AM PST,,Google fee,,Pro Subscription (WF Solver),com.deepinkcode.wordfeudsolver,Subscription,prosub,r8s,NL,,7552 ZP,EUR,-0.30,7.471400,DKK,-2.24,prosubmonth,,4994183596643847628,Yes,15,SUBSCRIPTIONS,,In-app
GPA.3303-0076-9912-92672..1,"Feb 21, 2026",9:40:24 AM PST,,Charge,,Pro Subscription (WF Solver),com.deepinkcode.wordfeudsolver,Subscription,prosub,,NL,,2408DS,EUR,1.98,7.471400,DKK,14.79,prosubmonth,,4994183596643847628,Yes,,,,
GPA.3303-0076-9912-92672..1,"Feb 21, 2026",9:40:24 AM PST,,Google fee,,Pro Subscription (WF Solver),com.deepinkcode.wordfeudsolver,Subscription,prosub,,NL,,2408DS,EUR,-0.30,7.471400,DKK,-2.24,prosubmonth,,4994183596643847628,Yes,15,SUBSCRIPTIONS,,
GPA.3360-5992-6068-17819..9,"Feb 21, 2026",10:20:49 AM PST,,Charge,,Pro Subscription (WF Solver),com.deepinkcode.wordfeudsolver,Subscription,prosub,,SE,,212 32,SEK,23.20,0.700030,DKK,16.24,prosubmonth,,4994183596643847628,Yes,,,,
GPA.3360-5992-6068-17819..9,"Feb 21, 2026",10:20:49 AM PST,,Google fee,,Pro Subscription (WF Solver),com.deepinkcode.wordfeudsolver,Subscription,prosub,,SE,,212 32,SEK,-3.48,0.700030,DKK,-2.44,prosubmonth,,4994183596643847628,Yes,15,SUBSCRIPTIONS,,
GPA.3335-6923-2974-29154..7,"Feb 21, 2026",10:33:52 AM PST,,Charge,,Pro Subscription (WF Solver),com.deepinkcode.wordfeudsolver,Subscription,prosub,,NL,,4041 BJ,EUR,1.98,7.471400,DKK,14.79,prosubmonth,,4994183596643847628,Yes,,,,
GPA.3335-6923-2974-29154..7,"Feb 21, 2026",10:33:52 AM PST,,Google fee,,Pro Subscription (WF Solver),com.deepinkcode.wordfeudsolver,Subscription,prosub,,NL,,4041 BJ,EUR,-0.30,7.471400,DKK,-2.24,prosubmonth,,4994183596643847628,Yes,15,SUBSCRIPTIONS,,
GPA.3316-0830-2167-43799..14,"Feb 21, 2026",10:42:43 AM PST,,Charge,,Pro Subscription (WF Solver),com.deepinkcode.wordfeudsolver,Subscription,prosub,,NL,,3894 BM,EUR,1.98,7.471400,DKK,14.79,prosubmonth,,4994183596643847628,Yes,,,,
GPA.3316-0830-2167-43799..14,"Feb 21, 2026",10:42:43 AM PST,,Google fee,,Pro Subscription (WF Solver),com.deepinkcode.wordfeudsolver,Subscription,prosub,,NL,,3894 BM,EUR,-0.30,7.471400,DKK,-2.24,prosubmonth,,4994183596643847628,Yes,15,SUBSCRIPTIONS,,
GPA.3358-5843-0145-41965..12,"Feb 21, 2026",11:07:20 AM PST,,Charge,,Pro Subscription (WF Solver),com.deepinkcode.wordfeudsolver,Subscription,prosub,,DK,,2720,DKK,15.20,1.000000,DKK,15.20,prosubmonth,,4994183596643847628,Yes,,,,
GPA.3358-5843-0145-41965..12,"Feb 21, 2026",11:07:20 AM PST,,Google fee,,Pro Subscription (WF Solver),com.deepinkcode.wordfeudsolver,Subscription,prosub,,DK,,2720,DKK,-2.28,1.000000,DKK,-2.28,prosubmonth,,4994183596643847628,Yes,15,SUBSCRIPTIONS,,
GPA.3336-7506-7082-60758..1,"Feb 21, 2026",11:10:54 AM PST,,Charge,,Pro Subscription (WF Solver),com.deepinkcode.wordfeudsolver,Subscription,prosub,,NO,,3075,NOK,24.00,0.665420,DKK,15.97,prosubmonth,,4994183596643847628,Yes,,,,
GPA.3336-7506-7082-60758..1,"Feb 21, 2026",11:10:54 AM PST,,Google fee,,Pro Subscription (WF Solver),com.deepinkcode.wordfeudsolver,Subscription,prosub,,NO,,3075,NOK,-3.60,0.665420,DKK,-2.40,prosubmonth,,4994183596643847628,Yes,15,SUBSCRIPTIONS,,
GPA.3327-5360-8542-99292..0,"Feb 21, 2026",11:39:15 AM PST,,Charge,,Pro Subscription (WF Solver),com.deepinkcode.wordfeudsolver,Subscription,prosub,,DK,,7755,DKK,15.20,1.000000,DKK,15.20,prosubmonth,,4994183596643847628,Yes,,,,
GPA.3327-5360-8542-99292..0,"Feb 21, 2026",11:39:15 AM PST,,Google fee,,Pro Subscription (WF Solver),com.deepinkcode.wordfeudsolver,Subscription,prosub,,DK,,7755,DKK,-2.28,1.000000,DKK,-2.28,prosubmonth,,4994183596643847628,Yes,15,SUBSCRIPTIONS,,
GPA.3333-9111-7857-58760..12,"Feb 21, 2026",11:55:17 AM PST,,Charge,,Pro Subscription (WF Solver),com.deepinkcode.wordfeudsolver,Subscription,prosub,,NL,,1015GJ,EUR,1.98,7.471400,DKK,14.79,prosubmonth,,4994183596643847628,Yes,,,,
GPA.3333-9111-7857-58760..12,"Feb 21, 2026",11:55:17 AM PST,,Google fee,,Pro Subscription (WF Solver),com.deepinkcode.wordfeudsolver,Subscription,prosub,,NL,,1015GJ,EUR,-0.30,7.471400,DKK,-2.24,prosubmonth,,4994183596643847628,Yes,15,SUBSCRIPTIONS,,
GPA.3373-8188-5187-17835..10,"Feb 21, 2026",12:02:33 PM PST,,Charge,,Pro Subscription (WF Solver),com.deepinkcode.wordfeudsolver,Subscription,prosub,,GB,,CH635JZ,GBP,1.66,8.546500,DKK,14.19,prosubmonth,,4994183596643847628,Yes,,,,
GPA.3373-8188-5187-17835..10,"Feb 21, 2026",12:02:33 PM PST,,Google fee,,Pro Subscription (WF Solver),com.deepinkcode.wordfeudsolver,Subscription,prosub,,GB,,CH635JZ,GBP,-0.25,8.546500,DKK,-2.14,prosubmonth,,4994183596643847628,Yes,15,SUBSCRIPTIONS,,
GPA.3336-0828-0062-53158..3,"Feb 21, 2026",12:21:09 PM PST,,Charge,,Pro Subscription (WF Solver),com.deepinkcode.wordfeudsolver,Subscription,prosub,,US,TX,78404,USD,2.49,6.340200,DKK,15.79,prosubmonth,,4994183596643847628,Yes,,,,
GPA.3336-0828-0062-53158..3,"Feb 21, 2026",12:21:09 PM PST,,Google fee,,Pro Subscription (WF Solver),com.deepinkcode.wordfeudsolver,Subscription,prosub,,US,TX,78404,USD,-0.37,6.340200,DKK,-2.35,prosubmonth,,4994183596643847628,Yes,15,SUBSCRIPTIONS,,
GPA.3341-7915-4276-25204..8,"Feb 21, 2026",12:37:51 PM PST,,Charge,,Pro Subscription (WF Solver),com.deepinkcode.wordfeudsolver,Subscription,prosub,,DK,,6100,DKK,15.20,1.000000,DKK,15.20,prosubmonth,,4994183596643847628,Yes,,,,
GPA.3341-7915-4276-25204..8,"Feb 21, 2026",12:37:51 PM PST,,Google fee,,Pro Subscription (WF Solver),com.deepinkcode.wordfeudsolver,Subscription,prosub,,DK,,6100,DKK,-2.28,1.000000,DKK,-2.28,prosubmonth,,4994183596643847628,Yes,15,SUBSCRIPTIONS,,
GPA.3331-7513-2028-06082..1,"Feb 21, 2026",1:06:20 PM PST,,Charge,,Pro Subscription (WF Solver),com.deepinkcode.wordfeudsolver,Subscription,prosub,,NL,,4854 CJ,EUR,1.98,7.471400,DKK,14.79,prosubmonth,,4994183596643847628,Yes,,,,
GPA.3331-7513-2028-06082..1,"Feb 21, 2026",1:06:20 PM PST,,Google fee,,Pro Subscription (WF Solver),com.deepinkcode.wordfeudsolver,Subscription,prosub,,NL,,4854 CJ,EUR,-0.30,7.471400,DKK,-2.24,prosubmonth,,4994183596643847628,Yes,15,SUBSCRIPTIONS,,
GPA.3336-4304-9605-87920..1,"Feb 21, 2026",1:29:33 PM PST,,Charge,,Pro Subscription (WF Solver),com.deepinkcode.wordfeudsolver,Subscription,prosub,,SE,,79296,SEK,22.40,0.700030,DKK,15.68,prosubmonth,,4994183596643847628,Yes,,,,
GPA.3336-4304-9605-87920..1,"Feb 21, 2026",1:29:33 PM PST,,Google fee,,Pro Subscription (WF Solver),com.deepinkcode.wordfeudsolver,Subscription,prosub,,SE,,79296,SEK,-3.36,0.700030,DKK,-2.35,prosubmonth,,4994183596643847628,Yes,15,SUBSCRIPTIONS,,
GPA.3341-0842-8825-06610..7,"Feb 21, 2026",2:33:53 PM PST,,Charge,,Pro Subscription (WF Solver),com.deepinkcode.wordfeudsolver,Subscription,prosub,,DK,,4200,DKK,15.20,1.000000,DKK,15.20,prosubmonth,,4994183596643847628,Yes,,,,
GPA.3341-0842-8825-06610..7,"Feb 21, 2026",2:33:53 PM PST,,Google fee,,Pro Subscription (WF Solver),com.deepinkcode.wordfeudsolver,Subscription,prosub,,DK,,4200,DKK,-2.28,1.000000,DKK,-2.28,prosubmonth,,4994183596643847628,Yes,15,SUBSCRIPTIONS,,
GPA.3329-4460-1018-71088,"Feb 21, 2026",2:59:21 PM PST,,Charge,,Pro Subscription (Scrabble GO Cheat),com.deepinkcode.scrabblegocheat,Subscription,prosub,pa3q,GB,,BA21 5RW,GBP,1.74,8.546500,DKK,14.87,prosubmonth,,4994183596643847628,Yes,,,,In-app
GPA.3329-4460-1018-71088,"Feb 21, 2026",2:59:21 PM PST,,Google fee,,Pro Subscription (Scrabble GO Cheat),com.deepinkcode.scrabblegocheat,Subscription,prosub,pa3q,GB,,BA21 5RW,GBP,-0.26,8.546500,DKK,-2.22,prosubmonth,,4994183596643847628,Yes,15,SUBSCRIPTIONS,,In-app
GPA.3393-3892-5749-46812..5,"Feb 21, 2026",3:15:50 PM PST,,Charge,,Pro Subscription (WF Solver),com.deepinkcode.wordfeudsolver,Subscription,prosub,,US,TX,75167,USD,2.49,6.340200,DKK,15.79,prosubmonth,,4994183596643847628,Yes,,,,
GPA.3393-3892-5749-46812..5,"Feb 21, 2026",3:15:50 PM PST,,Google fee,,Pro Subscription (WF Solver),com.deepinkcode.wordfeudsolver,Subscription,prosub,,US,TX,75167,USD,-0.37,6.340200,DKK,-2.35,prosubmonth,,4994183596643847628,Yes,15,SUBSCRIPTIONS,,
GPA.3342-3425-5506-21144..8,"Feb 21, 2026",3:22:31 PM PST,,Charge,,Pro Subscription (Words With Friends Solver),com.deepinkcode.wordswithfriendssolver,Subscription,prosub,,US,WV,25550,USD,1.99,6.340200,DKK,12.62,prosub,,4994183596643847628,Yes,,,,
GPA.3342-3425-5506-21144..8,"Feb 21, 2026",3:22:31 PM PST,,Google fee,,Pro Subscription (Words With Friends Solver),com.deepinkcode.wordswithfriendssolver,Subscription,prosub,,US,WV,25550,USD,-0.30,6.340200,DKK,-1.90,prosub,,4994183596643847628,Yes,15,SUBSCRIPTIONS,,
GPA.3326-6138-4655-41660..5,"Feb 21, 2026",4:29:27 PM PST,,Charge,,Pro Subscription (Words With Friends Solver),com.deepinkcode.wordswithfriendssolver,Subscription,prosub,,US,AK,99611,USD,2.49,6.340200,DKK,15.79,prosub,,4994183596643847628,Yes,,,,
GPA.3326-6138-4655-41660..5,"Feb 21, 2026",4:29:27 PM PST,,Google fee,,Pro Subscription (Words With Friends Solver),com.deepinkcode.wordswithfriendssolver,Subscription,prosub,,US,AK,99611,USD,-0.37,6.340200,DKK,-2.35,prosub,,4994183596643847628,Yes,15,SUBSCRIPTIONS,,
GPA.3322-1162-6808-14691..7,"Feb 21, 2026",7:12:15 PM PST,,Charge,,Pro Subscription (Words With Friends Solver),com.deepinkcode.wordswithfriendssolver,Subscription,prosub,,US,CA,92831,USD,1.99,6.340200,DKK,12.62,prosub,,4994183596643847628,Yes,,,,
GPA.3322-1162-6808-14691..7,"Feb 21, 2026",7:12:15 PM PST,,Google fee,,Pro Subscription (Words With Friends Solver),com.deepinkcode.wordswithfriendssolver,Subscription,prosub,,US,CA,92831,USD,-0.30,6.340200,DKK,-1.90,prosub,,4994183596643847628,Yes,15,SUBSCRIPTIONS,,
GPA.3358-7045-5887-70671..10,"Feb 21, 2026",7:55:47 PM PST,,Charge,,Pro Subscription (Words With Friends Solver),com.deepinkcode.wordswithfriendssolver,Subscription,prosub,,US,MI,48506,USD,1.99,6.340200,DKK,12.62,prosub,,4994183596643847628,Yes,,,,
GPA.3358-7045-5887-70671..10,"Feb 21, 2026",7:55:47 PM PST,,Google fee,,Pro Subscription (Words With Friends Solver),com.deepinkcode.wordswithfriendssolver,Subscription,prosub,,US,MI,48506,USD,-0.30,6.340200,DKK,-1.90,prosub,,4994183596643847628,Yes,15,SUBSCRIPTIONS,,
GPA.3308-2018-1888-97215,"Feb 21, 2026",8:52:15 PM PST,,Charge,,Pro Subscription (Words With Friends Solver),com.deepinkcode.wordswithfriendssolver,Subscription,prosub,e1s,AU,,6000,AUD,3.63,4.489800,DKK,16.30,prosub,,4994183596643847628,Yes,,,,In-app
GPA.3308-2018-1888-97215,"Feb 21, 2026",8:52:15 PM PST,,Google fee,,Pro Subscription (Words With Friends Solver),com.deepinkcode.wordswithfriendssolver,Subscription,prosub,e1s,AU,,6000,AUD,-0.54,4.489800,DKK,-2.42,prosub,,4994183596643847628,Yes,15,SUBSCRIPTIONS,,In-app
GPA.3352-2802-6068-88960..12,"Feb 21, 2026",8:56:45 PM PST,,Charge,,Pro Subscription (WF Solver),com.deepinkcode.wordfeudsolver,Subscription,prosub,,SE,,196 30,SEK,23.20,0.700030,DKK,16.24,prosubmonth,,4994183596643847628,Yes,,,,
GPA.3352-2802-6068-88960..12,"Feb 21, 2026",8:56:45 PM PST,,Google fee,,Pro Subscription (WF Solver),com.deepinkcode.wordfeudsolver,Subscription,prosub,,SE,,196 30,SEK,-3.48,0.700030,DKK,-2.44,prosubmonth,,4994183596643847628,Yes,15,SUBSCRIPTIONS,,
GPA.3345-1158-1931-78566..6,"Feb 21, 2026",8:59:22 PM PST,,Charge,,Pro Subscription (WF Solver),com.deepinkcode.wordfeudsolver,Subscription,prosub,,NL,,6824 PR,EUR,1.98,7.471400,DKK,14.79,prosubmonth,,4994183596643847628,Yes,,,,
GPA.3345-1158-1931-78566..6,"Feb 21, 2026",8:59:22 PM PST,,Google fee,,Pro Subscription (WF Solver),com.deepinkcode.wordfeudsolver,Subscription,prosub,,NL,,6824 PR,EUR,-0.30,7.471400,DKK,-2.24,prosubmonth,,4994183596643847628,Yes,15,SUBSCRIPTIONS,,
GPA.3304-5756-6405-00652,"Feb 21, 2026",9:00:06 PM PST,,Charge,,Pro (WF Solver),com.deepinkcode.wordfeudsolver,One-time product,pro,OP5D49L1,NO,,2975,NOK,287.20,0.665420,DKK,191.11,legacy-base,,4994183596643847628,Yes,,,,In-app
GPA.3304-5756-6405-00652,"Feb 21, 2026",9:00:06 PM PST,,Google fee,,Pro (WF Solver),com.deepinkcode.wordfeudsolver,One-time product,pro,OP5D49L1,NO,,2975,NOK,-43.08,0.665420,DKK,-28.67,legacy-base,,4994183596643847628,Yes,15,,,In-app
GPA.3311-8284-7845-18076..1,"Feb 21, 2026",9:43:11 PM PST,,Charge,,Pro Subscription (Words With Friends Solver),com.deepinkcode.wordswithfriendssolver,Subscription,prosub,,US,NV,89015,USD,2.49,6.340200,DKK,15.79,prosub,,4994183596643847628,Yes,,,,
GPA.3311-8284-7845-18076..1,"Feb 21, 2026",9:43:11 PM PST,,Google fee,,Pro Subscription (Words With Friends Solver),com.deepinkcode.wordswithfriendssolver,Subscription,prosub,,US,NV,89015,USD,-0.37,6.340200,DKK,-2.35,prosub,,4994183596643847628,Yes,15,SUBSCRIPTIONS,,
GPA.3314-5961-9491-65053..0,"Feb 21, 2026",10:00:53 PM PST,,Charge,,Pro Subscription (WF Solver),com.deepinkcode.wordfeudsolver,Subscription,prosub,,DK,,9430,DKK,15.20,1.000000,DKK,15.20,prosubmonth,,4994183596643847628,Yes,,,,
GPA.3314-5961-9491-65053..0,"Feb 21, 2026",10:00:53 PM PST,,Google fee,,Pro Subscription (WF Solver),com.deepinkcode.wordfeudsolver,Subscription,prosub,,DK,,9430,DKK,-2.28,1.000000,DKK,-2.28,prosubmonth,,4994183596643847628,Yes,15,SUBSCRIPTIONS,,
GPA.3340-0530-1961-93945..9,"Feb 21, 2026",11:59:04 PM PST,,Charge,,Pro Subscription (WF Solver),com.deepinkcode.wordfeudsolver,Subscription,prosub,,NL,,3951CB,EUR,1.98,7.471400,DKK,14.79,prosubmonth,,4994183596643847628,Yes,,,,
GPA.3340-0530-1961-93945..9,"Feb 21, 2026",11:59:04 PM PST,,Google fee,,Pro Subscription (WF Solver),com.deepinkcode.wordfeudsolver,Subscription,prosub,,NL,,3951CB,EUR,-0.30,7.471400,DKK,-2.24,prosubmonth,,4994183596643847628,Yes,15,SUBSCRIPTIONS,,
GPA.3399-7033-1840-85820..6,"Feb 22, 2026",12:41:16 AM PST,,Charge,,Pro Subscription (WF Solver),com.deepinkcode.wordfeudsolver,Subscription,prosub,,NO,,3070,NOK,24.00,0.665420,DKK,15.97,prosubmonth,,4994183596643847628,Yes,,,,
GPA.3399-7033-1840-85820..6,"Feb 22, 2026",12:41:16 AM PST,,Google fee,,Pro Subscription (WF Solver),com.deepinkcode.wordfeudsolver,Subscription,prosub,,NO,,3070,NOK,-3.60,0.665420,DKK,-2.40,prosubmonth,,4994183596643847628,Yes,15,SUBSCRIPTIONS,,
GPA.3315-3561-7930-27788..4,"Feb 22, 2026",2:26:27 AM PST,,Charge,,Pro Subscription (WF Solver),com.deepinkcode.wordfeudsolver,Subscription,prosub,,FI,,90650,EUR,1.98,7.471400,DKK,14.79,prosubmonth,,4994183596643847628,Yes,,,,
GPA.3315-3561-7930-27788..4,"Feb 22, 2026",2:26:27 AM PST,,Google fee,,Pro Subscription (WF Solver),com.deepinkcode.wordfeudsolver,Subscription,prosub,,FI,,90650,EUR,-0.30,7.471400,DKK,-2.24,prosubmonth,,4994183596643847628,Yes,15,SUBSCRIPTIONS,,
GPA.3302-0281-4036-27622,"Feb 22, 2026",3:17:21 AM PST,,Charge,,Pro Subscription (WF Solver),com.deepinkcode.wordfeudsolver,Subscription,prosub,e1s,NL,,2284 JE,EUR,1.98,7.471400,DKK,14.79,prosubmonth,,4994183596643847628,Yes,,,,In-app
GPA.3302-0281-4036-27622,"Feb 22, 2026",3:17:21 AM PST,,Google fee,,Pro Subscription (WF Solver),com.deepinkcode.wordfeudsolver,Subscription,prosub,e1s,NL,,2284 JE,EUR,-0.30,7.471400,DKK,-2.24,prosubmonth,,4994183596643847628,Yes,15,SUBSCRIPTIONS,,In-app
GPA.3393-2912-9495-99944..7,"Feb 22, 2026",3:53:13 AM PST,,Charge,,Pro Subscription (Words With Friends Solver),com.deepinkcode.wordswithfriendssolver,Subscription,prosub,,US,OR,97702,USD,1.99,6.340200,DKK,12.62,prosub,,4994183596643847628,Yes,,,,
GPA.3393-2912-9495-99944..7,"Feb 22, 2026",3:53:13 AM PST,,Google fee,,Pro Subscription (Words With Friends Solver),com.deepinkcode.wordswithfriendssolver,Subscription,prosub,,US,OR,97702,USD,-0.30,6.340200,DKK,-1.90,prosub,,4994183596643847628,Yes,15,SUBSCRIPTIONS,,
GPA.3355-8099-0726-94041..6,"Feb 22, 2026",4:20:50 AM PST,,Charge,,Pro Subscription (WF Solver),com.deepinkcode.wordfeudsolver,Subscription,prosub,,DK,,4652,DKK,15.20,1.000000,DKK,15.20,prosubmonth,,4994183596643847628,Yes,,,,
GPA.3355-8099-0726-94041..6,"Feb 22, 2026",4:20:50 AM PST,,Google fee,,Pro Subscription (WF Solver),com.deepinkcode.wordfeudsolver,Subscription,prosub,,DK,,4652,DKK,-2.28,1.000000,DKK,-2.28,prosubmonth,,4994183596643847628,Yes,15,SUBSCRIPTIONS,,
GPA.3317-0190-5175-49848..8,"Feb 22, 2026",5:00:30 AM PST,,Charge,,Pro Subscription (WF Solver),com.deepinkcode.wordfeudsolver,Subscription,prosub,,SE,,54162,SEK,23.20,0.700030,DKK,16.24,prosubmonth,,4994183596643847628,Yes,,,,
GPA.3317-0190-5175-49848..8,"Feb 22, 2026",5:00:30 AM PST,,Google fee,,Pro Subscription (WF Solver),com.deepinkcode.wordfeudsolver,Subscription,prosub,,SE,,54162,SEK,-3.48,0.700030,DKK,-2.44,prosubmonth,,4994183596643847628,Yes,15,SUBSCRIPTIONS,,
GPA.3385-0020-0902-29457..7,"Feb 22, 2026",6:17:28 AM PST,,Charge,,Pro Subscription (WF Solver),com.deepinkcode.wordfeudsolver,Subscription,prosub,,NL,,8301AS,EUR,1.98,7.471400,DKK,14.79,prosubmonth,,4994183596643847628,Yes,,,,
GPA.3385-0020-0902-29457..7,"Feb 22, 2026",6:17:28 AM PST,,Google fee,,Pro Subscription (WF Solver),com.deepinkcode.wordfeudsolver,Subscription,prosub,,NL,,8301AS,EUR,-0.30,7.471400,DKK,-2.24,prosubmonth,,4994183596643847628,Yes,15,SUBSCRIPTIONS,,
GPA.3321-3514-5738-31692..1,"Feb 22, 2026",6:19:41 AM PST,,Charge,,Pro Subscription (WF Solver),com.deepinkcode.wordfeudsolver,Subscription,prosub,,NL,,7041 XB,EUR,1.98,7.471400,DKK,14.79,prosubmonth,,4994183596643847628,Yes,,,,
GPA.3321-3514-5738-31692..1,"Feb 22, 2026",6:19:41 AM PST,,Google fee,,Pro Subscription (WF Solver),com.deepinkcode.wordfeudsolver,Subscription,prosub,,NL,,7041 XB,EUR,-0.30,7.471400,DKK,-2.24,prosubmonth,,4994183596643847628,Yes,15,SUBSCRIPTIONS,,
GPA.3398-2775-4877-75340,"Feb 22, 2026",7:32:20 AM PST,,Charge,,Pro (WF Solver),com.deepinkcode.wordfeudsolver,One-time product,pro,r8q,NL,,3642CJ,EUR,23.96,7.471400,DKK,179.01,legacy-base,,4994183596643847628,Yes,,,,In-app
GPA.3398-2775-4877-75340,"Feb 22, 2026",7:32:20 AM PST,,Google fee,,Pro (WF Solver),com.deepinkcode.wordfeudsolver,One-time product,pro,r8q,NL,,3642CJ,EUR,-3.59,7.471400,DKK,-26.82,legacy-base,,4994183596643847628,Yes,15,,,In-app
GPA.3394-5003-6329-70120,"Feb 22, 2026",7:41:38 AM PST,,Charge,,Pro Subscription (WF Solver),com.deepinkcode.wordfeudsolver,Subscription,prosub,e1s,SE,,802 60,SEK,22.40,0.700030,DKK,15.68,prosubmonth,,4994183596643847628,Yes,,,,In-app
GPA.3394-5003-6329-70120,"Feb 22, 2026",7:41:38 AM PST,,Google fee,,Pro Subscription (WF Solver),com.deepinkcode.wordfeudsolver,Subscription,prosub,e1s,SE,,802 60,SEK,-3.36,0.700030,DKK,-2.35,prosubmonth,,4994183596643847628,Yes,15,SUBSCRIPTIONS,,In-app
GPA.3300-0896-4569-07552..2,"Feb 22, 2026",7:51:03 AM PST,,Charge,,Pro Subscription (WF Solver),com.deepinkcode.wordfeudsolver,Subscription,prosub,,DK,,8270,DKK,15.20,1.000000,DKK,15.20,prosubmonth,,4994183596643847628,Yes,,,,
GPA.3300-0896-4569-07552..2,"Feb 22, 2026",7:51:03 AM PST,,Google fee,,Pro Subscription (WF Solver),com.deepinkcode.wordfeudsolver,Subscription,prosub,,DK,,8270,DKK,-2.28,1.000000,DKK,-2.28,prosubmonth,,4994183596643847628,Yes,15,SUBSCRIPTIONS,,
GPA.3394-6872-1469-53971..6,"Feb 22, 2026",8:23:55 AM PST,,Charge,,Pro Subscription (WF Solver),com.deepinkcode.wordfeudsolver,Subscription,prosub,,NL,,1964EM,EUR,1.98,7.471400,DKK,14.79,prosubmonth,,4994183596643847628,Yes,,,,
GPA.3394-6872-1469-53971..6,"Feb 22, 2026",8:23:55 AM PST,,Google fee,,Pro Subscription (WF Solver),com.deepinkcode.wordfeudsolver,Subscription,prosub,,NL,,1964EM,EUR,-0.30,7.471400,DKK,-2.24,prosubmonth,,4994183596643847628,Yes,15,SUBSCRIPTIONS,,
GPA.3357-7998-8847-08798..10,"Feb 22, 2026",10:22:41 AM PST,,Charge,,Pro Subscription (Words With Friends Solver),com.deepinkcode.wordswithfriendssolver,Subscription,prosub,,US,LA,70392,USD,1.99,6.340200,DKK,12.62,prosub,,4994183596643847628,Yes,,,,
GPA.3357-7998-8847-08798..10,"Feb 22, 2026",10:22:41 AM PST,,Google fee,,Pro Subscription (Words With Friends Solver),com.deepinkcode.wordswithfriendssolver,Subscription,prosub,,US,LA,70392,USD,-0.30,6.340200,DKK,-1.90,prosub,,4994183596643847628,Yes,15,SUBSCRIPTIONS,,
GPA.3303-0348-1598-61919..0,"Feb 22, 2026",10:32:55 AM PST,,Charge,,Pro Subscription (WF Solver),com.deepinkcode.wordfeudsolver,Subscription,prosub,,SE,,72344,SEK,22.40,0.700030,DKK,15.68,prosubmonth,,4994183596643847628,Yes,,,,
GPA.3303-0348-1598-61919..0,"Feb 22, 2026",10:32:55 AM PST,,Google fee,,Pro Subscription (WF Solver),com.deepinkcode.wordfeudsolver,Subscription,prosub,,SE,,72344,SEK,-3.36,0.700030,DKK,-2.35,prosubmonth,,4994183596643847628,Yes,15,SUBSCRIPTIONS,,
GPA.3358-6522-1465-16149..1,"Feb 22, 2026",10:53:09 AM PST,,Charge,,Pro Subscription (WF Solver),com.deepinkcode.wordfeudsolver,Subscription,prosub,,SE,,186 37,SEK,22.40,0.700030,DKK,15.68,prosubmonth,,4994183596643847628,Yes,,,,
GPA.3358-6522-1465-16149..1,"Feb 22, 2026",10:53:09 AM PST,,Google fee,,Pro Subscription (WF Solver),com.deepinkcode.wordfeudsolver,Subscription,prosub,,SE,,186 37,SEK,-3.36,0.700030,DKK,-2.35,prosubmonth,,4994183596643847628,Yes,15,SUBSCRIPTIONS,,
GPA.3309-0873-1191-84078..1,"Feb 22, 2026",11:08:56 AM PST,,Charge,,Pro Subscription (WF Solver),com.deepinkcode.wordfeudsolver,Subscription,prosub,,NL,,6836 MT,EUR,1.98,7.471400,DKK,14.79,prosubmonth,,4994183596643847628,Yes,,,,
GPA.3309-0873-1191-84078..1,"Feb 22, 2026",11:08:56 AM PST,,Google fee,,Pro Subscription (WF Solver),com.deepinkcode.wordfeudsolver,Subscription,prosub,,NL,,6836 MT,EUR,-0.30,7.471400,DKK,-2.24,prosubmonth,,4994183596643847628,Yes,15,SUBSCRIPTIONS,,
GPA.3391-1588-2992-74203..7,"Feb 22, 2026",11:26:08 AM PST,,Charge,,Pro Subscription (WF Solver),com.deepinkcode.wordfeudsolver,Subscription,prosub,,SE,,51199,SEK,23.20,0.700030,DKK,16.24,prosubmonth,,4994183596643847628,Yes,,,,
GPA.3391-1588-2992-74203..7,"Feb 22, 2026",11:26:08 AM PST,,Google fee,,Pro Subscription (WF Solver),com.deepinkcode.wordfeudsolver,Subscription,prosub,,SE,,51199,SEK,-3.48,0.700030,DKK,-2.44,prosubmonth,,4994183596643847628,Yes,15,SUBSCRIPTIONS,,
GPA.3366-3444-4268-93978..3,"Feb 22, 2026",12:24:30 PM PST,,Charge,,Pro Subscription (WF Solver),com.deepinkcode.wordfeudsolver,Subscription,prosub,,NL,,3079WJ,EUR,1.98,7.478000,DKK,14.81,prosubmonth,,4994183596643847628,Yes,,,,
GPA.3366-3444-4268-93978..3,"Feb 22, 2026",12:24:30 PM PST,,Google fee,,Pro Subscription (WF Solver),com.deepinkcode.wordfeudsolver,Subscription,prosub,,NL,,3079WJ,EUR,-0.30,7.478000,DKK,-2.25,prosubmonth,,4994183596643847628,Yes,15,SUBSCRIPTIONS,,
GPA.3329-8102-5662-73610..2,"Feb 22, 2026",12:50:08 PM PST,,Charge,,Pro Subscription (WF Solver),com.deepinkcode.wordfeudsolver,Subscription,prosub,,DK,,8200,DKK,15.20,1.000000,DKK,15.20,prosubmonth,,4994183596643847628,Yes,,,,
GPA.3329-8102-5662-73610..2,"Feb 22, 2026",12:50:08 PM PST,,Google fee,,Pro Subscription (WF Solver),com.deepinkcode.wordfeudsolver,Subscription,prosub,,DK,,8200,DKK,-2.28,1.000000,DKK,-2.28,prosubmonth,,4994183596643847628,Yes,15,SUBSCRIPTIONS,,
GPA.3324-9559-5184-65350,"Feb 22, 2026",12:50:48 PM PST,,Charge,,Pro (WF Solver),com.deepinkcode.wordfeudsolver,One-time product,pro,pa3q,NO,,3174,NOK,287.20,0.665420,DKK,191.11,legacy-base,,4994183596643847628,Yes,,,,In-app
GPA.3324-9559-5184-65350,"Feb 22, 2026",12:50:48 PM PST,,Google fee,,Pro (WF Solver),com.deepinkcode.wordfeudsolver,One-time product,pro,pa3q,NO,,3174,NOK,-43.08,0.665420,DKK,-28.67,legacy-base,,4994183596643847628,Yes,15,,,In-app
GPA.3389-7668-1671-27819..5,"Feb 22, 2026",12:55:27 PM PST,,Charge,,Pro Subscription (WF Solver),com.deepinkcode.wordfeudsolver,Subscription,prosub,,SE,,616 31,SEK,22.40,0.700030,DKK,15.68,prosubmonth,,4994183596643847628,Yes,,,,
GPA.3389-7668-1671-27819..5,"Feb 22, 2026",12:55:27 PM PST,,Google fee,,Pro Subscription (WF Solver),com.deepinkcode.wordfeudsolver,Subscription,prosub,,SE,,616 31,SEK,-3.36,0.700030,DKK,-2.35,prosubmonth,,4994183596643847628,Yes,15,SUBSCRIPTIONS,,
GPA.3398-0408-4726-18198..2,"Feb 22, 2026",12:58:58 PM PST,,Charge,,Pro Subscription (WF Solver),com.deepinkcode.wordfeudsolver,Subscription,prosub,,SE,,72467,SEK,22.40,0.700030,DKK,15.68,prosubmonth,,4994183596643847628,Yes,,,,
GPA.3398-0408-4726-18198..2,"Feb 22, 2026",12:58:58 PM PST,,Google fee,,Pro Subscription (WF Solver),com.deepinkcode.wordfeudsolver,Subscription,prosub,,SE,,72467,SEK,-3.36,0.700030,DKK,-2.35,prosubmonth,,4994183596643847628,Yes,15,SUBSCRIPTIONS,,
GPA.3314-0513-7301-21145..2,"Feb 22, 2026",1:24:36 PM PST,,Charge,,Pro Subscription (WF Solver),com.deepinkcode.wordfeudsolver,Subscription,prosub,,BE,,2600,EUR,1.98,7.476300,DKK,14.80,prosubmonth,,4994183596643847628,Yes,,,,
GPA.3314-0513-7301-21145..2,"Feb 22, 2026",1:24:36 PM PST,,Google fee,,Pro Subscription (WF Solver),com.deepinkcode.wordfeudsolver,Subscription,prosub,,BE,,2600,EUR,-0.30,7.476300,DKK,-2.24,prosubmonth,,4994183596643847628,Yes,15,SUBSCRIPTIONS,,
GPA.3348-2544-8985-49964..3,"Feb 22, 2026",1:39:54 PM PST,,Charge,,Pro Subscription (WF Solver),com.deepinkcode.wordfeudsolver,Subscription,prosub,,NL,,3751AB,EUR,1.98,7.476300,DKK,14.80,prosubmonth,,4994183596643847628,Yes,,,,
GPA.3348-2544-8985-49964..3,"Feb 22, 2026",1:39:54 PM PST,,Google fee,,Pro Subscription (WF Solver),com.deepinkcode.wordfeudsolver,Subscription,prosub,,NL,,3751AB,EUR,-0.30,7.476300,DKK,-2.24,prosubmonth,,4994183596643847628,Yes,15,SUBSCRIPTIONS,,
GPA.3301-8135-8780-87146..7,"Feb 22, 2026",1:48:26 PM PST,,Charge,,Pro Subscription (WF Solver),com.deepinkcode.wordfeudsolver,Subscription,prosub,,NO,,1283,NOK,24.00,0.665420,DKK,15.97,prosubmonth,,4994183596643847628,Yes,,,,
GPA.3301-8135-8780-87146..7,"Feb 22, 2026",1:48:26 PM PST,,Google fee,,Pro Subscription (WF Solver),com.deepinkcode.wordfeudsolver,Subscription,prosub,,NO,,1283,NOK,-3.60,0.665420,DKK,-2.40,prosubmonth,,4994183596643847628,Yes,15,SUBSCRIPTIONS,,
GPA.3368-6706-6934-52719..4,"Feb 22, 2026",2:05:06 PM PST,,Charge,,Pro Subscription (Words With Friends Solver),com.deepinkcode.wordswithfriendssolver,Subscription,prosub,,US,CA,92503,USD,2.49,6.332100,DKK,15.77,prosub,,4994183596643847628,Yes,,,,
GPA.3368-6706-6934-52719..4,"Feb 22, 2026",2:05:06 PM PST,,Google fee,,Pro Subscription (Words With Friends Solver),com.deepinkcode.wordswithfriendssolver,Subscription,prosub,,US,CA,92503,USD,-0.37,6.332100,DKK,-2.34,prosub,,4994183596643847628,Yes,15,SUBSCRIPTIONS,,
GPA.3315-3916-0907-72391,"Feb 22, 2026",2:10:44 PM PST,,Charge,,Pro Subscription (Words With Friends Solver),com.deepinkcode.wordswithfriendssolver,Subscription,prosub,e3q,US,KS,66701,USD,2.49,6.332100,DKK,15.77,prosub,,4994183596643847628,Yes,,,,In-app
GPA.3315-3916-0907-72391,"Feb 22, 2026",2:10:44 PM PST,,Google fee,,Pro Subscription (Words With Friends Solver),com.deepinkcode.wordswithfriendssolver,Subscription,prosub,e3q,US,KS,66701,USD,-0.37,6.332100,DKK,-2.34,prosub,,4994183596643847628,Yes,15,SUBSCRIPTIONS,,In-app
GPA.3398-9829-3292-76168..1,"Feb 22, 2026",2:32:44 PM PST,,Charge,,Pro Subscription (WF Solver),com.deepinkcode.wordfeudsolver,Subscription,prosub,,SE,,38430,SEK,22.40,0.700310,DKK,15.69,prosubmonth,,4994183596643847628,Yes,,,,
GPA.3398-9829-3292-76168..1,"Feb 22, 2026",2:32:44 PM PST,,Google fee,,Pro Subscription (WF Solver),com.deepinkcode.wordfeudsolver,Subscription,prosub,,SE,,38430,SEK,-3.36,0.700310,DKK,-2.36,prosubmonth,,4994183596643847628,Yes,15,SUBSCRIPTIONS,,
GPA.3325-4502-1796-17345..11,"Feb 22, 2026",2:47:09 PM PST,,Charge,,Pro Subscription (WF Solver),com.deepinkcode.wordfeudsolver,Subscription,prosub,,NL,,3089 PZ,EUR,1.98,7.471100,DKK,14.79,prosubmonth,,4994183596643847628,Yes,,,,
GPA.3325-4502-1796-17345..11,"Feb 22, 2026",2:47:09 PM PST,,Google fee,,Pro Subscription (WF Solver),com.deepinkcode.wordfeudsolver,Subscription,prosub,,NL,,3089 PZ,EUR,-0.30,7.471100,DKK,-2.24,prosubmonth,,4994183596643847628,Yes,15,SUBSCRIPTIONS,,
GPA.3305-5694-8929-73237,"Feb 22, 2026",3:25:00 PM PST,,Charge,,Pro Subscription (Words With Friends Solver),com.deepinkcode.wordswithfriendssolver,Subscription,prosub,b5q,US,LA,71458,USD,2.49,6.334000,DKK,15.77,prosub,,4994183596643847628,Yes,,,,In-app
GPA.3305-5694-8929-73237,"Feb 22, 2026",3:25:00 PM PST,,Google fee,,Pro Subscription (Words With Friends Solver),com.deepinkcode.wordswithfriendssolver,Subscription,prosub,b5q,US,LA,71458,USD,-0.37,6.334000,DKK,-2.34,prosub,,4994183596643847628,Yes,15,SUBSCRIPTIONS,,In-app
GPA.3342-4054-2135-25539..6,"Feb 22, 2026",3:28:24 PM PST,,Charge,,Pro Subscription (WF Solver),com.deepinkcode.wordfeudsolver,Subscription,prosub,,NL,,6464ED,EUR,1.98,7.471600,DKK,14.79,prosubmonth,,4994183596643847628,Yes,,,,
GPA.3342-4054-2135-25539..6,"Feb 22, 2026",3:28:24 PM PST,,Google fee,,Pro Subscription (WF Solver),com.deepinkcode.wordfeudsolver,Subscription,prosub,,NL,,6464ED,EUR,-0.30,7.471600,DKK,-2.24,prosubmonth,,4994183596643847628,Yes,15,SUBSCRIPTIONS,,
GPA.3386-3940-0624-02162..2,"Feb 22, 2026",3:44:40 PM PST,,Charge,,Pro Subscription (Words With Friends Solver),com.deepinkcode.wordswithfriendssolver,Subscription,prosub,,US,VA,23462,USD,2.49,6.334000,DKK,15.77,prosub,,4994183596643847628,Yes,,,,
GPA.3386-3940-0624-02162..2,"Feb 22, 2026",3:44:40 PM PST,,Google fee,,Pro Subscription (Words With Friends Solver),com.deepinkcode.wordswithfriendssolver,Subscription,prosub,,US,VA,23462,USD,-0.37,6.334000,DKK,-2.34,prosub,,4994183596643847628,Yes,15,SUBSCRIPTIONS,,
GPA.3364-9793-6780-30531,"Feb 22, 2026",4:13:41 PM PST,,Charge,,Pro Subscription (WF Solver),com.deepinkcode.wordfeudsolver,Subscription,prosub,r0s,NL,,3075 PS,EUR,1.98,7.470800,DKK,14.79,prosubmonth,,4994183596643847628,Yes,,,,In-app
GPA.3364-9793-6780-30531,"Feb 22, 2026",4:13:41 PM PST,,Google fee,,Pro Subscription (WF Solver),com.deepinkcode.wordfeudsolver,Subscription,prosub,r0s,NL,,3075 PS,EUR,-0.30,7.470800,DKK,-2.24,prosubmonth,,4994183596643847628,Yes,15,SUBSCRIPTIONS,,In-app
GPA.3375-1012-6477-91392..0,"Feb 22, 2026",5:04:10 PM PST,,Charge,,Pro Subscription (WF Solver),com.deepinkcode.wordfeudsolver,Subscription,prosub,,SE,,784 72,SEK,22.40,0.700740,DKK,15.70,prosubmonth,,4994183596643847628,Yes,,,,
GPA.3375-1012-6477-91392..0,"Feb 22, 2026",5:04:10 PM PST,,Google fee,,Pro Subscription (WF Solver),com.deepinkcode.wordfeudsolver,Subscription,prosub,,SE,,784 72,SEK,-3.36,0.700740,DKK,-2.36,prosubmonth,,4994183596643847628,Yes,15,SUBSCRIPTIONS,,
GPA.3318-3270-5009-31224..1,"Feb 22, 2026",5:09:51 PM PST,,Charge,,Pro Subscription (Words With Friends Solver),com.deepinkcode.wordswithfriendssolver,Subscription,prosub,,US,LA,70374,USD,2.49,6.315200,DKK,15.72,prosub,,4994183596643847628,Yes,,,,
GPA.3318-3270-5009-31224..1,"Feb 22, 2026",5:09:51 PM PST,,Google fee,,Pro Subscription (Words With Friends Solver),com.deepinkcode.wordswithfriendssolver,Subscription,prosub,,US,LA,70374,USD,-0.37,6.315200,DKK,-2.34,prosub,,4994183596643847628,Yes,15,SUBSCRIPTIONS,,
GPA.3321-8680-5595-45730,"Feb 22, 2026",5:54:28 PM PST,,Charge,,Pro (Words With Friends Solver),com.deepinkcode.wordswithfriendssolver,One-time product,pro,pa3q,US,MI,48312,USD,27.99,6.315200,DKK,176.76,legacy-base,,4994183596643847628,Yes,,,,In-app
GPA.3321-8680-5595-45730,"Feb 22, 2026",5:54:28 PM PST,,Google fee,,Pro (Words With Friends Solver),com.deepinkcode.wordswithfriendssolver,One-time product,pro,pa3q,US,MI,48312,USD,-4.20,6.315200,DKK,-26.52,legacy-base,,4994183596643847628,Yes,15,,,In-app
GPA.3371-9838-6200-91505..4,"Feb 22, 2026",6:29:12 PM PST,,Charge,,Pro Subscription (Words With Friends Solver),com.deepinkcode.wordswithfriendssolver,Subscription,prosub,,US,AZ,85120,USD,2.49,6.315600,DKK,15.73,prosub,,4994183596643847628,Yes,,,,
GPA.3371-9838-6200-91505..4,"Feb 22, 2026",6:29:12 PM PST,,Google fee,,Pro Subscription (Words With Friends Solver),com.deepinkcode.wordswithfriendssolver,Subscription,prosub,,US,AZ,85120,USD,-0.37,6.315600,DKK,-2.34,prosub,,4994183596643847628,Yes,15,SUBSCRIPTIONS,,
GPA.3372-1729-2672-23824..1,"Feb 22, 2026",9:12:31 PM PST,,Charge,,Pro Subscription (Words With Friends Solver),com.deepinkcode.wordswithfriendssolver,Subscription,prosub,,US,GA,31415,USD,2.49,6.319800,DKK,15.74,prosub,,4994183596643847628,Yes,,,,
GPA.3372-1729-2672-23824..1,"Feb 22, 2026",9:12:31 PM PST,,Google fee,,Pro Subscription (Words With Friends Solver),com.deepinkcode.wordswithfriendssolver,Subscription,prosub,,US,GA,31415,USD,-0.37,6.319800,DKK,-2.34,prosub,,4994183596643847628,Yes,15,SUBSCRIPTIONS,,
GPA.3338-7828-6183-00063..1,"Feb 22, 2026",9:37:48 PM PST,,Charge,,Pro Subscription (WF Solver),com.deepinkcode.wordfeudsolver,Subscription,prosub,,SE,,43279,SEK,22.40,0.700030,DKK,15.68,prosubmonth,,4994183596643847628,Yes,,,,
GPA.3338-7828-6183-00063..1,"Feb 22, 2026",9:37:48 PM PST,,Google fee,,Pro Subscription (WF Solver),com.deepinkcode.wordfeudsolver,Subscription,prosub,,SE,,43279,SEK,-3.36,0.700030,DKK,-2.35,prosubmonth,,4994183596643847628,Yes,15,SUBSCRIPTIONS,,
GPA.3353-0298-6306-48618..3,"Feb 22, 2026",10:59:57 PM PST,,Charge,,Pro Subscription (WF Solver),com.deepinkcode.wordfeudsolver,Subscription,prosub,,SE,,124 64,SEK,22.40,0.699890,DKK,15.68,prosubmonth,,4994183596643847628,Yes,,,,
GPA.3353-0298-6306-48618..3,"Feb 22, 2026",10:59:57 PM PST,,Google fee,,Pro Subscription (WF Solver),com.deepinkcode.wordfeudsolver,Subscription,prosub,,SE,,124 64,SEK,-3.36,0.699890,DKK,-2.35,prosubmonth,,4994183596643847628,Yes,15,SUBSCRIPTIONS,,
GPA.3368-8608-2752-30114..6,"Feb 23, 2026",1:51:51 AM PST,,Charge,,Pro Subscription (WF Solver),com.deepinkcode.wordfeudsolver,Subscription,prosub,,NL,,5348 GC,EUR,1.98,7.471400,DKK,14.79,prosubmonth,,4994183596643847628,Yes,,,,
GPA.3368-8608-2752-30114..6,"Feb 23, 2026",1:51:51 AM PST,,Google fee,,Pro Subscription (WF Solver),com.deepinkcode.wordfeudsolver,Subscription,prosub,,NL,,5348 GC,EUR,-0.30,7.471400,DKK,-2.24,prosubmonth,,4994183596643847628,Yes,15,SUBSCRIPTIONS,,
GPA.3311-6609-7970-06146..0,"Feb 23, 2026",2:07:24 AM PST,,Charge,,Pro Subscription (WF Solver),com.deepinkcode.wordfeudsolver,Subscription,prosub,,SE,,43442,SEK,22.40,0.699850,DKK,15.68,prosubmonth,,4994183596643847628,Yes,,,,
GPA.3311-6609-7970-06146..0,"Feb 23, 2026",2:07:24 AM PST,,Google fee,,Pro Subscription (WF Solver),com.deepinkcode.wordfeudsolver,Subscription,prosub,,SE,,43442,SEK,-3.36,0.699850,DKK,-2.35,prosubmonth,,4994183596643847628,Yes,15,SUBSCRIPTIONS,,
GPA.3381-1274-6762-39233..12,"Feb 23, 2026",2:07:51 AM PST,,Charge,,Pro Subscription (WF Solver),com.deepinkcode.wordfeudsolver,Subscription,prosub,,NL,,5044 PM,EUR,1.98,7.471400,DKK,14.79,prosubmonth,,4994183596643847628,Yes,,,,
GPA.3381-1274-6762-39233..12,"Feb 23, 2026",2:07:51 AM PST,,Google fee,,Pro Subscription (WF Solver),com.deepinkcode.wordfeudsolver,Subscription,prosub,,NL,,5044 PM,EUR,-0.30,7.471400,DKK,-2.24,prosubmonth,,4994183596643847628,Yes,15,SUBSCRIPTIONS,,
GPA.3317-9669-8991-59536..3,"Feb 23, 2026",4:08:01 AM PST,,Charge,,Pro Subscription (WF Solver),com.deepinkcode.wordfeudsolver,Subscription,prosub,,SE,,61994,SEK,22.40,0.698680,DKK,15.65,prosubmonth,,4994183596643847628,Yes,,,,
GPA.3317-9669-8991-59536..3,"Feb 23, 2026",4:08:01 AM PST,,Google fee,,Pro Subscription (WF Solver),com.deepinkcode.wordfeudsolver,Subscription,prosub,,SE,,61994,SEK,-3.36,0.698680,DKK,-2.35,prosubmonth,,4994183596643847628,Yes,15,SUBSCRIPTIONS,,
GPA.3309-5395-8311-11872,"Feb 23, 2026",4:31:40 AM PST,,Charge,,Pro Subscription (WF Solver),com.deepinkcode.wordfeudsolver,Subscription,prosub,o1s,SE,,73394,SEK,22.40,0.698680,DKK,15.65,prosubmonth,,4994183596643847628,Yes,,,,In-app
GPA.3309-5395-8311-11872,"Feb 23, 2026",4:31:40 AM PST,,Google fee,,Pro Subscription (WF Solver),com.deepinkcode.wordfeudsolver,Subscription,prosub,o1s,SE,,73394,SEK,-3.36,0.698680,DKK,-2.35,prosubmonth,,4994183596643847628,Yes,15,SUBSCRIPTIONS,,In-app
GPA.3332-5643-6316-61506..1,"Feb 23, 2026",4:34:20 AM PST,,Charge,,Pro Subscription (WF Solver),com.deepinkcode.wordfeudsolver,Subscription,prosub,,NL,,1211HA,EUR,1.98,7.471400,DKK,14.79,prosubmonth,,4994183596643847628,Yes,,,,
GPA.3332-5643-6316-61506..1,"Feb 23, 2026",4:34:20 AM PST,,Google fee,,Pro Subscription (WF Solver),com.deepinkcode.wordfeudsolver,Subscription,prosub,,NL,,1211HA,EUR,-0.30,7.471400,DKK,-2.24,prosubmonth,,4994183596643847628,Yes,15,SUBSCRIPTIONS,,
GPA.3308-8378-8751-59300..7,"Feb 23, 2026",5:16:15 AM PST,,Charge,,Pro Subscription (Words With Friends Solver),com.deepinkcode.wordswithfriendssolver,Subscription,prosub,,US,CT,06359,USD,1.99,6.340000,DKK,12.62,prosub,,4994183596643847628,Yes,,,,
GPA.3308-8378-8751-59300..7,"Feb 23, 2026",5:16:15 AM PST,,Google fee,,Pro Subscription (Words With Friends Solver),com.deepinkcode.wordswithfriendssolver,Subscription,prosub,,US,CT,06359,USD,-0.30,6.340000,DKK,-1.90,prosub,,4994183596643847628,Yes,15,SUBSCRIPTIONS,,
GPA.3320-7284-9952-82675,"Feb 23, 2026",7:27:44 AM PST,,Charge,,Pro Subscription (WF Solver),com.deepinkcode.wordfeudsolver,Subscription,prosub,pa3q,DK,,2765,DKK,15.20,1.000000,DKK,15.20,prosubmonth,,4994183596643847628,Yes,,,,In-app
GPA.3320-7284-9952-82675,"Feb 23, 2026",7:27:44 AM PST,,Google fee,,Pro Subscription (WF Solver),com.deepinkcode.wordfeudsolver,Subscription,prosub,pa3q,DK,,2765,DKK,-2.28,1.000000,DKK,-2.28,prosubmonth,,4994183596643847628,Yes,15,SUBSCRIPTIONS,,In-app
GPA.3362-7748-1033-61211..0,"Feb 23, 2026",7:42:18 AM PST,,Charge,,Pro Subscription (WF Solver),com.deepinkcode.wordfeudsolver,Subscription,prosub,,NL,,1099 BS,EUR,1.98,7.470600,DKK,14.79,prosubmonth,,4994183596643847628,Yes,,,,
GPA.3362-7748-1033-61211..0,"Feb 23, 2026",7:42:18 AM PST,,Google fee,,Pro Subscription (WF Solver),com.deepinkcode.wordfeudsolver,Subscription,prosub,,NL,,1099 BS,EUR,-0.30,7.470600,DKK,-2.24,prosubmonth,,4994183596643847628,Yes,15,SUBSCRIPTIONS,,
GPA.3305-3084-5912-17007,"Feb 23, 2026",8:33:45 AM PST,,Charge,,Pro Subscription (WF Solver),com.deepinkcode.wordfeudsolver,Subscription,prosub,e1s,SE,,68395,SEK,22.40,0.699680,DKK,15.67,prosubmonth,,4994183596643847628,Yes,,,,In-app
GPA.3305-3084-5912-17007,"Feb 23, 2026",8:33:45 AM PST,,Google fee,,Pro Subscription (WF Solver),com.deepinkcode.wordfeudsolver,Subscription,prosub,e1s,SE,,68395,SEK,-3.36,0.699680,DKK,-2.35,prosubmonth,,4994183596643847628,Yes,15,SUBSCRIPTIONS,,In-app
GPA.3354-1657-9813-85861..2,"Feb 23, 2026",9:16:48 AM PST,,Charge,,Pro Subscription (WF Solver),com.deepinkcode.wordfeudsolver,Subscription,prosub,,CL,,4100000,CLP,2269,0.007303,DKK,16.57,prosubmonth,,4994183596643847628,Yes,,,,
GPA.3354-1657-9813-85861..2,"Feb 23, 2026",9:16:48 AM PST,,Google fee,,Pro Subscription (WF Solver),com.deepinkcode.wordfeudsolver,Subscription,prosub,,CL,,4100000,CLP,-340,0.007303,DKK,-2.48,prosubmonth,,4994183596643847628,Yes,15,SUBSCRIPTIONS,,
GPA.3309-5341-6671-84441..13,"Feb 23, 2026",9:40:09 AM PST,,Charge,,Pro Subscription (WF Solver),com.deepinkcode.wordfeudsolver,Subscription,prosub,,NL,,3161jg,EUR,1.98,7.469700,DKK,14.79,prosubmonth,,4994183596643847628,Yes,,,,
GPA.3309-5341-6671-84441..13,"Feb 23, 2026",9:40:09 AM PST,,Google fee,,Pro Subscription (WF Solver),com.deepinkcode.wordfeudsolver,Subscription,prosub,,NL,,3161jg,EUR,-0.30,7.469700,DKK,-2.24,prosubmonth,,4994183596643847628,Yes,15,SUBSCRIPTIONS,,
GPA.3399-4321-6719-91678,"Feb 23, 2026",10:09:05 AM PST,,Charge,,Pro Subscription (Words With Friends Solver),com.deepinkcode.wordswithfriendssolver,Subscription,prosub,pa3q,US,AR,72830,USD,2.49,6.327600,DKK,15.76,prosub,,4994183596643847628,Yes,,,,In-app
GPA.3399-4321-6719-91678,"Feb 23, 2026",10:09:05 AM PST,,Google fee,,Pro Subscription (Words With Friends Solver),com.deepinkcode.wordswithfriendssolver,Subscription,prosub,pa3q,US,AR,72830,USD,-0.37,6.327600,DKK,-2.34,prosub,,4994183596643847628,Yes,15,SUBSCRIPTIONS,,In-app
GPA.3313-6026-4742-03553..6,"Feb 23, 2026",10:19:22 AM PST,,Charge,,Pro Subscription (WF Solver),com.deepinkcode.wordfeudsolver,Subscription,prosub,,NL,,2992hs,EUR,1.98,7.469700,DKK,14.79,prosubmonth,,4994183596643847628,Yes,,,,
GPA.3313-6026-4742-03553..6,"Feb 23, 2026",10:19:22 AM PST,,Google fee,,Pro Subscription (WF Solver),com.deepinkcode.wordfeudsolver,Subscription,prosub,,NL,,2992hs,EUR,-0.30,7.469700,DKK,-2.24,prosubmonth,,4994183596643847628,Yes,15,SUBSCRIPTIONS,,
GPA.3304-5302-3714-45808..11,"Feb 23, 2026",10:23:34 AM PST,,Charge,,Pro Subscription (WF Solver),com.deepinkcode.wordfeudsolver,Subscription,prosub,,BE,,8310,EUR,1.98,7.469700,DKK,14.79,prosubmonth,,4994183596643847628,Yes,,,,
GPA.3304-5302-3714-45808..11,"Feb 23, 2026",10:23:34 AM PST,,Google fee,,Pro Subscription (WF Solver),com.deepinkcode.wordfeudsolver,Subscription,prosub,,BE,,8310,EUR,-0.30,7.469700,DKK,-2.24,prosubmonth,,4994183596643847628,Yes,15,SUBSCRIPTIONS,,
GPA.3324-0254-4608-83378..3,"Feb 23, 2026",10:58:25 AM PST,,Charge,,Pro Subscription (WF Solver),com.deepinkcode.wordfeudsolver,Subscription,prosub,,NL,,5403EN,EUR,1.98,7.469700,DKK,14.79,prosubmonth,,4994183596643847628,Yes,,,,
GPA.3324-0254-4608-83378..3,"Feb 23, 2026",10:58:25 AM PST,,Google fee,,Pro Subscription (WF Solver),com.deepinkcode.wordfeudsolver,Subscription,prosub,,NL,,5403EN,EUR,-0.30,7.469700,DKK,-2.24,prosubmonth,,4994183596643847628,Yes,15,SUBSCRIPTIONS,,
GPA.3300-5076-3825-59911..1,"Feb 23, 2026",11:13:33 AM PST,,Charge,,Pro Subscription (WF Solver),com.deepinkcode.wordfeudsolver,Subscription,prosub,,NL,,6287 CK,EUR,1.98,7.470100,DKK,14.79,prosubmonth,,4994183596643847628,Yes,,,,
GPA.3300-5076-3825-59911..1,"Feb 23, 2026",11:13:33 AM PST,,Google fee,,Pro Subscription (WF Solver),com.deepinkcode.wordfeudsolver,Subscription,prosub,,NL,,6287 CK,EUR,-0.30,7.470100,DKK,-2.24,prosubmonth,,4994183596643847628,Yes,15,SUBSCRIPTIONS,,
GPA.3322-8898-2604-92881..7,"Feb 23, 2026",11:59:19 AM PST,,Charge,,Pro Subscription (Words With Friends Solver),com.deepinkcode.wordswithfriendssolver,Subscription,prosub,,US,NJ,08028,USD,1.99,6.330500,DKK,12.60,prosub,,4994183596643847628,Yes,,,,
GPA.3322-8898-2604-92881..7,"Feb 23, 2026",11:59:19 AM PST,,Google fee,,Pro Subscription (Words With Friends Solver),com.deepinkcode.wordswithfriendssolver,Subscription,prosub,,US,NJ,08028,USD,-0.30,6.330500,DKK,-1.90,prosub,,4994183596643847628,Yes,15,SUBSCRIPTIONS,,
GPA.3336-3023-4336-24961..2,"Feb 23, 2026",12:30:06 PM PST,,Charge,,Pro Subscription (WF Solver),com.deepinkcode.wordfeudsolver,Subscription,prosub,,NL,,3734 EE,EUR,1.98,7.469700,DKK,14.79,prosubmonth,,4994183596643847628,Yes,,,,
GPA.3336-3023-4336-24961..2,"Feb 23, 2026",12:30:06 PM PST,,Google fee,,Pro Subscription (WF Solver),com.deepinkcode.wordfeudsolver,Subscription,prosub,,NL,,3734 EE,EUR,-0.30,7.469700,DKK,-2.24,prosubmonth,,4994183596643847628,Yes,15,SUBSCRIPTIONS,,
GPA.3368-9401-0658-25764,"Feb 23, 2026",1:26:23 PM PST,,Charge,,Pro Subscription (Words With Friends Solver),com.deepinkcode.wordswithfriendssolver,Subscription,prosub,GQ3106,GB,,RM11 1PY,GBP,1.74,8.545600,DKK,14.87,prosub,,4994183596643847628,Yes,,,,In-app
GPA.3368-9401-0658-25764,"Feb 23, 2026",1:26:23 PM PST,,Google fee,,Pro Subscription (Words With Friends Solver),com.deepinkcode.wordswithfriendssolver,Subscription,prosub,GQ3106,GB,,RM11 1PY,GBP,-0.26,8.545600,DKK,-2.22,prosub,,4994183596643847628,Yes,15,SUBSCRIPTIONS,,In-app
GPA.3332-0409-8238-03876..7,"Feb 23, 2026",1:34:54 PM PST,,Charge,,Pro Subscription (Scrabble GO Cheat),com.deepinkcode.scrabblegocheat,Subscription,prosub,,US,GA,30260,USD,1.99,6.334800,DKK,12.61,prosubmonth,,4994183596643847628,Yes,,,,
GPA.3332-0409-8238-03876..7,"Feb 23, 2026",1:34:54 PM PST,,Google fee,,Pro Subscription (Scrabble GO Cheat),com.deepinkcode.scrabblegocheat,Subscription,prosub,,US,GA,30260,USD,-0.30,6.334800,DKK,-1.90,prosubmonth,,4994183596643847628,Yes,15,SUBSCRIPTIONS,,
GPA.3389-8383-1877-41475..16,"Feb 23, 2026",7:55:31 PM PST,,Charge,,Pro Subscription (WF Solver),com.deepinkcode.wordfeudsolver,Subscription,prosub,,DK,,9340,DKK,15.20,1.000000,DKK,15.20,prosubmonth,,4994183596643847628,Yes,,,,
GPA.3389-8383-1877-41475..16,"Feb 23, 2026",7:55:31 PM PST,,Google fee,,Pro Subscription (WF Solver),com.deepinkcode.wordfeudsolver,Subscription,prosub,,DK,,9340,DKK,-2.28,1.000000,DKK,-2.28,prosubmonth,,4994183596643847628,Yes,15,SUBSCRIPTIONS,,
GPA.3397-7782-6338-25148..3,"Feb 23, 2026",10:07:24 PM PST,,Charge,,Pro Subscription (WF Solver),com.deepinkcode.wordfeudsolver,Subscription,prosub,,SE,,19596,SEK,22.40,0.698840,DKK,15.65,prosubmonth,,4994183596643847628,Yes,,,,
GPA.3397-7782-6338-25148..3,"Feb 23, 2026",10:07:24 PM PST,,Google fee,,Pro Subscription (WF Solver),com.deepinkcode.wordfeudsolver,Subscription,prosub,,SE,,19596,SEK,-3.36,0.698840,DKK,-2.34,prosubmonth,,4994183596643847628,Yes,15,SUBSCRIPTIONS,,
GPA.3390-3781-9129-09582..0,"Feb 24, 2026",2:56:52 AM PST,,Charge,,Pro Subscription (WF Solver),com.deepinkcode.wordfeudsolver,Subscription,prosub,,IN,Uttar Pradesh,226301,INR,203.39,0.069689,DKK,14.17,prosubmonth,,4994183596643847628,Yes,,,,
GPA.3390-3781-9129-09582..0,"Feb 24, 2026",2:56:52 AM PST,,Google fee,,Pro Subscription (WF Solver),com.deepinkcode.wordfeudsolver,Subscription,prosub,,IN,Uttar Pradesh,226301,INR,-30.51,0.069689,DKK,-2.13,prosubmonth,,4994183596643847628,Yes,15,SUBSCRIPTIONS,,
GPA.3380-5409-1524-62906..3,"Feb 24, 2026",3:53:59 AM PST,,Charge,,Pro Subscription (WF Solver),com.deepinkcode.wordfeudsolver,Subscription,prosub,,NL,,3768 GX,EUR,1.98,7.471200,DKK,14.79,prosubmonth,,4994183596643847628,Yes,,,,
GPA.3380-5409-1524-62906..3,"Feb 24, 2026",3:53:59 AM PST,,Google fee,,Pro Subscription (WF Solver),com.deepinkcode.wordfeudsolver,Subscription,prosub,,NL,,3768 GX,EUR,-0.30,7.471200,DKK,-2.24,prosubmonth,,4994183596643847628,Yes,15,SUBSCRIPTIONS,,
GPA.3350-0404-6274-23976..5,"Feb 24, 2026",4:15:09 AM PST,,Charge,,Pro Subscription (WF Solver),com.deepinkcode.wordfeudsolver,Subscription,prosub,,SE,,93154,SEK,22.40,0.699010,DKK,15.66,prosubmonth,,4994183596643847628,Yes,,,,
GPA.3350-0404-6274-23976..5,"Feb 24, 2026",4:15:09 AM PST,,Google fee,,Pro Subscription (WF Solver),com.deepinkcode.wordfeudsolver,Subscription,prosub,,SE,,93154,SEK,-3.36,0.699010,DKK,-2.35,prosubmonth,,4994183596643847628,Yes,15,SUBSCRIPTIONS,,
GPA.3353-6239-8037-34469..8,"Feb 24, 2026",5:08:14 AM PST,,Charge,,Pro Subscription (WF Solver),com.deepinkcode.wordfeudsolver,Subscription,prosub,,SE,,31333,SEK,23.20,0.699140,DKK,16.22,prosubmonth,,4994183596643847628,Yes,,,,
GPA.3353-6239-8037-34469..8,"Feb 24, 2026",5:08:14 AM PST,,Google fee,,Pro Subscription (WF Solver),com.deepinkcode.wordfeudsolver,Subscription,prosub,,SE,,31333,SEK,-3.48,0.699140,DKK,-2.43,prosubmonth,,4994183596643847628,Yes,15,SUBSCRIPTIONS,,
GPA.3351-6034-2242-34366..12,"Feb 24, 2026",5:36:19 AM PST,,Charge,,Pro Subscription (WF Solver),com.deepinkcode.wordfeudsolver,Subscription,prosub,,SE,,87030,SEK,23.20,0.699140,DKK,16.22,prosubmonth,,4994183596643847628,Yes,,,,
GPA.3351-6034-2242-34366..12,"Feb 24, 2026",5:36:19 AM PST,,Google fee,,Pro Subscription (WF Solver),com.deepinkcode.wordfeudsolver,Subscription,prosub,,SE,,87030,SEK,-3.48,0.699140,DKK,-2.43,prosubmonth,,4994183596643847628,Yes,15,SUBSCRIPTIONS,,
GPA.3397-5686-1102-00120..7,"Feb 24, 2026",5:47:05 AM PST,,Charge,,Pro Subscription (WF Solver),com.deepinkcode.wordfeudsolver,Subscription,prosub,,SE,,12730,SEK,23.20,0.699140,DKK,16.22,prosubmonth,,4994183596643847628,Yes,,,,
GPA.3397-5686-1102-00120..7,"Feb 24, 2026",5:47:05 AM PST,,Google fee,,Pro Subscription (WF Solver),com.deepinkcode.wordfeudsolver,Subscription,prosub,,SE,,12730,SEK,-3.48,0.699140,DKK,-2.43,prosubmonth,,4994183596643847628,Yes,15,SUBSCRIPTIONS,,
GPA.3359-2801-2380-86132..11,"Feb 24, 2026",6:18:36 AM PST,,Charge,,Pro Subscription (WF Solver),com.deepinkcode.wordfeudsolver,Subscription,prosub,,NL,,1111 CE,EUR,1.98,7.471200,DKK,14.79,prosubmonth,,4994183596643847628,Yes,,,,
GPA.3359-2801-2380-86132..11,"Feb 24, 2026",6:18:36 AM PST,,Google fee,,Pro Subscription (WF Solver),com.deepinkcode.wordfeudsolver,Subscription,prosub,,NL,,1111 CE,EUR,-0.30,7.471200,DKK,-2.24,prosubmonth,,4994183596643847628,Yes,15,SUBSCRIPTIONS,,
GPA.3388-5565-9823-54797..11,"Feb 24, 2026",6:43:31 AM PST,,Charge,,Pro Subscription (WF Solver),com.deepinkcode.wordfeudsolver,Subscription,prosub,,SE,,71231,SEK,23.20,0.699170,DKK,16.22,prosubmonth,,4994183596643847628,Yes,,,,
GPA.3388-5565-9823-54797..11,"Feb 24, 2026",6:43:31 AM PST,,Google fee,,Pro Subscription (WF Solver),com.deepinkcode.wordfeudsolver,Subscription,prosub,,SE,,71231,SEK,-3.48,0.699170,DKK,-2.43,prosubmonth,,4994183596643847628,Yes,15,SUBSCRIPTIONS,,
GPA.3322-6402-4489-25001..3,"Feb 24, 2026",6:45:15 AM PST,,Charge,,Pro Subscription (WF Solver),com.deepinkcode.wordfeudsolver,Subscription,prosub,,SE,,842 33,SEK,22.40,0.699170,DKK,15.66,prosubmonth,,4994183596643847628,Yes,,,,
GPA.3322-6402-4489-25001..3,"Feb 24, 2026",6:45:15 AM PST,,Google fee,,Pro Subscription (WF Solver),com.deepinkcode.wordfeudsolver,Subscription,prosub,,SE,,842 33,SEK,-3.36,0.699170,DKK,-2.35,prosubmonth,,4994183596643847628,Yes,15,SUBSCRIPTIONS,,
GPA.3335-9723-6752-90033..0,"Feb 24, 2026",6:59:26 AM PST,,Charge,,Pro Subscription (WF Solver),com.deepinkcode.wordfeudsolver,Subscription,prosub,,NO,,4085,NOK,24.00,0.663230,DKK,15.92,prosubmonth,,4994183596643847628,Yes,,,,
GPA.3335-9723-6752-90033..0,"Feb 24, 2026",6:59:26 AM PST,,Google fee,,Pro Subscription (WF Solver),com.deepinkcode.wordfeudsolver,Subscription,prosub,,NO,,4085,NOK,-3.60,0.663230,DKK,-2.39,prosubmonth,,4994183596643847628,Yes,15,SUBSCRIPTIONS,,
GPA.3392-0590-1149-06167..3,"Feb 24, 2026",7:01:22 AM PST,,Charge,,Pro Subscription (Words With Friends Solver),com.deepinkcode.wordswithfriendssolver,Subscription,prosub,,US,IN,46254,USD,2.49,6.345700,DKK,15.80,prosub,,4994183596643847628,Yes,,,,
GPA.3392-0590-1149-06167..3,"Feb 24, 2026",7:01:22 AM PST,,Google fee,,Pro Subscription (Words With Friends Solver),com.deepinkcode.wordswithfriendssolver,Subscription,prosub,,US,IN,46254,USD,-0.37,6.345700,DKK,-2.35,prosub,,4994183596643847628,Yes,15,SUBSCRIPTIONS,,
GPA.3342-8410-3656-94583,"Feb 24, 2026",7:40:24 AM PST,,Charge,,Pro Subscription (WF Solver),com.deepinkcode.wordfeudsolver,Subscription,prosub,pa3q,SE,,152 52,SEK,22.40,0.699460,DKK,15.67,prosubmonth,,4994183596643847628,Yes,,,,In-app
GPA.3342-8410-3656-94583,"Feb 24, 2026",7:40:24 AM PST,,Google fee,,Pro Subscription (WF Solver),com.deepinkcode.wordfeudsolver,Subscription,prosub,pa3q,SE,,152 52,SEK,-3.36,0.699460,DKK,-2.35,prosubmonth,,4994183596643847628,Yes,15,SUBSCRIPTIONS,,In-app
GPA.3372-9859-4352-03506..2,"Feb 24, 2026",8:10:28 AM PST,,Charge,,Pro Subscription (Scrabble GO Cheat),com.deepinkcode.scrabblegocheat,Subscription,prosub,,GB,,CB9 0HX,GBP,1.74,8.565300,DKK,14.90,prosubmonth,,4994183596643847628,Yes,,,,
GPA.3372-9859-4352-03506..2,"Feb 24, 2026",8:10:28 AM PST,,Google fee,,Pro Subscription (Scrabble GO Cheat),com.deepinkcode.scrabblegocheat,Subscription,prosub,,GB,,CB9 0HX,GBP,-0.26,8.565300,DKK,-2.22,prosubmonth,,4994183596643847628,Yes,15,SUBSCRIPTIONS,,
GPA.3345-0162-4077-45880,"Feb 24, 2026",8:30:21 AM PST,,Charge,,Pro Subscription (Words With Friends Solver),com.deepinkcode.wordswithfriendssolver,Subscription,prosub,r0s,GB,,CM7 1DT,GBP,1.74,8.565300,DKK,14.90,prosub,,4994183596643847628,Yes,,,,In-app
GPA.3345-0162-4077-45880,"Feb 24, 2026",8:30:21 AM PST,,Google fee,,Pro Subscription (Words With Friends Solver),com.deepinkcode.wordswithfriendssolver,Subscription,prosub,r0s,GB,,CM7 1DT,GBP,-0.26,8.565300,DKK,-2.22,prosub,,4994183596643847628,Yes,15,SUBSCRIPTIONS,,In-app
GPA.3366-9989-2431-21865..2,"Feb 24, 2026",8:50:43 AM PST,,Charge,,Pro Subscription (Words With Friends Solver),com.deepinkcode.wordswithfriendssolver,Subscription,prosub,,US,NH,03276,USD,2.49,6.347400,DKK,15.80,prosub,,4994183596643847628,Yes,,,,
GPA.3366-9989-2431-21865..2,"Feb 24, 2026",8:50:43 AM PST,,Google fee,,Pro Subscription (Words With Friends Solver),com.deepinkcode.wordswithfriendssolver,Subscription,prosub,,US,NH,03276,USD,-0.37,6.347400,DKK,-2.35,prosub,,4994183596643847628,Yes,15,SUBSCRIPTIONS,,
GPA.3308-7711-9506-83831..0,"Feb 24, 2026",9:12:35 AM PST,,Charge,,Pro Subscription (WF Solver),com.deepinkcode.wordfeudsolver,Subscription,prosub,,NL,,8651ck,EUR,1.98,7.470600,DKK,14.79,prosubmonth,,4994183596643847628,Yes,,,,
GPA.3308-7711-9506-83831..0,"Feb 24, 2026",9:12:35 AM PST,,Google fee,,Pro Subscription (WF Solver),com.deepinkcode.wordfeudsolver,Subscription,prosub,,NL,,8651ck,EUR,-0.30,7.470600,DKK,-2.24,prosubmonth,,4994183596643847628,Yes,15,SUBSCRIPTIONS,,
GPA.3379-6055-7938-51364..0,"Feb 24, 2026",9:19:09 AM PST,,Charge,,Pro Subscription (Words With Friends Solver),com.deepinkcode.wordswithfriendssolver,Subscription,prosub,,US,NY,11729,USD,2.49,6.345500,DKK,15.80,prosub,,4994183596643847628,Yes,,,,
GPA.3379-6055-7938-51364..0,"Feb 24, 2026",9:19:09 AM PST,,Google fee,,Pro Subscription (Words With Friends Solver),com.deepinkcode.wordswithfriendssolver,Subscription,prosub,,US,NY,11729,USD,-0.37,6.345500,DKK,-2.35,prosub,,4994183596643847628,Yes,15,SUBSCRIPTIONS,,
GPA.3383-3742-2971-84978..10,"Feb 24, 2026",10:25:45 AM PST,,Charge,,Pro Subscription (Words With Friends Solver),com.deepinkcode.wordswithfriendssolver,Subscription,prosub,,US,VA,24073,USD,1.99,6.338000,DKK,12.61,prosub,,4994183596643847628,Yes,,,,
GPA.3383-3742-2971-84978..10,"Feb 24, 2026",10:25:45 AM PST,,Google fee,,Pro Subscription (Words With Friends Solver),com.deepinkcode.wordswithfriendssolver,Subscription,prosub,,US,VA,24073,USD,-0.30,6.338000,DKK,-1.90,prosub,,4994183596643847628,Yes,15,SUBSCRIPTIONS,,
GPA.3368-9664-7933-53670..7,"Feb 24, 2026",10:43:40 AM PST,,Charge,,Pro Subscription (WF Solver),com.deepinkcode.wordfeudsolver,Subscription,prosub,,NL,,6461VZ,EUR,1.98,7.470900,DKK,14.79,prosubmonth,,4994183596643847628,Yes,,,,
GPA.3368-9664-7933-53670..7,"Feb 24, 2026",10:43:40 AM PST,,Google fee,,Pro Subscription (WF Solver),com.deepinkcode.wordfeudsolver,Subscription,prosub,,NL,,6461VZ,EUR,-0.30,7.470900,DKK,-2.24,prosubmonth,,4994183596643847628,Yes,15,SUBSCRIPTIONS,,
GPA.3346-7080-3876-00071..11,"Feb 24, 2026",10:45:08 AM PST,,Charge,,Pro Subscription (WF Solver),com.deepinkcode.wordfeudsolver,Subscription,prosub,,NL,,5282NM,EUR,1.98,7.470900,DKK,14.79,prosubmonth,,4994183596643847628,Yes,,,,
GPA.3346-7080-3876-00071..11,"Feb 24, 2026",10:45:08 AM PST,,Google fee,,Pro Subscription (WF Solver),com.deepinkcode.wordfeudsolver,Subscription,prosub,,NL,,5282NM,EUR,-0.30,7.470900,DKK,-2.24,prosubmonth,,4994183596643847628,Yes,15,SUBSCRIPTIONS,,
GPA.3380-1994-2641-73072..7,"Feb 24, 2026",11:04:11 AM PST,,Charge,,Pro Subscription (WF Solver),com.deepinkcode.wordfeudsolver,Subscription,prosub,,SE,,43146,SEK,23.20,0.701310,DKK,16.27,prosubmonth,,4994183596643847628,Yes,,,,
GPA.3380-1994-2641-73072..7,"Feb 24, 2026",11:04:11 AM PST,,Google fee,,Pro Subscription (WF Solver),com.deepinkcode.wordfeudsolver,Subscription,prosub,,SE,,43146,SEK,-3.48,0.701310,DKK,-2.44,prosubmonth,,4994183596643847628,Yes,15,SUBSCRIPTIONS,,
GPA.3377-3731-7704-10586..4,"Feb 24, 2026",11:13:35 AM PST,,Charge,,Pro Subscription (WF Solver),com.deepinkcode.wordfeudsolver,Subscription,prosub,,SE,,61338,SEK,22.40,0.701310,DKK,15.71,prosubmonth,,4994183596643847628,Yes,,,,
GPA.3377-3731-7704-10586..4,"Feb 24, 2026",11:13:35 AM PST,,Google fee,,Pro Subscription (WF Solver),com.deepinkcode.wordfeudsolver,Subscription,prosub,,SE,,61338,SEK,-3.36,0.701310,DKK,-2.36,prosubmonth,,4994183596643847628,Yes,15,SUBSCRIPTIONS,,
GPA.3338-9424-3080-29584..2,"Feb 24, 2026",12:18:06 PM PST,,Charge,,Pro Subscription (WF Solver),com.deepinkcode.wordfeudsolver,Subscription,prosub,,DK,,8530,DKK,15.20,1.000000,DKK,15.20,prosubmonth,,4994183596643847628,Yes,,,,
GPA.3338-9424-3080-29584..2,"Feb 24, 2026",12:18:06 PM PST,,Google fee,,Pro Subscription (WF Solver),com.deepinkcode.wordfeudsolver,Subscription,prosub,,DK,,8530,DKK,-2.28,1.000000,DKK,-2.28,prosubmonth,,4994183596643847628,Yes,15,SUBSCRIPTIONS,,
GPA.3366-1920-6987-42086..2,"Feb 24, 2026",12:54:10 PM PST,,Charge,,Pro Subscription (WF Solver),com.deepinkcode.wordfeudsolver,Subscription,prosub,,NL,,2574 JN,EUR,1.98,7.471900,DKK,14.79,prosubmonth,,4994183596643847628,Yes,,,,
GPA.3366-1920-6987-42086..2,"Feb 24, 2026",12:54:10 PM PST,,Google fee,,Pro Subscription (WF Solver),com.deepinkcode.wordfeudsolver,Subscription,prosub,,NL,,2574 JN,EUR,-0.30,7.471900,DKK,-2.24,prosubmonth,,4994183596643847628,Yes,15,SUBSCRIPTIONS,,
GPA.3322-1888-7824-23481..0,"Feb 24, 2026",1:27:42 PM PST,,Charge,,Pro Subscription (Words With Friends Solver),com.deepinkcode.wordswithfriendssolver,Subscription,prosub,,US,NY,11249,USD,2.49,6.343200,DKK,15.79,prosub,,4994183596643847628,Yes,,,,
GPA.3322-1888-7824-23481..0,"Feb 24, 2026",1:27:42 PM PST,,Google fee,,Pro Subscription (Words With Friends Solver),com.deepinkcode.wordswithfriendssolver,Subscription,prosub,,US,NY,11249,USD,-0.37,6.343200,DKK,-2.35,prosub,,4994183596643847628,Yes,15,SUBSCRIPTIONS,,
GPA.3335-2230-8237-36542,"Feb 24, 2026",1:39:14 PM PST,,Charge,,Pro Subscription (WF Solver),com.deepinkcode.wordfeudsolver,Subscription,prosub,dm1q,SE,,331 72,SEK,22.40,0.701340,DKK,15.71,prosubmonth,,4994183596643847628,Yes,,,,In-app
GPA.3335-2230-8237-36542,"Feb 24, 2026",1:39:14 PM PST,,Google fee,,Pro Subscription (WF Solver),com.deepinkcode.wordfeudsolver,Subscription,prosub,dm1q,SE,,331 72,SEK,-3.36,0.701340,DKK,-2.36,prosubmonth,,4994183596643847628,Yes,15,SUBSCRIPTIONS,,In-app
GPA.3325-2228-9325-04546..2,"Feb 24, 2026",2:08:11 PM PST,,Charge,,Pro Subscription (Words With Friends Solver),com.deepinkcode.wordswithfriendssolver,Subscription,prosub,,US,ME,04043,USD,2.49,6.344900,DKK,15.80,prosub,,4994183596643847628,Yes,,,,
GPA.3325-2228-9325-04546..2,"Feb 24, 2026",2:08:11 PM PST,,Google fee,,Pro Subscription (Words With Friends Solver),com.deepinkcode.wordswithfriendssolver,Subscription,prosub,,US,ME,04043,USD,-0.37,6.344900,DKK,-2.35,prosub,,4994183596643847628,Yes,15,SUBSCRIPTIONS,,
GPA.3308-0043-7842-73175..2,"Feb 24, 2026",2:46:08 PM PST,,Charge,,Pro Subscription (WF Solver),com.deepinkcode.wordfeudsolver,Subscription,prosub,,DK,,3520,DKK,15.20,1.000000,DKK,15.20,prosubmonth,,4994183596643847628,Yes,,,,
GPA.3308-0043-7842-73175..2,"Feb 24, 2026",2:46:08 PM PST,,Google fee,,Pro Subscription (WF Solver),com.deepinkcode.wordfeudsolver,Subscription,prosub,,DK,,3520,DKK,-2.28,1.000000,DKK,-2.28,prosubmonth,,4994183596643847628,Yes,15,SUBSCRIPTIONS,,
GPA.3346-6798-1157-67742..5,"Feb 24, 2026",3:25:45 PM PST,,Charge,,Pro Subscription (Words With Friends Solver),com.deepinkcode.wordswithfriendssolver,Subscription,prosub,,AU,,4163,AUD,3.63,4.478400,DKK,16.26,prosub,,4994183596643847628,Yes,,,,
GPA.3346-6798-1157-67742..5,"Feb 24, 2026",3:25:45 PM PST,,Google fee,,Pro Subscription (Words With Friends Solver),com.deepinkcode.wordswithfriendssolver,Subscription,prosub,,AU,,4163,AUD,-0.54,4.478400,DKK,-2.42,prosub,,4994183596643847628,Yes,15,SUBSCRIPTIONS,,
GPA.3326-9568-6533-67565,"Feb 24, 2026",3:58:42 PM PST,,Charge,,Pro Subscription (WF Solver),com.deepinkcode.wordfeudsolver,Subscription,prosub,e3q,NL,,7161 AN,EUR,1.98,7.470900,DKK,14.79,prosubmonth,,4994183596643847628,Yes,,,,In-app
GPA.3326-9568-6533-67565,"Feb 24, 2026",3:58:42 PM PST,,Google fee,,Pro Subscription (WF Solver),com.deepinkcode.wordfeudsolver,Subscription,prosub,e3q,NL,,7161 AN,EUR,-0.30,7.470900,DKK,-2.24,prosubmonth,,4994183596643847628,Yes,15,SUBSCRIPTIONS,,In-app
GPA.3332-0760-1882-87333..10,"Feb 24, 2026",5:06:26 PM PST,,Charge,,Pro Subscription (Words With Friends Solver),com.deepinkcode.wordswithfriendssolver,Subscription,prosub,,US,WV,25311,USD,1.99,6.345100,DKK,12.63,prosub,,4994183596643847628,Yes,,,,
GPA.3332-0760-1882-87333..10,"Feb 24, 2026",5:06:26 PM PST,,Google fee,,Pro Subscription (Words With Friends Solver),com.deepinkcode.wordswithfriendssolver,Subscription,prosub,,US,WV,25311,USD,-0.30,6.345100,DKK,-1.90,prosub,,4994183596643847628,Yes,15,SUBSCRIPTIONS,,
GPA.3367-6707-8317-36506..0,"Feb 24, 2026",5:24:29 PM PST,,Charge,,Pro Subscription (Words With Friends Solver),com.deepinkcode.wordswithfriendssolver,Subscription,prosub,,GB,,CH41 8DJ,GBP,1.74,8.562300,DKK,14.90,prosub,,4994183596643847628,Yes,,,,
GPA.3367-6707-8317-36506..0,"Feb 24, 2026",5:24:29 PM PST,,Google fee,,Pro Subscription (Words With Friends Solver),com.deepinkcode.wordswithfriendssolver,Subscription,prosub,,GB,,CH41 8DJ,GBP,-0.26,8.562300,DKK,-2.23,prosub,,4994183596643847628,Yes,15,SUBSCRIPTIONS,,
GPA.3309-3862-5182-33203..7,"Feb 24, 2026",6:42:55 PM PST,,Charge,,Pro Subscription (WF Solver),com.deepinkcode.wordfeudsolver,Subscription,prosub,,SE,,137 71,SEK,23.20,0.701500,DKK,16.27,prosubmonth,,4994183596643847628,Yes,,,,
GPA.3309-3862-5182-33203..7,"Feb 24, 2026",6:42:55 PM PST,,Google fee,,Pro Subscription (WF Solver),com.deepinkcode.wordfeudsolver,Subscription,prosub,,SE,,137 71,SEK,-3.48,0.701500,DKK,-2.44,prosubmonth,,4994183596643847628,Yes,15,SUBSCRIPTIONS,,
GPA.3316-3957-1136-38715,"Feb 24, 2026",7:24:40 PM PST,,Charge,,Pro Subscription (Words With Friends Solver),com.deepinkcode.wordswithfriendssolver,Subscription,prosub,e2q,US,CA,93304,USD,2.49,6.342900,DKK,15.79,prosub,,4994183596643847628,Yes,,,,In-app
GPA.3316-3957-1136-38715,"Feb 24, 2026",7:24:40 PM PST,,Google fee,,Pro Subscription (Words With Friends Solver),com.deepinkcode.wordswithfriendssolver,Subscription,prosub,e2q,US,CA,93304,USD,-0.37,6.342900,DKK,-2.35,prosub,,4994183596643847628,Yes,15,SUBSCRIPTIONS,,In-app
GPA.3303-4714-4617-61401..8,"Feb 24, 2026",10:26:40 PM PST,,Charge,,Pro Subscription (WF Solver),com.deepinkcode.wordfeudsolver,Subscription,prosub,,DK,,2620,DKK,15.20,1.000000,DKK,15.20,prosubmonth,,4994183596643847628,Yes,,,,
GPA.3303-4714-4617-61401..8,"Feb 24, 2026",10:26:40 PM PST,,Google fee,,Pro Subscription (WF Solver),com.deepinkcode.wordfeudsolver,Subscription,prosub,,DK,,2620,DKK,-2.28,1.000000,DKK,-2.28,prosubmonth,,4994183596643847628,Yes,15,SUBSCRIPTIONS,,
GPA.3351-7521-2018-57227,"Feb 24, 2026",11:11:04 PM PST,,Charge,,Pro Subscription (Words With Friends Solver),com.deepinkcode.wordswithfriendssolver,Subscription,prosub,d2q,US,AL,36609,USD,2.49,6.331500,DKK,15.77,prosub,,4994183596643847628,Yes,,,,In-app
GPA.3351-7521-2018-57227,"Feb 24, 2026",11:11:04 PM PST,,Google fee,,Pro Subscription (Words With Friends Solver),com.deepinkcode.wordswithfriendssolver,Subscription,prosub,d2q,US,AL,36609,USD,-0.37,6.331500,DKK,-2.34,prosub,,4994183596643847628,Yes,15,SUBSCRIPTIONS,,In-app
GPA.3347-6847-4605-06118..11,"Feb 24, 2026",11:14:46 PM PST,,Charge,,Pro Subscription (WF Solver),com.deepinkcode.wordfeudsolver,Subscription,prosub,,DK,,9990,DKK,15.20,1.000000,DKK,15.20,prosubmonth,,4994183596643847628,Yes,,,,
GPA.3347-6847-4605-06118..11,"Feb 24, 2026",11:14:46 PM PST,,Google fee,,Pro Subscription (WF Solver),com.deepinkcode.wordfeudsolver,Subscription,prosub,,DK,,9990,DKK,-2.28,1.000000,DKK,-2.28,prosubmonth,,4994183596643847628,Yes,15,SUBSCRIPTIONS,,
GPA.3325-3360-9074-01236..6,"Feb 25, 2026",12:25:12 AM PST,,Charge,,Pro Subscription (WF Solver),com.deepinkcode.wordfeudsolver,Subscription,prosub,,DK,,2450,DKK,15.20,1.000000,DKK,15.20,prosubmonth,,4994183596643847628,Yes,,,,
GPA.3325-3360-9074-01236..6,"Feb 25, 2026",12:25:12 AM PST,,Google fee,,Pro Subscription (WF Solver),com.deepinkcode.wordfeudsolver,Subscription,prosub,,DK,,2450,DKK,-2.28,1.000000,DKK,-2.28,prosubmonth,,4994183596643847628,Yes,15,SUBSCRIPTIONS,,
GPA.3323-3409-2913-17635..0,"Feb 25, 2026",1:55:29 AM PST,,Charge,,Pro Subscription (WF Solver),com.deepinkcode.wordfeudsolver,Subscription,prosub,,SE,,64130,SEK,22.40,0.701170,DKK,15.71,prosubmonth,,4994183596643847628,Yes,,,,
GPA.3323-3409-2913-17635..0,"Feb 25, 2026",1:55:29 AM PST,,Google fee,,Pro Subscription (WF Solver),com.deepinkcode.wordfeudsolver,Subscription,prosub,,SE,,64130,SEK,-3.36,0.701170,DKK,-2.36,prosubmonth,,4994183596643847628,Yes,15,SUBSCRIPTIONS,,
GPA.3371-9978-2526-42229..5,"Feb 25, 2026",2:36:21 AM PST,,Charge,,Pro Subscription (WF Solver),com.deepinkcode.wordfeudsolver,Subscription,prosub,,SE,,640 33,SEK,22.40,0.701170,DKK,15.71,prosubmonth,,4994183596643847628,Yes,,,,
GPA.3371-9978-2526-42229..5,"Feb 25, 2026",2:36:21 AM PST,,Google fee,,Pro Subscription (WF Solver),com.deepinkcode.wordfeudsolver,Subscription,prosub,,SE,,640 33,SEK,-3.36,0.701170,DKK,-2.36,prosubmonth,,4994183596643847628,Yes,15,SUBSCRIPTIONS,,
GPA.3304-8097-0375-93130,"Feb 25, 2026",2:47:05 AM PST,,Charge,,Pro Subscription (WF Solver),com.deepinkcode.wordfeudsolver,Subscription,prosub,a15,NL,,9502 CE,EUR,1.98,7.471600,DKK,14.79,prosubmonth,,4994183596643847628,Yes,,,,In-app
GPA.3304-8097-0375-93130,"Feb 25, 2026",2:47:05 AM PST,,Google fee,,Pro Subscription (WF Solver),com.deepinkcode.wordfeudsolver,Subscription,prosub,a15,NL,,9502 CE,EUR,-0.30,7.471600,DKK,-2.24,prosubmonth,,4994183596643847628,Yes,15,SUBSCRIPTIONS,,In-app
GPA.3333-2644-3145-64471..15,"Feb 25, 2026",2:55:40 AM PST,,Charge,,Pro Subscription (WF Solver),com.deepinkcode.wordfeudsolver,Subscription,prosub,,SE,,681 40,SEK,23.20,0.701170,DKK,16.27,prosubmonth,,4994183596643847628,Yes,,,,
GPA.3333-2644-3145-64471..15,"Feb 25, 2026",2:55:40 AM PST,,Google fee,,Pro Subscription (WF Solver),com.deepinkcode.wordfeudsolver,Subscription,prosub,,SE,,681 40,SEK,-3.48,0.701170,DKK,-2.44,prosubmonth,,4994183596643847628,Yes,15,SUBSCRIPTIONS,,
GPA.3345-7839-6421-64745..14,"Feb 25, 2026",3:10:32 AM PST,,Charge,,Pro Subscription (WF Solver),com.deepinkcode.wordfeudsolver,Subscription,prosub,,DK,,5800,DKK,15.20,1.000000,DKK,15.20,prosubmonth,,4994183596643847628,Yes,,,,
GPA.3345-7839-6421-64745..14,"Feb 25, 2026",3:10:32 AM PST,,Google fee,,Pro Subscription (WF Solver),com.deepinkcode.wordfeudsolver,Subscription,prosub,,DK,,5800,DKK,-2.28,1.000000,DKK,-2.28,prosubmonth,,4994183596643847628,Yes,15,SUBSCRIPTIONS,,
GPA.3338-2839-0952-22704..0,"Feb 25, 2026",3:59:21 AM PST,,Charge,,Pro Subscription (Words With Friends Solver),com.deepinkcode.wordswithfriendssolver,Subscription,prosub,,AU,VIC,3048,AUD,3.63,4.492800,DKK,16.31,prosub,,4994183596643847628,Yes,,,,
GPA.3338-2839-0952-22704..0,"Feb 25, 2026",3:59:21 AM PST,,Google fee,,Pro Subscription (Words With Friends Solver),com.deepinkcode.wordswithfriendssolver,Subscription,prosub,,AU,VIC,3048,AUD,-0.54,4.492800,DKK,-2.43,prosub,,4994183596643847628,Yes,15,SUBSCRIPTIONS,,
GPA.3309-9505-6424-33566..12,"Feb 25, 2026",4:06:12 AM PST,,Charge,,Pro Subscription (WF Solver),com.deepinkcode.wordfeudsolver,Subscription,prosub,,SE,,43951,SEK,23.20,0.700330,DKK,16.25,prosubmonth,,4994183596643847628,Yes,,,,
GPA.3309-9505-6424-33566..12,"Feb 25, 2026",4:06:12 AM PST,,Google fee,,Pro Subscription (WF Solver),com.deepinkcode.wordfeudsolver,Subscription,prosub,,SE,,43951,SEK,-3.48,0.700330,DKK,-2.44,prosubmonth,,4994183596643847628,Yes,15,SUBSCRIPTIONS,,
GPA.3323-4090-7473-28836..0,"Feb 25, 2026",4:23:08 AM PST,,Charge,,Pro Subscription (WF Solver),com.deepinkcode.wordfeudsolver,Subscription,prosub,,SE,,59331,SEK,22.40,0.700330,DKK,15.69,prosubmonth,,4994183596643847628,Yes,,,,
GPA.3323-4090-7473-28836..0,"Feb 25, 2026",4:23:08 AM PST,,Google fee,,Pro Subscription (WF Solver),com.deepinkcode.wordfeudsolver,Subscription,prosub,,SE,,59331,SEK,-3.36,0.700330,DKK,-2.36,prosubmonth,,4994183596643847628,Yes,15,SUBSCRIPTIONS,,
GPA.3320-8574-1781-40554..15,"Feb 25, 2026",4:30:40 AM PST,,Charge,,Pro Subscription (WF Solver),com.deepinkcode.wordfeudsolver,Subscription,prosub,,NL,,1212 BT,EUR,1.98,7.471300,DKK,14.79,prosubmonth,,4994183596643847628,Yes,,,,
GPA.3320-8574-1781-40554..15,"Feb 25, 2026",4:30:40 AM PST,,Google fee,,Pro Subscription (WF Solver),com.deepinkcode.wordfeudsolver,Subscription,prosub,,NL,,1212 BT,EUR,-0.30,7.471300,DKK,-2.24,prosubmonth,,4994183596643847628,Yes,15,SUBSCRIPTIONS,,
GPA.3393-7988-1943-52396..1,"Feb 25, 2026",6:01:06 AM PST,,Charge,,Pro Subscription (WF Solver),com.deepinkcode.wordfeudsolver,Subscription,prosub,,DK,,8961,DKK,15.20,1.000000,DKK,15.20,prosubmonth,,4994183596643847628,Yes,,,,
GPA.3393-7988-1943-52396..1,"Feb 25, 2026",6:01:06 AM PST,,Google fee,,Pro Subscription (WF Solver),com.deepinkcode.wordfeudsolver,Subscription,prosub,,DK,,8961,DKK,-2.28,1.000000,DKK,-2.28,prosubmonth,,4994183596643847628,Yes,15,SUBSCRIPTIONS,,
GPA.3306-9118-8884-23883..12,"Feb 25, 2026",6:43:04 AM PST,,Charge,,Pro Subscription (WF Solver),com.deepinkcode.wordfeudsolver,Subscription,prosub,,NO,,5410,NOK,24.00,0.661370,DKK,15.87,prosubmonth,,4994183596643847628,Yes,,,,
GPA.3306-9118-8884-23883..12,"Feb 25, 2026",6:43:04 AM PST,,Google fee,,Pro Subscription (WF Solver),com.deepinkcode.wordfeudsolver,Subscription,prosub,,NO,,5410,NOK,-3.60,0.661370,DKK,-2.38,prosubmonth,,4994183596643847628,Yes,15,SUBSCRIPTIONS,,
GPA.3385-7091-8994-62197..11,"Feb 25, 2026",7:15:43 AM PST,,Charge,,Pro Subscription (WF Solver),com.deepinkcode.wordfeudsolver,Subscription,prosub,,NL,,2353 PE,EUR,1.98,7.471500,DKK,14.79,prosubmonth,,4994183596643847628,Yes,,,,
GPA.3385-7091-8994-62197..11,"Feb 25, 2026",7:15:43 AM PST,,Google fee,,Pro Subscription (WF Solver),com.deepinkcode.wordfeudsolver,Subscription,prosub,,NL,,2353 PE,EUR,-0.30,7.471500,DKK,-2.24,prosubmonth,,4994183596643847628,Yes,15,SUBSCRIPTIONS,,
GPA.3340-7307-9482-17548..1,"Feb 25, 2026",7:20:48 AM PST,,Charge,,Pro Subscription (WF Solver),com.deepinkcode.wordfeudsolver,Subscription,prosub,,NO,,1366,NOK,24.00,0.660040,DKK,15.84,prosubmonth,,4994183596643847628,Yes,,,,
GPA.3340-7307-9482-17548..1,"Feb 25, 2026",7:20:48 AM PST,,Google fee,,Pro Subscription (WF Solver),com.deepinkcode.wordfeudsolver,Subscription,prosub,,NO,,1366,NOK,-3.60,0.660040,DKK,-2.38,prosubmonth,,4994183596643847628,Yes,15,SUBSCRIPTIONS,,
GPA.3331-9073-5757-29419..8,"Feb 25, 2026",8:03:25 AM PST,,Charge,,Pro Subscription (WF Solver),com.deepinkcode.wordfeudsolver,Subscription,prosub,,SE,,56142,SEK,23.20,0.699250,DKK,16.22,prosubmonth,,4994183596643847628,Yes,,,,
GPA.3331-9073-5757-29419..8,"Feb 25, 2026",8:03:25 AM PST,,Google fee,,Pro Subscription (WF Solver),com.deepinkcode.wordfeudsolver,Subscription,prosub,,SE,,56142,SEK,-3.48,0.699250,DKK,-2.43,prosubmonth,,4994183596643847628,Yes,15,SUBSCRIPTIONS,,
GPA.3398-1424-2816-80155,"Feb 25, 2026",8:32:41 AM PST,,Charge,,Pro Subscription (WF Solver),com.deepinkcode.wordfeudsolver,Subscription,prosub,mona,US,OR,97266,USD,2.49,6.337400,DKK,15.78,prosubmonth,,4994183596643847628,Yes,,,,In-app
GPA.3398-1424-2816-80155,"Feb 25, 2026",8:32:41 AM PST,,Google fee,,Pro Subscription (WF Solver),com.deepinkcode.wordfeudsolver,Subscription,prosub,mona,US,OR,97266,USD,-0.37,6.337400,DKK,-2.34,prosubmonth,,4994183596643847628,Yes,15,SUBSCRIPTIONS,,In-app
GPA.3392-1322-4855-72618..0,"Feb 25, 2026",8:37:49 AM PST,,Charge,,Pro Subscription (Words With Friends Solver),com.deepinkcode.wordswithfriendssolver,Subscription,prosub,,US,WV,25514,USD,2.49,6.337400,DKK,15.78,prosub,,4994183596643847628,Yes,,,,
GPA.3392-1322-4855-72618..0,"Feb 25, 2026",8:37:49 AM PST,,Google fee,,Pro Subscription (Words With Friends Solver),com.deepinkcode.wordswithfriendssolver,Subscription,prosub,,US,WV,25514,USD,-0.37,6.337400,DKK,-2.34,prosub,,4994183596643847628,Yes,15,SUBSCRIPTIONS,,
GPA.3324-4866-0194-69909..13,"Feb 25, 2026",8:40:14 AM PST,,Charge,,Pro Subscription (WF Solver),com.deepinkcode.wordfeudsolver,Subscription,prosub,,NO,,5610,NOK,24.00,0.660130,DKK,15.84,prosubmonth,,4994183596643847628,Yes,,,,
GPA.3324-4866-0194-69909..13,"Feb 25, 2026",8:40:14 AM PST,,Google fee,,Pro Subscription (WF Solver),com.deepinkcode.wordfeudsolver,Subscription,prosub,,NO,,5610,NOK,-3.60,0.660130,DKK,-2.37,prosubmonth,,4994183596643847628,Yes,15,SUBSCRIPTIONS,,
GPA.3334-4726-1773-78109..4,"Feb 25, 2026",8:50:35 AM PST,,Charge,,Pro Subscription (WF Solver),com.deepinkcode.wordfeudsolver,Subscription,prosub,,NL,,2151ZJ,EUR,1.98,7.471600,DKK,14.79,prosubmonth,,4994183596643847628,Yes,,,,
GPA.3334-4726-1773-78109..4,"Feb 25, 2026",8:50:35 AM PST,,Google fee,,Pro Subscription (WF Solver),com.deepinkcode.wordfeudsolver,Subscription,prosub,,NL,,2151ZJ,EUR,-0.30,7.471600,DKK,-2.24,prosubmonth,,4994183596643847628,Yes,15,SUBSCRIPTIONS,,
GPA.3375-4456-1487-45360..2,"Feb 25, 2026",8:56:04 AM PST,,Charge,,Pro Subscription (WF Solver),com.deepinkcode.wordfeudsolver,Subscription,prosub,,NL,,5252BR,EUR,1.98,7.471600,DKK,14.79,prosubmonth,,4994183596643847628,Yes,,,,
GPA.3375-4456-1487-45360..2,"Feb 25, 2026",8:56:04 AM PST,,Google fee,,Pro Subscription (WF Solver),com.deepinkcode.wordfeudsolver,Subscription,prosub,,NL,,5252BR,EUR,-0.30,7.471600,DKK,-2.24,prosubmonth,,4994183596643847628,Yes,15,SUBSCRIPTIONS,,
GPA.3391-0322-2019-11277..0,"Feb 25, 2026",9:04:30 AM PST,,Charge,,Pro Subscription (WF Solver),com.deepinkcode.wordfeudsolver,Subscription,prosub,,US,CA,91602,USD,2.49,6.330200,DKK,15.76,prosubmonth,,4994183596643847628,Yes,,,,
GPA.3391-0322-2019-11277..0,"Feb 25, 2026",9:04:30 AM PST,,Google fee,,Pro Subscription (WF Solver),com.deepinkcode.wordfeudsolver,Subscription,prosub,,US,CA,91602,USD,-0.37,6.330200,DKK,-2.34,prosubmonth,,4994183596643847628,Yes,15,SUBSCRIPTIONS,,
GPA.3377-9864-5827-92567,"Feb 25, 2026",10:04:51 AM PST,,Charge,,Pro Subscription (WF Solver),com.deepinkcode.wordfeudsolver,Subscription,prosub,r0s,DK,,3390,DKK,15.20,1.000000,DKK,15.20,prosubmonth,,4994183596643847628,Yes,,,,In-app
GPA.3377-9864-5827-92567,"Feb 25, 2026",10:04:51 AM PST,,Google fee,,Pro Subscription (WF Solver),com.deepinkcode.wordfeudsolver,Subscription,prosub,r0s,DK,,3390,DKK,-2.28,1.000000,DKK,-2.28,prosubmonth,,4994183596643847628,Yes,15,SUBSCRIPTIONS,,In-app
GPA.3381-3371-6823-51135..0,"Feb 25, 2026",10:12:24 AM PST,,Charge,,Pro Subscription (WF Solver),com.deepinkcode.wordfeudsolver,Subscription,prosub,,NL,,5482ZN,EUR,1.98,7.471700,DKK,14.79,prosubmonth,,4994183596643847628,Yes,,,,
GPA.3381-3371-6823-51135..0,"Feb 25, 2026",10:12:24 AM PST,,Google fee,,Pro Subscription (WF Solver),com.deepinkcode.wordfeudsolver,Subscription,prosub,,NL,,5482ZN,EUR,-0.30,7.471700,DKK,-2.24,prosubmonth,,4994183596643847628,Yes,15,SUBSCRIPTIONS,,
GPA.3311-0855-7547-71298..7,"Feb 25, 2026",10:55:06 AM PST,,Charge,,Pro Subscription (WF Solver),com.deepinkcode.wordfeudsolver,Subscription,prosub,,NL,,4053 HX,EUR,1.98,7.471700,DKK,14.79,prosubmonth,,4994183596643847628,Yes,,,,
GPA.3311-0855-7547-71298..7,"Feb 25, 2026",10:55:06 AM PST,,Google fee,,Pro Subscription (WF Solver),com.deepinkcode.wordfeudsolver,Subscription,prosub,,NL,,4053 HX,EUR,-0.30,7.471700,DKK,-2.24,prosubmonth,,4994183596643847628,Yes,15,SUBSCRIPTIONS,,
GPA.3350-9729-6993-22497..7,"Feb 25, 2026",11:08:19 AM PST,,Charge,,Pro Subscription (WF Solver),com.deepinkcode.wordfeudsolver,Subscription,prosub,,NL,,6042HV,EUR,1.98,7.471500,DKK,14.79,prosubmonth,,4994183596643847628,Yes,,,,
GPA.3350-9729-6993-22497..7,"Feb 25, 2026",11:08:19 AM PST,,Google fee,,Pro Subscription (WF Solver),com.deepinkcode.wordfeudsolver,Subscription,prosub,,NL,,6042HV,EUR,-0.30,7.471500,DKK,-2.24,prosubmonth,,4994183596643847628,Yes,15,SUBSCRIPTIONS,,
GPA.3303-0168-6589-99494..0,"Feb 25, 2026",11:13:46 AM PST,,Charge,,Pro Subscription (WF Solver),com.deepinkcode.wordfeudsolver,Subscription,prosub,,SE,,89230,SEK,22.40,0.701640,DKK,15.72,prosubmonth,,4994183596643847628,Yes,,,,
GPA.3303-0168-6589-99494..0,"Feb 25, 2026",11:13:46 AM PST,,Google fee,,Pro Subscription (WF Solver),com.deepinkcode.wordfeudsolver,Subscription,prosub,,SE,,89230,SEK,-3.36,0.701640,DKK,-2.36,prosubmonth,,4994183596643847628,Yes,15,SUBSCRIPTIONS,,
GPA.3318-8417-0720-35159..7,"Feb 25, 2026",11:19:05 AM PST,,Charge,,Pro Subscription (WF Solver),com.deepinkcode.wordfeudsolver,Subscription,prosub,,SE,,313 32,SEK,23.20,0.701640,DKK,16.28,prosubmonth,,4994183596643847628,Yes,,,,
GPA.3318-8417-0720-35159..7,"Feb 25, 2026",11:19:05 AM PST,,Google fee,,Pro Subscription (WF Solver),com.deepinkcode.wordfeudsolver,Subscription,prosub,,SE,,313 32,SEK,-3.48,0.701640,DKK,-2.44,prosubmonth,,4994183596643847628,Yes,15,SUBSCRIPTIONS,,
GPA.3376-0519-1444-56166,"Feb 25, 2026",11:26:22 AM PST,,Charge,,Pro Subscription (Words With Friends Solver),com.deepinkcode.wordswithfriendssolver,Subscription,prosub,q7q,US,CA,95205,USD,2.49,6.327600,DKK,15.76,prosub,,4994183596643847628,Yes,,,,In-app
GPA.3376-0519-1444-56166,"Feb 25, 2026",11:26:22 AM PST,,Google fee,,Pro Subscription (Words With Friends Solver),com.deepinkcode.wordswithfriendssolver,Subscription,prosub,q7q,US,CA,95205,USD,-0.37,6.327600,DKK,-2.34,prosub,,4994183596643847628,Yes,15,SUBSCRIPTIONS,,In-app
GPA.3372-1632-5275-69881,"Feb 25, 2026",12:59:19 PM PST,,Charge,,Pro Subscription (WF Solver),com.deepinkcode.wordfeudsolver,Subscription,prosub,pa1q,SE,,702 83,SEK,22.40,0.701250,DKK,15.71,prosubmonth,,4994183596643847628,Yes,,,,In-app
GPA.3372-1632-5275-69881,"Feb 25, 2026",12:59:19 PM PST,,Google fee,,Pro Subscription (WF Solver),com.deepinkcode.wordfeudsolver,Subscription,prosub,pa1q,SE,,702 83,SEK,-3.36,0.701250,DKK,-2.36,prosubmonth,,4994183596643847628,Yes,15,SUBSCRIPTIONS,,In-app
GPA.3303-2104-3950-02719..9,"Feb 25, 2026",1:04:51 PM PST,,Charge,,Pro Subscription (Words With Friends Solver),com.deepinkcode.wordswithfriendssolver,Subscription,prosub,,US,WI,53405,USD,1.99,6.328600,DKK,12.59,prosub,,4994183596643847628,Yes,,,,
GPA.3303-2104-3950-02719..9,"Feb 25, 2026",1:04:51 PM PST,,Google fee,,Pro Subscription (Words With Friends Solver),com.deepinkcode.wordswithfriendssolver,Subscription,prosub,,US,WI,53405,USD,-0.30,6.328600,DKK,-1.90,prosub,,4994183596643847628,Yes,15,SUBSCRIPTIONS,,
GPA.3366-6284-3844-14510..1,"Feb 25, 2026",2:24:41 PM PST,,Charge,,Pro Subscription (WF Solver),com.deepinkcode.wordfeudsolver,Subscription,prosub,,NO,,3186,NOK,24.00,0.662810,DKK,15.91,prosubmonth,,4994183596643847628,Yes,,,,
GPA.3366-6284-3844-14510..1,"Feb 25, 2026",2:24:41 PM PST,,Google fee,,Pro Subscription (WF Solver),com.deepinkcode.wordfeudsolver,Subscription,prosub,,NO,,3186,NOK,-3.60,0.662810,DKK,-2.39,prosubmonth,,4994183596643847628,Yes,15,SUBSCRIPTIONS,,
GPA.3387-0290-3352-42597..0,"Feb 25, 2026",4:21:45 PM PST,,Charge,,Pro Subscription (Words With Friends Solver),com.deepinkcode.wordswithfriendssolver,Subscription,prosub,,US,SC,29720,USD,2.49,6.324800,DKK,15.75,prosub,,4994183596643847628,Yes,,,,
GPA.3387-0290-3352-42597..0,"Feb 25, 2026",4:21:45 PM PST,,Google fee,,Pro Subscription (Words With Friends Solver),com.deepinkcode.wordswithfriendssolver,Subscription,prosub,,US,SC,29720,USD,-0.37,6.324800,DKK,-2.34,prosub,,4994183596643847628,Yes,15,SUBSCRIPTIONS,,
GPA.3364-9793-6780-30531,"Feb 25, 2026",4:23:42 PM PST,,Charge refund,Full,Pro Subscription (WF Solver),com.deepinkcode.wordfeudsolver,Subscription,prosub,r0s,NL,,3075 PS,EUR,-1.98,7.470800,DKK,-14.79,prosubmonth,,4994183596643847628,Yes,,,,In-app
GPA.3364-9793-6780-30531,"Feb 25, 2026",4:23:42 PM PST,,Google fee refund,Full,Pro Subscription (WF Solver),com.deepinkcode.wordfeudsolver,Subscription,prosub,r0s,NL,,3075 PS,EUR,0.30,7.470800,DKK,2.24,prosubmonth,,4994183596643847628,Yes,15,SUBSCRIPTIONS,,In-app
GPA.3355-3271-6306-33573..0,"Feb 25, 2026",5:14:31 PM PST,,Charge,,Pro Subscription (Words With Friends Solver),com.deepinkcode.wordswithfriendssolver,Subscription,prosub,,US,NC,27948,USD,2.49,6.323400,DKK,15.75,prosub,,4994183596643847628,Yes,,,,
GPA.3355-3271-6306-33573..0,"Feb 25, 2026",5:14:31 PM PST,,Google fee,,Pro Subscription (Words With Friends Solver),com.deepinkcode.wordswithfriendssolver,Subscription,prosub,,US,NC,27948,USD,-0.37,6.323400,DKK,-2.34,prosub,,4994183596643847628,Yes,15,SUBSCRIPTIONS,,
GPA.3352-5540-4718-73423..3,"Feb 25, 2026",5:29:05 PM PST,,Charge,,Pro Subscription (WF Solver),com.deepinkcode.wordfeudsolver,Subscription,prosub,,US,FL,32258,USD,2.49,6.323400,DKK,15.75,prosubmonth,,4994183596643847628,Yes,,,,
GPA.3352-5540-4718-73423..3,"Feb 25, 2026",5:29:05 PM PST,,Google fee,,Pro Subscription (WF Solver),com.deepinkcode.wordfeudsolver,Subscription,prosub,,US,FL,32258,USD,-0.37,6.323400,DKK,-2.34,prosubmonth,,4994183596643847628,Yes,15,SUBSCRIPTIONS,,
GPA.3325-5582-3592-52082..0,"Feb 25, 2026",5:41:01 PM PST,,Charge,,Pro Subscription (Words With Friends Solver),com.deepinkcode.wordswithfriendssolver,Subscription,prosub,,CA,ON,L8P2A7,CAD,3.19,4.623900,DKK,14.75,prosub,,4994183596643847628,Yes,,,,
GPA.3325-5582-3592-52082..0,"Feb 25, 2026",5:41:01 PM PST,,Google fee,,Pro Subscription (Words With Friends Solver),com.deepinkcode.wordswithfriendssolver,Subscription,prosub,,CA,ON,L8P2A7,CAD,-0.48,4.623900,DKK,-2.22,prosub,,4994183596643847628,Yes,15,SUBSCRIPTIONS,,
GPA.3306-3394-5596-42894,"Feb 25, 2026",7:51:09 PM PST,,Charge,,Pro Subscription (Words With Friends Solver),com.deepinkcode.wordswithfriendssolver,Subscription,prosub,pa1q,US,OH,43110,USD,2.49,6.317200,DKK,15.73,prosub,,4994183596643847628,Yes,,,,In-app
GPA.3306-3394-5596-42894,"Feb 25, 2026",7:51:09 PM PST,,Google fee,,Pro Subscription (Words With Friends Solver),com.deepinkcode.wordswithfriendssolver,Subscription,prosub,pa1q,US,OH,43110,USD,-0.37,6.317200,DKK,-2.34,prosub,,4994183596643847628,Yes,15,SUBSCRIPTIONS,,In-app
GPA.3369-1430-8907-28135..12,"Feb 25, 2026",7:56:40 PM PST,,Charge,,Pro Subscription (WF Solver),com.deepinkcode.wordfeudsolver,Subscription,prosub,,SE,,63232,SEK,23.20,0.700970,DKK,16.26,prosubmonth,,4994183596643847628,Yes,,,,
GPA.3369-1430-8907-28135..12,"Feb 25, 2026",7:56:40 PM PST,,Google fee,,Pro Subscription (WF Solver),com.deepinkcode.wordfeudsolver,Subscription,prosub,,SE,,63232,SEK,-3.48,0.700970,DKK,-2.44,prosubmonth,,4994183596643847628,Yes,15,SUBSCRIPTIONS,,
GPA.3375-0701-8965-08141..5,"Feb 25, 2026",8:09:10 PM PST,,Charge,,Pro Subscription (WF Solver),com.deepinkcode.wordfeudsolver,Subscription,prosub,,NL,,3362 GG,EUR,1.98,7.471900,DKK,14.79,prosubmonth,,4994183596643847628,Yes,,,,
GPA.3375-0701-8965-08141..5,"Feb 25, 2026",8:09:10 PM PST,,Google fee,,Pro Subscription (WF Solver),com.deepinkcode.wordfeudsolver,Subscription,prosub,,NL,,3362 GG,EUR,-0.30,7.471900,DKK,-2.24,prosubmonth,,4994183596643847628,Yes,15,SUBSCRIPTIONS,,
GPA.3324-6717-6826-50369,"Feb 25, 2026",8:33:46 PM PST,,Charge,,Pro Subscription (Words With Friends Solver),com.deepinkcode.wordswithfriendssolver,Subscription,prosub,boston,US,CO,80014,USD,2.49,6.322700,DKK,15.74,prosub,,4994183596643847628,Yes,,,,In-app
GPA.3324-6717-6826-50369,"Feb 25, 2026",8:33:46 PM PST,,Google fee,,Pro Subscription (Words With Friends Solver),com.deepinkcode.wordswithfriendssolver,Subscription,prosub,boston,US,CO,80014,USD,-0.37,6.322700,DKK,-2.34,prosub,,4994183596643847628,Yes,15,SUBSCRIPTIONS,,In-app
GPA.3306-6680-7682-25512..16,"Feb 25, 2026",11:34:19 PM PST,,Charge,,Pro Subscription (WF Solver),com.deepinkcode.wordfeudsolver,Subscription,prosub,,SE,,514 70,SEK,23.20,0.700730,DKK,16.26,prosubmonth,,4994183596643847628,Yes,,,,
GPA.3306-6680-7682-25512..16,"Feb 25, 2026",11:34:19 PM PST,,Google fee,,Pro Subscription (WF Solver),com.deepinkcode.wordfeudsolver,Subscription,prosub,,SE,,514 70,SEK,-3.48,0.700730,DKK,-2.44,prosubmonth,,4994183596643847628,Yes,15,SUBSCRIPTIONS,,
GPA.3325-9121-5826-85560..6,"Feb 25, 2026",11:42:35 PM PST,,Charge,,Pro Subscription (WF Solver),com.deepinkcode.wordfeudsolver,Subscription,prosub,,SE,,65591,SEK,23.20,0.700730,DKK,16.26,prosubmonth,,4994183596643847628,Yes,,,,
GPA.3325-9121-5826-85560..6,"Feb 25, 2026",11:42:35 PM PST,,Google fee,,Pro Subscription (WF Solver),com.deepinkcode.wordfeudsolver,Subscription,prosub,,SE,,65591,SEK,-3.48,0.700730,DKK,-2.44,prosubmonth,,4994183596643847628,Yes,15,SUBSCRIPTIONS,,
GPA.3318-1106-6605-92950..3,"Feb 26, 2026",1:39:44 AM PST,,Charge,,Pro Subscription (WF Solver),com.deepinkcode.wordfeudsolver,Subscription,prosub,,SE,,283 34,SEK,22.40,0.700890,DKK,15.70,prosubmonth,,4994183596643847628,Yes,,,,
GPA.3318-1106-6605-92950..3,"Feb 26, 2026",1:39:44 AM PST,,Google fee,,Pro Subscription (WF Solver),com.deepinkcode.wordfeudsolver,Subscription,prosub,,SE,,283 34,SEK,-3.36,0.700890,DKK,-2.36,prosubmonth,,4994183596643847628,Yes,15,SUBSCRIPTIONS,,
GPA.3340-8313-7397-09343,"Feb 26, 2026",1:43:08 AM PST,,Charge,,Pro Subscription (WF Solver),com.deepinkcode.wordfeudsolver,Subscription,prosub,a55x,NL,,4817MP,EUR,1.98,7.471900,DKK,14.79,prosubmonth,,4994183596643847628,Yes,,,,In-app
GPA.3340-8313-7397-09343,"Feb 26, 2026",1:43:08 AM PST,,Google fee,,Pro Subscription (WF Solver),com.deepinkcode.wordfeudsolver,Subscription,prosub,a55x,NL,,4817MP,EUR,-0.30,7.471900,DKK,-2.24,prosubmonth,,4994183596643847628,Yes,15,SUBSCRIPTIONS,,In-app
GPA.3357-7606-4150-70865..3,"Feb 26, 2026",1:56:18 AM PST,,Charge,,Pro Subscription (WF Solver),com.deepinkcode.wordfeudsolver,Subscription,prosub,,SE,,19269,SEK,22.40,0.700890,DKK,15.70,prosubmonth,,4994183596643847628,Yes,,,,
GPA.3357-7606-4150-70865..3,"Feb 26, 2026",1:56:18 AM PST,,Google fee,,Pro Subscription (WF Solver),com.deepinkcode.wordfeudsolver,Subscription,prosub,,SE,,19269,SEK,-3.36,0.700890,DKK,-2.36,prosubmonth,,4994183596643847628,Yes,15,SUBSCRIPTIONS,,
GPA.3374-1291-0158-01249..1,"Feb 26, 2026",2:48:11 AM PST,,Charge,,Pro Subscription (WF Solver),com.deepinkcode.wordfeudsolver,Subscription,prosub,,NL,,3871 DA,EUR,1.98,7.471700,DKK,14.79,prosubmonth,,4994183596643847628,Yes,,,,
GPA.3374-1291-0158-01249..1,"Feb 26, 2026",2:48:11 AM PST,,Google fee,,Pro Subscription (WF Solver),com.deepinkcode.wordfeudsolver,Subscription,prosub,,NL,,3871 DA,EUR,-0.30,7.471700,DKK,-2.24,prosubmonth,,4994183596643847628,Yes,15,SUBSCRIPTIONS,,
GPA.3367-7884-1257-87020..10,"Feb 26, 2026",3:02:56 AM PST,,Charge,,Pro Subscription (WF Solver),com.deepinkcode.wordfeudsolver,Subscription,prosub,,SE,,69499,SEK,23.20,0.700430,DKK,16.25,prosubmonth,,4994183596643847628,Yes,,,,
GPA.3367-7884-1257-87020..10,"Feb 26, 2026",3:02:56 AM PST,,Google fee,,Pro Subscription (WF Solver),com.deepinkcode.wordfeudsolver,Subscription,prosub,,SE,,69499,SEK,-3.48,0.700430,DKK,-2.44,prosubmonth,,4994183596643847628,Yes,15,SUBSCRIPTIONS,,
GPA.3304-5179-5410-55818..11,"Feb 26, 2026",3:38:47 AM PST,,Charge,,Pro Subscription (WF Solver),com.deepinkcode.wordfeudsolver,Subscription,prosub,,NL,,3972 ZB,EUR,1.98,7.471600,DKK,14.79,prosubmonth,,4994183596643847628,Yes,,,,
GPA.3304-5179-5410-55818..11,"Feb 26, 2026",3:38:47 AM PST,,Google fee,,Pro Subscription (WF Solver),com.deepinkcode.wordfeudsolver,Subscription,prosub,,NL,,3972 ZB,EUR,-0.30,7.471600,DKK,-2.24,prosubmonth,,4994183596643847628,Yes,15,SUBSCRIPTIONS,,
GPA.3388-0675-7684-07200..12,"Feb 26, 2026",4:04:55 AM PST,,Charge,,Pro Subscription (WF Solver),com.deepinkcode.wordfeudsolver,Subscription,prosub,,NL,,1018MW,EUR,1.98,7.472100,DKK,14.79,prosubmonth,,4994183596643847628,Yes,,,,
GPA.3388-0675-7684-07200..12,"Feb 26, 2026",4:04:55 AM PST,,Google fee,,Pro Subscription (WF Solver),com.deepinkcode.wordfeudsolver,Subscription,prosub,,NL,,1018MW,EUR,-0.30,7.472100,DKK,-2.24,prosubmonth,,4994183596643847628,Yes,15,SUBSCRIPTIONS,,
GPA.3333-8653-0040-38953..11,"Feb 26, 2026",5:30:54 AM PST,,Charge,,Pro Subscription (WF Solver),com.deepinkcode.wordfeudsolver,Subscription,prosub,,US,MO,63118,USD,1.99,6.331100,DKK,12.60,prosubmonth,,4994183596643847628,Yes,,,,
GPA.3333-8653-0040-38953..11,"Feb 26, 2026",5:30:54 AM PST,,Google fee,,Pro Subscription (WF Solver),com.deepinkcode.wordfeudsolver,Subscription,prosub,,US,MO,63118,USD,-0.30,6.331100,DKK,-1.90,prosubmonth,,4994183596643847628,Yes,15,SUBSCRIPTIONS,,
GPA.3319-6633-6216-26442,"Feb 26, 2026",5:50:22 AM PST,,Charge,,Pro Subscription (Scrabble GO Cheat),com.deepinkcode.scrabblegocheat,Subscription,prosub,r8q,US,TX,75041,USD,2.49,6.331100,DKK,15.76,prosubmonth,,4994183596643847628,Yes,,,,In-app
GPA.3319-6633-6216-26442,"Feb 26, 2026",5:50:22 AM PST,,Google fee,,Pro Subscription (Scrabble GO Cheat),com.deepinkcode.scrabblegocheat,Subscription,prosub,r8q,US,TX,75041,USD,-0.37,6.331100,DKK,-2.34,prosubmonth,,4994183596643847628,Yes,15,SUBSCRIPTIONS,,In-app
GPA.3313-9023-5116-15855..1,"Feb 26, 2026",6:12:18 AM PST,,Charge,,Pro Subscription (WF Solver),com.deepinkcode.wordfeudsolver,Subscription,prosub,,DK,,4622,DKK,15.20,1.000000,DKK,15.20,prosubmonth,,4994183596643847628,Yes,,,,
GPA.3313-9023-5116-15855..1,"Feb 26, 2026",6:12:18 AM PST,,Google fee,,Pro Subscription (WF Solver),com.deepinkcode.wordfeudsolver,Subscription,prosub,,DK,,4622,DKK,-2.28,1.000000,DKK,-2.28,prosubmonth,,4994183596643847628,Yes,15,SUBSCRIPTIONS,,
GPA.3339-0589-0077-79882..7,"Feb 26, 2026",6:28:10 AM PST,,Charge,,Pro Subscription (WF Solver),com.deepinkcode.wordfeudsolver,Subscription,prosub,,NL,,2375 XK,EUR,1.98,7.471900,DKK,14.79,prosubmonth,,4994183596643847628,Yes,,,,
GPA.3339-0589-0077-79882..7,"Feb 26, 2026",6:28:10 AM PST,,Google fee,,Pro Subscription (WF Solver),com.deepinkcode.wordfeudsolver,Subscription,prosub,,NL,,2375 XK,EUR,-0.30,7.471900,DKK,-2.24,prosubmonth,,4994183596643847628,Yes,15,SUBSCRIPTIONS,,
GPA.3369-3478-5715-82838..11,"Feb 26, 2026",7:24:08 AM PST,,Charge,,Pro Subscription (WF Solver),com.deepinkcode.wordfeudsolver,Subscription,prosub,,SE,,34140,SEK,23.20,0.699950,DKK,16.24,prosubmonth,,4994183596643847628,Yes,,,,
GPA.3369-3478-5715-82838..11,"Feb 26, 2026",7:24:08 AM PST,,Google fee,,Pro Subscription (WF Solver),com.deepinkcode.wordfeudsolver,Subscription,prosub,,SE,,34140,SEK,-3.48,0.699950,DKK,-2.44,prosubmonth,,4994183596643847628,Yes,15,SUBSCRIPTIONS,,
GPA.3318-2899-9868-17350,"Feb 26, 2026",7:36:04 AM PST,,Charge,,Pro Subscription (WF Solver),com.deepinkcode.wordfeudsolver,Subscription,prosub,a53x,SE,,90441,SEK,22.40,0.699950,DKK,15.68,prosubmonth,,4994183596643847628,Yes,,,,In-app
GPA.3318-2899-9868-17350,"Feb 26, 2026",7:36:04 AM PST,,Google fee,,Pro Subscription (WF Solver),com.deepinkcode.wordfeudsolver,Subscription,prosub,a53x,SE,,90441,SEK,-3.36,0.699950,DKK,-2.35,prosubmonth,,4994183596643847628,Yes,15,SUBSCRIPTIONS,,In-app
GPA.3318-9218-0280-48141,"Feb 26, 2026",8:40:20 AM PST,,Charge,,Pro (WF Solver),com.deepinkcode.wordfeudsolver,One-time product,pro,pa3q,NL,,8226 RA,EUR,23.96,7.471800,DKK,179.02,legacy-base,,4994183596643847628,Yes,,,,In-app
GPA.3318-9218-0280-48141,"Feb 26, 2026",8:40:20 AM PST,,Google fee,,Pro (WF Solver),com.deepinkcode.wordfeudsolver,One-time product,pro,pa3q,NL,,8226 RA,EUR,-3.59,7.471800,DKK,-26.82,legacy-base,,4994183596643847628,Yes,15,,,In-app
GPA.3349-7322-4481-72568,"Feb 26, 2026",8:52:10 AM PST,,Charge,,Pro Subscription (WF Solver),com.deepinkcode.wordfeudsolver,Subscription,prosub,pa2q,DK,,7400,DKK,15.20,1.000000,DKK,15.20,prosubmonth,,4994183596643847628,Yes,,,,In-app
GPA.3349-7322-4481-72568,"Feb 26, 2026",8:52:10 AM PST,,Google fee,,Pro Subscription (WF Solver),com.deepinkcode.wordfeudsolver,Subscription,prosub,pa2q,DK,,7400,DKK,-2.28,1.000000,DKK,-2.28,prosubmonth,,4994183596643847628,Yes,15,SUBSCRIPTIONS,,In-app
GPA.3337-6194-7374-72835..12,"Feb 26, 2026",10:56:11 AM PST,,Charge,,Pro Subscription (WF Solver),com.deepinkcode.wordfeudsolver,Subscription,prosub,,GB,,HU55YZ,GBP,1.66,8.554800,DKK,14.20,prosubmonth,,4994183596643847628,Yes,,,,
GPA.3337-6194-7374-72835..12,"Feb 26, 2026",10:56:11 AM PST,,Google fee,,Pro Subscription (WF Solver),com.deepinkcode.wordfeudsolver,Subscription,prosub,,GB,,HU55YZ,GBP,-0.25,8.554800,DKK,-2.14,prosubmonth,,4994183596643847628,Yes,15,SUBSCRIPTIONS,,
GPA.3363-5427-8390-32627,"Feb 26, 2026",10:59:11 AM PST,,Charge,,Pro Subscription (Scrabble GO Cheat),com.deepinkcode.scrabblegocheat,Subscription,prosub,pa3q,SE,,14570,SEK,22.40,0.699610,DKK,15.67,prosubmonth,,4994183596643847628,Yes,,,,In-app
GPA.3363-5427-8390-32627,"Feb 26, 2026",10:59:11 AM PST,,Google fee,,Pro Subscription (Scrabble GO Cheat),com.deepinkcode.scrabblegocheat,Subscription,prosub,pa3q,SE,,14570,SEK,-3.36,0.699610,DKK,-2.35,prosubmonth,,4994183596643847628,Yes,15,SUBSCRIPTIONS,,In-app
GPA.3372-3296-7039-73109..1,"Feb 26, 2026",12:02:30 PM PST,,Charge,,Pro Subscription (WF Solver),com.deepinkcode.wordfeudsolver,Subscription,prosub,,NL,,5627GS,EUR,1.98,7.472100,DKK,14.79,prosubmonth,,4994183596643847628,Yes,,,,
GPA.3372-3296-7039-73109..1,"Feb 26, 2026",12:02:30 PM PST,,Google fee,,Pro Subscription (WF Solver),com.deepinkcode.wordfeudsolver,Subscription,prosub,,NL,,5627GS,EUR,-0.30,7.472100,DKK,-2.24,prosubmonth,,4994183596643847628,Yes,15,SUBSCRIPTIONS,,
GPA.3355-6511-7766-68555,"Feb 26, 2026",12:08:13 PM PST,,Charge,,Pro Subscription (Words With Friends Solver),com.deepinkcode.wordswithfriendssolver,Subscription,prosub,dm3q,US,NC,28023,USD,2.49,6.340800,DKK,15.79,prosub,,4994183596643847628,Yes,,,,In-app
GPA.3355-6511-7766-68555,"Feb 26, 2026",12:08:13 PM PST,,Google fee,,Pro Subscription (Words With Friends Solver),com.deepinkcode.wordswithfriendssolver,Subscription,prosub,dm3q,US,NC,28023,USD,-0.37,6.340800,DKK,-2.35,prosub,,4994183596643847628,Yes,15,SUBSCRIPTIONS,,In-app
GPA.3384-8238-6657-52339..1,"Feb 26, 2026",12:12:38 PM PST,,Charge,,Pro Subscription (WF Solver),com.deepinkcode.wordfeudsolver,Subscription,prosub,,DK,,6580,DKK,15.20,1.000000,DKK,15.20,prosubmonth,,4994183596643847628,Yes,,,,
GPA.3384-8238-6657-52339..1,"Feb 26, 2026",12:12:38 PM PST,,Google fee,,Pro Subscription (WF Solver),com.deepinkcode.wordfeudsolver,Subscription,prosub,,DK,,6580,DKK,-2.28,1.000000,DKK,-2.28,prosubmonth,,4994183596643847628,Yes,15,SUBSCRIPTIONS,,
GPA.3361-3772-3581-32843..8,"Feb 26, 2026",12:22:00 PM PST,,Charge,,Pro Subscription (WF Solver),com.deepinkcode.wordfeudsolver,Subscription,prosub,,NL,,1363 DB,EUR,1.98,7.472100,DKK,14.79,prosubmonth,,4994183596643847628,Yes,,,,
GPA.3361-3772-3581-32843..8,"Feb 26, 2026",12:22:00 PM PST,,Google fee,,Pro Subscription (WF Solver),com.deepinkcode.wordfeudsolver,Subscription,prosub,,NL,,1363 DB,EUR,-0.30,7.472100,DKK,-2.24,prosubmonth,,4994183596643847628,Yes,15,SUBSCRIPTIONS,,
GPA.3361-8800-8394-13371..0,"Feb 26, 2026",2:26:40 PM PST,,Charge,,Pro Subscription (WF Solver),com.deepinkcode.wordfeudsolver,Subscription,prosub,,BE,,2470,EUR,1.98,7.471400,DKK,14.79,prosubmonth,,4994183596643847628,Yes,,,,
GPA.3361-8800-8394-13371..0,"Feb 26, 2026",2:26:40 PM PST,,Google fee,,Pro Subscription (WF Solver),com.deepinkcode.wordfeudsolver,Subscription,prosub,,BE,,2470,EUR,-0.30,7.471400,DKK,-2.24,prosubmonth,,4994183596643847628,Yes,15,SUBSCRIPTIONS,,
GPA.3309-9352-9251-38517,"Feb 26, 2026",8:24:54 PM PST,,Charge,,Pro Subscription (WF Solver),com.deepinkcode.wordfeudsolver,Subscription,prosub,dm3q,SE,,34013,SEK,22.40,0.699420,DKK,15.67,prosubmonth,,4994183596643847628,Yes,,,,In-app
GPA.3309-9352-9251-38517,"Feb 26, 2026",8:24:54 PM PST,,Google fee,,Pro Subscription (WF Solver),com.deepinkcode.wordfeudsolver,Subscription,prosub,dm3q,SE,,34013,SEK,-3.36,0.699420,DKK,-2.35,prosubmonth,,4994183596643847628,Yes,15,SUBSCRIPTIONS,,In-app
GPA.3351-3891-7400-36633..2,"Feb 26, 2026",8:54:34 PM PST,,Charge,,Pro Subscription (Words With Friends Solver),com.deepinkcode.wordswithfriendssolver,Subscription,prosub,,US,CA,94591,USD,2.49,6.331400,DKK,15.77,prosub,,4994183596643847628,Yes,,,,
GPA.3351-3891-7400-36633..2,"Feb 26, 2026",8:54:34 PM PST,,Google fee,,Pro Subscription (Words With Friends Solver),com.deepinkcode.wordswithfriendssolver,Subscription,prosub,,US,CA,94591,USD,-0.37,6.331400,DKK,-2.34,prosub,,4994183596643847628,Yes,15,SUBSCRIPTIONS,,
GPA.3324-5892-9448-08273..6,"Feb 26, 2026",9:43:23 PM PST,,Charge,,Pro Subscription (WF Solver),com.deepinkcode.wordfeudsolver,Subscription,prosub,,DK,,4800,DKK,15.20,1.000000,DKK,15.20,prosubmonth,,4994183596643847628,Yes,,,,
GPA.3324-5892-9448-08273..6,"Feb 26, 2026",9:43:23 PM PST,,Google fee,,Pro Subscription (WF Solver),com.deepinkcode.wordfeudsolver,Subscription,prosub,,DK,,4800,DKK,-2.28,1.000000,DKK,-2.28,prosubmonth,,4994183596643847628,Yes,15,SUBSCRIPTIONS,,
GPA.3346-1446-8125-49424..11,"Feb 26, 2026",10:00:43 PM PST,,Charge,,Pro Subscription (WF Solver),com.deepinkcode.wordfeudsolver,Subscription,prosub,,SE,,511 71,SEK,23.20,0.699570,DKK,16.23,prosubmonth,,4994183596643847628,Yes,,,,
GPA.3346-1446-8125-49424..11,"Feb 26, 2026",10:00:43 PM PST,,Google fee,,Pro Subscription (WF Solver),com.deepinkcode.wordfeudsolver,Subscription,prosub,,SE,,511 71,SEK,-3.48,0.699570,DKK,-2.43,prosubmonth,,4994183596643847628,Yes,15,SUBSCRIPTIONS,,
GPA.3312-1129-1077-44248..0,"Feb 26, 2026",11:53:47 PM PST,,Charge,,Pro Subscription (WF Solver),com.deepinkcode.wordfeudsolver,Subscription,prosub,,DK,,9000,DKK,15.20,1.000000,DKK,15.20,prosubmonth,,4994183596643847628,Yes,,,,
GPA.3312-1129-1077-44248..0,"Feb 26, 2026",11:53:47 PM PST,,Google fee,,Pro Subscription (WF Solver),com.deepinkcode.wordfeudsolver,Subscription,prosub,,DK,,9000,DKK,-2.28,1.000000,DKK,-2.28,prosubmonth,,4994183596643847628,Yes,15,SUBSCRIPTIONS,,
GPA.3361-4836-5573-17439..0,"Feb 27, 2026",12:28:26 AM PST,,Charge,,Pro Subscription (WF Solver),com.deepinkcode.wordfeudsolver,Subscription,prosub,,NL,,7204JJ,EUR,1.98,7.472400,DKK,14.80,prosubmonth,,4994183596643847628,Yes,,,,
GPA.3361-4836-5573-17439..0,"Feb 27, 2026",12:28:26 AM PST,,Google fee,,Pro Subscription (WF Solver),com.deepinkcode.wordfeudsolver,Subscription,prosub,,NL,,7204JJ,EUR,-0.30,7.472400,DKK,-2.25,prosubmonth,,4994183596643847628,Yes,15,SUBSCRIPTIONS,,
GPA.3392-9970-4070-27951,"Feb 27, 2026",12:32:08 AM PST,,Charge,,Pro (WF Solver),com.deepinkcode.wordfeudsolver,One-time product,pro,e1s,NL,,1035 AM,EUR,23.96,7.472400,DKK,179.04,legacy-base,,4994183596643847628,Yes,,,,In-app
GPA.3392-9970-4070-27951,"Feb 27, 2026",12:32:08 AM PST,,Google fee,,Pro (WF Solver),com.deepinkcode.wordfeudsolver,One-time product,pro,e1s,NL,,1035 AM,EUR,-3.59,7.472400,DKK,-26.83,legacy-base,,4994183596643847628,Yes,15,,,In-app
GPA.3380-3116-8597-88122..0,"Feb 27, 2026",12:57:57 AM PST,,Charge,,Pro Subscription (Words With Friends Solver),com.deepinkcode.wordswithfriendssolver,Subscription,prosub,,GB,,AB42 5LN,GBP,1.74,8.527100,DKK,14.84,prosub,,4994183596643847628,Yes,,,,
GPA.3380-3116-8597-88122..0,"Feb 27, 2026",12:57:57 AM PST,,Google fee,,Pro Subscription (Words With Friends Solver),com.deepinkcode.wordswithfriendssolver,Subscription,prosub,,GB,,AB42 5LN,GBP,-0.26,8.527100,DKK,-2.22,prosub,,4994183596643847628,Yes,15,SUBSCRIPTIONS,,
GPA.3363-3298-3347-53813,"Feb 27, 2026",1:22:35 AM PST,,Charge,,Pro Subscription (Words With Friends Solver),com.deepinkcode.wordswithfriendssolver,Subscription,prosub,OP5AE1L1,AU,QLD,4879,AUD,3.63,4.504400,DKK,16.35,prosub,,4994183596643847628,Yes,,,,In-app
GPA.3363-3298-3347-53813,"Feb 27, 2026",1:22:35 AM PST,,Google fee,,Pro Subscription (Words With Friends Solver),com.deepinkcode.wordswithfriendssolver,Subscription,prosub,OP5AE1L1,AU,QLD,4879,AUD,-0.54,4.504400,DKK,-2.43,prosub,,4994183596643847628,Yes,15,SUBSCRIPTIONS,,In-app
GPA.3392-6733-7640-32780..2,"Feb 27, 2026",1:40:12 AM PST,,Charge,,Pro Subscription (WF Solver),com.deepinkcode.wordfeudsolver,Subscription,prosub,,DK,,5690,DKK,15.20,1.000000,DKK,15.20,prosubmonth,,4994183596643847628,Yes,,,,
GPA.3392-6733-7640-32780..2,"Feb 27, 2026",1:40:12 AM PST,,Google fee,,Pro Subscription (WF Solver),com.deepinkcode.wordfeudsolver,Subscription,prosub,,DK,,5690,DKK,-2.28,1.000000,DKK,-2.28,prosubmonth,,4994183596643847628,Yes,15,SUBSCRIPTIONS,,
GPA.3397-0149-6218-98707..8,"Feb 27, 2026",1:43:54 AM PST,,Charge,,Pro Subscription (Words With Friends Solver),com.deepinkcode.wordswithfriendssolver,Subscription,prosub,,AU,,4814,AUD,3.26,4.504400,DKK,14.68,prosub,,4994183596643847628,Yes,,,,
GPA.3397-0149-6218-98707..8,"Feb 27, 2026",1:43:54 AM PST,,Google fee,,Pro Subscription (Words With Friends Solver),com.deepinkcode.wordswithfriendssolver,Subscription,prosub,,AU,,4814,AUD,-0.49,4.504400,DKK,-2.21,prosub,,4994183596643847628,Yes,15,SUBSCRIPTIONS,,
GPA.3338-0449-0796-74700..1,"Feb 27, 2026",1:52:42 AM PST,,Charge,,Pro Subscription (WF Solver),com.deepinkcode.wordfeudsolver,Subscription,prosub,,DK,,2450,DKK,15.20,1.000000,DKK,15.20,prosubmonth,,4994183596643847628,Yes,,,,
GPA.3338-0449-0796-74700..1,"Feb 27, 2026",1:52:42 AM PST,,Google fee,,Pro Subscription (WF Solver),com.deepinkcode.wordfeudsolver,Subscription,prosub,,DK,,2450,DKK,-2.28,1.000000,DKK,-2.28,prosubmonth,,4994183596643847628,Yes,15,SUBSCRIPTIONS,,
GPA.3365-8629-6780-75539..8,"Feb 27, 2026",2:30:59 AM PST,,Charge,,Pro Subscription (WF Solver),com.deepinkcode.wordfeudsolver,Subscription,prosub,,NL,,1816LK,EUR,1.98,7.472100,DKK,14.79,prosubmonth,,4994183596643847628,Yes,,,,
GPA.3365-8629-6780-75539..8,"Feb 27, 2026",2:30:59 AM PST,,Google fee,,Pro Subscription (WF Solver),com.deepinkcode.wordfeudsolver,Subscription,prosub,,NL,,1816LK,EUR,-0.30,7.472100,DKK,-2.24,prosubmonth,,4994183596643847628,Yes,15,SUBSCRIPTIONS,,
GPA.3352-4579-4177-30322..12,"Feb 27, 2026",2:53:34 AM PST,,Charge,,Pro Subscription (WF Solver),com.deepinkcode.wordfeudsolver,Subscription,prosub,,NL,,6823NA,EUR,1.98,7.472100,DKK,14.79,prosubmonth,,4994183596643847628,Yes,,,,
GPA.3352-4579-4177-30322..12,"Feb 27, 2026",2:53:34 AM PST,,Google fee,,Pro Subscription (WF Solver),com.deepinkcode.wordfeudsolver,Subscription,prosub,,NL,,6823NA,EUR,-0.30,7.472100,DKK,-2.24,prosubmonth,,4994183596643847628,Yes,15,SUBSCRIPTIONS,,
GPA.3350-9969-0028-81763..1,"Feb 27, 2026",3:35:28 AM PST,,Charge,,Pro Subscription (WF Solver),com.deepinkcode.wordfeudsolver,Subscription,prosub,,NL,,2645LK,EUR,1.98,7.472300,DKK,14.80,prosubmonth,,4994183596643847628,Yes,,,,
GPA.3350-9969-0028-81763..1,"Feb 27, 2026",3:35:28 AM PST,,Google fee,,Pro Subscription (WF Solver),com.deepinkcode.wordfeudsolver,Subscription,prosub,,NL,,2645LK,EUR,-0.30,7.472300,DKK,-2.25,prosubmonth,,4994183596643847628,Yes,15,SUBSCRIPTIONS,,
GPA.3345-6433-7154-34931..15,"Feb 27, 2026",4:02:01 AM PST,,Charge,,Pro Subscription (WF Solver),com.deepinkcode.wordfeudsolver,Subscription,prosub,,SE,,89130,SEK,23.20,0.699620,DKK,16.23,prosubmonth,,4994183596643847628,Yes,,,,
GPA.3345-6433-7154-34931..15,"Feb 27, 2026",4:02:01 AM PST,,Google fee,,Pro Subscription (WF Solver),com.deepinkcode.wordfeudsolver,Subscription,prosub,,SE,,89130,SEK,-3.48,0.699620,DKK,-2.43,prosubmonth,,4994183596643847628,Yes,15,SUBSCRIPTIONS,,
GPA.3347-2818-9828-36202..1,"Feb 27, 2026",5:36:13 AM PST,,Charge,,Pro Subscription (WF Solver),com.deepinkcode.wordfeudsolver,Subscription,prosub,,SE,,83146,SEK,22.40,0.699800,DKK,15.68,prosubmonth,,4994183596643847628,Yes,,,,
GPA.3347-2818-9828-36202..1,"Feb 27, 2026",5:36:13 AM PST,,Google fee,,Pro Subscription (WF Solver),com.deepinkcode.wordfeudsolver,Subscription,prosub,,SE,,83146,SEK,-3.36,0.699800,DKK,-2.36,prosubmonth,,4994183596643847628,Yes,15,SUBSCRIPTIONS,,
GPA.3308-5484-3371-34406..2,"Feb 27, 2026",6:33:38 AM PST,,Charge,,Pro Subscription (Words With Friends Solver),com.deepinkcode.wordswithfriendssolver,Subscription,prosub,,US,FL,34292,USD,2.49,6.331600,DKK,15.77,prosub,,4994183596643847628,Yes,,,,
GPA.3308-5484-3371-34406..2,"Feb 27, 2026",6:33:38 AM PST,,Google fee,,Pro Subscription (Words With Friends Solver),com.deepinkcode.wordswithfriendssolver,Subscription,prosub,,US,FL,34292,USD,-0.37,6.331600,DKK,-2.34,prosub,,4994183596643847628,Yes,15,SUBSCRIPTIONS,,
GPA.3349-8576-6113-09050..8,"Feb 27, 2026",6:52:31 AM PST,,Charge,,Pro Subscription (WF Solver),com.deepinkcode.wordfeudsolver,Subscription,prosub,,NL,,1695HX,EUR,1.98,7.472300,DKK,14.80,prosubmonth,,4994183596643847628,Yes,,,,
GPA.3349-8576-6113-09050..8,"Feb 27, 2026",6:52:31 AM PST,,Google fee,,Pro Subscription (WF Solver),com.deepinkcode.wordfeudsolver,Subscription,prosub,,NL,,1695HX,EUR,-0.30,7.472300,DKK,-2.25,prosubmonth,,4994183596643847628,Yes,15,SUBSCRIPTIONS,,
GPA.3379-4427-0841-39693..7,"Feb 27, 2026",6:57:28 AM PST,,Charge,,Pro Subscription (WF Solver),com.deepinkcode.wordfeudsolver,Subscription,prosub,,SE,,458 30,SEK,23.20,0.701010,DKK,16.26,prosubmonth,,4994183596643847628,Yes,,,,
GPA.3379-4427-0841-39693..7,"Feb 27, 2026",6:57:28 AM PST,,Google fee,,Pro Subscription (WF Solver),com.deepinkcode.wordfeudsolver,Subscription,prosub,,SE,,458 30,SEK,-3.48,0.701010,DKK,-2.44,prosubmonth,,4994183596643847628,Yes,15,SUBSCRIPTIONS,,
GPA.3377-5418-9286-74365..13,"Feb 27, 2026",7:03:55 AM PST,,Charge,,Pro Subscription (WF Solver),com.deepinkcode.wordfeudsolver,Subscription,prosub,,SE,,96173,SEK,23.20,0.699780,DKK,16.23,prosubmonth,,4994183596643847628,Yes,,,,
GPA.3377-5418-9286-74365..13,"Feb 27, 2026",7:03:55 AM PST,,Google fee,,Pro Subscription (WF Solver),com.deepinkcode.wordfeudsolver,Subscription,prosub,,SE,,96173,SEK,-3.48,0.699780,DKK,-2.43,prosubmonth,,4994183596643847628,Yes,15,SUBSCRIPTIONS,,
GPA.3330-6616-1009-75919..6,"Feb 27, 2026",8:09:17 AM PST,,Charge,,Pro Subscription (WF Solver),com.deepinkcode.wordfeudsolver,Subscription,prosub,,DK,,3320,DKK,15.20,1.000000,DKK,15.20,prosubmonth,,4994183596643847628,Yes,,,,
GPA.3330-6616-1009-75919..6,"Feb 27, 2026",8:09:17 AM PST,,Google fee,,Pro Subscription (WF Solver),com.deepinkcode.wordfeudsolver,Subscription,prosub,,DK,,3320,DKK,-2.28,1.000000,DKK,-2.28,prosubmonth,,4994183596643847628,Yes,15,SUBSCRIPTIONS,,
GPA.3370-1622-9338-48146..15,"Feb 27, 2026",8:14:11 AM PST,,Charge,,Pro Subscription (WF Solver),com.deepinkcode.wordfeudsolver,Subscription,prosub,,NL,,6596 AB,EUR,1.98,7.471600,DKK,14.79,prosubmonth,,4994183596643847628,Yes,,,,
GPA.3370-1622-9338-48146..15,"Feb 27, 2026",8:14:11 AM PST,,Google fee,,Pro Subscription (WF Solver),com.deepinkcode.wordfeudsolver,Subscription,prosub,,NL,,6596 AB,EUR,-0.30,7.471600,DKK,-2.24,prosubmonth,,4994183596643847628,Yes,15,SUBSCRIPTIONS,,
GPA.3345-0162-4077-45880,"Feb 27, 2026",8:40:23 AM PST,,Charge refund,Full,Pro Subscription (Words With Friends Solver),com.deepinkcode.wordswithfriendssolver,Subscription,prosub,r0s,GB,,CM7 1DT,GBP,-1.74,8.565300,DKK,-14.90,prosub,,4994183596643847628,Yes,,,,In-app
GPA.3345-0162-4077-45880,"Feb 27, 2026",8:40:23 AM PST,,Google fee refund,Full,Pro Subscription (Words With Friends Solver),com.deepinkcode.wordswithfriendssolver,Subscription,prosub,r0s,GB,,CM7 1DT,GBP,0.26,8.565300,DKK,2.22,prosub,,4994183596643847628,Yes,15,SUBSCRIPTIONS,,In-app
GPA.3340-5296-8323-21069..13,"Feb 27, 2026",9:13:35 AM PST,,Charge,,Pro Subscription (WF Solver),com.deepinkcode.wordfeudsolver,Subscription,prosub,,NO,,1675,NOK,24.00,0.665280,DKK,15.97,prosubmonth,,4994183596643847628,Yes,,,,
GPA.3340-5296-8323-21069..13,"Feb 27, 2026",9:13:35 AM PST,,Google fee,,Pro Subscription (WF Solver),com.deepinkcode.wordfeudsolver,Subscription,prosub,,NO,,1675,NOK,-3.60,0.665280,DKK,-2.40,prosubmonth,,4994183596643847628,Yes,15,SUBSCRIPTIONS,,
GPA.3339-1629-3851-59272..12,"Feb 27, 2026",10:29:09 AM PST,,Charge,,Pro Subscription (WF Solver),com.deepinkcode.wordfeudsolver,Subscription,prosub,,SE,,21370,SEK,23.20,0.700630,DKK,16.25,prosubmonth,,4994183596643847628,Yes,,,,
GPA.3339-1629-3851-59272..12,"Feb 27, 2026",10:29:09 AM PST,,Google fee,,Pro Subscription (WF Solver),com.deepinkcode.wordfeudsolver,Subscription,prosub,,SE,,21370,SEK,-3.48,0.700630,DKK,-2.43,prosubmonth,,4994183596643847628,Yes,15,SUBSCRIPTIONS,,
GPA.3311-2085-8687-75301..12,"Feb 27, 2026",10:33:10 AM PST,,Charge,,Pro Subscription (WF Solver),com.deepinkcode.wordfeudsolver,Subscription,prosub,,NL,,6671GX,EUR,1.98,7.471400,DKK,14.79,prosubmonth,,4994183596643847628,Yes,,,,
GPA.3311-2085-8687-75301..12,"Feb 27, 2026",10:33:10 AM PST,,Google fee,,Pro Subscription (WF Solver),com.deepinkcode.wordfeudsolver,Subscription,prosub,,NL,,6671GX,EUR,-0.30,7.471400,DKK,-2.24,prosubmonth,,4994183596643847628,Yes,15,SUBSCRIPTIONS,,
GPA.3313-8764-7468-66558..0,"Feb 27, 2026",10:35:32 AM PST,,Charge,,Pro Subscription (WF Solver),com.deepinkcode.wordfeudsolver,Subscription,prosub,,FI,,20610,EUR,1.98,7.471400,DKK,14.79,prosubmonth,,4994183596643847628,Yes,,,,
GPA.3313-8764-7468-66558..0,"Feb 27, 2026",10:35:32 AM PST,,Google fee,,Pro Subscription (WF Solver),com.deepinkcode.wordfeudsolver,Subscription,prosub,,FI,,20610,EUR,-0.30,7.471400,DKK,-2.24,prosubmonth,,4994183596643847628,Yes,15,SUBSCRIPTIONS,,
GPA.3374-3630-1387-82723..14,"Feb 27, 2026",11:25:05 AM PST,,Charge,,Pro Subscription (WF Solver),com.deepinkcode.wordfeudsolver,Subscription,prosub,,DK,,8600,DKK,15.20,1.000000,DKK,15.20,prosubmonth,,4994183596643847628,Yes,,,,
GPA.3374-3630-1387-82723..14,"Feb 27, 2026",11:25:05 AM PST,,Google fee,,Pro Subscription (WF Solver),com.deepinkcode.wordfeudsolver,Subscription,prosub,,DK,,8600,DKK,-2.28,1.000000,DKK,-2.28,prosubmonth,,4994183596643847628,Yes,15,SUBSCRIPTIONS,,
GPA.3301-6256-7101-24669..7,"Feb 27, 2026",11:27:29 AM PST,,Charge,,Pro Subscription (WF Solver),com.deepinkcode.wordfeudsolver,Subscription,prosub,,NO,,4950,NOK,24.00,0.664510,DKK,15.95,prosubmonth,,4994183596643847628,Yes,,,,
GPA.3301-6256-7101-24669..7,"Feb 27, 2026",11:27:29 AM PST,,Google fee,,Pro Subscription (WF Solver),com.deepinkcode.wordfeudsolver,Subscription,prosub,,NO,,4950,NOK,-3.60,0.664510,DKK,-2.39,prosubmonth,,4994183596643847628,Yes,15,SUBSCRIPTIONS,,
GPA.3316-1418-0757-50117..5,"Feb 27, 2026",11:45:13 AM PST,,Charge,,Pro Subscription (WF Solver),com.deepinkcode.wordfeudsolver,Subscription,prosub,,NL,,7623 HH,EUR,1.98,7.471300,DKK,14.79,prosubmonth,,4994183596643847628,Yes,,,,
GPA.3316-1418-0757-50117..5,"Feb 27, 2026",11:45:13 AM PST,,Google fee,,Pro Subscription (WF Solver),com.deepinkcode.wordfeudsolver,Subscription,prosub,,NL,,7623 HH,EUR,-0.30,7.471300,DKK,-2.24,prosubmonth,,4994183596643847628,Yes,15,SUBSCRIPTIONS,,
GPA.3385-1649-4395-95474..1,"Feb 27, 2026",12:13:08 PM PST,,Charge,,Pro Subscription (WF Solver),com.deepinkcode.wordfeudsolver,Subscription,prosub,,SE,,68694,SEK,22.40,0.700350,DKK,15.69,prosubmonth,,4994183596643847628,Yes,,,,
GPA.3385-1649-4395-95474..1,"Feb 27, 2026",12:13:08 PM PST,,Google fee,,Pro Subscription (WF Solver),com.deepinkcode.wordfeudsolver,Subscription,prosub,,SE,,68694,SEK,-3.36,0.700350,DKK,-2.36,prosubmonth,,4994183596643847628,Yes,15,SUBSCRIPTIONS,,
GPA.3351-0497-9857-73012..0,"Feb 27, 2026",12:32:22 PM PST,,Charge,,Pro Subscription (WF Solver),com.deepinkcode.wordfeudsolver,Subscription,prosub,,NL,,8935GC,EUR,1.98,7.471500,DKK,14.79,prosubmonth,,4994183596643847628,Yes,,,,
GPA.3351-0497-9857-73012..0,"Feb 27, 2026",12:32:22 PM PST,,Google fee,,Pro Subscription (WF Solver),com.deepinkcode.wordfeudsolver,Subscription,prosub,,NL,,8935GC,EUR,-0.30,7.471500,DKK,-2.24,prosubmonth,,4994183596643847628,Yes,15,SUBSCRIPTIONS,,
GPA.3334-5782-0206-76071,"Feb 27, 2026",12:43:03 PM PST,,Charge,,Pro (WF Solver),com.deepinkcode.wordfeudsolver,One-time product,pro,pa1q,SE,,745 95,SEK,271.20,0.700350,DKK,189.93,legacy-base,,4994183596643847628,Yes,,,,In-app
GPA.3334-5782-0206-76071,"Feb 27, 2026",12:43:03 PM PST,,Google fee,,Pro (WF Solver),com.deepinkcode.wordfeudsolver,One-time product,pro,pa1q,SE,,745 95,SEK,-40.68,0.700350,DKK,-28.49,legacy-base,,4994183596643847628,Yes,15,,,In-app
GPA.3333-8521-7214-86579..14,"Feb 27, 2026",1:06:16 PM PST,,Charge,,Pro Subscription (WF Solver),com.deepinkcode.wordfeudsolver,Subscription,prosub,,DK,,7200,DKK,15.20,1.000000,DKK,15.20,prosubmonth,,4994183596643847628,Yes,,,,
GPA.3333-8521-7214-86579..14,"Feb 27, 2026",1:06:16 PM PST,,Google fee,,Pro Subscription (WF Solver),com.deepinkcode.wordfeudsolver,Subscription,prosub,,DK,,7200,DKK,-2.28,1.000000,DKK,-2.28,prosubmonth,,4994183596643847628,Yes,15,SUBSCRIPTIONS,,
GPA.3376-2437-5956-78281,"Feb 27, 2026",1:42:56 PM PST,,Charge,,Pro Subscription (Words With Friends Solver),com.deepinkcode.wordswithfriendssolver,Subscription,prosub,a15x,US,IL,61054,USD,2.49,6.320400,DKK,15.74,prosub,,4994183596643847628,Yes,,,,In-app
GPA.3376-2437-5956-78281,"Feb 27, 2026",1:42:56 PM PST,,Google fee,,Pro Subscription (Words With Friends Solver),com.deepinkcode.wordswithfriendssolver,Subscription,prosub,a15x,US,IL,61054,USD,-0.37,6.320400,DKK,-2.34,prosub,,4994183596643847628,Yes,15,SUBSCRIPTIONS,,In-app
GPA.3338-4245-5296-30076..9,"Feb 27, 2026",2:32:52 PM PST,,Charge,,Pro Subscription (Words With Friends Solver),com.deepinkcode.wordswithfriendssolver,Subscription,prosub,,US,LA,70737,USD,1.99,6.324300,DKK,12.59,prosub,,4994183596643847628,Yes,,,,
GPA.3338-4245-5296-30076..9,"Feb 27, 2026",2:32:52 PM PST,,Google fee,,Pro Subscription (Words With Friends Solver),com.deepinkcode.wordswithfriendssolver,Subscription,prosub,,US,LA,70737,USD,-0.30,6.324300,DKK,-1.90,prosub,,4994183596643847628,Yes,15,SUBSCRIPTIONS,,
GPA.3369-3761-2526-33437,"Feb 27, 2026",2:48:58 PM PST,,Charge,,Pro Subscription (Words With Friends Solver),com.deepinkcode.wordswithfriendssolver,Subscription,prosub,r0s,GB,,CM7 1DT,GBP,1.74,8.522700,DKK,14.83,prosub,,4994183596643847628,Yes,,,,In-app
GPA.3369-3761-2526-33437,"Feb 27, 2026",2:48:58 PM PST,,Google fee,,Pro Subscription (Words With Friends Solver),com.deepinkcode.wordswithfriendssolver,Subscription,prosub,r0s,GB,,CM7 1DT,GBP,-0.26,8.522700,DKK,-2.22,prosub,,4994183596643847628,Yes,15,SUBSCRIPTIONS,,In-app
GPA.3356-1393-8629-83054..3,"Feb 27, 2026",2:56:04 PM PST,,Charge,,Pro Subscription (Words With Friends Solver),com.deepinkcode.wordswithfriendssolver,Subscription,prosub,,GB,,Rg74de,GBP,1.74,8.522700,DKK,14.83,prosub,,4994183596643847628,Yes,,,,
GPA.3356-1393-8629-83054..3,"Feb 27, 2026",2:56:04 PM PST,,Google fee,,Pro Subscription (Words With Friends Solver),com.deepinkcode.wordswithfriendssolver,Subscription,prosub,,GB,,Rg74de,GBP,-0.26,8.522700,DKK,-2.22,prosub,,4994183596643847628,Yes,15,SUBSCRIPTIONS,,
GPA.3338-1501-6082-51805..5,"Feb 27, 2026",3:14:38 PM PST,,Charge,,Pro Subscription (WF Solver),com.deepinkcode.wordfeudsolver,Subscription,prosub,,SE,,18495,SEK,22.40,0.700540,DKK,15.69,prosubmonth,,4994183596643847628,Yes,,,,
GPA.3338-1501-6082-51805..5,"Feb 27, 2026",3:14:38 PM PST,,Google fee,,Pro Subscription (WF Solver),com.deepinkcode.wordfeudsolver,Subscription,prosub,,SE,,18495,SEK,-3.36,0.700540,DKK,-2.35,prosubmonth,,4994183596643847628,Yes,15,SUBSCRIPTIONS,,
GPA.3308-0192-3463-10307,"Feb 27, 2026",3:22:19 PM PST,,Charge,,Pro Subscription (Words With Friends Solver),com.deepinkcode.wordswithfriendssolver,Subscription,prosub,b7s,US,IN,46913,USD,2.49,6.325100,DKK,15.75,prosub,,4994183596643847628,Yes,,,,In-app
GPA.3308-0192-3463-10307,"Feb 27, 2026",3:22:19 PM PST,,Google fee,,Pro Subscription (Words With Friends Solver),com.deepinkcode.wordswithfriendssolver,Subscription,prosub,b7s,US,IN,46913,USD,-0.37,6.325100,DKK,-2.34,prosub,,4994183596643847628,Yes,15,SUBSCRIPTIONS,,In-app
GPA.3385-1561-6571-54198..8,"Feb 27, 2026",4:33:45 PM PST,,Charge,,Pro Subscription (WF Solver),com.deepinkcode.wordfeudsolver,Subscription,prosub,,SE,,151 36,SEK,23.20,0.700540,DKK,16.25,prosubmonth,,4994183596643847628,Yes,,,,
GPA.3385-1561-6571-54198..8,"Feb 27, 2026",4:33:45 PM PST,,Google fee,,Pro Subscription (WF Solver),com.deepinkcode.wordfeudsolver,Subscription,prosub,,SE,,151 36,SEK,-3.48,0.700540,DKK,-2.44,prosubmonth,,4994183596643847628,Yes,15,SUBSCRIPTIONS,,
GPA.3331-4085-4200-32184..3,"Feb 27, 2026",4:36:38 PM PST,,Charge,,Pro Subscription (Words With Friends Solver),com.deepinkcode.wordswithfriendssolver,Subscription,prosub,,US,NC,28115,USD,2.49,6.325100,DKK,15.75,prosub,,4994183596643847628,Yes,,,,
GPA.3331-4085-4200-32184..3,"Feb 27, 2026",4:36:38 PM PST,,Google fee,,Pro Subscription (Words With Friends Solver),com.deepinkcode.wordswithfriendssolver,Subscription,prosub,,US,NC,28115,USD,-0.37,6.325100,DKK,-2.34,prosub,,4994183596643847628,Yes,15,SUBSCRIPTIONS,,
GPA.3301-2200-0916-09968..2,"Feb 27, 2026",4:41:48 PM PST,,Charge,,Pro Subscription (Words With Friends Solver),com.deepinkcode.wordswithfriendssolver,Subscription,prosub,,US,IN,47130,USD,2.49,6.325100,DKK,15.75,prosub,,4994183596643847628,Yes,,,,
GPA.3301-2200-0916-09968..2,"Feb 27, 2026",4:41:48 PM PST,,Google fee,,Pro Subscription (Words With Friends Solver),com.deepinkcode.wordswithfriendssolver,Subscription,prosub,,US,IN,47130,USD,-0.37,6.325100,DKK,-2.34,prosub,,4994183596643847628,Yes,15,SUBSCRIPTIONS,,
GPA.3343-1289-3013-07272..1,"Feb 27, 2026",4:54:29 PM PST,,Charge,,Pro Subscription (Words With Friends Solver),com.deepinkcode.wordswithfriendssolver,Subscription,prosub,,AU,,2210,AUD,3.63,4.501900,DKK,16.34,prosub,,4994183596643847628,Yes,,,,
GPA.3343-1289-3013-07272..1,"Feb 27, 2026",4:54:29 PM PST,,Google fee,,Pro Subscription (Words With Friends Solver),com.deepinkcode.wordswithfriendssolver,Subscription,prosub,,AU,,2210,AUD,-0.54,4.501900,DKK,-2.43,prosub,,4994183596643847628,Yes,15,SUBSCRIPTIONS,,
GPA.3315-3028-5008-88791..0,"Feb 27, 2026",5:21:25 PM PST,,Charge,,Pro Subscription (Scrabble GO Cheat),com.deepinkcode.scrabblegocheat,Subscription,prosub,,GB,,YO8 8FD,GBP,1.74,8.527300,DKK,14.84,prosubmonth,,4994183596643847628,Yes,,,,
GPA.3315-3028-5008-88791..0,"Feb 27, 2026",5:21:25 PM PST,,Google fee,,Pro Subscription (Scrabble GO Cheat),com.deepinkcode.scrabblegocheat,Subscription,prosub,,GB,,YO8 8FD,GBP,-0.26,8.527300,DKK,-2.22,prosubmonth,,4994183596643847628,Yes,15,SUBSCRIPTIONS,,
GPA.3379-3193-5815-40565,"Feb 27, 2026",7:04:02 PM PST,,Charge,,Pro Subscription (Words With Friends Solver),com.deepinkcode.wordswithfriendssolver,Subscription,prosub,pa3q,US,TX,77304,USD,2.49,6.325100,DKK,15.75,prosub,,4994183596643847628,Yes,,,,In-app
GPA.3379-3193-5815-40565,"Feb 27, 2026",7:04:02 PM PST,,Google fee,,Pro Subscription (Words With Friends Solver),com.deepinkcode.wordswithfriendssolver,Subscription,prosub,pa3q,US,TX,77304,USD,-0.37,6.325100,DKK,-2.34,prosub,,4994183596643847628,Yes,15,SUBSCRIPTIONS,,In-app
GPA.3395-6999-7179-54061..1,"Feb 27, 2026",7:07:26 PM PST,,Charge,,Pro Subscription (WF Solver),com.deepinkcode.wordfeudsolver,Subscription,prosub,,SE,,81531,SEK,22.40,0.700540,DKK,15.69,prosubmonth,,4994183596643847628,Yes,,,,
GPA.3395-6999-7179-54061..1,"Feb 27, 2026",7:07:26 PM PST,,Google fee,,Pro Subscription (WF Solver),com.deepinkcode.wordfeudsolver,Subscription,prosub,,SE,,81531,SEK,-3.36,0.700540,DKK,-2.35,prosubmonth,,4994183596643847628,Yes,15,SUBSCRIPTIONS,,
GPA.3397-7993-4134-54897,"Feb 27, 2026",7:40:51 PM PST,,Charge,,Pro Subscription (Words With Friends Solver),com.deepinkcode.wordswithfriendssolver,Subscription,prosub,e3q,US,TX,76009,USD,2.49,6.325100,DKK,15.75,prosub,,4994183596643847628,Yes,,,,In-app
GPA.3397-7993-4134-54897,"Feb 27, 2026",7:40:51 PM PST,,Google fee,,Pro Subscription (Words With Friends Solver),com.deepinkcode.wordswithfriendssolver,Subscription,prosub,e3q,US,TX,76009,USD,-0.37,6.325100,DKK,-2.34,prosub,,4994183596643847628,Yes,15,SUBSCRIPTIONS,,In-app
GPA.3395-4334-2516-40916..0,"Feb 27, 2026",7:59:05 PM PST,,Charge,,Pro Subscription (WF Solver),com.deepinkcode.wordfeudsolver,Subscription,prosub,,SA,,31952,SAR,8.69,1.686300,DKK,14.65,prosubmonth,,4994183596643847628,Yes,,,,
GPA.3395-4334-2516-40916..0,"Feb 27, 2026",7:59:05 PM PST,,Google fee,,Pro Subscription (WF Solver),com.deepinkcode.wordfeudsolver,Subscription,prosub,,SA,,31952,SAR,-1.30,1.686300,DKK,-2.19,prosubmonth,,4994183596643847628,Yes,15,SUBSCRIPTIONS,,
GPA.3371-5367-4478-18246..4,"Feb 27, 2026",8:21:00 PM PST,,Charge,,Pro Subscription (Scrabble GO Cheat),com.deepinkcode.scrabblegocheat,Subscription,prosub,,CA,QC,J5W 4E7,CAD,3.19,4.637200,DKK,14.79,prosubmonth,,4994183596643847628,Yes,,,,
GPA.3371-5367-4478-18246..4,"Feb 27, 2026",8:21:00 PM PST,,Google fee,,Pro Subscription (Scrabble GO Cheat),com.deepinkcode.scrabblegocheat,Subscription,prosub,,CA,QC,J5W 4E7,CAD,-0.48,4.637200,DKK,-2.23,prosubmonth,,4994183596643847628,Yes,15,SUBSCRIPTIONS,,
GPA.3339-4988-6153-80801..7,"Feb 27, 2026",8:39:39 PM PST,,Charge,,Pro Subscription (WF Solver),com.deepinkcode.wordfeudsolver,Subscription,prosub,,SE,,444 41,SEK,23.20,0.700540,DKK,16.25,prosubmonth,,4994183596643847628,Yes,,,,
GPA.3339-4988-6153-80801..7,"Feb 27, 2026",8:39:39 PM PST,,Google fee,,Pro Subscription (WF Solver),com.deepinkcode.wordfeudsolver,Subscription,prosub,,SE,,444 41,SEK,-3.48,0.700540,DKK,-2.44,prosubmonth,,4994183596643847628,Yes,15,SUBSCRIPTIONS,,
GPA.3307-8835-6986-76846..8,"Feb 27, 2026",8:45:09 PM PST,,Charge,,Pro Subscription (Words With Friends Solver),com.deepinkcode.wordswithfriendssolver,Subscription,prosub,,US,TX,78213,USD,1.99,6.325100,DKK,12.59,prosub,,4994183596643847628,Yes,,,,
GPA.3307-8835-6986-76846..8,"Feb 27, 2026",8:45:09 PM PST,,Google fee,,Pro Subscription (Words With Friends Solver),com.deepinkcode.wordswithfriendssolver,Subscription,prosub,,US,TX,78213,USD,-0.30,6.325100,DKK,-1.90,prosub,,4994183596643847628,Yes,15,SUBSCRIPTIONS,,
GPA.3366-7841-9125-73232,"Feb 27, 2026",9:36:11 PM PST,,Charge,,Pro Subscription (Words With Friends Solver),com.deepinkcode.wordswithfriendssolver,Subscription,prosub,aito,US,CA,94561,USD,2.49,6.325100,DKK,15.75,prosub,,4994183596643847628,Yes,,,,In-app
GPA.3366-7841-9125-73232,"Feb 27, 2026",9:36:11 PM PST,,Google fee,,Pro Subscription (Words With Friends Solver),com.deepinkcode.wordswithfriendssolver,Subscription,prosub,aito,US,CA,94561,USD,-0.37,6.325100,DKK,-2.34,prosub,,4994183596643847628,Yes,15,SUBSCRIPTIONS,,In-app
GPA.3383-4717-7800-05977..9,"Feb 27, 2026",9:47:41 PM PST,,Charge,,Pro Subscription (WF Solver),com.deepinkcode.wordfeudsolver,Subscription,prosub,,DK,,2300,DKK,15.20,1.000000,DKK,15.20,prosubmonth,,4994183596643847628,Yes,,,,
GPA.3383-4717-7800-05977..9,"Feb 27, 2026",9:47:41 PM PST,,Google fee,,Pro Subscription (WF Solver),com.deepinkcode.wordfeudsolver,Subscription,prosub,,DK,,2300,DKK,-2.28,1.000000,DKK,-2.28,prosubmonth,,4994183596643847628,Yes,15,SUBSCRIPTIONS,,
GPA.3396-5960-4345-27368..14,"Feb 27, 2026",10:26:57 PM PST,,Charge,,Pro Subscription (WF Solver),com.deepinkcode.wordfeudsolver,Subscription,prosub,,DK,,4230,DKK,15.20,1.000000,DKK,15.20,prosubmonth,,4994183596643847628,Yes,,,,
GPA.3396-5960-4345-27368..14,"Feb 27, 2026",10:26:57 PM PST,,Google fee,,Pro Subscription (WF Solver),com.deepinkcode.wordfeudsolver,Subscription,prosub,,DK,,4230,DKK,-2.28,1.000000,DKK,-2.28,prosubmonth,,4994183596643847628,Yes,15,SUBSCRIPTIONS,,
GPA.3320-7464-3297-58749..15,"Feb 27, 2026",10:37:52 PM PST,,Charge,,Pro Subscription (WF Solver),com.deepinkcode.wordfeudsolver,Subscription,prosub,,DK,,8800,DKK,15.20,1.000000,DKK,15.20,prosubmonth,,4994183596643847628,Yes,,,,
GPA.3320-7464-3297-58749..15,"Feb 27, 2026",10:37:52 PM PST,,Google fee,,Pro Subscription (WF Solver),com.deepinkcode.wordfeudsolver,Subscription,prosub,,DK,,8800,DKK,-2.28,1.000000,DKK,-2.28,prosubmonth,,4994183596643847628,Yes,15,SUBSCRIPTIONS,,
GPA.3325-0463-8677-23606,"Feb 27, 2026",10:40:11 PM PST,,Charge,,Pro Subscription (WF Solver),com.deepinkcode.wordfeudsolver,Subscription,prosub,OP613BL1,SE,,60349,SEK,22.40,0.700540,DKK,15.69,prosubmonth,,4994183596643847628,Yes,,,,In-app
GPA.3325-0463-8677-23606,"Feb 27, 2026",10:40:11 PM PST,,Google fee,,Pro Subscription (WF Solver),com.deepinkcode.wordfeudsolver,Subscription,prosub,OP613BL1,SE,,60349,SEK,-3.36,0.700540,DKK,-2.35,prosubmonth,,4994183596643847628,Yes,15,SUBSCRIPTIONS,,In-app
GPA.3360-0157-2375-04513..15,"Feb 27, 2026",10:43:32 PM PST,,Charge,,Pro Subscription (WF Solver),com.deepinkcode.wordfeudsolver,Subscription,prosub,,BE,,3720,EUR,1.98,7.471600,DKK,14.79,prosubmonth,,4994183596643847628,Yes,,,,
GPA.3360-0157-2375-04513..15,"Feb 27, 2026",10:43:32 PM PST,,Google fee,,Pro Subscription (WF Solver),com.deepinkcode.wordfeudsolver,Subscription,prosub,,BE,,3720,EUR,-0.30,7.471600,DKK,-2.24,prosubmonth,,4994183596643847628,Yes,15,SUBSCRIPTIONS,,
GPA.3340-6715-6038-45793..5,"Feb 27, 2026",10:55:56 PM PST,,Charge,,Pro Subscription (WF Solver),com.deepinkcode.wordfeudsolver,Subscription,prosub,,NL,,6641 VE,EUR,1.98,7.471600,DKK,14.79,prosubmonth,,4994183596643847628,Yes,,,,
GPA.3340-6715-6038-45793..5,"Feb 27, 2026",10:55:56 PM PST,,Google fee,,Pro Subscription (WF Solver),com.deepinkcode.wordfeudsolver,Subscription,prosub,,NL,,6641 VE,EUR,-0.30,7.471600,DKK,-2.24,prosubmonth,,4994183596643847628,Yes,15,SUBSCRIPTIONS,,
GPA.3306-4040-7963-34321..10,"Feb 27, 2026",10:57:02 PM PST,,Charge,,Pro Subscription (WF Solver),com.deepinkcode.wordfeudsolver,Subscription,prosub,,SE,,14892,SEK,23.20,0.700540,DKK,16.25,prosubmonth,,4994183596643847628,Yes,,,,
GPA.3306-4040-7963-34321..10,"Feb 27, 2026",10:57:02 PM PST,,Google fee,,Pro Subscription (WF Solver),com.deepinkcode.wordfeudsolver,Subscription,prosub,,SE,,14892,SEK,-3.48,0.700540,DKK,-2.44,prosubmonth,,4994183596643847628,Yes,15,SUBSCRIPTIONS,,
GPA.3316-4321-8276-42812..12,"Feb 27, 2026",11:21:07 PM PST,,Charge,,Pro Subscription (WF Solver),com.deepinkcode.wordfeudsolver,Subscription,prosub,,NL,,7861 AB,EUR,1.98,7.471600,DKK,14.79,prosubmonth,,4994183596643847628,Yes,,,,
GPA.3316-4321-8276-42812..12,"Feb 27, 2026",11:21:07 PM PST,,Google fee,,Pro Subscription (WF Solver),com.deepinkcode.wordfeudsolver,Subscription,prosub,,NL,,7861 AB,EUR,-0.30,7.471600,DKK,-2.24,prosubmonth,,4994183596643847628,Yes,15,SUBSCRIPTIONS,,
GPA.3374-2681-6352-82553..1,"Feb 27, 2026",11:27:51 PM PST,,Charge,,Pro Subscription (WF Solver),com.deepinkcode.wordfeudsolver,Subscription,prosub,,NL,,5044 SC,EUR,1.98,7.471600,DKK,14.79,prosubmonth,,4994183596643847628,Yes,,,,
GPA.3374-2681-6352-82553..1,"Feb 27, 2026",11:27:51 PM PST,,Google fee,,Pro Subscription (WF Solver),com.deepinkcode.wordfeudsolver,Subscription,prosub,,NL,,5044 SC,EUR,-0.30,7.471600,DKK,-2.24,prosubmonth,,4994183596643847628,Yes,15,SUBSCRIPTIONS,,
GPA.3335-1240-8433-05943..6,"Feb 27, 2026",11:30:34 PM PST,,Charge,,Pro Subscription (WF Solver),com.deepinkcode.wordfeudsolver,Subscription,prosub,,SE,,17975,SEK,22.40,0.700540,DKK,15.69,prosubmonth,,4994183596643847628,Yes,,,,
GPA.3335-1240-8433-05943..6,"Feb 27, 2026",11:30:34 PM PST,,Google fee,,Pro Subscription (WF Solver),com.deepinkcode.wordfeudsolver,Subscription,prosub,,SE,,17975,SEK,-3.36,0.700540,DKK,-2.35,prosubmonth,,4994183596643847628,Yes,15,SUBSCRIPTIONS,,
GPA.3396-1029-8912-67703..3,"Feb 27, 2026",11:35:01 PM PST,,Charge,,Pro Subscription (WF Solver),com.deepinkcode.wordfeudsolver,Subscription,prosub,,SE,,26391,SEK,22.40,0.700540,DKK,15.69,prosubmonth,,4994183596643847628,Yes,,,,
GPA.3396-1029-8912-67703..3,"Feb 27, 2026",11:35:01 PM PST,,Google fee,,Pro Subscription (WF Solver),com.deepinkcode.wordfeudsolver,Subscription,prosub,,SE,,26391,SEK,-3.36,0.700540,DKK,-2.35,prosubmonth,,4994183596643847628,Yes,15,SUBSCRIPTIONS,,
GPA.3384-1039-9269-75352..6,"Feb 27, 2026",11:42:50 PM PST,,Charge,,Pro Subscription (WF Solver),com.deepinkcode.wordfeudsolver,Subscription,prosub,,DK,,9700,DKK,15.20,1.000000,DKK,15.20,prosubmonth,,4994183596643847628,Yes,,,,
GPA.3384-1039-9269-75352..6,"Feb 27, 2026",11:42:50 PM PST,,Google fee,,Pro Subscription (WF Solver),com.deepinkcode.wordfeudsolver,Subscription,prosub,,DK,,9700,DKK,-2.28,1.000000,DKK,-2.28,prosubmonth,,4994183596643847628,Yes,15,SUBSCRIPTIONS,,
GPA.3319-0817-7563-51896..3,"Feb 27, 2026",11:57:21 PM PST,,Charge,,Pro Subscription (WF Solver),com.deepinkcode.wordfeudsolver,Subscription,prosub,,SE,,541 96,SEK,22.40,0.700540,DKK,15.69,prosubmonth,,4994183596643847628,Yes,,,,
GPA.3319-0817-7563-51896..3,"Feb 27, 2026",11:57:21 PM PST,,Google fee,,Pro Subscription (WF Solver),com.deepinkcode.wordfeudsolver,Subscription,prosub,,SE,,541 96,SEK,-3.36,0.700540,DKK,-2.35,prosubmonth,,4994183596643847628,Yes,15,SUBSCRIPTIONS,,
GPA.3390-7522-8910-96653..9,"Feb 28, 2026",12:37:13 AM PST,,Charge,,Pro Subscription (WF Solver),com.deepinkcode.wordfeudsolver,Subscription,prosub,,NL,,8194LH,EUR,1.98,7.471600,DKK,14.79,prosubmonth,,4994183596643847628,Yes,,,,
GPA.3390-7522-8910-96653..9,"Feb 28, 2026",12:37:13 AM PST,,Google fee,,Pro Subscription (WF Solver),com.deepinkcode.wordfeudsolver,Subscription,prosub,,NL,,8194LH,EUR,-0.30,7.471600,DKK,-2.24,prosubmonth,,4994183596643847628,Yes,15,SUBSCRIPTIONS,,
GPA.3302-8419-4999-30523..1,"Feb 28, 2026",1:01:16 AM PST,,Charge,,Pro Subscription (Words With Friends Solver),com.deepinkcode.wordswithfriendssolver,Subscription,prosub,,AU,,2024,AUD,3.63,4.501900,DKK,16.34,prosub,,4994183596643847628,Yes,,,,
GPA.3302-8419-4999-30523..1,"Feb 28, 2026",1:01:16 AM PST,,Google fee,,Pro Subscription (Words With Friends Solver),com.deepinkcode.wordswithfriendssolver,Subscription,prosub,,AU,,2024,AUD,-0.54,4.501900,DKK,-2.43,prosub,,4994183596643847628,Yes,15,SUBSCRIPTIONS,,
GPA.3313-4672-8544-62818,"Feb 28, 2026",1:19:12 AM PST,,Charge,,Pro (WF Solver),com.deepinkcode.wordfeudsolver,One-time product,pro,dm1q,NL,,2332 GP,EUR,23.96,7.471600,DKK,179.02,legacy-base,,4994183596643847628,Yes,,,,In-app
GPA.3313-4672-8544-62818,"Feb 28, 2026",1:19:12 AM PST,,Google fee,,Pro (WF Solver),com.deepinkcode.wordfeudsolver,One-time product,pro,dm1q,NL,,2332 GP,EUR,-3.59,7.471600,DKK,-26.82,legacy-base,,4994183596643847628,Yes,15,,,In-app
GPA.3319-0813-8213-30212..5,"Feb 28, 2026",1:19:31 AM PST,,Charge,,Pro Subscription (Scrabble GO Cheat),com.deepinkcode.scrabblegocheat,Subscription,prosub,,GB,,NR3 4JP,GBP,1.74,8.527300,DKK,14.84,prosubmonth,,4994183596643847628,Yes,,,,
GPA.3319-0813-8213-30212..5,"Feb 28, 2026",1:19:31 AM PST,,Google fee,,Pro Subscription (Scrabble GO Cheat),com.deepinkcode.scrabblegocheat,Subscription,prosub,,GB,,NR3 4JP,GBP,-0.26,8.527300,DKK,-2.22,prosubmonth,,4994183596643847628,Yes,15,SUBSCRIPTIONS,,
GPA.3307-9352-5401-47698..6,"Feb 28, 2026",1:50:13 AM PST,,Charge,,Pro Subscription (WF Solver),com.deepinkcode.wordfeudsolver,Subscription,prosub,,NL,,2291nj,EUR,1.98,7.471600,DKK,14.79,prosubmonth,,4994183596643847628,Yes,,,,
GPA.3307-9352-5401-47698..6,"Feb 28, 2026",1:50:13 AM PST,,Google fee,,Pro Subscription (WF Solver),com.deepinkcode.wordfeudsolver,Subscription,prosub,,NL,,2291nj,EUR,-0.30,7.471600,DKK,-2.24,prosubmonth,,4994183596643847628,Yes,15,SUBSCRIPTIONS,,
GPA.3386-0512-2555-48427..15,"Feb 28, 2026",1:56:03 AM PST,,Charge,,Pro Subscription (WF Solver),com.deepinkcode.wordfeudsolver,Subscription,prosub,,SE,,89141,SEK,23.20,0.700540,DKK,16.25,prosubmonth,,4994183596643847628,Yes,,,,
GPA.3386-0512-2555-48427..15,"Feb 28, 2026",1:56:03 AM PST,,Google fee,,Pro Subscription (WF Solver),com.deepinkcode.wordfeudsolver,Subscription,prosub,,SE,,89141,SEK,-3.48,0.700540,DKK,-2.44,prosubmonth,,4994183596643847628,Yes,15,SUBSCRIPTIONS,,
GPA.3391-3620-5876-08466..7,"Feb 28, 2026",2:13:37 AM PST,,Charge,,Pro Subscription (WF Solver),com.deepinkcode.wordfeudsolver,Subscription,prosub,,SE,,76160,SEK,23.20,0.700540,DKK,16.25,prosubmonth,,4994183596643847628,Yes,,,,
GPA.3391-3620-5876-08466..7,"Feb 28, 2026",2:13:37 AM PST,,Google fee,,Pro Subscription (WF Solver),com.deepinkcode.wordfeudsolver,Subscription,prosub,,SE,,76160,SEK,-3.48,0.700540,DKK,-2.44,prosubmonth,,4994183596643847628,Yes,15,SUBSCRIPTIONS,,
GPA.3387-9113-2302-63344..12,"Feb 28, 2026",2:50:19 AM PST,,Charge,,Pro Subscription (WF Solver),com.deepinkcode.wordfeudsolver,Subscription,prosub,,NL,,9883 PR,EUR,1.98,7.471600,DKK,14.79,prosubmonth,,4994183596643847628,Yes,,,,
GPA.3387-9113-2302-63344..12,"Feb 28, 2026",2:50:19 AM PST,,Google fee,,Pro Subscription (WF Solver),com.deepinkcode.wordfeudsolver,Subscription,prosub,,NL,,9883 PR,EUR,-0.30,7.471600,DKK,-2.24,prosubmonth,,4994183596643847628,Yes,15,SUBSCRIPTIONS,,
GPA.3329-2804-3691-39887..4,"Feb 28, 2026",3:29:54 AM PST,,Charge,,Pro Subscription (WF Solver),com.deepinkcode.wordfeudsolver,Subscription,prosub,,NO,,2013,NOK,24.00,0.664910,DKK,15.96,prosubmonth,,4994183596643847628,Yes,,,,
GPA.3329-2804-3691-39887..4,"Feb 28, 2026",3:29:54 AM PST,,Google fee,,Pro Subscription (WF Solver),com.deepinkcode.wordfeudsolver,Subscription,prosub,,NO,,2013,NOK,-3.60,0.664910,DKK,-2.40,prosubmonth,,4994183596643847628,Yes,15,SUBSCRIPTIONS,,
GPA.3365-5414-6919-25368..8,"Feb 28, 2026",3:30:18 AM PST,,Charge,,Pro Subscription (WF Solver),com.deepinkcode.wordfeudsolver,Subscription,prosub,,DK,,2670,DKK,15.20,1.000000,DKK,15.20,prosubmonth,,4994183596643847628,Yes,,,,
GPA.3365-5414-6919-25368..8,"Feb 28, 2026",3:30:18 AM PST,,Google fee,,Pro Subscription (WF Solver),com.deepinkcode.wordfeudsolver,Subscription,prosub,,DK,,2670,DKK,-2.28,1.000000,DKK,-2.28,prosubmonth,,4994183596643847628,Yes,15,SUBSCRIPTIONS,,
GPA.3388-5513-1505-61004..15,"Feb 28, 2026",3:34:23 AM PST,,Charge,,Pro Subscription (WF Solver),com.deepinkcode.wordfeudsolver,Subscription,prosub,,NL,,2151 LA,EUR,1.98,7.471600,DKK,14.79,prosubmonth,,4994183596643847628,Yes,,,,
GPA.3388-5513-1505-61004..15,"Feb 28, 2026",3:34:23 AM PST,,Google fee,,Pro Subscription (WF Solver),com.deepinkcode.wordfeudsolver,Subscription,prosub,,NL,,2151 LA,EUR,-0.30,7.471600,DKK,-2.24,prosubmonth,,4994183596643847628,Yes,15,SUBSCRIPTIONS,,
GPA.3365-6308-8752-26355,"Feb 28, 2026",4:08:07 AM PST,,Charge,,Pro Subscription (Words With Friends Solver),com.deepinkcode.wordswithfriendssolver,Subscription,prosub,p3q,US,MI,48224,USD,2.49,6.325100,DKK,15.75,prosub,,4994183596643847628,Yes,,,,In-app
GPA.3365-6308-8752-26355,"Feb 28, 2026",4:08:07 AM PST,,Google fee,,Pro Subscription (Words With Friends Solver),com.deepinkcode.wordswithfriendssolver,Subscription,prosub,p3q,US,MI,48224,USD,-0.37,6.325100,DKK,-2.34,prosub,,4994183596643847628,Yes,15,SUBSCRIPTIONS,,In-app
GPA.3300-3033-4907-96538..8,"Feb 28, 2026",4:08:13 AM PST,,Charge,,Pro Subscription (WF Solver),com.deepinkcode.wordfeudsolver,Subscription,prosub,,NL,,2265 BS,EUR,1.98,7.471600,DKK,14.79,prosubmonth,,4994183596643847628,Yes,,,,
GPA.3300-3033-4907-96538..8,"Feb 28, 2026",4:08:13 AM PST,,Google fee,,Pro Subscription (WF Solver),com.deepinkcode.wordfeudsolver,Subscription,prosub,,NL,,2265 BS,EUR,-0.30,7.471600,DKK,-2.24,prosubmonth,,4994183596643847628,Yes,15,SUBSCRIPTIONS,,
GPA.3368-9839-8837-54111..2,"Feb 28, 2026",4:51:20 AM PST,,Charge,,Pro Subscription (WF Solver),com.deepinkcode.wordfeudsolver,Subscription,prosub,,NO,,1765,NOK,24.00,0.664910,DKK,15.96,prosubmonth,,4994183596643847628,Yes,,,,
GPA.3368-9839-8837-54111..2,"Feb 28, 2026",4:51:20 AM PST,,Google fee,,Pro Subscription (WF Solver),com.deepinkcode.wordfeudsolver,Subscription,prosub,,NO,,1765,NOK,-3.60,0.664910,DKK,-2.40,prosubmonth,,4994183596643847628,Yes,15,SUBSCRIPTIONS,,
GPA.3362-2046-9107-22704..7,"Feb 28, 2026",5:05:05 AM PST,,Charge,,Pro Subscription (WF Solver),com.deepinkcode.wordfeudsolver,Subscription,prosub,,DK,,6040,DKK,15.20,1.000000,DKK,15.20,prosubmonth,,4994183596643847628,Yes,,,,
GPA.3362-2046-9107-22704..7,"Feb 28, 2026",5:05:05 AM PST,,Google fee,,Pro Subscription (WF Solver),com.deepinkcode.wordfeudsolver,Subscription,prosub,,DK,,6040,DKK,-2.28,1.000000,DKK,-2.28,prosubmonth,,4994183596643847628,Yes,15,SUBSCRIPTIONS,,
GPA.3360-5522-2475-80239..12,"Feb 28, 2026",5:05:52 AM PST,,Charge,,Pro Subscription (WF Solver),com.deepinkcode.wordfeudsolver,Subscription,prosub,,NL,,7881XE,EUR,1.98,7.471600,DKK,14.79,prosubmonth,,4994183596643847628,Yes,,,,
GPA.3360-5522-2475-80239..12,"Feb 28, 2026",5:05:52 AM PST,,Google fee,,Pro Subscription (WF Solver),com.deepinkcode.wordfeudsolver,Subscription,prosub,,NL,,7881XE,EUR,-0.30,7.471600,DKK,-2.24,prosubmonth,,4994183596643847628,Yes,15,SUBSCRIPTIONS,,
GPA.3385-0955-3957-96211..14,"Feb 28, 2026",5:28:01 AM PST,,Charge,,Pro Subscription (WF Solver),com.deepinkcode.wordfeudsolver,Subscription,prosub,,NL,,5211 XK,EUR,1.98,7.471600,DKK,14.79,prosubmonth,,4994183596643847628,Yes,,,,
GPA.3385-0955-3957-96211..14,"Feb 28, 2026",5:28:01 AM PST,,Google fee,,Pro Subscription (WF Solver),com.deepinkcode.wordfeudsolver,Subscription,prosub,,NL,,5211 XK,EUR,-0.30,7.471600,DKK,-2.24,prosubmonth,,4994183596643847628,Yes,15,SUBSCRIPTIONS,,
GPA.3339-1660-0722-25842..5,"Feb 28, 2026",5:54:15 AM PST,,Charge,,Pro Subscription (WF Solver),com.deepinkcode.wordfeudsolver,Subscription,prosub,,NO,,4200,NOK,24.00,0.664910,DKK,15.96,prosubmonth,,4994183596643847628,Yes,,,,
GPA.3339-1660-0722-25842..5,"Feb 28, 2026",5:54:15 AM PST,,Google fee,,Pro Subscription (WF Solver),com.deepinkcode.wordfeudsolver,Subscription,prosub,,NO,,4200,NOK,-3.60,0.664910,DKK,-2.40,prosubmonth,,4994183596643847628,Yes,15,SUBSCRIPTIONS,,
GPA.3390-7954-6905-53055..0,"Feb 28, 2026",6:10:37 AM PST,,Charge,,Pro Subscription (Words With Friends Solver),com.deepinkcode.wordswithfriendssolver,Subscription,prosub,,US,PA,16101,USD,2.49,6.325100,DKK,15.75,prosub,,4994183596643847628,Yes,,,,
GPA.3390-7954-6905-53055..0,"Feb 28, 2026",6:10:37 AM PST,,Google fee,,Pro Subscription (Words With Friends Solver),com.deepinkcode.wordswithfriendssolver,Subscription,prosub,,US,PA,16101,USD,-0.37,6.325100,DKK,-2.34,prosub,,4994183596643847628,Yes,15,SUBSCRIPTIONS,,
GPA.3387-4213-9318-10995..0,"Feb 28, 2026",6:28:17 AM PST,,Charge,,Pro Subscription (WF Solver),com.deepinkcode.wordfeudsolver,Subscription,prosub,,NG,LAGOS,100322,NGN,3618.60,0.004643,DKK,16.80,prosubmonth,,4994183596643847628,Yes,,,,
GPA.3387-4213-9318-10995..0,"Feb 28, 2026",6:28:17 AM PST,,Google fee,,Pro Subscription (WF Solver),com.deepinkcode.wordfeudsolver,Subscription,prosub,,NG,LAGOS,100322,NGN,-542.79,0.004643,DKK,-2.52,prosubmonth,,4994183596643847628,Yes,15,SUBSCRIPTIONS,,
GPA.3344-8760-9029-49367..7,"Feb 28, 2026",6:33:48 AM PST,,Charge,,Pro Subscription (WF Solver),com.deepinkcode.wordfeudsolver,Subscription,prosub,,NL,,7326RC,EUR,1.98,7.471600,DKK,14.79,prosubmonth,,4994183596643847628,Yes,,,,
GPA.3344-8760-9029-49367..7,"Feb 28, 2026",6:33:48 AM PST,,Google fee,,Pro Subscription (WF Solver),com.deepinkcode.wordfeudsolver,Subscription,prosub,,NL,,7326RC,EUR,-0.30,7.471600,DKK,-2.24,prosubmonth,,4994183596643847628,Yes,15,SUBSCRIPTIONS,,
GPA.3326-4062-5902-55202,"Feb 28, 2026",6:37:29 AM PST,,Charge,,Pro Subscription (Words With Friends Solver),com.deepinkcode.wordswithfriendssolver,Subscription,prosub,a36xq,US,TX,77357,USD,2.49,6.325100,DKK,15.75,prosub,,4994183596643847628,Yes,,,,In-app
GPA.3326-4062-5902-55202,"Feb 28, 2026",6:37:29 AM PST,,Google fee,,Pro Subscription (Words With Friends Solver),com.deepinkcode.wordswithfriendssolver,Subscription,prosub,a36xq,US,TX,77357,USD,-0.37,6.325100,DKK,-2.34,prosub,,4994183596643847628,Yes,15,SUBSCRIPTIONS,,In-app
GPA.3354-5362-5099-09018..7,"Feb 28, 2026",6:57:21 AM PST,,Charge,,Pro Subscription (WF Solver),com.deepinkcode.wordfeudsolver,Subscription,prosub,,SE,,42166,SEK,23.20,0.700540,DKK,16.25,prosubmonth,,4994183596643847628,Yes,,,,
GPA.3354-5362-5099-09018..7,"Feb 28, 2026",6:57:21 AM PST,,Google fee,,Pro Subscription (WF Solver),com.deepinkcode.wordfeudsolver,Subscription,prosub,,SE,,42166,SEK,-3.48,0.700540,DKK,-2.44,prosubmonth,,4994183596643847628,Yes,15,SUBSCRIPTIONS,,
GPA.3344-5115-5480-74390..3,"Feb 28, 2026",6:58:46 AM PST,,Charge,,Pro Subscription (Words With Friends Solver),com.deepinkcode.wordswithfriendssolver,Subscription,prosub,,US,LA,70754,USD,2.49,6.325100,DKK,15.75,prosub,,4994183596643847628,Yes,,,,
GPA.3344-5115-5480-74390..3,"Feb 28, 2026",6:58:46 AM PST,,Google fee,,Pro Subscription (Words With Friends Solver),com.deepinkcode.wordswithfriendssolver,Subscription,prosub,,US,LA,70754,USD,-0.37,6.325100,DKK,-2.34,prosub,,4994183596643847628,Yes,15,SUBSCRIPTIONS,,
GPA.3367-5458-7253-28207..6,"Feb 28, 2026",7:06:55 AM PST,,Charge,,Pro Subscription (Words With Friends Solver),com.deepinkcode.wordswithfriendssolver,Subscription,prosub,,DK,,9530,DKK,15.20,1.000000,DKK,15.20,prosub,,4994183596643847628,Yes,,,,
GPA.3367-5458-7253-28207..6,"Feb 28, 2026",7:06:55 AM PST,,Google fee,,Pro Subscription (Words With Friends Solver),com.deepinkcode.wordswithfriendssolver,Subscription,prosub,,DK,,9530,DKK,-2.28,1.000000,DKK,-2.28,prosub,,4994183596643847628,Yes,15,SUBSCRIPTIONS,,
GPA.3390-3944-8985-71206..10,"Feb 28, 2026",7:13:22 AM PST,,Charge,,Pro Subscription (Words With Friends Solver),com.deepinkcode.wordswithfriendssolver,Subscription,prosub,,US,MI,48192,USD,1.99,6.325100,DKK,12.59,prosub,,4994183596643847628,Yes,,,,
GPA.3390-3944-8985-71206..10,"Feb 28, 2026",7:13:22 AM PST,,Google fee,,Pro Subscription (Words With Friends Solver),com.deepinkcode.wordswithfriendssolver,Subscription,prosub,,US,MI,48192,USD,-0.30,6.325100,DKK,-1.90,prosub,,4994183596643847628,Yes,15,SUBSCRIPTIONS,,
GPA.3323-3527-7996-61316..9,"Feb 28, 2026",7:15:09 AM PST,,Charge,,Pro Subscription (WF Solver),com.deepinkcode.wordfeudsolver,Subscription,prosub,,DK,,4681,DKK,15.20,1.000000,DKK,15.20,prosubmonth,,4994183596643847628,Yes,,,,
GPA.3323-3527-7996-61316..9,"Feb 28, 2026",7:15:09 AM PST,,Google fee,,Pro Subscription (WF Solver),com.deepinkcode.wordfeudsolver,Subscription,prosub,,DK,,4681,DKK,-2.28,1.000000,DKK,-2.28,prosubmonth,,4994183596643847628,Yes,15,SUBSCRIPTIONS,,
GPA.3350-0307-3537-86204..12,"Feb 28, 2026",7:41:17 AM PST,,Charge,,Pro Subscription (WF Solver),com.deepinkcode.wordfeudsolver,Subscription,prosub,,NL,,3262RD,EUR,1.98,7.471600,DKK,14.79,prosubmonth,,4994183596643847628,Yes,,,,
GPA.3350-0307-3537-86204..12,"Feb 28, 2026",7:41:17 AM PST,,Google fee,,Pro Subscription (WF Solver),com.deepinkcode.wordfeudsolver,Subscription,prosub,,NL,,3262RD,EUR,-0.30,7.471600,DKK,-2.24,prosubmonth,,4994183596643847628,Yes,15,SUBSCRIPTIONS,,
GPA.3317-1342-1765-39724..0,"Feb 28, 2026",8:05:04 AM PST,,Charge,,Pro Subscription (WF Solver),com.deepinkcode.wordfeudsolver,Subscription,prosub,,SE,,59075,SEK,22.40,0.700540,DKK,15.69,prosubmonth,,4994183596643847628,Yes,,,,
GPA.3317-1342-1765-39724..0,"Feb 28, 2026",8:05:04 AM PST,,Google fee,,Pro Subscription (WF Solver),com.deepinkcode.wordfeudsolver,Subscription,prosub,,SE,,59075,SEK,-3.36,0.700540,DKK,-2.35,prosubmonth,,4994183596643847628,Yes,15,SUBSCRIPTIONS,,
GPA.3388-0014-6778-10461..13,"Feb 28, 2026",8:09:06 AM PST,,Charge,,Pro Subscription (WF Solver),com.deepinkcode.wordfeudsolver,Subscription,prosub,,NL,,4112NA,EUR,1.98,7.471600,DKK,14.79,prosubmonth,,4994183596643847628,Yes,,,,
GPA.3388-0014-6778-10461..13,"Feb 28, 2026",8:09:06 AM PST,,Google fee,,Pro Subscription (WF Solver),com.deepinkcode.wordfeudsolver,Subscription,prosub,,NL,,4112NA,EUR,-0.30,7.471600,DKK,-2.24,prosubmonth,,4994183596643847628,Yes,15,SUBSCRIPTIONS,,
GPA.3326-5818-1816-97961,"Feb 28, 2026",8:35:32 AM PST,,Charge,,Pro Subscription (WF Solver),com.deepinkcode.wordfeudsolver,Subscription,prosub,a17x,SE,,70225,SEK,22.40,0.700540,DKK,15.69,prosubmonth,,4994183596643847628,Yes,,,,In-app
GPA.3326-5818-1816-97961,"Feb 28, 2026",8:35:32 AM PST,,Google fee,,Pro Subscription (WF Solver),com.deepinkcode.wordfeudsolver,Subscription,prosub,a17x,SE,,70225,SEK,-3.36,0.700540,DKK,-2.35,prosubmonth,,4994183596643847628,Yes,15,SUBSCRIPTIONS,,In-app
GPA.3377-1596-9121-53866,"Feb 28, 2026",8:36:22 AM PST,,Charge,,Pro Subscription (WF Solver),com.deepinkcode.wordfeudsolver,Subscription,prosub,SCP_sprout,DK,,7330,DKK,15.20,1.000000,DKK,15.20,prosubmonth,,4994183596643847628,Yes,,,,In-app
GPA.3377-1596-9121-53866,"Feb 28, 2026",8:36:22 AM PST,,Google fee,,Pro Subscription (WF Solver),com.deepinkcode.wordfeudsolver,Subscription,prosub,SCP_sprout,DK,,7330,DKK,-2.28,1.000000,DKK,-2.28,prosubmonth,,4994183596643847628,Yes,15,SUBSCRIPTIONS,,In-app
GPA.3391-8202-0804-30624..12,"Feb 28, 2026",8:49:29 AM PST,,Charge,,Pro Subscription (WF Solver),com.deepinkcode.wordfeudsolver,Subscription,prosub,,NL,,3122KH,EUR,1.98,7.471600,DKK,14.79,prosubmonth,,4994183596643847628,Yes,,,,
GPA.3391-8202-0804-30624..12,"Feb 28, 2026",8:49:29 AM PST,,Google fee,,Pro Subscription (WF Solver),com.deepinkcode.wordfeudsolver,Subscription,prosub,,NL,,3122KH,EUR,-0.30,7.471600,DKK,-2.24,prosubmonth,,4994183596643847628,Yes,15,SUBSCRIPTIONS,,
GPA.3394-8596-5517-56280..0,"Feb 28, 2026",8:52:24 AM PST,,Charge,,Pro Subscription (Words With Friends Solver),com.deepinkcode.wordswithfriendssolver,Subscription,prosub,,US,VA,23666,USD,2.49,6.325100,DKK,15.75,prosub,,4994183596643847628,Yes,,,,
GPA.3394-8596-5517-56280..0,"Feb 28, 2026",8:52:24 AM PST,,Google fee,,Pro Subscription (Words With Friends Solver),com.deepinkcode.wordswithfriendssolver,Subscription,prosub,,US,VA,23666,USD,-0.37,6.325100,DKK,-2.34,prosub,,4994183596643847628,Yes,15,SUBSCRIPTIONS,,
GPA.3311-7264-5539-40468..5,"Feb 28, 2026",9:04:10 AM PST,,Charge,,Pro Subscription (WF Solver),com.deepinkcode.wordfeudsolver,Subscription,prosub,,NL,,3892 CS,EUR,1.98,7.471600,DKK,14.79,prosubmonth,,4994183596643847628,Yes,,,,
GPA.3311-7264-5539-40468..5,"Feb 28, 2026",9:04:10 AM PST,,Google fee,,Pro Subscription (WF Solver),com.deepinkcode.wordfeudsolver,Subscription,prosub,,NL,,3892 CS,EUR,-0.30,7.471600,DKK,-2.24,prosubmonth,,4994183596643847628,Yes,15,SUBSCRIPTIONS,,
GPA.3339-4505-6499-35531..2,"Feb 28, 2026",9:51:42 AM PST,,Charge,,Pro Subscription (WF Solver),com.deepinkcode.wordfeudsolver,Subscription,prosub,,SE,,47192,SEK,22.40,0.700540,DKK,15.69,prosubmonth,,4994183596643847628,Yes,,,,
GPA.3339-4505-6499-35531..2,"Feb 28, 2026",9:51:42 AM PST,,Google fee,,Pro Subscription (WF Solver),com.deepinkcode.wordfeudsolver,Subscription,prosub,,SE,,47192,SEK,-3.36,0.700540,DKK,-2.35,prosubmonth,,4994183596643847628,Yes,15,SUBSCRIPTIONS,,
GPA.3345-8643-0816-69450..5,"Feb 28, 2026",10:09:12 AM PST,,Charge,,Pro Subscription (Words With Friends Solver),com.deepinkcode.wordswithfriendssolver,Subscription,prosub,,GB,,DT49HL,GBP,1.74,8.527300,DKK,14.84,prosub,,4994183596643847628,Yes,,,,
GPA.3345-8643-0816-69450..5,"Feb 28, 2026",10:09:12 AM PST,,Google fee,,Pro Subscription (Words With Friends Solver),com.deepinkcode.wordswithfriendssolver,Subscription,prosub,,GB,,DT49HL,GBP,-0.26,8.527300,DKK,-2.22,prosub,,4994183596643847628,Yes,15,SUBSCRIPTIONS,,
GPA.3358-9286-4908-31310..3,"Feb 28, 2026",10:13:08 AM PST,,Charge,,Pro Subscription (WF Solver),com.deepinkcode.wordfeudsolver,Subscription,prosub,,NL,,9288 BW,EUR,1.98,7.471600,DKK,14.79,prosubmonth,,4994183596643847628,Yes,,,,
GPA.3358-9286-4908-31310..3,"Feb 28, 2026",10:13:08 AM PST,,Google fee,,Pro Subscription (WF Solver),com.deepinkcode.wordfeudsolver,Subscription,prosub,,NL,,9288 BW,EUR,-0.30,7.471600,DKK,-2.24,prosubmonth,,4994183596643847628,Yes,15,SUBSCRIPTIONS,,
GPA.3329-0879-2829-12605,"Feb 28, 2026",10:24:52 AM PST,,Charge,,Pro (WF Solver),com.deepinkcode.wordfeudsolver,One-time product,pro,a56x,NL,,1442SJ,EUR,23.96,7.471600,DKK,179.02,legacy-base,,4994183596643847628,Yes,,,,In-app
GPA.3329-0879-2829-12605,"Feb 28, 2026",10:24:52 AM PST,,Google fee,,Pro (WF Solver),com.deepinkcode.wordfeudsolver,One-time product,pro,a56x,NL,,1442SJ,EUR,-3.59,7.471600,DKK,-26.82,legacy-base,,4994183596643847628,Yes,15,,,In-app
GPA.3352-2652-0872-31260..0,"Feb 28, 2026",10:31:50 AM PST,,Charge,,Pro Subscription (WF Solver),com.deepinkcode.wordfeudsolver,Subscription,prosub,,DK,,2770,DKK,15.20,1.000000,DKK,15.20,prosubmonth,,4994183596643847628,Yes,,,,
GPA.3352-2652-0872-31260..0,"Feb 28, 2026",10:31:50 AM PST,,Google fee,,Pro Subscription (WF Solver),com.deepinkcode.wordfeudsolver,Subscription,prosub,,DK,,2770,DKK,-2.28,1.000000,DKK,-2.28,prosubmonth,,4994183596643847628,Yes,15,SUBSCRIPTIONS,,
GPA.3368-2736-2367-33085,"Feb 28, 2026",11:03:08 AM PST,,Charge,,Pro Subscription (WF Solver),com.deepinkcode.wordfeudsolver,Subscription,prosub,a55x,NL,,4931RB,EUR,1.98,7.471600,DKK,14.79,prosubmonth,,4994183596643847628,Yes,,,,In-app
GPA.3368-2736-2367-33085,"Feb 28, 2026",11:03:08 AM PST,,Google fee,,Pro Subscription (WF Solver),com.deepinkcode.wordfeudsolver,Subscription,prosub,a55x,NL,,4931RB,EUR,-0.30,7.471600,DKK,-2.24,prosubmonth,,4994183596643847628,Yes,15,SUBSCRIPTIONS,,In-app
GPA.3325-5310-5549-06512..9,"Feb 28, 2026",11:10:36 AM PST,,Charge,,Pro Subscription (Words With Friends Solver),com.deepinkcode.wordswithfriendssolver,Subscription,prosub,,US,MN,55423,USD,1.99,6.325100,DKK,12.59,prosub,,4994183596643847628,Yes,,,,
GPA.3325-5310-5549-06512..9,"Feb 28, 2026",11:10:36 AM PST,,Google fee,,Pro Subscription (Words With Friends Solver),com.deepinkcode.wordswithfriendssolver,Subscription,prosub,,US,MN,55423,USD,-0.30,6.325100,DKK,-1.90,prosub,,4994183596643847628,Yes,15,SUBSCRIPTIONS,,
GPA.3337-4408-5475-37532..5,"Feb 28, 2026",11:13:37 AM PST,,Charge,,Pro Subscription (Scrabble GO Cheat),com.deepinkcode.scrabblegocheat,Subscription,prosub,,US,TN,37604,USD,2.49,6.325100,DKK,15.75,prosubmonth,,4994183596643847628,Yes,,,,
GPA.3337-4408-5475-37532..5,"Feb 28, 2026",11:13:37 AM PST,,Google fee,,Pro Subscription (Scrabble GO Cheat),com.deepinkcode.scrabblegocheat,Subscription,prosub,,US,TN,37604,USD,-0.37,6.325100,DKK,-2.34,prosubmonth,,4994183596643847628,Yes,15,SUBSCRIPTIONS,,
GPA.3315-2453-0220-16870..3,"Feb 28, 2026",11:22:47 AM PST,,Charge,,Pro Subscription (WF Solver),com.deepinkcode.wordfeudsolver,Subscription,prosub,,SE,,96131,SEK,22.40,0.700540,DKK,15.69,prosubmonth,,4994183596643847628,Yes,,,,
GPA.3315-2453-0220-16870..3,"Feb 28, 2026",11:22:47 AM PST,,Google fee,,Pro Subscription (WF Solver),com.deepinkcode.wordfeudsolver,Subscription,prosub,,SE,,96131,SEK,-3.36,0.700540,DKK,-2.35,prosubmonth,,4994183596643847628,Yes,15,SUBSCRIPTIONS,,
GPA.3358-8932-8035-61337..9,"Feb 28, 2026",11:39:46 AM PST,,Charge,,Pro Subscription (WF Solver),com.deepinkcode.wordfeudsolver,Subscription,prosub,,SE,,41482,SEK,23.20,0.700540,DKK,16.25,prosubmonth,,4994183596643847628,Yes,,,,
GPA.3358-8932-8035-61337..9,"Feb 28, 2026",11:39:46 AM PST,,Google fee,,Pro Subscription (WF Solver),com.deepinkcode.wordfeudsolver,Subscription,prosub,,SE,,41482,SEK,-3.48,0.700540,DKK,-2.44,prosubmonth,,4994183596643847628,Yes,15,SUBSCRIPTIONS,,
GPA.3315-4789-9259-28224..6,"Feb 28, 2026",11:55:43 AM PST,,Charge,,Pro Subscription (Words With Friends Solver),com.deepinkcode.wordswithfriendssolver,Subscription,prosub,,US,CA,92376,USD,2.49,6.325100,DKK,15.75,prosub,,4994183596643847628,Yes,,,,
GPA.3315-4789-9259-28224..6,"Feb 28, 2026",11:55:43 AM PST,,Google fee,,Pro Subscription (Words With Friends Solver),com.deepinkcode.wordswithfriendssolver,Subscription,prosub,,US,CA,92376,USD,-0.37,6.325100,DKK,-2.34,prosub,,4994183596643847628,Yes,15,SUBSCRIPTIONS,,
GPA.3312-0599-9315-57570..3,"Feb 28, 2026",11:56:35 AM PST,,Charge,,Pro Subscription (WF Solver),com.deepinkcode.wordfeudsolver,Subscription,prosub,,NL,,1403 KC,EUR,1.98,7.471600,DKK,14.79,prosubmonth,,4994183596643847628,Yes,,,,
GPA.3312-0599-9315-57570..3,"Feb 28, 2026",11:56:35 AM PST,,Google fee,,Pro Subscription (WF Solver),com.deepinkcode.wordfeudsolver,Subscription,prosub,,NL,,1403 KC,EUR,-0.30,7.471600,DKK,-2.24,prosubmonth,,4994183596643847628,Yes,15,SUBSCRIPTIONS,,
GPA.3379-6030-1040-10855..3,"Feb 28, 2026",12:12:39 PM PST,,Charge,,Pro Subscription (Words With Friends Solver),com.deepinkcode.wordswithfriendssolver,Subscription,prosub,,US,NJ,07480,USD,2.49,6.325100,DKK,15.75,prosub,,4994183596643847628,Yes,,,,
GPA.3379-6030-1040-10855..3,"Feb 28, 2026",12:12:39 PM PST,,Google fee,,Pro Subscription (Words With Friends Solver),com.deepinkcode.wordswithfriendssolver,Subscription,prosub,,US,NJ,07480,USD,-0.37,6.325100,DKK,-2.34,prosub,,4994183596643847628,Yes,15,SUBSCRIPTIONS,,
GPA.3353-4611-5512-84260..1,"Feb 28, 2026",12:32:38 PM PST,,Charge,,Pro Subscription (WF Solver),com.deepinkcode.wordfeudsolver,Subscription,prosub,,SE,,87033,SEK,22.40,0.700540,DKK,15.69,prosubmonth,,4994183596643847628,Yes,,,,
GPA.3353-4611-5512-84260..1,"Feb 28, 2026",12:32:38 PM PST,,Google fee,,Pro Subscription (WF Solver),com.deepinkcode.wordfeudsolver,Subscription,prosub,,SE,,87033,SEK,-3.36,0.700540,DKK,-2.35,prosubmonth,,4994183596643847628,Yes,15,SUBSCRIPTIONS,,
GPA.3377-4720-1776-43133..10,"Feb 28, 2026",12:42:20 PM PST,,Charge,,Pro Subscription (WF Solver),com.deepinkcode.wordfeudsolver,Subscription,prosub,,NL,,6191HX,EUR,1.98,7.471600,DKK,14.79,prosubmonth,,4994183596643847628,Yes,,,,
GPA.3377-4720-1776-43133..10,"Feb 28, 2026",12:42:20 PM PST,,Google fee,,Pro Subscription (WF Solver),com.deepinkcode.wordfeudsolver,Subscription,prosub,,NL,,6191HX,EUR,-0.30,7.471600,DKK,-2.24,prosubmonth,,4994183596643847628,Yes,15,SUBSCRIPTIONS,,
GPA.3305-7542-8886-39196..1,"Feb 28, 2026",12:54:12 PM PST,,Charge,,Pro Subscription (Words With Friends Solver),com.deepinkcode.wordswithfriendssolver,Subscription,prosub,,US,FL,33065,USD,2.49,6.325100,DKK,15.75,prosub,,4994183596643847628,Yes,,,,
GPA.3305-7542-8886-39196..1,"Feb 28, 2026",12:54:12 PM PST,,Google fee,,Pro Subscription (Words With Friends Solver),com.deepinkcode.wordswithfriendssolver,Subscription,prosub,,US,FL,33065,USD,-0.37,6.325100,DKK,-2.34,prosub,,4994183596643847628,Yes,15,SUBSCRIPTIONS,,
GPA.3345-3282-2085-49878..1,"Feb 28, 2026",1:18:38 PM PST,,Charge,,Pro Subscription (Words With Friends Solver),com.deepinkcode.wordswithfriendssolver,Subscription,prosub,,CA,ON,N1T 1T5,CAD,3.19,4.637200,DKK,14.79,prosub,,4994183596643847628,Yes,,,,
GPA.3345-3282-2085-49878..1,"Feb 28, 2026",1:18:38 PM PST,,Google fee,,Pro Subscription (Words With Friends Solver),com.deepinkcode.wordswithfriendssolver,Subscription,prosub,,CA,ON,N1T 1T5,CAD,-0.48,4.637200,DKK,-2.23,prosub,,4994183596643847628,Yes,15,SUBSCRIPTIONS,,
GPA.3344-1946-9586-39659..7,"Feb 28, 2026",1:19:17 PM PST,,Charge,,Pro Subscription (WF Solver),com.deepinkcode.wordfeudsolver,Subscription,prosub,,NL,,3825GL,EUR,1.98,7.471600,DKK,14.79,prosubmonth,,4994183596643847628,Yes,,,,
GPA.3344-1946-9586-39659..7,"Feb 28, 2026",1:19:17 PM PST,,Google fee,,Pro Subscription (WF Solver),com.deepinkcode.wordfeudsolver,Subscription,prosub,,NL,,3825GL,EUR,-0.30,7.471600,DKK,-2.24,prosubmonth,,4994183596643847628,Yes,15,SUBSCRIPTIONS,,
GPA.3362-2220-4458-19812..3,"Feb 28, 2026",1:27:00 PM PST,,Charge,,Pro Subscription (WF Solver),com.deepinkcode.wordfeudsolver,Subscription,prosub,,DK,,9270,DKK,15.20,1.000000,DKK,15.20,prosubmonth,,4994183596643847628,Yes,,,,
GPA.3362-2220-4458-19812..3,"Feb 28, 2026",1:27:00 PM PST,,Google fee,,Pro Subscription (WF Solver),com.deepinkcode.wordfeudsolver,Subscription,prosub,,DK,,9270,DKK,-2.28,1.000000,DKK,-2.28,prosubmonth,,4994183596643847628,Yes,15,SUBSCRIPTIONS,,
GPA.3311-9973-9462-89250..6,"Feb 28, 2026",1:27:37 PM PST,,Charge,,Pro Subscription (Words With Friends Solver),com.deepinkcode.wordswithfriendssolver,Subscription,prosub,,AU,VIC,3138,AUD,3.63,4.501900,DKK,16.34,prosub,,4994183596643847628,Yes,,,,
GPA.3311-9973-9462-89250..6,"Feb 28, 2026",1:27:37 PM PST,,Google fee,,Pro Subscription (Words With Friends Solver),com.deepinkcode.wordswithfriendssolver,Subscription,prosub,,AU,VIC,3138,AUD,-0.54,4.501900,DKK,-2.43,prosub,,4994183596643847628,Yes,15,SUBSCRIPTIONS,,
GPA.3339-8344-0312-43167..0,"Feb 28, 2026",1:40:02 PM PST,,Charge,,Pro Subscription (WF Solver),com.deepinkcode.wordfeudsolver,Subscription,prosub,,NL,,9011WV,EUR,1.98,7.471600,DKK,14.79,prosubmonth,,4994183596643847628,Yes,,,,
GPA.3339-8344-0312-43167..0,"Feb 28, 2026",1:40:02 PM PST,,Google fee,,Pro Subscription (WF Solver),com.deepinkcode.wordfeudsolver,Subscription,prosub,,NL,,9011WV,EUR,-0.30,7.471600,DKK,-2.24,prosubmonth,,4994183596643847628,Yes,15,SUBSCRIPTIONS,,
GPA.3344-2870-3073-15979,"Feb 28, 2026",1:42:22 PM PST,,Charge,,Pro Subscription (WF Solver),com.deepinkcode.wordfeudsolver,Subscription,prosub,OP5D55L1,DK,,2650,DKK,15.20,1.000000,DKK,15.20,prosubmonth,,4994183596643847628,Yes,,,,In-app
GPA.3344-2870-3073-15979,"Feb 28, 2026",1:42:22 PM PST,,Google fee,,Pro Subscription (WF Solver),com.deepinkcode.wordfeudsolver,Subscription,prosub,OP5D55L1,DK,,2650,DKK,-2.28,1.000000,DKK,-2.28,prosubmonth,,4994183596643847628,Yes,15,SUBSCRIPTIONS,,In-app
GPA.3303-3717-5866-88596..0,"Feb 28, 2026",1:51:11 PM PST,,Charge,,Pro Subscription (Words With Friends Solver),com.deepinkcode.wordswithfriendssolver,Subscription,prosub,,US,NE,68901,USD,2.49,6.325100,DKK,15.75,prosub,,4994183596643847628,Yes,,,,
GPA.3303-3717-5866-88596..0,"Feb 28, 2026",1:51:11 PM PST,,Google fee,,Pro Subscription (Words With Friends Solver),com.deepinkcode.wordswithfriendssolver,Subscription,prosub,,US,NE,68901,USD,-0.37,6.325100,DKK,-2.34,prosub,,4994183596643847628,Yes,15,SUBSCRIPTIONS,,
GPA.3359-4130-9561-82652..12,"Feb 28, 2026",1:53:41 PM PST,,Charge,,Pro Subscription (WF Solver),com.deepinkcode.wordfeudsolver,Subscription,prosub,,DK,,6650,DKK,15.20,1.000000,DKK,15.20,prosubmonth,,4994183596643847628,Yes,,,,
GPA.3359-4130-9561-82652..12,"Feb 28, 2026",1:53:41 PM PST,,Google fee,,Pro Subscription (WF Solver),com.deepinkcode.wordfeudsolver,Subscription,prosub,,DK,,6650,DKK,-2.28,1.000000,DKK,-2.28,prosubmonth,,4994183596643847628,Yes,15,SUBSCRIPTIONS,,
GPA.3371-7563-1332-13221..1,"Feb 28, 2026",2:19:54 PM PST,,Charge,,Pro Subscription (WF Solver),com.deepinkcode.wordfeudsolver,Subscription,prosub,,SE,,142 61,SEK,22.40,0.700540,DKK,15.69,prosubmonth,,4994183596643847628,Yes,,,,
GPA.3371-7563-1332-13221..1,"Feb 28, 2026",2:19:54 PM PST,,Google fee,,Pro Subscription (WF Solver),com.deepinkcode.wordfeudsolver,Subscription,prosub,,SE,,142 61,SEK,-3.36,0.700540,DKK,-2.35,prosubmonth,,4994183596643847628,Yes,15,SUBSCRIPTIONS,,
GPA.3393-7128-3508-86172..6,"Feb 28, 2026",2:28:24 PM PST,,Charge,,Pro Subscription (Words With Friends Solver),com.deepinkcode.wordswithfriendssolver,Subscription,prosub,,US,VA,20164,USD,2.49,6.325100,DKK,15.75,prosub,,4994183596643847628,Yes,,,,
GPA.3393-7128-3508-86172..6,"Feb 28, 2026",2:28:24 PM PST,,Google fee,,Pro Subscription (Words With Friends Solver),com.deepinkcode.wordswithfriendssolver,Subscription,prosub,,US,VA,20164,USD,-0.37,6.325100,DKK,-2.34,prosub,,4994183596643847628,Yes,15,SUBSCRIPTIONS,,
GPA.3362-4558-4029-10562..0,"Feb 28, 2026",2:29:16 PM PST,,Charge,,Pro Subscription (WF Solver),com.deepinkcode.wordfeudsolver,Subscription,prosub,,SE,,523 39,SEK,22.40,0.700540,DKK,15.69,prosubmonth,,4994183596643847628,Yes,,,,
GPA.3362-4558-4029-10562..0,"Feb 28, 2026",2:29:16 PM PST,,Google fee,,Pro Subscription (WF Solver),com.deepinkcode.wordfeudsolver,Subscription,prosub,,SE,,523 39,SEK,-3.36,0.700540,DKK,-2.35,prosubmonth,,4994183596643847628,Yes,15,SUBSCRIPTIONS,,
GPA.3390-5423-1254-18859..0,"Feb 28, 2026",2:31:00 PM PST,,Charge,,Pro Subscription (WF Solver),com.deepinkcode.wordfeudsolver,Subscription,prosub,,NO,,8624,NOK,24.00,0.664910,DKK,15.96,prosubmonth,,4994183596643847628,Yes,,,,
GPA.3390-5423-1254-18859..0,"Feb 28, 2026",2:31:00 PM PST,,Google fee,,Pro Subscription (WF Solver),com.deepinkcode.wordfeudsolver,Subscription,prosub,,NO,,8624,NOK,-3.60,0.664910,DKK,-2.40,prosubmonth,,4994183596643847628,Yes,15,SUBSCRIPTIONS,,
GPA.3370-6080-5399-11592..4,"Feb 28, 2026",3:22:21 PM PST,,Charge,,Pro Subscription (Scrabble GO Cheat),com.deepinkcode.scrabblegocheat,Subscription,prosub,,US,MO,64012,USD,2.49,6.325100,DKK,15.75,prosubmonth,,4994183596643847628,Yes,,,,
GPA.3370-6080-5399-11592..4,"Feb 28, 2026",3:22:21 PM PST,,Google fee,,Pro Subscription (Scrabble GO Cheat),com.deepinkcode.scrabblegocheat,Subscription,prosub,,US,MO,64012,USD,-0.37,6.325100,DKK,-2.34,prosubmonth,,4994183596643847628,Yes,15,SUBSCRIPTIONS,,
GPA.3305-6079-3577-38237..6,"Feb 28, 2026",4:12:32 PM PST,,Charge,,Pro Subscription (WF Solver),com.deepinkcode.wordfeudsolver,Subscription,prosub,,GB,,DH78NB,GBP,1.74,8.527300,DKK,14.84,prosubmonth,,4994183596643847628,Yes,,,,
GPA.3305-6079-3577-38237..6,"Feb 28, 2026",4:12:32 PM PST,,Google fee,,Pro Subscription (WF Solver),com.deepinkcode.wordfeudsolver,Subscription,prosub,,GB,,DH78NB,GBP,-0.26,8.527300,DKK,-2.22,prosubmonth,,4994183596643847628,Yes,15,SUBSCRIPTIONS,,
GPA.3337-6534-8570-67364,"Feb 28, 2026",6:39:26 PM PST,,Charge,,Pro Subscription (Words With Friends Solver),com.deepinkcode.wordswithfriendssolver,Subscription,prosub,rtwo,US,TX,77640,USD,2.49,6.325100,DKK,15.75,prosub,,4994183596643847628,Yes,,,,In-app
GPA.3337-6534-8570-67364,"Feb 28, 2026",6:39:26 PM PST,,Google fee,,Pro Subscription (Words With Friends Solver),com.deepinkcode.wordswithfriendssolver,Subscription,prosub,rtwo,US,TX,77640,USD,-0.37,6.325100,DKK,-2.34,prosub,,4994183596643847628,Yes,15,SUBSCRIPTIONS,,In-app
GPA.3352-5385-7542-20088..3,"Feb 28, 2026",6:49:44 PM PST,,Charge,,Pro Subscription (WF Solver),com.deepinkcode.wordfeudsolver,Subscription,prosub,,SE,,26337,SEK,22.40,0.700540,DKK,15.69,prosubmonth,,4994183596643847628,Yes,,,,
GPA.3352-5385-7542-20088..3,"Feb 28, 2026",6:49:44 PM PST,,Google fee,,Pro Subscription (WF Solver),com.deepinkcode.wordfeudsolver,Subscription,prosub,,SE,,26337,SEK,-3.36,0.700540,DKK,-2.35,prosubmonth,,4994183596643847628,Yes,15,SUBSCRIPTIONS,,
GPA.3385-1750-3735-80664..4,"Feb 28, 2026",8:09:38 PM PST,,Charge,,Pro Subscription (Words With Friends Solver),com.deepinkcode.wordswithfriendssolver,Subscription,prosub,,US,IL,60419,USD,2.49,6.325100,DKK,15.75,prosub,,4994183596643847628,Yes,,,,
GPA.3385-1750-3735-80664..4,"Feb 28, 2026",8:09:38 PM PST,,Google fee,,Pro Subscription (Words With Friends Solver),com.deepinkcode.wordswithfriendssolver,Subscription,prosub,,US,IL,60419,USD,-0.37,6.325100,DKK,-2.34,prosub,,4994183596643847628,Yes,15,SUBSCRIPTIONS,,
GPA.3323-8627-3537-47718..2,"Feb 28, 2026",8:16:30 PM PST,,Charge,,Pro Subscription (Words With Friends Solver),com.deepinkcode.wordswithfriendssolver,Subscription,prosub,,US,OH,43110,USD,2.49,6.325100,DKK,15.75,prosub,,4994183596643847628,Yes,,,,
GPA.3323-8627-3537-47718..2,"Feb 28, 2026",8:16:30 PM PST,,Google fee,,Pro Subscription (Words With Friends Solver),com.deepinkcode.wordswithfriendssolver,Subscription,prosub,,US,OH,43110,USD,-0.37,6.325100,DKK,-2.34,prosub,,4994183596643847628,Yes,15,SUBSCRIPTIONS,,
GPA.3344-0248-8196-92578..9,"Feb 28, 2026",10:51:01 PM PST,,Charge,,Pro Subscription (WF Solver),com.deepinkcode.wordfeudsolver,Subscription,prosub,,SE,,23179,SEK,23.20,0.700540,DKK,16.25,prosubmonth,,4994183596643847628,Yes,,,,
GPA.3344-0248-8196-92578..9,"Feb 28, 2026",10:51:01 PM PST,,Google fee,,Pro Subscription (WF Solver),com.deepinkcode.wordfeudsolver,Subscription,prosub,,SE,,23179,SEK,-3.48,0.700540,DKK,-2.44,prosubmonth,,4994183596643847628,Yes,15,SUBSCRIPTIONS,,
GPA.3358-0494-5496-73278..5,"Feb 28, 2026",11:07:18 PM PST,,Charge,,Pro Subscription (Words With Friends Solver),com.deepinkcode.wordswithfriendssolver,Subscription,prosub,,AU,,3910,AUD,3.63,4.501900,DKK,16.34,prosub,,4994183596643847628,Yes,,,,
GPA.3358-0494-5496-73278..5,"Feb 28, 2026",11:07:18 PM PST,,Google fee,,Pro Subscription (Words With Friends Solver),com.deepinkcode.wordswithfriendssolver,Subscription,prosub,,AU,,3910,AUD,-0.54,4.501900,DKK,-2.43,prosub,,4994183596643847628,Yes,15,SUBSCRIPTIONS,,
GPA.3329-7839-2088-66323..8,"Feb 28, 2026",11:42:34 PM PST,,Charge,,Pro Subscription (Scrabble GO Cheat),com.deepinkcode.scrabblegocheat,Subscription,prosub,,GB,,AL4 8FH,GBP,1.66,8.527300,DKK,14.16,prosubmonth,,4994183596643847628,Yes,,,,
GPA.3329-7839-2088-66323..8,"Feb 28, 2026",11:42:34 PM PST,,Google fee,,Pro Subscription (Scrabble GO Cheat),com.deepinkcode.scrabblegocheat,Subscription,prosub,,GB,,AL4 8FH,GBP,-0.25,8.527300,DKK,-2.14,prosubmonth,,4994183596643847628,Yes,15,SUBSCRIPTIONS,,
